Sourcing NuOscillator
Sourcing MaCh3 Core
Sourcing NuOscillator
[INFO] Starting covariance matrix generation
[INFO] Using configs:
  Event: /scratch/abipeake/MaCh3DUNE_LukesVersion/MaCh3_DUNE/Configs/BeamOffAxis/EventRate.yml
  Systs: /scratch/abipeake/MaCh3DUNE_LukesVersion/MaCh3_DUNE/Configs/BeamOffAxis/NDDetSysts.yml
[ERROR]: Runlike /scratch/abipeake/MaCh3DUNE_LukesVersion/MaCh3_DUNE/build/Apps/MakeCovarianceMatrix <Mach3_Config.yml> <Parameter.yml> <NThrows> <output.root>
[Monitor.cpp][info] ##################################
[Monitor.cpp][info] Welcome to:  
[Monitor.cpp][info]   __  __        _____ _     ____  
[Monitor.cpp][info]  |  \/  |      / ____| |   |___ \ 
[Monitor.cpp][info]  | \  / | __ _| |    | |__   __) |
[Monitor.cpp][info]  | |\/| |/ _` | |    | '_ \ |__ < 
[Monitor.cpp][info]  | |  | | (_| | |____| | | |___) |
[Monitor.cpp][info]  |_|  |_|\__,_|\_____|_| |_|____/ 
[Monitor.cpp][info] Version: 2.4.2
[Monitor.cpp][info] ##################################
[Monitor.cpp][info] Using following CPU:
[Monitor.cpp][info] model name	: AMD EPYC 9654 96-Core Processor
[Monitor.cpp][info] cpu MHz		: 1996.718
[Monitor.cpp][info] Architecture:        x86_64
[Monitor.cpp][info] L1d cache:           32K
[Monitor.cpp][info] L1i cache:           32K
[Monitor.cpp][info] L2 cache:            1024K
[Monitor.cpp][info] L3 cache:            32768K
[Monitor.cpp][info] Thread(s) per core:  1
[Monitor.cpp][info] CPU(s):              192
[Monitor.cpp][info] With available threads                16
[Manager.cpp][info] Setting config to be: unknown
[Manager.cpp][info] Config is now: 
[Monitor.cpp][info] General:
[Monitor.cpp][info]   OutputFile: EventRate.root
[Monitor.cpp][info]   DUNESamples:
[Monitor.cpp][info]     - /scratch/abipeake/MaCh3DUNE_LukesVersion/MaCh3_DUNE/Configs/BeamOffAxis/Samples/Onaxis_1Dsmaller.yaml
[Monitor.cpp][info]   OscillationParameters: []
[Monitor.cpp][info]   Systematics:
[Monitor.cpp][info]     XsecCovFile: [/scratch/abipeake/MaCh3DUNE_LukesVersion/MaCh3_DUNE/Configs/BeamOffAxis/NDDetSysts.yml]
[Monitor.cpp][info]     XsecCovName: xsec_cov
[Monitor.cpp][info]     XsecStepScale: 1.0
[Monitor.cpp][info]   MCMC:
[Monitor.cpp][info]     NSteps: 100000
[Monitor.cpp][info]     AutoSave: 10000
[Monitor.cpp][info]     BurnInSteps: 0
[Monitor.cpp][info]   ProcessMCMC: No
[Monitor.cpp][info]   Seed: 0
[Monitor.cpp][info]   Debug: Yes
[ParameterHandlerBase.cpp][info] Constructing instance of ParameterHandler using
[ParameterHandlerBase.cpp][info] /scratch/abipeake/MaCh3DUNE_LukesVersion/MaCh3_DUNE/Configs/BeamOffAxis/NDDetSysts.yml
[ParameterHandlerBase.cpp][info] as an input
[ParameterHandlerBase.cpp][info] Principal component analysis but given the threshold for the principal components to be less than 0, or greater than (or equal to) 1. This will not work
[ParameterHandlerBase.cpp][info] Please specify a number between 0 and 1
[ParameterHandlerBase.cpp][info] You specified: 
[ParameterHandlerBase.cpp][info] Am instead calling the usual non-PCA constructor...
[ParameterTunes.cpp][info] Found 1 tunes:
[ParameterTunes.cpp][info]   Tune 0 Generated
[ParameterHandlerBase.cpp][info] Created covariance matrix from files: 
[ParameterHandlerBase.cpp][info] /scratch/abipeake/MaCh3DUNE_LukesVersion/MaCh3_DUNE/Configs/BeamOffAxis/NDDetSysts.yml 
[ParameterHandlerBase.cpp][info] ----------------
[ParameterHandlerBase.cpp][info] Found 22 systematics parameters in total
[ParameterHandlerBase.cpp][info] ----------------
[ParameterHandlerGeneric.cpp][info] #################################################
[ParameterHandlerGeneric.cpp][info] Printing ParameterHandlerGeneric:
[ParameterHandlerGeneric.cpp][info] ============================================================================================================================================================
[ParameterHandlerGeneric.cpp][info] #     |  Name                                     |  Prior      |  Error      |  Lower      |  Upper      |  StepScale  |  SampleNames          |  Type      
[ParameterHandlerGeneric.cpp][info] ------------------------------------------------------------------------------------------------------------------------------------------------------------
[ParameterHandlerGeneric.cpp][info] 0     |  ContainedMuonEnergyScale                 |  0          |  +/- 0.02   |  -1         |  1          |  0.0005     |  *                    |  Functional
[ParameterHandlerGeneric.cpp][info] 1     |  ContainedMuonSqrtEnergyScale             |  0          |  +/- 0.02   |  -1         |  1          |  0.0005     |  *                    |  Functional
[ParameterHandlerGeneric.cpp][info] 2     |  ContainedMuonInvSqrtEnergyScale          |  0          |  +/- 0.02   |  -1         |  1          |  0.0005     |  *                    |  Functional
[ParameterHandlerGeneric.cpp][info] 3     |  TrackedMuonEnergyScale                   |  0          |  +/- 0.01   |  -1         |  1          |  0.0005     |  *                    |  Functional
[ParameterHandlerGeneric.cpp][info] 4     |  TrackedMuonSqrtEnergyScale               |  0          |  +/- 0.01   |  -1         |  1          |  0.0005     |  *                    |  Functional
[ParameterHandlerGeneric.cpp][info] 5     |  TrackedMuonInvSqrtEnergyScale            |  0          |  +/- 0.01   |  -1         |  1          |  0.0005     |  *                    |  Functional
[ParameterHandlerGeneric.cpp][info] 6     |  EMEnergyScale                            |  0          |  +/- 0.03   |  -1         |  1          |  0.0005     |  *                    |  Functional
[ParameterHandlerGeneric.cpp][info] 7     |  EMSqrtEnergyScale                        |  0          |  +/- 0.03   |  -1         |  1          |  0.0005     |  *                    |  Functional
[ParameterHandlerGeneric.cpp][info] 8     |  EMInvSqrtEnergyScale                     |  0          |  +/- 0.03   |  -1         |  1          |  0.0005     |  *                    |  Functional
[ParameterHandlerGeneric.cpp][info] 9     |  ChgHadEnergyScale                        |  0          |  +/- 0.05   |  -1         |  1          |  0.0005     |  *                    |  Functional
[ParameterHandlerGeneric.cpp][info] 10    |  ChgHadSqrtEnergyScale                    |  0          |  +/- 0.05   |  -1         |  1          |  0.0005     |  *                    |  Functional
[ParameterHandlerGeneric.cpp][info] 11    |  ChgHadInvSqrtEnergyScale                 |  0          |  +/- 0.05   |  -1         |  1          |  0.0005     |  *                    |  Functional
[ParameterHandlerGeneric.cpp][info] 12    |  NeutronEnergyScale                       |  0          |  +/- 0.20   |  -1         |  1          |  0.0005     |  *                    |  Functional
[ParameterHandlerGeneric.cpp][info] 13    |  NeutronSqrtEnergyScale                   |  0          |  +/- 0.30   |  -1         |  1          |  0.0005     |  *                    |  Functional
[ParameterHandlerGeneric.cpp][info] 14    |  NeutronInvSqrtEnergyScale                |  0          |  +/- 0.30   |  -1         |  1          |  0.0005     |  *                    |  Functional
[ParameterHandlerGeneric.cpp][info] 15    |  TotalEnergyScale                         |  0          |  +/- 0.02   |  -1         |  1          |  0.0005     |  *                    |  Functional
[ParameterHandlerGeneric.cpp][info] 16    |  TotalSqrtEnergyScale                     |  0          |  +/- 0.01   |  -1         |  1          |  0.0005     |  *                    |  Functional
[ParameterHandlerGeneric.cpp][info] 17    |  TotalInvSqrtEnergyScale                  |  0          |  +/- 0.02   |  -1         |  1          |  0.0005     |  *                    |  Functional
[ParameterHandlerGeneric.cpp][info] 18    |  MuonEnergyResolution                     |  0          |  +/- 0.20   |  -1         |  1          |  0.0005     |  *                    |  Functional
[ParameterHandlerGeneric.cpp][info] 19    |  EMEnergyResolution                       |  0          |  +/- 0.20   |  -1         |  1          |  0.0005     |  *                    |  Functional
[ParameterHandlerGeneric.cpp][info] 20    |  ChgHadEnergyResolution                   |  0          |  +/- 0.30   |  -1         |  1          |  0.0005     |  *                    |  Functional
[ParameterHandlerGeneric.cpp][info] 21    |  NeutronEnergyResolution                  |  0          |  +/- 0.40   |  -1         |  1          |  0.01       |  *                    |  Functional
[ParameterHandlerGeneric.cpp][info] ============================================================================================================================================================
[ParameterHandlerGeneric.cpp][info] Normalisation parameters:  0
[ParameterHandlerGeneric.cpp][info] Spline parameters: 0
[ParameterHandlerGeneric.cpp][info] Functional parameters: 22
[ParameterHandlerGeneric.cpp][info] ┌────┬──────────┬────────────────────────────────────────┐
[ParameterHandlerGeneric.cpp][info] │#   │Global #  │Name                                    │
[ParameterHandlerGeneric.cpp][info] ├────┼──────────┼────────────────────────────────────────┤
[ParameterHandlerGeneric.cpp][info] │0   │0         │ContainedMuonEnergyScale                │
[ParameterHandlerGeneric.cpp][info] │1   │1         │ContainedMuonSqrtEnergyScale            │
[ParameterHandlerGeneric.cpp][info] │2   │2         │ContainedMuonInvSqrtEnergyScale         │
[ParameterHandlerGeneric.cpp][info] │3   │3         │TrackedMuonEnergyScale                  │
[ParameterHandlerGeneric.cpp][info] │4   │4         │TrackedMuonSqrtEnergyScale              │
[ParameterHandlerGeneric.cpp][info] │5   │5         │TrackedMuonInvSqrtEnergyScale           │
[ParameterHandlerGeneric.cpp][info] │6   │6         │EMEnergyScale                           │
[ParameterHandlerGeneric.cpp][info] │7   │7         │EMSqrtEnergyScale                       │
[ParameterHandlerGeneric.cpp][info] │8   │8         │EMInvSqrtEnergyScale                    │
[ParameterHandlerGeneric.cpp][info] │9   │9         │ChgHadEnergyScale                       │
[ParameterHandlerGeneric.cpp][info] │10  │10        │ChgHadSqrtEnergyScale                   │
[ParameterHandlerGeneric.cpp][info] │11  │11        │ChgHadInvSqrtEnergyScale                │
[ParameterHandlerGeneric.cpp][info] │12  │12        │NeutronEnergyScale                      │
[ParameterHandlerGeneric.cpp][info] │13  │13        │NeutronSqrtEnergyScale                  │
[ParameterHandlerGeneric.cpp][info] │14  │14        │NeutronInvSqrtEnergyScale               │
[ParameterHandlerGeneric.cpp][info] │15  │15        │TotalEnergyScale                        │
[ParameterHandlerGeneric.cpp][info] │16  │16        │TotalSqrtEnergyScale                    │
[ParameterHandlerGeneric.cpp][info] │17  │17        │TotalInvSqrtEnergyScale                 │
[ParameterHandlerGeneric.cpp][info] │18  │18        │MuonEnergyResolution                    │
[ParameterHandlerGeneric.cpp][info] │19  │19        │EMEnergyResolution                      │
[ParameterHandlerGeneric.cpp][info] │20  │20        │ChgHadEnergyResolution                  │
[ParameterHandlerGeneric.cpp][info] │21  │21        │NeutronEnergyResolution                 │
[ParameterHandlerGeneric.cpp][info] └────┴──────────┴────────────────────────────────────────┘
[ParameterHandlerGeneric.cpp][info] Oscillation parameters: 0
[ParameterHandlerGeneric.cpp][info] Printing parameter groups
[ParameterHandlerGeneric.cpp][info] Found 22: Detector params
[ParameterHandlerGeneric.cpp][info] Finished
[ParameterHandlerGeneric.cpp][info] #################################################
[MaCh3DUNEFactory.cpp][info] cov xsec setup
[MaCh3DUNEFactory.cpp][info] ------------------------------
[MaCh3DUNEFactory.cpp][info] xsec parameters loop done
[ParameterHandlerBase.cpp][info] xsec_cov setStepScale() = 1
[MaCh3DUNEFactory.cpp][info] No SharedNuOscillatorObject for ATM specified, so not creating one
[MaCh3DUNEFactory.cpp][info] No SharedNuOscillatorObject for Beam specified, so not creating one
[MaCh3DUNEFactory.cpp][info] -------------------------------------------------------------------
[MaCh3DUNEFactory.cpp][info] Loading DUNE samples..
[Manager.cpp][info] Setting config to be: /scratch/abipeake/MaCh3DUNE_LukesVersion/MaCh3_DUNE/Configs/BeamOffAxis/Samples/Onaxis_1Dsmaller.yaml
[Manager.cpp][info] Config is now: 
[Monitor.cpp][info] SampleHandlerName: OffAxisND
[Monitor.cpp][info] SampleType: OffAxisND
[Monitor.cpp][info] MaCh3ModeConfig: Configs/CovObjs/MaCh3Modes_GENIE.yaml
[Monitor.cpp][info] BinningFile: Configs/TutorialConfigs/TutorialBinning.yaml
[Monitor.cpp][info] InputFiles: ~
[Monitor.cpp][info] CovarianceMatrix: []
[Monitor.cpp][info] Samples: [OnAxis_numuCC_numode]
[Monitor.cpp][info] OnAxis_numuCC_numode:
[Monitor.cpp][info]   SampleTitle: OnAxis_numuCC_numode
[Monitor.cpp][info]   POT: 1.10e+21
[Monitor.cpp][info]   is_numode: True
[Monitor.cpp][info]   SelectionCuts:
[Monitor.cpp][info]     - KinematicStr: IsCC
[Monitor.cpp][info]       Bounds: [0.5, 1.5]
[Monitor.cpp][info]     - KinematicStr: RecoNumu
[Monitor.cpp][info]       Bounds: [0.9, 1.1]
[Monitor.cpp][info]     - KinematicStr: RecoNeutrinoEnergy
[Monitor.cpp][info]       Bounds: [0.1, 9999]
[Monitor.cpp][info]   Binning:
[Monitor.cpp][info]     VarStr: [RecoNeutrinoEnergy, ELepRec]
[Monitor.cpp][info]     VarBins: [[0, 0.5, 0.75, 1, 1.25, 1.5, 1.75, 2, 2.2, 2.4, 2.6, 2.8, 3, 3.25, 3.5, 3.75, 4, 4.5, 5, 6, 7, 8, 10], [0, 0.5, 0.75, 1, 1.25, 1.5, 1.75, 2, 2.2, 2.4, 2.6, 2.8, 3, 3.25, 3.5, 3.75, 4, 4.5, 5, 6, 8, 10]]
[Monitor.cpp][info]     Uniform: true
[Monitor.cpp][info]   InputFiles:
[Monitor.cpp][info]     mtupleprefix: /project/rpp-nilic/abipeake/PRISM_CAFs/FHC/
[Monitor.cpp][info]     mtuplesuffix: _FHC.root
[Monitor.cpp][info]     splineprefix: OnAxis_numuCC_numode_splines
[Monitor.cpp][info]     splinesuffix: .root
[Monitor.cpp][info]   SubSamples:
[Monitor.cpp][info]     - Name: OnAxis_numuCC_numode1
[Monitor.cpp][info]       LatexName: On Axis Numu CC Neutrino Mode
[Monitor.cpp][info]       mtuplefile: CAFv7_0m_13*
[Monitor.cpp][info]       splinefile: ""
[SampleHandlerFD.cpp][info] -------------------------------------------------------------------
[SampleHandlerFD.cpp][info] Creating SampleHandlerFD object
[Manager.cpp][info] Setting config to be: /scratch/abipeake/MaCh3DUNE_LukesVersion/MaCh3_DUNE/Configs/BeamOffAxis/Samples/Onaxis_1Dsmaller.yaml
[Manager.cpp][info] Config is now: 
[Monitor.cpp][info] SampleHandlerName: OffAxisND
[Monitor.cpp][info] SampleType: OffAxisND
[Monitor.cpp][info] MaCh3ModeConfig: Configs/CovObjs/MaCh3Modes_GENIE.yaml
[Monitor.cpp][info] BinningFile: Configs/TutorialConfigs/TutorialBinning.yaml
[Monitor.cpp][info] InputFiles: ~
[Monitor.cpp][info] CovarianceMatrix: []
[Monitor.cpp][info] Samples: [OnAxis_numuCC_numode]
[Monitor.cpp][info] OnAxis_numuCC_numode:
[Monitor.cpp][info]   SampleTitle: OnAxis_numuCC_numode
[Monitor.cpp][info]   POT: 1.10e+21
[Monitor.cpp][info]   is_numode: True
[Monitor.cpp][info]   SelectionCuts:
[Monitor.cpp][info]     - KinematicStr: IsCC
[Monitor.cpp][info]       Bounds: [0.5, 1.5]
[Monitor.cpp][info]     - KinematicStr: RecoNumu
[Monitor.cpp][info]       Bounds: [0.9, 1.1]
[Monitor.cpp][info]     - KinematicStr: RecoNeutrinoEnergy
[Monitor.cpp][info]       Bounds: [0.1, 9999]
[Monitor.cpp][info]   Binning:
[Monitor.cpp][info]     VarStr: [RecoNeutrinoEnergy, ELepRec]
[Monitor.cpp][info]     VarBins: [[0, 0.5, 0.75, 1, 1.25, 1.5, 1.75, 2, 2.2, 2.4, 2.6, 2.8, 3, 3.25, 3.5, 3.75, 4, 4.5, 5, 6, 7, 8, 10], [0, 0.5, 0.75, 1, 1.25, 1.5, 1.75, 2, 2.2, 2.4, 2.6, 2.8, 3, 3.25, 3.5, 3.75, 4, 4.5, 5, 6, 8, 10]]
[Monitor.cpp][info]     Uniform: true
[Monitor.cpp][info]   InputFiles:
[Monitor.cpp][info]     mtupleprefix: /project/rpp-nilic/abipeake/PRISM_CAFs/FHC/
[Monitor.cpp][info]     mtuplesuffix: _FHC.root
[Monitor.cpp][info]     splineprefix: OnAxis_numuCC_numode_splines
[Monitor.cpp][info]     splinesuffix: .root
[Monitor.cpp][info]   SubSamples:
[Monitor.cpp][info]     - Name: OnAxis_numuCC_numode1
[Monitor.cpp][info]       LatexName: On Axis Numu CC Neutrino Mode
[Monitor.cpp][info]       mtuplefile: CAFv7_0m_13*
[Monitor.cpp][info]       splinefile: ""
[MaCh3Modes.cpp][info] Printing MaCh3 Modes Called: DUNE Interaction modes
[MaCh3Modes.cpp][info] ========================================================================
[MaCh3Modes.cpp][info] #     |  Name                 |  FancyName            |  GENIE Modes                   
[MaCh3Modes.cpp][info] ------------------------------------------------------------------------
[MaCh3Modes.cpp][info] 0     |  CCQE                 |  CCQE                 |  1                             
[MaCh3Modes.cpp][info] 1     |  CC1Kaon              |  CC1Kaon              |  2                             
[MaCh3Modes.cpp][info] 2     |  CCDIS                |  CCDIS                |  3                             
[MaCh3Modes.cpp][info] 3     |  CCRES                |  CCRES                |  4                             
[MaCh3Modes.cpp][info] 4     |  CCCOH                |  CCCOH                |  5                             
[MaCh3Modes.cpp][info] 5     |  CCDiff               |  CCDiff               |  6                             
[MaCh3Modes.cpp][info] 6     |  CCNuEl               |  CCNuEl               |  7                             
[MaCh3Modes.cpp][info] 7     |  CCIMD                |  CCIMD                |  8                             
[MaCh3Modes.cpp][info] 8     |  CCAnuGam             |  CCAnuGam             |  9                             
[MaCh3Modes.cpp][info] 9     |  CCMEC                |  CCMEC                |  10                            
[MaCh3Modes.cpp][info] 10    |  CCCOHEL              |  CCCOHEL              |  11                            
[MaCh3Modes.cpp][info] 11    |  CCIBD                |  CCIBD                |  12                            
[MaCh3Modes.cpp][info] 12    |  CCGlRES              |  CCGlRES              |  13                            
[MaCh3Modes.cpp][info] 13    |  CCIMDAnn             |  CCIMDAnn             |  14                            
[MaCh3Modes.cpp][info] 14    |  NCQE                 |  NCQE                 |  15                            
[MaCh3Modes.cpp][info] 15    |  NCDIS                |  NCDIS                |  17                            
[MaCh3Modes.cpp][info] 16    |  NCRES                |  NCRES                |  18                            
[MaCh3Modes.cpp][info] 17    |  NCCOH                |  NCCOH                |  19                            
[MaCh3Modes.cpp][info] 18    |  NCDiff               |  NCDiff               |  20                            
[MaCh3Modes.cpp][info] 19    |  NCNuEl               |  NCNuEl               |  21                            
[MaCh3Modes.cpp][info] 20    |  NCIMD                |  NCIMD                |  22                            
[MaCh3Modes.cpp][info] 21    |  NCAnuGam             |  NCAnuGam             |  23                            
[MaCh3Modes.cpp][info] 22    |  NCMEC                |  NCMEC                |  24                            
[MaCh3Modes.cpp][info] 23    |  NCCOHEL              |  NCCOHEL              |  25                            
[MaCh3Modes.cpp][info] 24    |  NCIBD                |  NCIBD                |  26                            
[MaCh3Modes.cpp][info] 25    |  NCGlRES              |  NCGlRES              |  27                            
[MaCh3Modes.cpp][info] 26    |  NCIMDAnn             |  NCIMDAnn             |  28                            
[MaCh3Modes.cpp][info] ========================================================================
[MaCh3Modes.cpp][info] ==========================
[MaCh3Modes.cpp][info] GENIE Modes |  Name                          
[MaCh3Modes.cpp][info] --------------------------
[MaCh3Modes.cpp][info] 0          |  UNKNOWN_BAD                   
[MaCh3Modes.cpp][info] 1          |  CCQE                          
[MaCh3Modes.cpp][info] 2          |  CC1Kaon                       
[MaCh3Modes.cpp][info] 3          |  CCDIS                         
[MaCh3Modes.cpp][info] 4          |  CCRES                         
[MaCh3Modes.cpp][info] 5          |  CCCOH                         
[MaCh3Modes.cpp][info] 6          |  CCDiff                        
[MaCh3Modes.cpp][info] 7          |  CCNuEl                        
[MaCh3Modes.cpp][info] 8          |  CCIMD                         
[MaCh3Modes.cpp][info] 9          |  CCAnuGam                      
[MaCh3Modes.cpp][info] 10         |  CCMEC                         
[MaCh3Modes.cpp][info] 11         |  CCCOHEL                       
[MaCh3Modes.cpp][info] 12         |  CCIBD                         
[MaCh3Modes.cpp][info] 13         |  CCGlRES                       
[MaCh3Modes.cpp][info] 14         |  CCIMDAnn                      
[MaCh3Modes.cpp][info] 15         |  NCQE                          
[MaCh3Modes.cpp][info] 16         |  UNKNOWN_BAD                   
[MaCh3Modes.cpp][info] 17         |  NCDIS                         
[MaCh3Modes.cpp][info] 18         |  NCRES                         
[MaCh3Modes.cpp][info] 19         |  NCCOH                         
[MaCh3Modes.cpp][info] 20         |  NCDiff                        
[MaCh3Modes.cpp][info] 21         |  NCNuEl                        
[MaCh3Modes.cpp][info] 22         |  NCIMD                         
[MaCh3Modes.cpp][info] 23         |  NCAnuGam                      
[MaCh3Modes.cpp][info] 24         |  NCMEC                         
[MaCh3Modes.cpp][info] 25         |  NCCOHEL                       
[MaCh3Modes.cpp][info] 26         |  NCIBD                         
[MaCh3Modes.cpp][info] 27         |  NCGlRES                       
[MaCh3Modes.cpp][info] 28         |  NCIMDAnn                      
[MaCh3Modes.cpp][info] ==========================
[Manager.cpp][warning] Didn't find a TestStatistic specified
[Manager.cpp][warning] Defaulting to using a Poisson likelihood
[BinningHandler.cpp][info] Setting up Sample Binning
[SampleStructs.h][info] 0-Dim Binning: [0.00, 0.50, 0.75, 1.00, 1.25, 1.50, 1.75, 2.00, 2.20, 2.40, 2.60, 2.80, 3.00, 3.25, 3.50, 3.75, 4.00, 4.50, 5.00, 6.00, 7.00, 8.00, 10.00]
[SampleStructs.h][info] 1-Dim Binning: [0.00, 0.50, 0.75, 1.00, 1.25, 1.50, 1.75, 2.00, 2.20, 2.40, 2.60, 2.80, 3.00, 3.25, 3.50, 3.75, 4.00, 4.50, 5.00, 6.00, 8.00, 10.00]
[SampleHandlerFD.cpp][info] Adding cut on IsCC with bounds 0.5 to 1.5
[SampleHandlerFD.cpp][info] Adding cut on RecoNumu with bounds 0.9 to 1.1
[SampleHandlerFD.cpp][info] Adding cut on RecoNeutrinoEnergy with bounds 0.1 to 9999
[SampleHandlerFD.cpp][info]   Nominal mode weights to apply: 
[SampleHandlerFD.cpp][info]     - CCQE: 1
[SampleHandlerFD.cpp][info]     - CC1Kaon: 1
[SampleHandlerFD.cpp][info]     - CCDIS: 1
[SampleHandlerFD.cpp][info]     - CCRES: 1
[SampleHandlerFD.cpp][info]     - CCCOH: 1
[SampleHandlerFD.cpp][info]     - CCDiff: 1
[SampleHandlerFD.cpp][info]     - CCNuEl: 1
[SampleHandlerFD.cpp][info]     - CCIMD: 1
[SampleHandlerFD.cpp][info]     - CCAnuGam: 1
[SampleHandlerFD.cpp][info]     - CCMEC: 1
[SampleHandlerFD.cpp][info]     - CCCOHEL: 1
[SampleHandlerFD.cpp][info]     - CCIBD: 1
[SampleHandlerFD.cpp][info]     - CCGlRES: 1
[SampleHandlerFD.cpp][info]     - CCIMDAnn: 1
[SampleHandlerFD.cpp][info]     - NCQE: 1
[SampleHandlerFD.cpp][info]     - NCDIS: 1
[SampleHandlerFD.cpp][info]     - NCRES: 1
[SampleHandlerFD.cpp][info]     - NCCOH: 1
[SampleHandlerFD.cpp][info]     - NCDiff: 1
[SampleHandlerFD.cpp][info]     - NCNuEl: 1
[SampleHandlerFD.cpp][info]     - NCIMD: 1
[SampleHandlerFD.cpp][info]     - NCAnuGam: 1
[SampleHandlerFD.cpp][info]     - NCMEC: 1
[SampleHandlerFD.cpp][info]     - NCCOHEL: 1
[SampleHandlerFD.cpp][info]     - NCIBD: 1
[SampleHandlerFD.cpp][info]     - NCGlRES: 1
[SampleHandlerFD.cpp][info]     - NCIMDAnn: 1
[SampleHandlerBeamOffAxis.cpp][info] -------------------------------------------------------------------
[SampleHandlerBeamOffAxis.cpp][info] -- subsample[0]: OnAxis_numuCC_numode 
[SampleHandlerBeamOffAxis.cpp][info] -- -- Adding file to TChain: /project/rpp-nilic/abipeake/PRISM_CAFs/FHC/CAFv7_0m_13*_FHC.root
[SampleHandlerFD.cpp][info] =============================================
[SampleHandlerFD.cpp][info] Total number of events is: 1184380
[SampleHandlerFD.cpp][warning] Didn't find any oscillation params, thus will not enable oscillations
[SampleHandlerFD.cpp][info] Setting up Sample Binning..
[SampleHandlerFD.cpp][info] Setting up Splines..
[SampleHandlerBeamOffAxis.cpp][info] Found 0 splines for this sample so I will not load or evaluate splines
[SampleHandlerFD.cpp][info] Setting up Normalisation Pointers..
[SampleHandlerFD.cpp][info] Setting up Functional Pointers..
[SampleHandlerFD.h][info] Registered functional shift consuming parameters: [ ContainedMuonEnergyScale ContainedMuonSqrtEnergyScale ContainedMuonInvSqrtEnergyScale TrackedMuonEnergyScale TrackedMuonSqrtEnergyScale TrackedMuonInvSqrtEnergyScale EMEnergyScale EMSqrtEnergyScale EMInvSqrtEnergyScale ChgHadEnergyScale ChgHadSqrtEnergyScale ChgHadInvSqrtEnergyScale NeutronEnergyScale NeutronSqrtEnergyScale NeutronInvSqrtEnergyScale TotalEnergyScale TotalSqrtEnergyScale TotalInvSqrtEnergyScale ] for SampleHandler: OffAxisND, with 0 par vals affecting 1184380 events.
[SampleHandlerFD.h][info] Registered functional shift consuming parameters: [ MuonEnergyResolution EMEnergyResolution ChgHadEnergyResolution NeutronEnergyResolution ] for SampleHandler: OffAxisND, with 0 par vals affecting 1184380 events.
[SampleHandlerFD.h][info] Functional shift consuming parameters: [ MissingProtonFD ], found no matching parameters for sample handler: OffAxisND
[SampleHandlerFD.cpp][info] Setting up Additional Weight Pointers..
[SampleHandlerFD.cpp][info] Setting up Kinematic Map..
[SampleHandlerFD.cpp][info] Finished loading MC for OffAxisND, it took 17.34s to finish
[SampleHandlerFD.cpp][info] =======================================================
[MakeCovarianceMatrix.cpp][info] Throw 0/1000000
[MakeCovarianceMatrix.cpp][info] Throw 100/1000000
[MakeCovarianceMatrix.cpp][info] Throw 200/1000000
[MakeCovarianceMatrix.cpp][info] Throw 300/1000000
[MakeCovarianceMatrix.cpp][info] Throw 400/1000000
[MakeCovarianceMatrix.cpp][info] Throw 500/1000000
[MakeCovarianceMatrix.cpp][info] Throw 600/1000000
[MakeCovarianceMatrix.cpp][info] Throw 700/1000000
[MakeCovarianceMatrix.cpp][info] Throw 800/1000000
[MakeCovarianceMatrix.cpp][info] Throw 900/1000000
[MakeCovarianceMatrix.cpp][info] Throw 1000/1000000
[MakeCovarianceMatrix.cpp][info] Throw 1100/1000000
[MakeCovarianceMatrix.cpp][info] Throw 1200/1000000
[MakeCovarianceMatrix.cpp][info] Throw 1300/1000000
[MakeCovarianceMatrix.cpp][info] Throw 1400/1000000
[MakeCovarianceMatrix.cpp][info] Throw 1500/1000000
[MakeCovarianceMatrix.cpp][info] Throw 1600/1000000
[MakeCovarianceMatrix.cpp][info] Throw 1700/1000000
[MakeCovarianceMatrix.cpp][info] Throw 1800/1000000
[MakeCovarianceMatrix.cpp][info] Throw 1900/1000000
[MakeCovarianceMatrix.cpp][info] Throw 2000/1000000
[MakeCovarianceMatrix.cpp][info] Throw 2100/1000000
[MakeCovarianceMatrix.cpp][info] Throw 2200/1000000
[MakeCovarianceMatrix.cpp][info] Throw 2300/1000000
[MakeCovarianceMatrix.cpp][info] Throw 2400/1000000
[MakeCovarianceMatrix.cpp][info] Throw 2500/1000000
[MakeCovarianceMatrix.cpp][info] Throw 2600/1000000
[MakeCovarianceMatrix.cpp][info] Throw 2700/1000000
[MakeCovarianceMatrix.cpp][info] Throw 2800/1000000
[MakeCovarianceMatrix.cpp][info] Throw 2900/1000000
[MakeCovarianceMatrix.cpp][info] Throw 3000/1000000
[MakeCovarianceMatrix.cpp][info] Throw 3100/1000000
[MakeCovarianceMatrix.cpp][info] Throw 3200/1000000
[MakeCovarianceMatrix.cpp][info] Throw 3300/1000000
[MakeCovarianceMatrix.cpp][info] Throw 3400/1000000
[MakeCovarianceMatrix.cpp][info] Throw 3500/1000000
[MakeCovarianceMatrix.cpp][info] Throw 3600/1000000
[MakeCovarianceMatrix.cpp][info] Throw 3700/1000000
[MakeCovarianceMatrix.cpp][info] Throw 3800/1000000
[MakeCovarianceMatrix.cpp][info] Throw 3900/1000000
[MakeCovarianceMatrix.cpp][info] Throw 4000/1000000
[MakeCovarianceMatrix.cpp][info] Throw 4100/1000000
[MakeCovarianceMatrix.cpp][info] Throw 4200/1000000
[MakeCovarianceMatrix.cpp][info] Throw 4300/1000000
[MakeCovarianceMatrix.cpp][info] Throw 4400/1000000
[MakeCovarianceMatrix.cpp][info] Throw 4500/1000000
[MakeCovarianceMatrix.cpp][info] Throw 4600/1000000
[MakeCovarianceMatrix.cpp][info] Throw 4700/1000000
[MakeCovarianceMatrix.cpp][info] Throw 4800/1000000
[MakeCovarianceMatrix.cpp][info] Throw 4900/1000000
[MakeCovarianceMatrix.cpp][info] Throw 5000/1000000
[MakeCovarianceMatrix.cpp][info] Throw 5100/1000000
[MakeCovarianceMatrix.cpp][info] Throw 5200/1000000
[MakeCovarianceMatrix.cpp][info] Throw 5300/1000000
[MakeCovarianceMatrix.cpp][info] Throw 5400/1000000
[MakeCovarianceMatrix.cpp][info] Throw 5500/1000000
[MakeCovarianceMatrix.cpp][info] Throw 5600/1000000
[MakeCovarianceMatrix.cpp][info] Throw 5700/1000000
[MakeCovarianceMatrix.cpp][info] Throw 5800/1000000
[MakeCovarianceMatrix.cpp][info] Throw 5900/1000000
[MakeCovarianceMatrix.cpp][info] Throw 6000/1000000
[MakeCovarianceMatrix.cpp][info] Throw 6100/1000000
[MakeCovarianceMatrix.cpp][info] Throw 6200/1000000
[MakeCovarianceMatrix.cpp][info] Throw 6300/1000000
[MakeCovarianceMatrix.cpp][info] Throw 6400/1000000
[MakeCovarianceMatrix.cpp][info] Throw 6500/1000000
[MakeCovarianceMatrix.cpp][info] Throw 6600/1000000
[MakeCovarianceMatrix.cpp][info] Throw 6700/1000000
[MakeCovarianceMatrix.cpp][info] Throw 6800/1000000
[MakeCovarianceMatrix.cpp][info] Throw 6900/1000000
[MakeCovarianceMatrix.cpp][info] Throw 7000/1000000
[MakeCovarianceMatrix.cpp][info] Throw 7100/1000000
[MakeCovarianceMatrix.cpp][info] Throw 7200/1000000
[MakeCovarianceMatrix.cpp][info] Throw 7300/1000000
[MakeCovarianceMatrix.cpp][info] Throw 7400/1000000
[MakeCovarianceMatrix.cpp][info] Throw 7500/1000000
[MakeCovarianceMatrix.cpp][info] Throw 7600/1000000
[MakeCovarianceMatrix.cpp][info] Throw 7700/1000000
[MakeCovarianceMatrix.cpp][info] Throw 7800/1000000
[MakeCovarianceMatrix.cpp][info] Throw 7900/1000000
[MakeCovarianceMatrix.cpp][info] Throw 8000/1000000
[MakeCovarianceMatrix.cpp][info] Throw 8100/1000000
[MakeCovarianceMatrix.cpp][info] Throw 8200/1000000
[MakeCovarianceMatrix.cpp][info] Throw 8300/1000000
[MakeCovarianceMatrix.cpp][info] Throw 8400/1000000
[MakeCovarianceMatrix.cpp][info] Throw 8500/1000000
[MakeCovarianceMatrix.cpp][info] Throw 8600/1000000
[MakeCovarianceMatrix.cpp][info] Throw 8700/1000000
[MakeCovarianceMatrix.cpp][info] Throw 8800/1000000
[MakeCovarianceMatrix.cpp][info] Throw 8900/1000000
[MakeCovarianceMatrix.cpp][info] Throw 9000/1000000
[MakeCovarianceMatrix.cpp][info] Throw 9100/1000000
[MakeCovarianceMatrix.cpp][info] Throw 9200/1000000
[MakeCovarianceMatrix.cpp][info] Throw 9300/1000000
[MakeCovarianceMatrix.cpp][info] Throw 9400/1000000
[MakeCovarianceMatrix.cpp][info] Throw 9500/1000000
[MakeCovarianceMatrix.cpp][info] Throw 9600/1000000
[MakeCovarianceMatrix.cpp][info] Throw 9700/1000000
[MakeCovarianceMatrix.cpp][info] Throw 9800/1000000
[MakeCovarianceMatrix.cpp][info] Throw 9900/1000000
[MakeCovarianceMatrix.cpp][info] Throw 10000/1000000
[MakeCovarianceMatrix.cpp][info] Throw 10100/1000000
[MakeCovarianceMatrix.cpp][info] Throw 10200/1000000
[MakeCovarianceMatrix.cpp][info] Throw 10300/1000000
[MakeCovarianceMatrix.cpp][info] Throw 10400/1000000
[MakeCovarianceMatrix.cpp][info] Throw 10500/1000000
[MakeCovarianceMatrix.cpp][info] Throw 10600/1000000
[MakeCovarianceMatrix.cpp][info] Throw 10700/1000000
[MakeCovarianceMatrix.cpp][info] Throw 10800/1000000
[MakeCovarianceMatrix.cpp][info] Throw 10900/1000000
[MakeCovarianceMatrix.cpp][info] Throw 11000/1000000
[MakeCovarianceMatrix.cpp][info] Throw 11100/1000000
[MakeCovarianceMatrix.cpp][info] Throw 11200/1000000
[MakeCovarianceMatrix.cpp][info] Throw 11300/1000000
[MakeCovarianceMatrix.cpp][info] Throw 11400/1000000
[MakeCovarianceMatrix.cpp][info] Throw 11500/1000000
[MakeCovarianceMatrix.cpp][info] Throw 11600/1000000
[MakeCovarianceMatrix.cpp][info] Throw 11700/1000000
[MakeCovarianceMatrix.cpp][info] Throw 11800/1000000
[MakeCovarianceMatrix.cpp][info] Throw 11900/1000000
[MakeCovarianceMatrix.cpp][info] Throw 12000/1000000
[MakeCovarianceMatrix.cpp][info] Throw 12100/1000000
[MakeCovarianceMatrix.cpp][info] Throw 12200/1000000
[MakeCovarianceMatrix.cpp][info] Throw 12300/1000000
[MakeCovarianceMatrix.cpp][info] Throw 12400/1000000
[MakeCovarianceMatrix.cpp][info] Throw 12500/1000000
[MakeCovarianceMatrix.cpp][info] Throw 12600/1000000
[MakeCovarianceMatrix.cpp][info] Throw 12700/1000000
[MakeCovarianceMatrix.cpp][info] Throw 12800/1000000
[MakeCovarianceMatrix.cpp][info] Throw 12900/1000000
[MakeCovarianceMatrix.cpp][info] Throw 13000/1000000
[MakeCovarianceMatrix.cpp][info] Throw 13100/1000000
[MakeCovarianceMatrix.cpp][info] Throw 13200/1000000
[MakeCovarianceMatrix.cpp][info] Throw 13300/1000000
[MakeCovarianceMatrix.cpp][info] Throw 13400/1000000
[MakeCovarianceMatrix.cpp][info] Throw 13500/1000000
[MakeCovarianceMatrix.cpp][info] Throw 13600/1000000
[MakeCovarianceMatrix.cpp][info] Throw 13700/1000000
[MakeCovarianceMatrix.cpp][info] Throw 13800/1000000
[MakeCovarianceMatrix.cpp][info] Throw 13900/1000000
[MakeCovarianceMatrix.cpp][info] Throw 14000/1000000
[MakeCovarianceMatrix.cpp][info] Throw 14100/1000000
[MakeCovarianceMatrix.cpp][info] Throw 14200/1000000
[MakeCovarianceMatrix.cpp][info] Throw 14300/1000000
[MakeCovarianceMatrix.cpp][info] Throw 14400/1000000
[MakeCovarianceMatrix.cpp][info] Throw 14500/1000000
[MakeCovarianceMatrix.cpp][info] Throw 14600/1000000
[MakeCovarianceMatrix.cpp][info] Throw 14700/1000000
[MakeCovarianceMatrix.cpp][info] Throw 14800/1000000
[MakeCovarianceMatrix.cpp][info] Throw 14900/1000000
[MakeCovarianceMatrix.cpp][info] Throw 15000/1000000
[MakeCovarianceMatrix.cpp][info] Throw 15100/1000000
[MakeCovarianceMatrix.cpp][info] Throw 15200/1000000
[MakeCovarianceMatrix.cpp][info] Throw 15300/1000000
[MakeCovarianceMatrix.cpp][info] Throw 15400/1000000
[MakeCovarianceMatrix.cpp][info] Throw 15500/1000000
[MakeCovarianceMatrix.cpp][info] Throw 15600/1000000
[MakeCovarianceMatrix.cpp][info] Throw 15700/1000000
[MakeCovarianceMatrix.cpp][info] Throw 15800/1000000
[MakeCovarianceMatrix.cpp][info] Throw 15900/1000000
[MakeCovarianceMatrix.cpp][info] Throw 16000/1000000
[MakeCovarianceMatrix.cpp][info] Throw 16100/1000000
[MakeCovarianceMatrix.cpp][info] Throw 16200/1000000
[MakeCovarianceMatrix.cpp][info] Throw 16300/1000000
[MakeCovarianceMatrix.cpp][info] Throw 16400/1000000
[MakeCovarianceMatrix.cpp][info] Throw 16500/1000000
[MakeCovarianceMatrix.cpp][info] Throw 16600/1000000
[MakeCovarianceMatrix.cpp][info] Throw 16700/1000000
[MakeCovarianceMatrix.cpp][info] Throw 16800/1000000
[MakeCovarianceMatrix.cpp][info] Throw 16900/1000000
[MakeCovarianceMatrix.cpp][info] Throw 17000/1000000
[MakeCovarianceMatrix.cpp][info] Throw 17100/1000000
[MakeCovarianceMatrix.cpp][info] Throw 17200/1000000
[MakeCovarianceMatrix.cpp][info] Throw 17300/1000000
[MakeCovarianceMatrix.cpp][info] Throw 17400/1000000
[MakeCovarianceMatrix.cpp][info] Throw 17500/1000000
[MakeCovarianceMatrix.cpp][info] Throw 17600/1000000
[MakeCovarianceMatrix.cpp][info] Throw 17700/1000000
[MakeCovarianceMatrix.cpp][info] Throw 17800/1000000
[MakeCovarianceMatrix.cpp][info] Throw 17900/1000000
[MakeCovarianceMatrix.cpp][info] Throw 18000/1000000
[MakeCovarianceMatrix.cpp][info] Throw 18100/1000000
[MakeCovarianceMatrix.cpp][info] Throw 18200/1000000
[MakeCovarianceMatrix.cpp][info] Throw 18300/1000000
[MakeCovarianceMatrix.cpp][info] Throw 18400/1000000
[MakeCovarianceMatrix.cpp][info] Throw 18500/1000000
[MakeCovarianceMatrix.cpp][info] Throw 18600/1000000
[MakeCovarianceMatrix.cpp][info] Throw 18700/1000000
[MakeCovarianceMatrix.cpp][info] Throw 18800/1000000
[MakeCovarianceMatrix.cpp][info] Throw 18900/1000000
[MakeCovarianceMatrix.cpp][info] Throw 19000/1000000
[MakeCovarianceMatrix.cpp][info] Throw 19100/1000000
[MakeCovarianceMatrix.cpp][info] Throw 19200/1000000
[MakeCovarianceMatrix.cpp][info] Throw 19300/1000000
[MakeCovarianceMatrix.cpp][info] Throw 19400/1000000
[MakeCovarianceMatrix.cpp][info] Throw 19500/1000000
[MakeCovarianceMatrix.cpp][info] Throw 19600/1000000
[MakeCovarianceMatrix.cpp][info] Throw 19700/1000000
[MakeCovarianceMatrix.cpp][info] Throw 19800/1000000
[MakeCovarianceMatrix.cpp][info] Throw 19900/1000000
[MakeCovarianceMatrix.cpp][info] Throw 20000/1000000
[MakeCovarianceMatrix.cpp][info] Throw 20100/1000000
[MakeCovarianceMatrix.cpp][info] Throw 20200/1000000
[MakeCovarianceMatrix.cpp][info] Throw 20300/1000000
[MakeCovarianceMatrix.cpp][info] Throw 20400/1000000
[MakeCovarianceMatrix.cpp][info] Throw 20500/1000000
[MakeCovarianceMatrix.cpp][info] Throw 20600/1000000
[MakeCovarianceMatrix.cpp][info] Throw 20700/1000000
[MakeCovarianceMatrix.cpp][info] Throw 20800/1000000
[MakeCovarianceMatrix.cpp][info] Throw 20900/1000000
[MakeCovarianceMatrix.cpp][info] Throw 21000/1000000
[MakeCovarianceMatrix.cpp][info] Throw 21100/1000000
[MakeCovarianceMatrix.cpp][info] Throw 21200/1000000
[MakeCovarianceMatrix.cpp][info] Throw 21300/1000000
[MakeCovarianceMatrix.cpp][info] Throw 21400/1000000
[MakeCovarianceMatrix.cpp][info] Throw 21500/1000000
[MakeCovarianceMatrix.cpp][info] Throw 21600/1000000
[MakeCovarianceMatrix.cpp][info] Throw 21700/1000000
[MakeCovarianceMatrix.cpp][info] Throw 21800/1000000
[MakeCovarianceMatrix.cpp][info] Throw 21900/1000000
[MakeCovarianceMatrix.cpp][info] Throw 22000/1000000
[MakeCovarianceMatrix.cpp][info] Throw 22100/1000000
[MakeCovarianceMatrix.cpp][info] Throw 22200/1000000
[MakeCovarianceMatrix.cpp][info] Throw 22300/1000000
[MakeCovarianceMatrix.cpp][info] Throw 22400/1000000
[MakeCovarianceMatrix.cpp][info] Throw 22500/1000000
[MakeCovarianceMatrix.cpp][info] Throw 22600/1000000
[MakeCovarianceMatrix.cpp][info] Throw 22700/1000000
[MakeCovarianceMatrix.cpp][info] Throw 22800/1000000
[MakeCovarianceMatrix.cpp][info] Throw 22900/1000000
[MakeCovarianceMatrix.cpp][info] Throw 23000/1000000
[MakeCovarianceMatrix.cpp][info] Throw 23100/1000000
[MakeCovarianceMatrix.cpp][info] Throw 23200/1000000
[MakeCovarianceMatrix.cpp][info] Throw 23300/1000000
[MakeCovarianceMatrix.cpp][info] Throw 23400/1000000
[MakeCovarianceMatrix.cpp][info] Throw 23500/1000000
[MakeCovarianceMatrix.cpp][info] Throw 23600/1000000
[MakeCovarianceMatrix.cpp][info] Throw 23700/1000000
[MakeCovarianceMatrix.cpp][info] Throw 23800/1000000
[MakeCovarianceMatrix.cpp][info] Throw 23900/1000000
[MakeCovarianceMatrix.cpp][info] Throw 24000/1000000
[MakeCovarianceMatrix.cpp][info] Throw 24100/1000000
[MakeCovarianceMatrix.cpp][info] Throw 24200/1000000
[MakeCovarianceMatrix.cpp][info] Throw 24300/1000000
[MakeCovarianceMatrix.cpp][info] Throw 24400/1000000
[MakeCovarianceMatrix.cpp][info] Throw 24500/1000000
[MakeCovarianceMatrix.cpp][info] Throw 24600/1000000
[MakeCovarianceMatrix.cpp][info] Throw 24700/1000000
[MakeCovarianceMatrix.cpp][info] Throw 24800/1000000
[MakeCovarianceMatrix.cpp][info] Throw 24900/1000000
[MakeCovarianceMatrix.cpp][info] Throw 25000/1000000
[MakeCovarianceMatrix.cpp][info] Throw 25100/1000000
[MakeCovarianceMatrix.cpp][info] Throw 25200/1000000
[MakeCovarianceMatrix.cpp][info] Throw 25300/1000000
[MakeCovarianceMatrix.cpp][info] Throw 25400/1000000
[MakeCovarianceMatrix.cpp][info] Throw 25500/1000000
[MakeCovarianceMatrix.cpp][info] Throw 25600/1000000
[MakeCovarianceMatrix.cpp][info] Throw 25700/1000000
[MakeCovarianceMatrix.cpp][info] Throw 25800/1000000
[MakeCovarianceMatrix.cpp][info] Throw 25900/1000000
[MakeCovarianceMatrix.cpp][info] Throw 26000/1000000
[MakeCovarianceMatrix.cpp][info] Throw 26100/1000000
[MakeCovarianceMatrix.cpp][info] Throw 26200/1000000
[MakeCovarianceMatrix.cpp][info] Throw 26300/1000000
[MakeCovarianceMatrix.cpp][info] Throw 26400/1000000
[MakeCovarianceMatrix.cpp][info] Throw 26500/1000000
[MakeCovarianceMatrix.cpp][info] Throw 26600/1000000
[MakeCovarianceMatrix.cpp][info] Throw 26700/1000000
[MakeCovarianceMatrix.cpp][info] Throw 26800/1000000
[MakeCovarianceMatrix.cpp][info] Throw 26900/1000000
[MakeCovarianceMatrix.cpp][info] Throw 27000/1000000
[MakeCovarianceMatrix.cpp][info] Throw 27100/1000000
[MakeCovarianceMatrix.cpp][info] Throw 27200/1000000
[MakeCovarianceMatrix.cpp][info] Throw 27300/1000000
[MakeCovarianceMatrix.cpp][info] Throw 27400/1000000
[MakeCovarianceMatrix.cpp][info] Throw 27500/1000000
[MakeCovarianceMatrix.cpp][info] Throw 27600/1000000
[MakeCovarianceMatrix.cpp][info] Throw 27700/1000000
[MakeCovarianceMatrix.cpp][info] Throw 27800/1000000
[MakeCovarianceMatrix.cpp][info] Throw 27900/1000000
[MakeCovarianceMatrix.cpp][info] Throw 28000/1000000
[MakeCovarianceMatrix.cpp][info] Throw 28100/1000000
[MakeCovarianceMatrix.cpp][info] Throw 28200/1000000
[MakeCovarianceMatrix.cpp][info] Throw 28300/1000000
[MakeCovarianceMatrix.cpp][info] Throw 28400/1000000
[MakeCovarianceMatrix.cpp][info] Throw 28500/1000000
[MakeCovarianceMatrix.cpp][info] Throw 28600/1000000
[MakeCovarianceMatrix.cpp][info] Throw 28700/1000000
[MakeCovarianceMatrix.cpp][info] Throw 28800/1000000
[MakeCovarianceMatrix.cpp][info] Throw 28900/1000000
[MakeCovarianceMatrix.cpp][info] Throw 29000/1000000
[MakeCovarianceMatrix.cpp][info] Throw 29100/1000000
[MakeCovarianceMatrix.cpp][info] Throw 29200/1000000
[MakeCovarianceMatrix.cpp][info] Throw 29300/1000000
[MakeCovarianceMatrix.cpp][info] Throw 29400/1000000
[MakeCovarianceMatrix.cpp][info] Throw 29500/1000000
[MakeCovarianceMatrix.cpp][info] Throw 29600/1000000
[MakeCovarianceMatrix.cpp][info] Throw 29700/1000000
[MakeCovarianceMatrix.cpp][info] Throw 29800/1000000
[MakeCovarianceMatrix.cpp][info] Throw 29900/1000000
[MakeCovarianceMatrix.cpp][info] Throw 30000/1000000
[MakeCovarianceMatrix.cpp][info] Throw 30100/1000000
[MakeCovarianceMatrix.cpp][info] Throw 30200/1000000
[MakeCovarianceMatrix.cpp][info] Throw 30300/1000000
[MakeCovarianceMatrix.cpp][info] Throw 30400/1000000
[MakeCovarianceMatrix.cpp][info] Throw 30500/1000000
[MakeCovarianceMatrix.cpp][info] Throw 30600/1000000
[MakeCovarianceMatrix.cpp][info] Throw 30700/1000000
[MakeCovarianceMatrix.cpp][info] Throw 30800/1000000
[MakeCovarianceMatrix.cpp][info] Throw 30900/1000000
[MakeCovarianceMatrix.cpp][info] Throw 31000/1000000
[MakeCovarianceMatrix.cpp][info] Throw 31100/1000000
[MakeCovarianceMatrix.cpp][info] Throw 31200/1000000
[MakeCovarianceMatrix.cpp][info] Throw 31300/1000000
[MakeCovarianceMatrix.cpp][info] Throw 31400/1000000
[MakeCovarianceMatrix.cpp][info] Throw 31500/1000000
[MakeCovarianceMatrix.cpp][info] Throw 31600/1000000
[MakeCovarianceMatrix.cpp][info] Throw 31700/1000000
[MakeCovarianceMatrix.cpp][info] Throw 31800/1000000
[MakeCovarianceMatrix.cpp][info] Throw 31900/1000000
[MakeCovarianceMatrix.cpp][info] Throw 32000/1000000
[MakeCovarianceMatrix.cpp][info] Throw 32100/1000000
[MakeCovarianceMatrix.cpp][info] Throw 32200/1000000
[MakeCovarianceMatrix.cpp][info] Throw 32300/1000000
[MakeCovarianceMatrix.cpp][info] Throw 32400/1000000
[MakeCovarianceMatrix.cpp][info] Throw 32500/1000000
[MakeCovarianceMatrix.cpp][info] Throw 32600/1000000
[MakeCovarianceMatrix.cpp][info] Throw 32700/1000000
[MakeCovarianceMatrix.cpp][info] Throw 32800/1000000
[MakeCovarianceMatrix.cpp][info] Throw 32900/1000000
[MakeCovarianceMatrix.cpp][info] Throw 33000/1000000
[MakeCovarianceMatrix.cpp][info] Throw 33100/1000000
[MakeCovarianceMatrix.cpp][info] Throw 33200/1000000
[MakeCovarianceMatrix.cpp][info] Throw 33300/1000000
[MakeCovarianceMatrix.cpp][info] Throw 33400/1000000
[MakeCovarianceMatrix.cpp][info] Throw 33500/1000000
[MakeCovarianceMatrix.cpp][info] Throw 33600/1000000
[MakeCovarianceMatrix.cpp][info] Throw 33700/1000000
[MakeCovarianceMatrix.cpp][info] Throw 33800/1000000
[MakeCovarianceMatrix.cpp][info] Throw 33900/1000000
[MakeCovarianceMatrix.cpp][info] Throw 34000/1000000
[MakeCovarianceMatrix.cpp][info] Throw 34100/1000000
[MakeCovarianceMatrix.cpp][info] Throw 34200/1000000
[MakeCovarianceMatrix.cpp][info] Throw 34300/1000000
[MakeCovarianceMatrix.cpp][info] Throw 34400/1000000
[MakeCovarianceMatrix.cpp][info] Throw 34500/1000000
[MakeCovarianceMatrix.cpp][info] Throw 34600/1000000
[MakeCovarianceMatrix.cpp][info] Throw 34700/1000000
[MakeCovarianceMatrix.cpp][info] Throw 34800/1000000
[MakeCovarianceMatrix.cpp][info] Throw 34900/1000000
[MakeCovarianceMatrix.cpp][info] Throw 35000/1000000
[MakeCovarianceMatrix.cpp][info] Throw 35100/1000000
[MakeCovarianceMatrix.cpp][info] Throw 35200/1000000
[MakeCovarianceMatrix.cpp][info] Throw 35300/1000000
[MakeCovarianceMatrix.cpp][info] Throw 35400/1000000
[MakeCovarianceMatrix.cpp][info] Throw 35500/1000000
[MakeCovarianceMatrix.cpp][info] Throw 35600/1000000
[MakeCovarianceMatrix.cpp][info] Throw 35700/1000000
[MakeCovarianceMatrix.cpp][info] Throw 35800/1000000
[MakeCovarianceMatrix.cpp][info] Throw 35900/1000000
[MakeCovarianceMatrix.cpp][info] Throw 36000/1000000
[MakeCovarianceMatrix.cpp][info] Throw 36100/1000000
[MakeCovarianceMatrix.cpp][info] Throw 36200/1000000
[MakeCovarianceMatrix.cpp][info] Throw 36300/1000000
[MakeCovarianceMatrix.cpp][info] Throw 36400/1000000
[MakeCovarianceMatrix.cpp][info] Throw 36500/1000000
[MakeCovarianceMatrix.cpp][info] Throw 36600/1000000
[MakeCovarianceMatrix.cpp][info] Throw 36700/1000000
[MakeCovarianceMatrix.cpp][info] Throw 36800/1000000
[MakeCovarianceMatrix.cpp][info] Throw 36900/1000000
[MakeCovarianceMatrix.cpp][info] Throw 37000/1000000
[MakeCovarianceMatrix.cpp][info] Throw 37100/1000000
[MakeCovarianceMatrix.cpp][info] Throw 37200/1000000
[MakeCovarianceMatrix.cpp][info] Throw 37300/1000000
[MakeCovarianceMatrix.cpp][info] Throw 37400/1000000
[MakeCovarianceMatrix.cpp][info] Throw 37500/1000000
[MakeCovarianceMatrix.cpp][info] Throw 37600/1000000
[MakeCovarianceMatrix.cpp][info] Throw 37700/1000000
[MakeCovarianceMatrix.cpp][info] Throw 37800/1000000
[MakeCovarianceMatrix.cpp][info] Throw 37900/1000000
[MakeCovarianceMatrix.cpp][info] Throw 38000/1000000
[MakeCovarianceMatrix.cpp][info] Throw 38100/1000000
[MakeCovarianceMatrix.cpp][info] Throw 38200/1000000
[MakeCovarianceMatrix.cpp][info] Throw 38300/1000000
[MakeCovarianceMatrix.cpp][info] Throw 38400/1000000
[MakeCovarianceMatrix.cpp][info] Throw 38500/1000000
[MakeCovarianceMatrix.cpp][info] Throw 38600/1000000
[MakeCovarianceMatrix.cpp][info] Throw 38700/1000000
[MakeCovarianceMatrix.cpp][info] Throw 38800/1000000
[MakeCovarianceMatrix.cpp][info] Throw 38900/1000000
[MakeCovarianceMatrix.cpp][info] Throw 39000/1000000
[MakeCovarianceMatrix.cpp][info] Throw 39100/1000000
[MakeCovarianceMatrix.cpp][info] Throw 39200/1000000
[MakeCovarianceMatrix.cpp][info] Throw 39300/1000000
[MakeCovarianceMatrix.cpp][info] Throw 39400/1000000
[MakeCovarianceMatrix.cpp][info] Throw 39500/1000000
[MakeCovarianceMatrix.cpp][info] Throw 39600/1000000
[MakeCovarianceMatrix.cpp][info] Throw 39700/1000000
[MakeCovarianceMatrix.cpp][info] Throw 39800/1000000
[MakeCovarianceMatrix.cpp][info] Throw 39900/1000000
[MakeCovarianceMatrix.cpp][info] Throw 40000/1000000
[MakeCovarianceMatrix.cpp][info] Throw 40100/1000000
[MakeCovarianceMatrix.cpp][info] Throw 40200/1000000
[MakeCovarianceMatrix.cpp][info] Throw 40300/1000000
[MakeCovarianceMatrix.cpp][info] Throw 40400/1000000
[MakeCovarianceMatrix.cpp][info] Throw 40500/1000000
[MakeCovarianceMatrix.cpp][info] Throw 40600/1000000
[MakeCovarianceMatrix.cpp][info] Throw 40700/1000000
[MakeCovarianceMatrix.cpp][info] Throw 40800/1000000
[MakeCovarianceMatrix.cpp][info] Throw 40900/1000000
[MakeCovarianceMatrix.cpp][info] Throw 41000/1000000
[MakeCovarianceMatrix.cpp][info] Throw 41100/1000000
[MakeCovarianceMatrix.cpp][info] Throw 41200/1000000
[MakeCovarianceMatrix.cpp][info] Throw 41300/1000000
[MakeCovarianceMatrix.cpp][info] Throw 41400/1000000
[MakeCovarianceMatrix.cpp][info] Throw 41500/1000000
[MakeCovarianceMatrix.cpp][info] Throw 41600/1000000
[MakeCovarianceMatrix.cpp][info] Throw 41700/1000000
[MakeCovarianceMatrix.cpp][info] Throw 41800/1000000
[MakeCovarianceMatrix.cpp][info] Throw 41900/1000000
[MakeCovarianceMatrix.cpp][info] Throw 42000/1000000
[MakeCovarianceMatrix.cpp][info] Throw 42100/1000000
[MakeCovarianceMatrix.cpp][info] Throw 42200/1000000
[MakeCovarianceMatrix.cpp][info] Throw 42300/1000000
[MakeCovarianceMatrix.cpp][info] Throw 42400/1000000
[MakeCovarianceMatrix.cpp][info] Throw 42500/1000000
[MakeCovarianceMatrix.cpp][info] Throw 42600/1000000
[MakeCovarianceMatrix.cpp][info] Throw 42700/1000000
[MakeCovarianceMatrix.cpp][info] Throw 42800/1000000
[MakeCovarianceMatrix.cpp][info] Throw 42900/1000000
[MakeCovarianceMatrix.cpp][info] Throw 43000/1000000
[MakeCovarianceMatrix.cpp][info] Throw 43100/1000000
[MakeCovarianceMatrix.cpp][info] Throw 43200/1000000
[MakeCovarianceMatrix.cpp][info] Throw 43300/1000000
[MakeCovarianceMatrix.cpp][info] Throw 43400/1000000
[MakeCovarianceMatrix.cpp][info] Throw 43500/1000000
[MakeCovarianceMatrix.cpp][info] Throw 43600/1000000
[MakeCovarianceMatrix.cpp][info] Throw 43700/1000000
[MakeCovarianceMatrix.cpp][info] Throw 43800/1000000
[MakeCovarianceMatrix.cpp][info] Throw 43900/1000000
[MakeCovarianceMatrix.cpp][info] Throw 44000/1000000
[MakeCovarianceMatrix.cpp][info] Throw 44100/1000000
[MakeCovarianceMatrix.cpp][info] Throw 44200/1000000
[MakeCovarianceMatrix.cpp][info] Throw 44300/1000000
[MakeCovarianceMatrix.cpp][info] Throw 44400/1000000
[MakeCovarianceMatrix.cpp][info] Throw 44500/1000000
[MakeCovarianceMatrix.cpp][info] Throw 44600/1000000
[MakeCovarianceMatrix.cpp][info] Throw 44700/1000000
[MakeCovarianceMatrix.cpp][info] Throw 44800/1000000
[MakeCovarianceMatrix.cpp][info] Throw 44900/1000000
[MakeCovarianceMatrix.cpp][info] Throw 45000/1000000
[MakeCovarianceMatrix.cpp][info] Throw 45100/1000000
[MakeCovarianceMatrix.cpp][info] Throw 45200/1000000
[MakeCovarianceMatrix.cpp][info] Throw 45300/1000000
[MakeCovarianceMatrix.cpp][info] Throw 45400/1000000
[MakeCovarianceMatrix.cpp][info] Throw 45500/1000000
[MakeCovarianceMatrix.cpp][info] Throw 45600/1000000
[MakeCovarianceMatrix.cpp][info] Throw 45700/1000000
[MakeCovarianceMatrix.cpp][info] Throw 45800/1000000
[MakeCovarianceMatrix.cpp][info] Throw 45900/1000000
[MakeCovarianceMatrix.cpp][info] Throw 46000/1000000
[MakeCovarianceMatrix.cpp][info] Throw 46100/1000000
[MakeCovarianceMatrix.cpp][info] Throw 46200/1000000
[MakeCovarianceMatrix.cpp][info] Throw 46300/1000000
[MakeCovarianceMatrix.cpp][info] Throw 46400/1000000
[MakeCovarianceMatrix.cpp][info] Throw 46500/1000000
[MakeCovarianceMatrix.cpp][info] Throw 46600/1000000
[MakeCovarianceMatrix.cpp][info] Throw 46700/1000000
[MakeCovarianceMatrix.cpp][info] Throw 46800/1000000
[MakeCovarianceMatrix.cpp][info] Throw 46900/1000000
[MakeCovarianceMatrix.cpp][info] Throw 47000/1000000
[MakeCovarianceMatrix.cpp][info] Throw 47100/1000000
[MakeCovarianceMatrix.cpp][info] Throw 47200/1000000
[MakeCovarianceMatrix.cpp][info] Throw 47300/1000000
[MakeCovarianceMatrix.cpp][info] Throw 47400/1000000
[MakeCovarianceMatrix.cpp][info] Throw 47500/1000000
[MakeCovarianceMatrix.cpp][info] Throw 47600/1000000
[MakeCovarianceMatrix.cpp][info] Throw 47700/1000000
[MakeCovarianceMatrix.cpp][info] Throw 47800/1000000
[MakeCovarianceMatrix.cpp][info] Throw 47900/1000000
[MakeCovarianceMatrix.cpp][info] Throw 48000/1000000
[MakeCovarianceMatrix.cpp][info] Throw 48100/1000000
[MakeCovarianceMatrix.cpp][info] Throw 48200/1000000
[MakeCovarianceMatrix.cpp][info] Throw 48300/1000000
[MakeCovarianceMatrix.cpp][info] Throw 48400/1000000
[MakeCovarianceMatrix.cpp][info] Throw 48500/1000000
[MakeCovarianceMatrix.cpp][info] Throw 48600/1000000
[MakeCovarianceMatrix.cpp][info] Throw 48700/1000000
[MakeCovarianceMatrix.cpp][info] Throw 48800/1000000
[MakeCovarianceMatrix.cpp][info] Throw 48900/1000000
[MakeCovarianceMatrix.cpp][info] Throw 49000/1000000
[MakeCovarianceMatrix.cpp][info] Throw 49100/1000000
[MakeCovarianceMatrix.cpp][info] Throw 49200/1000000
[MakeCovarianceMatrix.cpp][info] Throw 49300/1000000
[MakeCovarianceMatrix.cpp][info] Throw 49400/1000000
[MakeCovarianceMatrix.cpp][info] Throw 49500/1000000
[MakeCovarianceMatrix.cpp][info] Throw 49600/1000000
[MakeCovarianceMatrix.cpp][info] Throw 49700/1000000
[MakeCovarianceMatrix.cpp][info] Throw 49800/1000000
[MakeCovarianceMatrix.cpp][info] Throw 49900/1000000
[MakeCovarianceMatrix.cpp][info] Throw 50000/1000000
[MakeCovarianceMatrix.cpp][info] Throw 50100/1000000
[MakeCovarianceMatrix.cpp][info] Throw 50200/1000000
[MakeCovarianceMatrix.cpp][info] Throw 50300/1000000
[MakeCovarianceMatrix.cpp][info] Throw 50400/1000000
[MakeCovarianceMatrix.cpp][info] Throw 50500/1000000
[MakeCovarianceMatrix.cpp][info] Throw 50600/1000000
[MakeCovarianceMatrix.cpp][info] Throw 50700/1000000
[MakeCovarianceMatrix.cpp][info] Throw 50800/1000000
[MakeCovarianceMatrix.cpp][info] Throw 50900/1000000
[MakeCovarianceMatrix.cpp][info] Throw 51000/1000000
[MakeCovarianceMatrix.cpp][info] Throw 51100/1000000
[MakeCovarianceMatrix.cpp][info] Throw 51200/1000000
[MakeCovarianceMatrix.cpp][info] Throw 51300/1000000
[MakeCovarianceMatrix.cpp][info] Throw 51400/1000000
[MakeCovarianceMatrix.cpp][info] Throw 51500/1000000
[MakeCovarianceMatrix.cpp][info] Throw 51600/1000000
[MakeCovarianceMatrix.cpp][info] Throw 51700/1000000
[MakeCovarianceMatrix.cpp][info] Throw 51800/1000000
[MakeCovarianceMatrix.cpp][info] Throw 51900/1000000
[MakeCovarianceMatrix.cpp][info] Throw 52000/1000000
[MakeCovarianceMatrix.cpp][info] Throw 52100/1000000
[MakeCovarianceMatrix.cpp][info] Throw 52200/1000000
[MakeCovarianceMatrix.cpp][info] Throw 52300/1000000
[MakeCovarianceMatrix.cpp][info] Throw 52400/1000000
[MakeCovarianceMatrix.cpp][info] Throw 52500/1000000
[MakeCovarianceMatrix.cpp][info] Throw 52600/1000000
[MakeCovarianceMatrix.cpp][info] Throw 52700/1000000
[MakeCovarianceMatrix.cpp][info] Throw 52800/1000000
[MakeCovarianceMatrix.cpp][info] Throw 52900/1000000
[MakeCovarianceMatrix.cpp][info] Throw 53000/1000000
[MakeCovarianceMatrix.cpp][info] Throw 53100/1000000
[MakeCovarianceMatrix.cpp][info] Throw 53200/1000000
[MakeCovarianceMatrix.cpp][info] Throw 53300/1000000
[MakeCovarianceMatrix.cpp][info] Throw 53400/1000000
[MakeCovarianceMatrix.cpp][info] Throw 53500/1000000
[MakeCovarianceMatrix.cpp][info] Throw 53600/1000000
[MakeCovarianceMatrix.cpp][info] Throw 53700/1000000
[MakeCovarianceMatrix.cpp][info] Throw 53800/1000000
[MakeCovarianceMatrix.cpp][info] Throw 53900/1000000
[MakeCovarianceMatrix.cpp][info] Throw 54000/1000000
[MakeCovarianceMatrix.cpp][info] Throw 54100/1000000
[MakeCovarianceMatrix.cpp][info] Throw 54200/1000000
[MakeCovarianceMatrix.cpp][info] Throw 54300/1000000
[MakeCovarianceMatrix.cpp][info] Throw 54400/1000000
[MakeCovarianceMatrix.cpp][info] Throw 54500/1000000
[MakeCovarianceMatrix.cpp][info] Throw 54600/1000000
[MakeCovarianceMatrix.cpp][info] Throw 54700/1000000
[MakeCovarianceMatrix.cpp][info] Throw 54800/1000000
[MakeCovarianceMatrix.cpp][info] Throw 54900/1000000
[MakeCovarianceMatrix.cpp][info] Throw 55000/1000000
[MakeCovarianceMatrix.cpp][info] Throw 55100/1000000
[MakeCovarianceMatrix.cpp][info] Throw 55200/1000000
[MakeCovarianceMatrix.cpp][info] Throw 55300/1000000
[MakeCovarianceMatrix.cpp][info] Throw 55400/1000000
[MakeCovarianceMatrix.cpp][info] Throw 55500/1000000
[MakeCovarianceMatrix.cpp][info] Throw 55600/1000000
[MakeCovarianceMatrix.cpp][info] Throw 55700/1000000
[MakeCovarianceMatrix.cpp][info] Throw 55800/1000000
[MakeCovarianceMatrix.cpp][info] Throw 55900/1000000
[MakeCovarianceMatrix.cpp][info] Throw 56000/1000000
[MakeCovarianceMatrix.cpp][info] Throw 56100/1000000
[MakeCovarianceMatrix.cpp][info] Throw 56200/1000000
[MakeCovarianceMatrix.cpp][info] Throw 56300/1000000
[MakeCovarianceMatrix.cpp][info] Throw 56400/1000000
[MakeCovarianceMatrix.cpp][info] Throw 56500/1000000
[MakeCovarianceMatrix.cpp][info] Throw 56600/1000000
[MakeCovarianceMatrix.cpp][info] Throw 56700/1000000
[MakeCovarianceMatrix.cpp][info] Throw 56800/1000000
[MakeCovarianceMatrix.cpp][info] Throw 56900/1000000
[MakeCovarianceMatrix.cpp][info] Throw 57000/1000000
[MakeCovarianceMatrix.cpp][info] Throw 57100/1000000
[MakeCovarianceMatrix.cpp][info] Throw 57200/1000000
[MakeCovarianceMatrix.cpp][info] Throw 57300/1000000
[MakeCovarianceMatrix.cpp][info] Throw 57400/1000000
[MakeCovarianceMatrix.cpp][info] Throw 57500/1000000
[MakeCovarianceMatrix.cpp][info] Throw 57600/1000000
[MakeCovarianceMatrix.cpp][info] Throw 57700/1000000
[MakeCovarianceMatrix.cpp][info] Throw 57800/1000000
[MakeCovarianceMatrix.cpp][info] Throw 57900/1000000
[MakeCovarianceMatrix.cpp][info] Throw 58000/1000000
[MakeCovarianceMatrix.cpp][info] Throw 58100/1000000
[MakeCovarianceMatrix.cpp][info] Throw 58200/1000000
[MakeCovarianceMatrix.cpp][info] Throw 58300/1000000
[MakeCovarianceMatrix.cpp][info] Throw 58400/1000000
[MakeCovarianceMatrix.cpp][info] Throw 58500/1000000
[MakeCovarianceMatrix.cpp][info] Throw 58600/1000000
[MakeCovarianceMatrix.cpp][info] Throw 58700/1000000
[MakeCovarianceMatrix.cpp][info] Throw 58800/1000000
[MakeCovarianceMatrix.cpp][info] Throw 58900/1000000
[MakeCovarianceMatrix.cpp][info] Throw 59000/1000000
[MakeCovarianceMatrix.cpp][info] Throw 59100/1000000
[MakeCovarianceMatrix.cpp][info] Throw 59200/1000000
[MakeCovarianceMatrix.cpp][info] Throw 59300/1000000
[MakeCovarianceMatrix.cpp][info] Throw 59400/1000000
[MakeCovarianceMatrix.cpp][info] Throw 59500/1000000
[MakeCovarianceMatrix.cpp][info] Throw 59600/1000000
[MakeCovarianceMatrix.cpp][info] Throw 59700/1000000
[MakeCovarianceMatrix.cpp][info] Throw 59800/1000000
[MakeCovarianceMatrix.cpp][info] Throw 59900/1000000
[MakeCovarianceMatrix.cpp][info] Throw 60000/1000000
[MakeCovarianceMatrix.cpp][info] Throw 60100/1000000
[MakeCovarianceMatrix.cpp][info] Throw 60200/1000000
[MakeCovarianceMatrix.cpp][info] Throw 60300/1000000
[MakeCovarianceMatrix.cpp][info] Throw 60400/1000000
[MakeCovarianceMatrix.cpp][info] Throw 60500/1000000
[MakeCovarianceMatrix.cpp][info] Throw 60600/1000000
[MakeCovarianceMatrix.cpp][info] Throw 60700/1000000
[MakeCovarianceMatrix.cpp][info] Throw 60800/1000000
[MakeCovarianceMatrix.cpp][info] Throw 60900/1000000
[MakeCovarianceMatrix.cpp][info] Throw 61000/1000000
[MakeCovarianceMatrix.cpp][info] Throw 61100/1000000
[MakeCovarianceMatrix.cpp][info] Throw 61200/1000000
[MakeCovarianceMatrix.cpp][info] Throw 61300/1000000
[MakeCovarianceMatrix.cpp][info] Throw 61400/1000000
[MakeCovarianceMatrix.cpp][info] Throw 61500/1000000
[MakeCovarianceMatrix.cpp][info] Throw 61600/1000000
[MakeCovarianceMatrix.cpp][info] Throw 61700/1000000
[MakeCovarianceMatrix.cpp][info] Throw 61800/1000000
[MakeCovarianceMatrix.cpp][info] Throw 61900/1000000
[MakeCovarianceMatrix.cpp][info] Throw 62000/1000000
[MakeCovarianceMatrix.cpp][info] Throw 62100/1000000
[MakeCovarianceMatrix.cpp][info] Throw 62200/1000000
[MakeCovarianceMatrix.cpp][info] Throw 62300/1000000
[MakeCovarianceMatrix.cpp][info] Throw 62400/1000000
[MakeCovarianceMatrix.cpp][info] Throw 62500/1000000
[MakeCovarianceMatrix.cpp][info] Throw 62600/1000000
[MakeCovarianceMatrix.cpp][info] Throw 62700/1000000
[MakeCovarianceMatrix.cpp][info] Throw 62800/1000000
[MakeCovarianceMatrix.cpp][info] Throw 62900/1000000
[MakeCovarianceMatrix.cpp][info] Throw 63000/1000000
[MakeCovarianceMatrix.cpp][info] Throw 63100/1000000
[MakeCovarianceMatrix.cpp][info] Throw 63200/1000000
[MakeCovarianceMatrix.cpp][info] Throw 63300/1000000
[MakeCovarianceMatrix.cpp][info] Throw 63400/1000000
[MakeCovarianceMatrix.cpp][info] Throw 63500/1000000
[MakeCovarianceMatrix.cpp][info] Throw 63600/1000000
[MakeCovarianceMatrix.cpp][info] Throw 63700/1000000
[MakeCovarianceMatrix.cpp][info] Throw 63800/1000000
[MakeCovarianceMatrix.cpp][info] Throw 63900/1000000
[MakeCovarianceMatrix.cpp][info] Throw 64000/1000000
[MakeCovarianceMatrix.cpp][info] Throw 64100/1000000
[MakeCovarianceMatrix.cpp][info] Throw 64200/1000000
[MakeCovarianceMatrix.cpp][info] Throw 64300/1000000
[MakeCovarianceMatrix.cpp][info] Throw 64400/1000000
[MakeCovarianceMatrix.cpp][info] Throw 64500/1000000
[MakeCovarianceMatrix.cpp][info] Throw 64600/1000000
[MakeCovarianceMatrix.cpp][info] Throw 64700/1000000
[MakeCovarianceMatrix.cpp][info] Throw 64800/1000000
[MakeCovarianceMatrix.cpp][info] Throw 64900/1000000
[MakeCovarianceMatrix.cpp][info] Throw 65000/1000000
[MakeCovarianceMatrix.cpp][info] Throw 65100/1000000
[MakeCovarianceMatrix.cpp][info] Throw 65200/1000000
[MakeCovarianceMatrix.cpp][info] Throw 65300/1000000
[MakeCovarianceMatrix.cpp][info] Throw 65400/1000000
[MakeCovarianceMatrix.cpp][info] Throw 65500/1000000
[MakeCovarianceMatrix.cpp][info] Throw 65600/1000000
[MakeCovarianceMatrix.cpp][info] Throw 65700/1000000
[MakeCovarianceMatrix.cpp][info] Throw 65800/1000000
[MakeCovarianceMatrix.cpp][info] Throw 65900/1000000
[MakeCovarianceMatrix.cpp][info] Throw 66000/1000000
[MakeCovarianceMatrix.cpp][info] Throw 66100/1000000
[MakeCovarianceMatrix.cpp][info] Throw 66200/1000000
[MakeCovarianceMatrix.cpp][info] Throw 66300/1000000
[MakeCovarianceMatrix.cpp][info] Throw 66400/1000000
[MakeCovarianceMatrix.cpp][info] Throw 66500/1000000
[MakeCovarianceMatrix.cpp][info] Throw 66600/1000000
[MakeCovarianceMatrix.cpp][info] Throw 66700/1000000
[MakeCovarianceMatrix.cpp][info] Throw 66800/1000000
[MakeCovarianceMatrix.cpp][info] Throw 66900/1000000
[MakeCovarianceMatrix.cpp][info] Throw 67000/1000000
[MakeCovarianceMatrix.cpp][info] Throw 67100/1000000
[MakeCovarianceMatrix.cpp][info] Throw 67200/1000000
[MakeCovarianceMatrix.cpp][info] Throw 67300/1000000
[MakeCovarianceMatrix.cpp][info] Throw 67400/1000000
[MakeCovarianceMatrix.cpp][info] Throw 67500/1000000
[MakeCovarianceMatrix.cpp][info] Throw 67600/1000000
[MakeCovarianceMatrix.cpp][info] Throw 67700/1000000
[MakeCovarianceMatrix.cpp][info] Throw 67800/1000000
[MakeCovarianceMatrix.cpp][info] Throw 67900/1000000
[MakeCovarianceMatrix.cpp][info] Throw 68000/1000000
[MakeCovarianceMatrix.cpp][info] Throw 68100/1000000
[MakeCovarianceMatrix.cpp][info] Throw 68200/1000000
[MakeCovarianceMatrix.cpp][info] Throw 68300/1000000
[MakeCovarianceMatrix.cpp][info] Throw 68400/1000000
[MakeCovarianceMatrix.cpp][info] Throw 68500/1000000
[MakeCovarianceMatrix.cpp][info] Throw 68600/1000000
[MakeCovarianceMatrix.cpp][info] Throw 68700/1000000
[MakeCovarianceMatrix.cpp][info] Throw 68800/1000000
[MakeCovarianceMatrix.cpp][info] Throw 68900/1000000
[MakeCovarianceMatrix.cpp][info] Throw 69000/1000000
[MakeCovarianceMatrix.cpp][info] Throw 69100/1000000
[MakeCovarianceMatrix.cpp][info] Throw 69200/1000000
[MakeCovarianceMatrix.cpp][info] Throw 69300/1000000
[MakeCovarianceMatrix.cpp][info] Throw 69400/1000000
[MakeCovarianceMatrix.cpp][info] Throw 69500/1000000
[MakeCovarianceMatrix.cpp][info] Throw 69600/1000000
[MakeCovarianceMatrix.cpp][info] Throw 69700/1000000
[MakeCovarianceMatrix.cpp][info] Throw 69800/1000000
[MakeCovarianceMatrix.cpp][info] Throw 69900/1000000
[MakeCovarianceMatrix.cpp][info] Throw 70000/1000000
[MakeCovarianceMatrix.cpp][info] Throw 70100/1000000
[MakeCovarianceMatrix.cpp][info] Throw 70200/1000000
[MakeCovarianceMatrix.cpp][info] Throw 70300/1000000
[MakeCovarianceMatrix.cpp][info] Throw 70400/1000000
[MakeCovarianceMatrix.cpp][info] Throw 70500/1000000
[MakeCovarianceMatrix.cpp][info] Throw 70600/1000000
[MakeCovarianceMatrix.cpp][info] Throw 70700/1000000
[MakeCovarianceMatrix.cpp][info] Throw 70800/1000000
[MakeCovarianceMatrix.cpp][info] Throw 70900/1000000
[MakeCovarianceMatrix.cpp][info] Throw 71000/1000000
[MakeCovarianceMatrix.cpp][info] Throw 71100/1000000
[MakeCovarianceMatrix.cpp][info] Throw 71200/1000000
[MakeCovarianceMatrix.cpp][info] Throw 71300/1000000
[MakeCovarianceMatrix.cpp][info] Throw 71400/1000000
[MakeCovarianceMatrix.cpp][info] Throw 71500/1000000
[MakeCovarianceMatrix.cpp][info] Throw 71600/1000000
[MakeCovarianceMatrix.cpp][info] Throw 71700/1000000
[MakeCovarianceMatrix.cpp][info] Throw 71800/1000000
[MakeCovarianceMatrix.cpp][info] Throw 71900/1000000
[MakeCovarianceMatrix.cpp][info] Throw 72000/1000000
[MakeCovarianceMatrix.cpp][info] Throw 72100/1000000
[MakeCovarianceMatrix.cpp][info] Throw 72200/1000000
[MakeCovarianceMatrix.cpp][info] Throw 72300/1000000
[MakeCovarianceMatrix.cpp][info] Throw 72400/1000000
[MakeCovarianceMatrix.cpp][info] Throw 72500/1000000
[MakeCovarianceMatrix.cpp][info] Throw 72600/1000000
[MakeCovarianceMatrix.cpp][info] Throw 72700/1000000
[MakeCovarianceMatrix.cpp][info] Throw 72800/1000000
[MakeCovarianceMatrix.cpp][info] Throw 72900/1000000
[MakeCovarianceMatrix.cpp][info] Throw 73000/1000000
[MakeCovarianceMatrix.cpp][info] Throw 73100/1000000
[MakeCovarianceMatrix.cpp][info] Throw 73200/1000000
[MakeCovarianceMatrix.cpp][info] Throw 73300/1000000
[MakeCovarianceMatrix.cpp][info] Throw 73400/1000000
[MakeCovarianceMatrix.cpp][info] Throw 73500/1000000
[MakeCovarianceMatrix.cpp][info] Throw 73600/1000000
[MakeCovarianceMatrix.cpp][info] Throw 73700/1000000
[MakeCovarianceMatrix.cpp][info] Throw 73800/1000000
[MakeCovarianceMatrix.cpp][info] Throw 73900/1000000
[MakeCovarianceMatrix.cpp][info] Throw 74000/1000000
[MakeCovarianceMatrix.cpp][info] Throw 74100/1000000
[MakeCovarianceMatrix.cpp][info] Throw 74200/1000000
[MakeCovarianceMatrix.cpp][info] Throw 74300/1000000
[MakeCovarianceMatrix.cpp][info] Throw 74400/1000000
[MakeCovarianceMatrix.cpp][info] Throw 74500/1000000
[MakeCovarianceMatrix.cpp][info] Throw 74600/1000000
[MakeCovarianceMatrix.cpp][info] Throw 74700/1000000
[MakeCovarianceMatrix.cpp][info] Throw 74800/1000000
[MakeCovarianceMatrix.cpp][info] Throw 74900/1000000
[MakeCovarianceMatrix.cpp][info] Throw 75000/1000000
[MakeCovarianceMatrix.cpp][info] Throw 75100/1000000
[MakeCovarianceMatrix.cpp][info] Throw 75200/1000000
[MakeCovarianceMatrix.cpp][info] Throw 75300/1000000
[MakeCovarianceMatrix.cpp][info] Throw 75400/1000000
[MakeCovarianceMatrix.cpp][info] Throw 75500/1000000
[MakeCovarianceMatrix.cpp][info] Throw 75600/1000000
[MakeCovarianceMatrix.cpp][info] Throw 75700/1000000
[MakeCovarianceMatrix.cpp][info] Throw 75800/1000000
[MakeCovarianceMatrix.cpp][info] Throw 75900/1000000
[MakeCovarianceMatrix.cpp][info] Throw 76000/1000000
[MakeCovarianceMatrix.cpp][info] Throw 76100/1000000
[MakeCovarianceMatrix.cpp][info] Throw 76200/1000000
[MakeCovarianceMatrix.cpp][info] Throw 76300/1000000
[MakeCovarianceMatrix.cpp][info] Throw 76400/1000000
[MakeCovarianceMatrix.cpp][info] Throw 76500/1000000
[MakeCovarianceMatrix.cpp][info] Throw 76600/1000000
[MakeCovarianceMatrix.cpp][info] Throw 76700/1000000
[MakeCovarianceMatrix.cpp][info] Throw 76800/1000000
[MakeCovarianceMatrix.cpp][info] Throw 76900/1000000
[MakeCovarianceMatrix.cpp][info] Throw 77000/1000000
[MakeCovarianceMatrix.cpp][info] Throw 77100/1000000
[MakeCovarianceMatrix.cpp][info] Throw 77200/1000000
[MakeCovarianceMatrix.cpp][info] Throw 77300/1000000
[MakeCovarianceMatrix.cpp][info] Throw 77400/1000000
[MakeCovarianceMatrix.cpp][info] Throw 77500/1000000
[MakeCovarianceMatrix.cpp][info] Throw 77600/1000000
[MakeCovarianceMatrix.cpp][info] Throw 77700/1000000
[MakeCovarianceMatrix.cpp][info] Throw 77800/1000000
[MakeCovarianceMatrix.cpp][info] Throw 77900/1000000
[MakeCovarianceMatrix.cpp][info] Throw 78000/1000000
[MakeCovarianceMatrix.cpp][info] Throw 78100/1000000
[MakeCovarianceMatrix.cpp][info] Throw 78200/1000000
[MakeCovarianceMatrix.cpp][info] Throw 78300/1000000
[MakeCovarianceMatrix.cpp][info] Throw 78400/1000000
[MakeCovarianceMatrix.cpp][info] Throw 78500/1000000
[MakeCovarianceMatrix.cpp][info] Throw 78600/1000000
[MakeCovarianceMatrix.cpp][info] Throw 78700/1000000
[MakeCovarianceMatrix.cpp][info] Throw 78800/1000000
[MakeCovarianceMatrix.cpp][info] Throw 78900/1000000
[MakeCovarianceMatrix.cpp][info] Throw 79000/1000000
[MakeCovarianceMatrix.cpp][info] Throw 79100/1000000
[MakeCovarianceMatrix.cpp][info] Throw 79200/1000000
[MakeCovarianceMatrix.cpp][info] Throw 79300/1000000
[MakeCovarianceMatrix.cpp][info] Throw 79400/1000000
[MakeCovarianceMatrix.cpp][info] Throw 79500/1000000
[MakeCovarianceMatrix.cpp][info] Throw 79600/1000000
[MakeCovarianceMatrix.cpp][info] Throw 79700/1000000
[MakeCovarianceMatrix.cpp][info] Throw 79800/1000000
[MakeCovarianceMatrix.cpp][info] Throw 79900/1000000
[MakeCovarianceMatrix.cpp][info] Throw 80000/1000000
[MakeCovarianceMatrix.cpp][info] Throw 80100/1000000
[MakeCovarianceMatrix.cpp][info] Throw 80200/1000000
[MakeCovarianceMatrix.cpp][info] Throw 80300/1000000
[MakeCovarianceMatrix.cpp][info] Throw 80400/1000000
[MakeCovarianceMatrix.cpp][info] Throw 80500/1000000
[MakeCovarianceMatrix.cpp][info] Throw 80600/1000000
[MakeCovarianceMatrix.cpp][info] Throw 80700/1000000
[MakeCovarianceMatrix.cpp][info] Throw 80800/1000000
[MakeCovarianceMatrix.cpp][info] Throw 80900/1000000
[MakeCovarianceMatrix.cpp][info] Throw 81000/1000000
[MakeCovarianceMatrix.cpp][info] Throw 81100/1000000
[MakeCovarianceMatrix.cpp][info] Throw 81200/1000000
[MakeCovarianceMatrix.cpp][info] Throw 81300/1000000
[MakeCovarianceMatrix.cpp][info] Throw 81400/1000000
[MakeCovarianceMatrix.cpp][info] Throw 81500/1000000
[MakeCovarianceMatrix.cpp][info] Throw 81600/1000000
[MakeCovarianceMatrix.cpp][info] Throw 81700/1000000
[MakeCovarianceMatrix.cpp][info] Throw 81800/1000000
[MakeCovarianceMatrix.cpp][info] Throw 81900/1000000
[MakeCovarianceMatrix.cpp][info] Throw 82000/1000000
[MakeCovarianceMatrix.cpp][info] Throw 82100/1000000
[MakeCovarianceMatrix.cpp][info] Throw 82200/1000000
[MakeCovarianceMatrix.cpp][info] Throw 82300/1000000
[MakeCovarianceMatrix.cpp][info] Throw 82400/1000000
[MakeCovarianceMatrix.cpp][info] Throw 82500/1000000
[MakeCovarianceMatrix.cpp][info] Throw 82600/1000000
[MakeCovarianceMatrix.cpp][info] Throw 82700/1000000
[MakeCovarianceMatrix.cpp][info] Throw 82800/1000000
[MakeCovarianceMatrix.cpp][info] Throw 82900/1000000
[MakeCovarianceMatrix.cpp][info] Throw 83000/1000000
[MakeCovarianceMatrix.cpp][info] Throw 83100/1000000
[MakeCovarianceMatrix.cpp][info] Throw 83200/1000000
[MakeCovarianceMatrix.cpp][info] Throw 83300/1000000
[MakeCovarianceMatrix.cpp][info] Throw 83400/1000000
[MakeCovarianceMatrix.cpp][info] Throw 83500/1000000
[MakeCovarianceMatrix.cpp][info] Throw 83600/1000000
[MakeCovarianceMatrix.cpp][info] Throw 83700/1000000
[MakeCovarianceMatrix.cpp][info] Throw 83800/1000000
[MakeCovarianceMatrix.cpp][info] Throw 83900/1000000
[MakeCovarianceMatrix.cpp][info] Throw 84000/1000000
[MakeCovarianceMatrix.cpp][info] Throw 84100/1000000
[MakeCovarianceMatrix.cpp][info] Throw 84200/1000000
[MakeCovarianceMatrix.cpp][info] Throw 84300/1000000
[MakeCovarianceMatrix.cpp][info] Throw 84400/1000000
[MakeCovarianceMatrix.cpp][info] Throw 84500/1000000
[MakeCovarianceMatrix.cpp][info] Throw 84600/1000000
[MakeCovarianceMatrix.cpp][info] Throw 84700/1000000
[MakeCovarianceMatrix.cpp][info] Throw 84800/1000000
[MakeCovarianceMatrix.cpp][info] Throw 84900/1000000
[MakeCovarianceMatrix.cpp][info] Throw 85000/1000000
[MakeCovarianceMatrix.cpp][info] Throw 85100/1000000
[MakeCovarianceMatrix.cpp][info] Throw 85200/1000000
[MakeCovarianceMatrix.cpp][info] Throw 85300/1000000
[MakeCovarianceMatrix.cpp][info] Throw 85400/1000000
[MakeCovarianceMatrix.cpp][info] Throw 85500/1000000
[MakeCovarianceMatrix.cpp][info] Throw 85600/1000000
[MakeCovarianceMatrix.cpp][info] Throw 85700/1000000
[MakeCovarianceMatrix.cpp][info] Throw 85800/1000000
[MakeCovarianceMatrix.cpp][info] Throw 85900/1000000
[MakeCovarianceMatrix.cpp][info] Throw 86000/1000000
[MakeCovarianceMatrix.cpp][info] Throw 86100/1000000
[MakeCovarianceMatrix.cpp][info] Throw 86200/1000000
[MakeCovarianceMatrix.cpp][info] Throw 86300/1000000
[MakeCovarianceMatrix.cpp][info] Throw 86400/1000000
[MakeCovarianceMatrix.cpp][info] Throw 86500/1000000
[MakeCovarianceMatrix.cpp][info] Throw 86600/1000000
[MakeCovarianceMatrix.cpp][info] Throw 86700/1000000
[MakeCovarianceMatrix.cpp][info] Throw 86800/1000000
[MakeCovarianceMatrix.cpp][info] Throw 86900/1000000
[MakeCovarianceMatrix.cpp][info] Throw 87000/1000000
[MakeCovarianceMatrix.cpp][info] Throw 87100/1000000
[MakeCovarianceMatrix.cpp][info] Throw 87200/1000000
[MakeCovarianceMatrix.cpp][info] Throw 87300/1000000
[MakeCovarianceMatrix.cpp][info] Throw 87400/1000000
[MakeCovarianceMatrix.cpp][info] Throw 87500/1000000
[MakeCovarianceMatrix.cpp][info] Throw 87600/1000000
[MakeCovarianceMatrix.cpp][info] Throw 87700/1000000
[MakeCovarianceMatrix.cpp][info] Throw 87800/1000000
[MakeCovarianceMatrix.cpp][info] Throw 87900/1000000
[MakeCovarianceMatrix.cpp][info] Throw 88000/1000000
[MakeCovarianceMatrix.cpp][info] Throw 88100/1000000
[MakeCovarianceMatrix.cpp][info] Throw 88200/1000000
[MakeCovarianceMatrix.cpp][info] Throw 88300/1000000
[MakeCovarianceMatrix.cpp][info] Throw 88400/1000000
[MakeCovarianceMatrix.cpp][info] Throw 88500/1000000
[MakeCovarianceMatrix.cpp][info] Throw 88600/1000000
[MakeCovarianceMatrix.cpp][info] Throw 88700/1000000
[MakeCovarianceMatrix.cpp][info] Throw 88800/1000000
[MakeCovarianceMatrix.cpp][info] Throw 88900/1000000
[MakeCovarianceMatrix.cpp][info] Throw 89000/1000000
[MakeCovarianceMatrix.cpp][info] Throw 89100/1000000
[MakeCovarianceMatrix.cpp][info] Throw 89200/1000000
[MakeCovarianceMatrix.cpp][info] Throw 89300/1000000
[MakeCovarianceMatrix.cpp][info] Throw 89400/1000000
[MakeCovarianceMatrix.cpp][info] Throw 89500/1000000
[MakeCovarianceMatrix.cpp][info] Throw 89600/1000000
[MakeCovarianceMatrix.cpp][info] Throw 89700/1000000
[MakeCovarianceMatrix.cpp][info] Throw 89800/1000000
[MakeCovarianceMatrix.cpp][info] Throw 89900/1000000
[MakeCovarianceMatrix.cpp][info] Throw 90000/1000000
[MakeCovarianceMatrix.cpp][info] Throw 90100/1000000
[MakeCovarianceMatrix.cpp][info] Throw 90200/1000000
[MakeCovarianceMatrix.cpp][info] Throw 90300/1000000
[MakeCovarianceMatrix.cpp][info] Throw 90400/1000000
[MakeCovarianceMatrix.cpp][info] Throw 90500/1000000
[MakeCovarianceMatrix.cpp][info] Throw 90600/1000000
[MakeCovarianceMatrix.cpp][info] Throw 90700/1000000
[MakeCovarianceMatrix.cpp][info] Throw 90800/1000000
[MakeCovarianceMatrix.cpp][info] Throw 90900/1000000
[MakeCovarianceMatrix.cpp][info] Throw 91000/1000000
[MakeCovarianceMatrix.cpp][info] Throw 91100/1000000
[MakeCovarianceMatrix.cpp][info] Throw 91200/1000000
[MakeCovarianceMatrix.cpp][info] Throw 91300/1000000
[MakeCovarianceMatrix.cpp][info] Throw 91400/1000000
[MakeCovarianceMatrix.cpp][info] Throw 91500/1000000
[MakeCovarianceMatrix.cpp][info] Throw 91600/1000000
[MakeCovarianceMatrix.cpp][info] Throw 91700/1000000
[MakeCovarianceMatrix.cpp][info] Throw 91800/1000000
[MakeCovarianceMatrix.cpp][info] Throw 91900/1000000
[MakeCovarianceMatrix.cpp][info] Throw 92000/1000000
[MakeCovarianceMatrix.cpp][info] Throw 92100/1000000
[MakeCovarianceMatrix.cpp][info] Throw 92200/1000000
[MakeCovarianceMatrix.cpp][info] Throw 92300/1000000
[MakeCovarianceMatrix.cpp][info] Throw 92400/1000000
[MakeCovarianceMatrix.cpp][info] Throw 92500/1000000
[MakeCovarianceMatrix.cpp][info] Throw 92600/1000000
[MakeCovarianceMatrix.cpp][info] Throw 92700/1000000
[MakeCovarianceMatrix.cpp][info] Throw 92800/1000000
[MakeCovarianceMatrix.cpp][info] Throw 92900/1000000
[MakeCovarianceMatrix.cpp][info] Throw 93000/1000000
[MakeCovarianceMatrix.cpp][info] Throw 93100/1000000
[MakeCovarianceMatrix.cpp][info] Throw 93200/1000000
[MakeCovarianceMatrix.cpp][info] Throw 93300/1000000
[MakeCovarianceMatrix.cpp][info] Throw 93400/1000000
[MakeCovarianceMatrix.cpp][info] Throw 93500/1000000
[MakeCovarianceMatrix.cpp][info] Throw 93600/1000000
[MakeCovarianceMatrix.cpp][info] Throw 93700/1000000
[MakeCovarianceMatrix.cpp][info] Throw 93800/1000000
[MakeCovarianceMatrix.cpp][info] Throw 93900/1000000
[MakeCovarianceMatrix.cpp][info] Throw 94000/1000000
[MakeCovarianceMatrix.cpp][info] Throw 94100/1000000
[MakeCovarianceMatrix.cpp][info] Throw 94200/1000000
[MakeCovarianceMatrix.cpp][info] Throw 94300/1000000
[MakeCovarianceMatrix.cpp][info] Throw 94400/1000000
[MakeCovarianceMatrix.cpp][info] Throw 94500/1000000
[MakeCovarianceMatrix.cpp][info] Throw 94600/1000000
[MakeCovarianceMatrix.cpp][info] Throw 94700/1000000
[MakeCovarianceMatrix.cpp][info] Throw 94800/1000000
[MakeCovarianceMatrix.cpp][info] Throw 94900/1000000
[MakeCovarianceMatrix.cpp][info] Throw 95000/1000000
[MakeCovarianceMatrix.cpp][info] Throw 95100/1000000
[MakeCovarianceMatrix.cpp][info] Throw 95200/1000000
[MakeCovarianceMatrix.cpp][info] Throw 95300/1000000
[MakeCovarianceMatrix.cpp][info] Throw 95400/1000000
[MakeCovarianceMatrix.cpp][info] Throw 95500/1000000
[MakeCovarianceMatrix.cpp][info] Throw 95600/1000000
[MakeCovarianceMatrix.cpp][info] Throw 95700/1000000
[MakeCovarianceMatrix.cpp][info] Throw 95800/1000000
[MakeCovarianceMatrix.cpp][info] Throw 95900/1000000
[MakeCovarianceMatrix.cpp][info] Throw 96000/1000000
[MakeCovarianceMatrix.cpp][info] Throw 96100/1000000
[MakeCovarianceMatrix.cpp][info] Throw 96200/1000000
[MakeCovarianceMatrix.cpp][info] Throw 96300/1000000
[MakeCovarianceMatrix.cpp][info] Throw 96400/1000000
[MakeCovarianceMatrix.cpp][info] Throw 96500/1000000
[MakeCovarianceMatrix.cpp][info] Throw 96600/1000000
[MakeCovarianceMatrix.cpp][info] Throw 96700/1000000
[MakeCovarianceMatrix.cpp][info] Throw 96800/1000000
[MakeCovarianceMatrix.cpp][info] Throw 96900/1000000
[MakeCovarianceMatrix.cpp][info] Throw 97000/1000000
[MakeCovarianceMatrix.cpp][info] Throw 97100/1000000
[MakeCovarianceMatrix.cpp][info] Throw 97200/1000000
[MakeCovarianceMatrix.cpp][info] Throw 97300/1000000
[MakeCovarianceMatrix.cpp][info] Throw 97400/1000000
[MakeCovarianceMatrix.cpp][info] Throw 97500/1000000
[MakeCovarianceMatrix.cpp][info] Throw 97600/1000000
[MakeCovarianceMatrix.cpp][info] Throw 97700/1000000
[MakeCovarianceMatrix.cpp][info] Throw 97800/1000000
[MakeCovarianceMatrix.cpp][info] Throw 97900/1000000
[MakeCovarianceMatrix.cpp][info] Throw 98000/1000000
[MakeCovarianceMatrix.cpp][info] Throw 98100/1000000
[MakeCovarianceMatrix.cpp][info] Throw 98200/1000000
[MakeCovarianceMatrix.cpp][info] Throw 98300/1000000
[MakeCovarianceMatrix.cpp][info] Throw 98400/1000000
[MakeCovarianceMatrix.cpp][info] Throw 98500/1000000
[MakeCovarianceMatrix.cpp][info] Throw 98600/1000000
[MakeCovarianceMatrix.cpp][info] Throw 98700/1000000
[MakeCovarianceMatrix.cpp][info] Throw 98800/1000000
[MakeCovarianceMatrix.cpp][info] Throw 98900/1000000
[MakeCovarianceMatrix.cpp][info] Throw 99000/1000000
[MakeCovarianceMatrix.cpp][info] Throw 99100/1000000
[MakeCovarianceMatrix.cpp][info] Throw 99200/1000000
[MakeCovarianceMatrix.cpp][info] Throw 99300/1000000
[MakeCovarianceMatrix.cpp][info] Throw 99400/1000000
[MakeCovarianceMatrix.cpp][info] Throw 99500/1000000
[MakeCovarianceMatrix.cpp][info] Throw 99600/1000000
[MakeCovarianceMatrix.cpp][info] Throw 99700/1000000
[MakeCovarianceMatrix.cpp][info] Throw 99800/1000000
[MakeCovarianceMatrix.cpp][info] Throw 99900/1000000
[MakeCovarianceMatrix.cpp][info] Throw 100000/1000000
[MakeCovarianceMatrix.cpp][info] Throw 100100/1000000
[MakeCovarianceMatrix.cpp][info] Throw 100200/1000000
[MakeCovarianceMatrix.cpp][info] Throw 100300/1000000
[MakeCovarianceMatrix.cpp][info] Throw 100400/1000000
[MakeCovarianceMatrix.cpp][info] Throw 100500/1000000
[MakeCovarianceMatrix.cpp][info] Throw 100600/1000000
[MakeCovarianceMatrix.cpp][info] Throw 100700/1000000
[MakeCovarianceMatrix.cpp][info] Throw 100800/1000000
[MakeCovarianceMatrix.cpp][info] Throw 100900/1000000
[MakeCovarianceMatrix.cpp][info] Throw 101000/1000000
[MakeCovarianceMatrix.cpp][info] Throw 101100/1000000
[MakeCovarianceMatrix.cpp][info] Throw 101200/1000000
[MakeCovarianceMatrix.cpp][info] Throw 101300/1000000
[MakeCovarianceMatrix.cpp][info] Throw 101400/1000000
[MakeCovarianceMatrix.cpp][info] Throw 101500/1000000
[MakeCovarianceMatrix.cpp][info] Throw 101600/1000000
[MakeCovarianceMatrix.cpp][info] Throw 101700/1000000
[MakeCovarianceMatrix.cpp][info] Throw 101800/1000000
[MakeCovarianceMatrix.cpp][info] Throw 101900/1000000
[MakeCovarianceMatrix.cpp][info] Throw 102000/1000000
[MakeCovarianceMatrix.cpp][info] Throw 102100/1000000
[MakeCovarianceMatrix.cpp][info] Throw 102200/1000000
[MakeCovarianceMatrix.cpp][info] Throw 102300/1000000
[MakeCovarianceMatrix.cpp][info] Throw 102400/1000000
[MakeCovarianceMatrix.cpp][info] Throw 102500/1000000
[MakeCovarianceMatrix.cpp][info] Throw 102600/1000000
[MakeCovarianceMatrix.cpp][info] Throw 102700/1000000
[MakeCovarianceMatrix.cpp][info] Throw 102800/1000000
[MakeCovarianceMatrix.cpp][info] Throw 102900/1000000
[MakeCovarianceMatrix.cpp][info] Throw 103000/1000000
[MakeCovarianceMatrix.cpp][info] Throw 103100/1000000
[MakeCovarianceMatrix.cpp][info] Throw 103200/1000000
[MakeCovarianceMatrix.cpp][info] Throw 103300/1000000
[MakeCovarianceMatrix.cpp][info] Throw 103400/1000000
[MakeCovarianceMatrix.cpp][info] Throw 103500/1000000
[MakeCovarianceMatrix.cpp][info] Throw 103600/1000000
[MakeCovarianceMatrix.cpp][info] Throw 103700/1000000
[MakeCovarianceMatrix.cpp][info] Throw 103800/1000000
[MakeCovarianceMatrix.cpp][info] Throw 103900/1000000
[MakeCovarianceMatrix.cpp][info] Throw 104000/1000000
[MakeCovarianceMatrix.cpp][info] Throw 104100/1000000
[MakeCovarianceMatrix.cpp][info] Throw 104200/1000000
[MakeCovarianceMatrix.cpp][info] Throw 104300/1000000
[MakeCovarianceMatrix.cpp][info] Throw 104400/1000000
[MakeCovarianceMatrix.cpp][info] Throw 104500/1000000
[MakeCovarianceMatrix.cpp][info] Throw 104600/1000000
[MakeCovarianceMatrix.cpp][info] Throw 104700/1000000
[MakeCovarianceMatrix.cpp][info] Throw 104800/1000000
[MakeCovarianceMatrix.cpp][info] Throw 104900/1000000
[MakeCovarianceMatrix.cpp][info] Throw 105000/1000000
[MakeCovarianceMatrix.cpp][info] Throw 105100/1000000
[MakeCovarianceMatrix.cpp][info] Throw 105200/1000000
[MakeCovarianceMatrix.cpp][info] Throw 105300/1000000
[MakeCovarianceMatrix.cpp][info] Throw 105400/1000000
[MakeCovarianceMatrix.cpp][info] Throw 105500/1000000
[MakeCovarianceMatrix.cpp][info] Throw 105600/1000000
[MakeCovarianceMatrix.cpp][info] Throw 105700/1000000
[MakeCovarianceMatrix.cpp][info] Throw 105800/1000000
[MakeCovarianceMatrix.cpp][info] Throw 105900/1000000
[MakeCovarianceMatrix.cpp][info] Throw 106000/1000000
[MakeCovarianceMatrix.cpp][info] Throw 106100/1000000
[MakeCovarianceMatrix.cpp][info] Throw 106200/1000000
[MakeCovarianceMatrix.cpp][info] Throw 106300/1000000
[MakeCovarianceMatrix.cpp][info] Throw 106400/1000000
[MakeCovarianceMatrix.cpp][info] Throw 106500/1000000
[MakeCovarianceMatrix.cpp][info] Throw 106600/1000000
[MakeCovarianceMatrix.cpp][info] Throw 106700/1000000
[MakeCovarianceMatrix.cpp][info] Throw 106800/1000000
[MakeCovarianceMatrix.cpp][info] Throw 106900/1000000
[MakeCovarianceMatrix.cpp][info] Throw 107000/1000000
[MakeCovarianceMatrix.cpp][info] Throw 107100/1000000
[MakeCovarianceMatrix.cpp][info] Throw 107200/1000000
[MakeCovarianceMatrix.cpp][info] Throw 107300/1000000
[MakeCovarianceMatrix.cpp][info] Throw 107400/1000000
[MakeCovarianceMatrix.cpp][info] Throw 107500/1000000
[MakeCovarianceMatrix.cpp][info] Throw 107600/1000000
[MakeCovarianceMatrix.cpp][info] Throw 107700/1000000
[MakeCovarianceMatrix.cpp][info] Throw 107800/1000000
[MakeCovarianceMatrix.cpp][info] Throw 107900/1000000
[MakeCovarianceMatrix.cpp][info] Throw 108000/1000000
[MakeCovarianceMatrix.cpp][info] Throw 108100/1000000
[MakeCovarianceMatrix.cpp][info] Throw 108200/1000000
[MakeCovarianceMatrix.cpp][info] Throw 108300/1000000
[MakeCovarianceMatrix.cpp][info] Throw 108400/1000000
[MakeCovarianceMatrix.cpp][info] Throw 108500/1000000
[MakeCovarianceMatrix.cpp][info] Throw 108600/1000000
[MakeCovarianceMatrix.cpp][info] Throw 108700/1000000
[MakeCovarianceMatrix.cpp][info] Throw 108800/1000000
[MakeCovarianceMatrix.cpp][info] Throw 108900/1000000
[MakeCovarianceMatrix.cpp][info] Throw 109000/1000000
[MakeCovarianceMatrix.cpp][info] Throw 109100/1000000
[MakeCovarianceMatrix.cpp][info] Throw 109200/1000000
[MakeCovarianceMatrix.cpp][info] Throw 109300/1000000
[MakeCovarianceMatrix.cpp][info] Throw 109400/1000000
[MakeCovarianceMatrix.cpp][info] Throw 109500/1000000
[MakeCovarianceMatrix.cpp][info] Throw 109600/1000000
[MakeCovarianceMatrix.cpp][info] Throw 109700/1000000
[MakeCovarianceMatrix.cpp][info] Throw 109800/1000000
[MakeCovarianceMatrix.cpp][info] Throw 109900/1000000
[MakeCovarianceMatrix.cpp][info] Throw 110000/1000000
[MakeCovarianceMatrix.cpp][info] Throw 110100/1000000
[MakeCovarianceMatrix.cpp][info] Throw 110200/1000000
[MakeCovarianceMatrix.cpp][info] Throw 110300/1000000
[MakeCovarianceMatrix.cpp][info] Throw 110400/1000000
[MakeCovarianceMatrix.cpp][info] Throw 110500/1000000
[MakeCovarianceMatrix.cpp][info] Throw 110600/1000000
[MakeCovarianceMatrix.cpp][info] Throw 110700/1000000
[MakeCovarianceMatrix.cpp][info] Throw 110800/1000000
[MakeCovarianceMatrix.cpp][info] Throw 110900/1000000
[MakeCovarianceMatrix.cpp][info] Throw 111000/1000000
[MakeCovarianceMatrix.cpp][info] Throw 111100/1000000
[MakeCovarianceMatrix.cpp][info] Throw 111200/1000000
[MakeCovarianceMatrix.cpp][info] Throw 111300/1000000
[MakeCovarianceMatrix.cpp][info] Throw 111400/1000000
[MakeCovarianceMatrix.cpp][info] Throw 111500/1000000
[MakeCovarianceMatrix.cpp][info] Throw 111600/1000000
[MakeCovarianceMatrix.cpp][info] Throw 111700/1000000
[MakeCovarianceMatrix.cpp][info] Throw 111800/1000000
[MakeCovarianceMatrix.cpp][info] Throw 111900/1000000
[MakeCovarianceMatrix.cpp][info] Throw 112000/1000000
[MakeCovarianceMatrix.cpp][info] Throw 112100/1000000
[MakeCovarianceMatrix.cpp][info] Throw 112200/1000000
[MakeCovarianceMatrix.cpp][info] Throw 112300/1000000
[MakeCovarianceMatrix.cpp][info] Throw 112400/1000000
[MakeCovarianceMatrix.cpp][info] Throw 112500/1000000
[MakeCovarianceMatrix.cpp][info] Throw 112600/1000000
[MakeCovarianceMatrix.cpp][info] Throw 112700/1000000
[MakeCovarianceMatrix.cpp][info] Throw 112800/1000000
[MakeCovarianceMatrix.cpp][info] Throw 112900/1000000
[MakeCovarianceMatrix.cpp][info] Throw 113000/1000000
[MakeCovarianceMatrix.cpp][info] Throw 113100/1000000
[MakeCovarianceMatrix.cpp][info] Throw 113200/1000000
[MakeCovarianceMatrix.cpp][info] Throw 113300/1000000
[MakeCovarianceMatrix.cpp][info] Throw 113400/1000000
[MakeCovarianceMatrix.cpp][info] Throw 113500/1000000
[MakeCovarianceMatrix.cpp][info] Throw 113600/1000000
[MakeCovarianceMatrix.cpp][info] Throw 113700/1000000
[MakeCovarianceMatrix.cpp][info] Throw 113800/1000000
[MakeCovarianceMatrix.cpp][info] Throw 113900/1000000
[MakeCovarianceMatrix.cpp][info] Throw 114000/1000000
[MakeCovarianceMatrix.cpp][info] Throw 114100/1000000
[MakeCovarianceMatrix.cpp][info] Throw 114200/1000000
[MakeCovarianceMatrix.cpp][info] Throw 114300/1000000
[MakeCovarianceMatrix.cpp][info] Throw 114400/1000000
[MakeCovarianceMatrix.cpp][info] Throw 114500/1000000
[MakeCovarianceMatrix.cpp][info] Throw 114600/1000000
[MakeCovarianceMatrix.cpp][info] Throw 114700/1000000
[MakeCovarianceMatrix.cpp][info] Throw 114800/1000000
[MakeCovarianceMatrix.cpp][info] Throw 114900/1000000
[MakeCovarianceMatrix.cpp][info] Throw 115000/1000000
[MakeCovarianceMatrix.cpp][info] Throw 115100/1000000
[MakeCovarianceMatrix.cpp][info] Throw 115200/1000000
[MakeCovarianceMatrix.cpp][info] Throw 115300/1000000
[MakeCovarianceMatrix.cpp][info] Throw 115400/1000000
[MakeCovarianceMatrix.cpp][info] Throw 115500/1000000
[MakeCovarianceMatrix.cpp][info] Throw 115600/1000000
[MakeCovarianceMatrix.cpp][info] Throw 115700/1000000
[MakeCovarianceMatrix.cpp][info] Throw 115800/1000000
[MakeCovarianceMatrix.cpp][info] Throw 115900/1000000
[MakeCovarianceMatrix.cpp][info] Throw 116000/1000000
[MakeCovarianceMatrix.cpp][info] Throw 116100/1000000
[MakeCovarianceMatrix.cpp][info] Throw 116200/1000000
[MakeCovarianceMatrix.cpp][info] Throw 116300/1000000
[MakeCovarianceMatrix.cpp][info] Throw 116400/1000000
[MakeCovarianceMatrix.cpp][info] Throw 116500/1000000
[MakeCovarianceMatrix.cpp][info] Throw 116600/1000000
[MakeCovarianceMatrix.cpp][info] Throw 116700/1000000
[MakeCovarianceMatrix.cpp][info] Throw 116800/1000000
[MakeCovarianceMatrix.cpp][info] Throw 116900/1000000
[MakeCovarianceMatrix.cpp][info] Throw 117000/1000000
[MakeCovarianceMatrix.cpp][info] Throw 117100/1000000
[MakeCovarianceMatrix.cpp][info] Throw 117200/1000000
[MakeCovarianceMatrix.cpp][info] Throw 117300/1000000
[MakeCovarianceMatrix.cpp][info] Throw 117400/1000000
[MakeCovarianceMatrix.cpp][info] Throw 117500/1000000
[MakeCovarianceMatrix.cpp][info] Throw 117600/1000000
[MakeCovarianceMatrix.cpp][info] Throw 117700/1000000
[MakeCovarianceMatrix.cpp][info] Throw 117800/1000000
[MakeCovarianceMatrix.cpp][info] Throw 117900/1000000
[MakeCovarianceMatrix.cpp][info] Throw 118000/1000000
[MakeCovarianceMatrix.cpp][info] Throw 118100/1000000
[MakeCovarianceMatrix.cpp][info] Throw 118200/1000000
[MakeCovarianceMatrix.cpp][info] Throw 118300/1000000
[MakeCovarianceMatrix.cpp][info] Throw 118400/1000000
[MakeCovarianceMatrix.cpp][info] Throw 118500/1000000
[MakeCovarianceMatrix.cpp][info] Throw 118600/1000000
[MakeCovarianceMatrix.cpp][info] Throw 118700/1000000
[MakeCovarianceMatrix.cpp][info] Throw 118800/1000000
[MakeCovarianceMatrix.cpp][info] Throw 118900/1000000
[MakeCovarianceMatrix.cpp][info] Throw 119000/1000000
[MakeCovarianceMatrix.cpp][info] Throw 119100/1000000
[MakeCovarianceMatrix.cpp][info] Throw 119200/1000000
[MakeCovarianceMatrix.cpp][info] Throw 119300/1000000
[MakeCovarianceMatrix.cpp][info] Throw 119400/1000000
[MakeCovarianceMatrix.cpp][info] Throw 119500/1000000
[MakeCovarianceMatrix.cpp][info] Throw 119600/1000000
[MakeCovarianceMatrix.cpp][info] Throw 119700/1000000
[MakeCovarianceMatrix.cpp][info] Throw 119800/1000000
[MakeCovarianceMatrix.cpp][info] Throw 119900/1000000
[MakeCovarianceMatrix.cpp][info] Throw 120000/1000000
[MakeCovarianceMatrix.cpp][info] Throw 120100/1000000
[MakeCovarianceMatrix.cpp][info] Throw 120200/1000000
[MakeCovarianceMatrix.cpp][info] Throw 120300/1000000
[MakeCovarianceMatrix.cpp][info] Throw 120400/1000000
[MakeCovarianceMatrix.cpp][info] Throw 120500/1000000
[MakeCovarianceMatrix.cpp][info] Throw 120600/1000000
[MakeCovarianceMatrix.cpp][info] Throw 120700/1000000
[MakeCovarianceMatrix.cpp][info] Throw 120800/1000000
[MakeCovarianceMatrix.cpp][info] Throw 120900/1000000
[MakeCovarianceMatrix.cpp][info] Throw 121000/1000000
[MakeCovarianceMatrix.cpp][info] Throw 121100/1000000
[MakeCovarianceMatrix.cpp][info] Throw 121200/1000000
[MakeCovarianceMatrix.cpp][info] Throw 121300/1000000
[MakeCovarianceMatrix.cpp][info] Throw 121400/1000000
[MakeCovarianceMatrix.cpp][info] Throw 121500/1000000
[MakeCovarianceMatrix.cpp][info] Throw 121600/1000000
[MakeCovarianceMatrix.cpp][info] Throw 121700/1000000
[MakeCovarianceMatrix.cpp][info] Throw 121800/1000000
[MakeCovarianceMatrix.cpp][info] Throw 121900/1000000
[MakeCovarianceMatrix.cpp][info] Throw 122000/1000000
[MakeCovarianceMatrix.cpp][info] Throw 122100/1000000
[MakeCovarianceMatrix.cpp][info] Throw 122200/1000000
[MakeCovarianceMatrix.cpp][info] Throw 122300/1000000
[MakeCovarianceMatrix.cpp][info] Throw 122400/1000000
[MakeCovarianceMatrix.cpp][info] Throw 122500/1000000
[MakeCovarianceMatrix.cpp][info] Throw 122600/1000000
[MakeCovarianceMatrix.cpp][info] Throw 122700/1000000
[MakeCovarianceMatrix.cpp][info] Throw 122800/1000000
[MakeCovarianceMatrix.cpp][info] Throw 122900/1000000
[MakeCovarianceMatrix.cpp][info] Throw 123000/1000000
[MakeCovarianceMatrix.cpp][info] Throw 123100/1000000
[MakeCovarianceMatrix.cpp][info] Throw 123200/1000000
[MakeCovarianceMatrix.cpp][info] Throw 123300/1000000
[MakeCovarianceMatrix.cpp][info] Throw 123400/1000000
[MakeCovarianceMatrix.cpp][info] Throw 123500/1000000
[MakeCovarianceMatrix.cpp][info] Throw 123600/1000000
[MakeCovarianceMatrix.cpp][info] Throw 123700/1000000
[MakeCovarianceMatrix.cpp][info] Throw 123800/1000000
[MakeCovarianceMatrix.cpp][info] Throw 123900/1000000
[MakeCovarianceMatrix.cpp][info] Throw 124000/1000000
[MakeCovarianceMatrix.cpp][info] Throw 124100/1000000
[MakeCovarianceMatrix.cpp][info] Throw 124200/1000000
[MakeCovarianceMatrix.cpp][info] Throw 124300/1000000
[MakeCovarianceMatrix.cpp][info] Throw 124400/1000000
[MakeCovarianceMatrix.cpp][info] Throw 124500/1000000
[MakeCovarianceMatrix.cpp][info] Throw 124600/1000000
[MakeCovarianceMatrix.cpp][info] Throw 124700/1000000
[MakeCovarianceMatrix.cpp][info] Throw 124800/1000000
[MakeCovarianceMatrix.cpp][info] Throw 124900/1000000
[MakeCovarianceMatrix.cpp][info] Throw 125000/1000000
[MakeCovarianceMatrix.cpp][info] Throw 125100/1000000
[MakeCovarianceMatrix.cpp][info] Throw 125200/1000000
[MakeCovarianceMatrix.cpp][info] Throw 125300/1000000
[MakeCovarianceMatrix.cpp][info] Throw 125400/1000000
[MakeCovarianceMatrix.cpp][info] Throw 125500/1000000
[MakeCovarianceMatrix.cpp][info] Throw 125600/1000000
[MakeCovarianceMatrix.cpp][info] Throw 125700/1000000
[MakeCovarianceMatrix.cpp][info] Throw 125800/1000000
[MakeCovarianceMatrix.cpp][info] Throw 125900/1000000
[MakeCovarianceMatrix.cpp][info] Throw 126000/1000000
[MakeCovarianceMatrix.cpp][info] Throw 126100/1000000
[MakeCovarianceMatrix.cpp][info] Throw 126200/1000000
[MakeCovarianceMatrix.cpp][info] Throw 126300/1000000
[MakeCovarianceMatrix.cpp][info] Throw 126400/1000000
[MakeCovarianceMatrix.cpp][info] Throw 126500/1000000
[MakeCovarianceMatrix.cpp][info] Throw 126600/1000000
[MakeCovarianceMatrix.cpp][info] Throw 126700/1000000
[MakeCovarianceMatrix.cpp][info] Throw 126800/1000000
[MakeCovarianceMatrix.cpp][info] Throw 126900/1000000
[MakeCovarianceMatrix.cpp][info] Throw 127000/1000000
[MakeCovarianceMatrix.cpp][info] Throw 127100/1000000
[MakeCovarianceMatrix.cpp][info] Throw 127200/1000000
[MakeCovarianceMatrix.cpp][info] Throw 127300/1000000
[MakeCovarianceMatrix.cpp][info] Throw 127400/1000000
[MakeCovarianceMatrix.cpp][info] Throw 127500/1000000
[MakeCovarianceMatrix.cpp][info] Throw 127600/1000000
[MakeCovarianceMatrix.cpp][info] Throw 127700/1000000
[MakeCovarianceMatrix.cpp][info] Throw 127800/1000000
[MakeCovarianceMatrix.cpp][info] Throw 127900/1000000
[MakeCovarianceMatrix.cpp][info] Throw 128000/1000000
[MakeCovarianceMatrix.cpp][info] Throw 128100/1000000
[MakeCovarianceMatrix.cpp][info] Throw 128200/1000000
[MakeCovarianceMatrix.cpp][info] Throw 128300/1000000
[MakeCovarianceMatrix.cpp][info] Throw 128400/1000000
[MakeCovarianceMatrix.cpp][info] Throw 128500/1000000
[MakeCovarianceMatrix.cpp][info] Throw 128600/1000000
[MakeCovarianceMatrix.cpp][info] Throw 128700/1000000
[MakeCovarianceMatrix.cpp][info] Throw 128800/1000000
[MakeCovarianceMatrix.cpp][info] Throw 128900/1000000
[MakeCovarianceMatrix.cpp][info] Throw 129000/1000000
[MakeCovarianceMatrix.cpp][info] Throw 129100/1000000
[MakeCovarianceMatrix.cpp][info] Throw 129200/1000000
[MakeCovarianceMatrix.cpp][info] Throw 129300/1000000
[MakeCovarianceMatrix.cpp][info] Throw 129400/1000000
[MakeCovarianceMatrix.cpp][info] Throw 129500/1000000
[MakeCovarianceMatrix.cpp][info] Throw 129600/1000000
[MakeCovarianceMatrix.cpp][info] Throw 129700/1000000
[MakeCovarianceMatrix.cpp][info] Throw 129800/1000000
[MakeCovarianceMatrix.cpp][info] Throw 129900/1000000
[MakeCovarianceMatrix.cpp][info] Throw 130000/1000000
[MakeCovarianceMatrix.cpp][info] Throw 130100/1000000
[MakeCovarianceMatrix.cpp][info] Throw 130200/1000000
[MakeCovarianceMatrix.cpp][info] Throw 130300/1000000
[MakeCovarianceMatrix.cpp][info] Throw 130400/1000000
[MakeCovarianceMatrix.cpp][info] Throw 130500/1000000
[MakeCovarianceMatrix.cpp][info] Throw 130600/1000000
[MakeCovarianceMatrix.cpp][info] Throw 130700/1000000
[MakeCovarianceMatrix.cpp][info] Throw 130800/1000000
[MakeCovarianceMatrix.cpp][info] Throw 130900/1000000
[MakeCovarianceMatrix.cpp][info] Throw 131000/1000000
[MakeCovarianceMatrix.cpp][info] Throw 131100/1000000
[MakeCovarianceMatrix.cpp][info] Throw 131200/1000000
[MakeCovarianceMatrix.cpp][info] Throw 131300/1000000
[MakeCovarianceMatrix.cpp][info] Throw 131400/1000000
[MakeCovarianceMatrix.cpp][info] Throw 131500/1000000
[MakeCovarianceMatrix.cpp][info] Throw 131600/1000000
[MakeCovarianceMatrix.cpp][info] Throw 131700/1000000
[MakeCovarianceMatrix.cpp][info] Throw 131800/1000000
[MakeCovarianceMatrix.cpp][info] Throw 131900/1000000
[MakeCovarianceMatrix.cpp][info] Throw 132000/1000000
[MakeCovarianceMatrix.cpp][info] Throw 132100/1000000
[MakeCovarianceMatrix.cpp][info] Throw 132200/1000000
[MakeCovarianceMatrix.cpp][info] Throw 132300/1000000
[MakeCovarianceMatrix.cpp][info] Throw 132400/1000000
[MakeCovarianceMatrix.cpp][info] Throw 132500/1000000
[MakeCovarianceMatrix.cpp][info] Throw 132600/1000000
[MakeCovarianceMatrix.cpp][info] Throw 132700/1000000
[MakeCovarianceMatrix.cpp][info] Throw 132800/1000000
[MakeCovarianceMatrix.cpp][info] Throw 132900/1000000
[MakeCovarianceMatrix.cpp][info] Throw 133000/1000000
[MakeCovarianceMatrix.cpp][info] Throw 133100/1000000
[MakeCovarianceMatrix.cpp][info] Throw 133200/1000000
[MakeCovarianceMatrix.cpp][info] Throw 133300/1000000
[MakeCovarianceMatrix.cpp][info] Throw 133400/1000000
[MakeCovarianceMatrix.cpp][info] Throw 133500/1000000
[MakeCovarianceMatrix.cpp][info] Throw 133600/1000000
[MakeCovarianceMatrix.cpp][info] Throw 133700/1000000
[MakeCovarianceMatrix.cpp][info] Throw 133800/1000000
[MakeCovarianceMatrix.cpp][info] Throw 133900/1000000
[MakeCovarianceMatrix.cpp][info] Throw 134000/1000000
[MakeCovarianceMatrix.cpp][info] Throw 134100/1000000
[MakeCovarianceMatrix.cpp][info] Throw 134200/1000000
[MakeCovarianceMatrix.cpp][info] Throw 134300/1000000
[MakeCovarianceMatrix.cpp][info] Throw 134400/1000000
[MakeCovarianceMatrix.cpp][info] Throw 134500/1000000
[MakeCovarianceMatrix.cpp][info] Throw 134600/1000000
[MakeCovarianceMatrix.cpp][info] Throw 134700/1000000
[MakeCovarianceMatrix.cpp][info] Throw 134800/1000000
[MakeCovarianceMatrix.cpp][info] Throw 134900/1000000
[MakeCovarianceMatrix.cpp][info] Throw 135000/1000000
[MakeCovarianceMatrix.cpp][info] Throw 135100/1000000
[MakeCovarianceMatrix.cpp][info] Throw 135200/1000000
[MakeCovarianceMatrix.cpp][info] Throw 135300/1000000
[MakeCovarianceMatrix.cpp][info] Throw 135400/1000000
[MakeCovarianceMatrix.cpp][info] Throw 135500/1000000
[MakeCovarianceMatrix.cpp][info] Throw 135600/1000000
[MakeCovarianceMatrix.cpp][info] Throw 135700/1000000
[MakeCovarianceMatrix.cpp][info] Throw 135800/1000000
[MakeCovarianceMatrix.cpp][info] Throw 135900/1000000
[MakeCovarianceMatrix.cpp][info] Throw 136000/1000000
[MakeCovarianceMatrix.cpp][info] Throw 136100/1000000
[MakeCovarianceMatrix.cpp][info] Throw 136200/1000000
[MakeCovarianceMatrix.cpp][info] Throw 136300/1000000
[MakeCovarianceMatrix.cpp][info] Throw 136400/1000000
[MakeCovarianceMatrix.cpp][info] Throw 136500/1000000
[MakeCovarianceMatrix.cpp][info] Throw 136600/1000000
[MakeCovarianceMatrix.cpp][info] Throw 136700/1000000
[MakeCovarianceMatrix.cpp][info] Throw 136800/1000000
[MakeCovarianceMatrix.cpp][info] Throw 136900/1000000
[MakeCovarianceMatrix.cpp][info] Throw 137000/1000000
[MakeCovarianceMatrix.cpp][info] Throw 137100/1000000
[MakeCovarianceMatrix.cpp][info] Throw 137200/1000000
[MakeCovarianceMatrix.cpp][info] Throw 137300/1000000
[MakeCovarianceMatrix.cpp][info] Throw 137400/1000000
[MakeCovarianceMatrix.cpp][info] Throw 137500/1000000
[MakeCovarianceMatrix.cpp][info] Throw 137600/1000000
[MakeCovarianceMatrix.cpp][info] Throw 137700/1000000
[MakeCovarianceMatrix.cpp][info] Throw 137800/1000000
[MakeCovarianceMatrix.cpp][info] Throw 137900/1000000
[MakeCovarianceMatrix.cpp][info] Throw 138000/1000000
[MakeCovarianceMatrix.cpp][info] Throw 138100/1000000
[MakeCovarianceMatrix.cpp][info] Throw 138200/1000000
[MakeCovarianceMatrix.cpp][info] Throw 138300/1000000
[MakeCovarianceMatrix.cpp][info] Throw 138400/1000000
[MakeCovarianceMatrix.cpp][info] Throw 138500/1000000
[MakeCovarianceMatrix.cpp][info] Throw 138600/1000000
[MakeCovarianceMatrix.cpp][info] Throw 138700/1000000
[MakeCovarianceMatrix.cpp][info] Throw 138800/1000000
[MakeCovarianceMatrix.cpp][info] Throw 138900/1000000
[MakeCovarianceMatrix.cpp][info] Throw 139000/1000000
[MakeCovarianceMatrix.cpp][info] Throw 139100/1000000
[MakeCovarianceMatrix.cpp][info] Throw 139200/1000000
[MakeCovarianceMatrix.cpp][info] Throw 139300/1000000
[MakeCovarianceMatrix.cpp][info] Throw 139400/1000000
[MakeCovarianceMatrix.cpp][info] Throw 139500/1000000
[MakeCovarianceMatrix.cpp][info] Throw 139600/1000000
[MakeCovarianceMatrix.cpp][info] Throw 139700/1000000
[MakeCovarianceMatrix.cpp][info] Throw 139800/1000000
[MakeCovarianceMatrix.cpp][info] Throw 139900/1000000
[MakeCovarianceMatrix.cpp][info] Throw 140000/1000000
[MakeCovarianceMatrix.cpp][info] Throw 140100/1000000
[MakeCovarianceMatrix.cpp][info] Throw 140200/1000000
[MakeCovarianceMatrix.cpp][info] Throw 140300/1000000
[MakeCovarianceMatrix.cpp][info] Throw 140400/1000000
[MakeCovarianceMatrix.cpp][info] Throw 140500/1000000
[MakeCovarianceMatrix.cpp][info] Throw 140600/1000000
[MakeCovarianceMatrix.cpp][info] Throw 140700/1000000
[MakeCovarianceMatrix.cpp][info] Throw 140800/1000000
[MakeCovarianceMatrix.cpp][info] Throw 140900/1000000
[MakeCovarianceMatrix.cpp][info] Throw 141000/1000000
[MakeCovarianceMatrix.cpp][info] Throw 141100/1000000
[MakeCovarianceMatrix.cpp][info] Throw 141200/1000000
[MakeCovarianceMatrix.cpp][info] Throw 141300/1000000
[MakeCovarianceMatrix.cpp][info] Throw 141400/1000000
[MakeCovarianceMatrix.cpp][info] Throw 141500/1000000
[MakeCovarianceMatrix.cpp][info] Throw 141600/1000000
[MakeCovarianceMatrix.cpp][info] Throw 141700/1000000
[MakeCovarianceMatrix.cpp][info] Throw 141800/1000000
[MakeCovarianceMatrix.cpp][info] Throw 141900/1000000
[MakeCovarianceMatrix.cpp][info] Throw 142000/1000000
[MakeCovarianceMatrix.cpp][info] Throw 142100/1000000
[MakeCovarianceMatrix.cpp][info] Throw 142200/1000000
[MakeCovarianceMatrix.cpp][info] Throw 142300/1000000
[MakeCovarianceMatrix.cpp][info] Throw 142400/1000000
[MakeCovarianceMatrix.cpp][info] Throw 142500/1000000
[MakeCovarianceMatrix.cpp][info] Throw 142600/1000000
[MakeCovarianceMatrix.cpp][info] Throw 142700/1000000
[MakeCovarianceMatrix.cpp][info] Throw 142800/1000000
[MakeCovarianceMatrix.cpp][info] Throw 142900/1000000
[MakeCovarianceMatrix.cpp][info] Throw 143000/1000000
[MakeCovarianceMatrix.cpp][info] Throw 143100/1000000
[MakeCovarianceMatrix.cpp][info] Throw 143200/1000000
[MakeCovarianceMatrix.cpp][info] Throw 143300/1000000
[MakeCovarianceMatrix.cpp][info] Throw 143400/1000000
[MakeCovarianceMatrix.cpp][info] Throw 143500/1000000
[MakeCovarianceMatrix.cpp][info] Throw 143600/1000000
[MakeCovarianceMatrix.cpp][info] Throw 143700/1000000
[MakeCovarianceMatrix.cpp][info] Throw 143800/1000000
[MakeCovarianceMatrix.cpp][info] Throw 143900/1000000
[MakeCovarianceMatrix.cpp][info] Throw 144000/1000000
[MakeCovarianceMatrix.cpp][info] Throw 144100/1000000
[MakeCovarianceMatrix.cpp][info] Throw 144200/1000000
[MakeCovarianceMatrix.cpp][info] Throw 144300/1000000
[MakeCovarianceMatrix.cpp][info] Throw 144400/1000000
[MakeCovarianceMatrix.cpp][info] Throw 144500/1000000
[MakeCovarianceMatrix.cpp][info] Throw 144600/1000000
[MakeCovarianceMatrix.cpp][info] Throw 144700/1000000
[MakeCovarianceMatrix.cpp][info] Throw 144800/1000000
[MakeCovarianceMatrix.cpp][info] Throw 144900/1000000
[MakeCovarianceMatrix.cpp][info] Throw 145000/1000000
[MakeCovarianceMatrix.cpp][info] Throw 145100/1000000
[MakeCovarianceMatrix.cpp][info] Throw 145200/1000000
[MakeCovarianceMatrix.cpp][info] Throw 145300/1000000
[MakeCovarianceMatrix.cpp][info] Throw 145400/1000000
[MakeCovarianceMatrix.cpp][info] Throw 145500/1000000
[MakeCovarianceMatrix.cpp][info] Throw 145600/1000000
[MakeCovarianceMatrix.cpp][info] Throw 145700/1000000
[MakeCovarianceMatrix.cpp][info] Throw 145800/1000000
[MakeCovarianceMatrix.cpp][info] Throw 145900/1000000
[MakeCovarianceMatrix.cpp][info] Throw 146000/1000000
[MakeCovarianceMatrix.cpp][info] Throw 146100/1000000
[MakeCovarianceMatrix.cpp][info] Throw 146200/1000000
[MakeCovarianceMatrix.cpp][info] Throw 146300/1000000
[MakeCovarianceMatrix.cpp][info] Throw 146400/1000000
[MakeCovarianceMatrix.cpp][info] Throw 146500/1000000
[MakeCovarianceMatrix.cpp][info] Throw 146600/1000000
[MakeCovarianceMatrix.cpp][info] Throw 146700/1000000
[MakeCovarianceMatrix.cpp][info] Throw 146800/1000000
[MakeCovarianceMatrix.cpp][info] Throw 146900/1000000
[MakeCovarianceMatrix.cpp][info] Throw 147000/1000000
[MakeCovarianceMatrix.cpp][info] Throw 147100/1000000
[MakeCovarianceMatrix.cpp][info] Throw 147200/1000000
[MakeCovarianceMatrix.cpp][info] Throw 147300/1000000
[MakeCovarianceMatrix.cpp][info] Throw 147400/1000000
[MakeCovarianceMatrix.cpp][info] Throw 147500/1000000
[MakeCovarianceMatrix.cpp][info] Throw 147600/1000000
[MakeCovarianceMatrix.cpp][info] Throw 147700/1000000
[MakeCovarianceMatrix.cpp][info] Throw 147800/1000000
[MakeCovarianceMatrix.cpp][info] Throw 147900/1000000
[MakeCovarianceMatrix.cpp][info] Throw 148000/1000000
[MakeCovarianceMatrix.cpp][info] Throw 148100/1000000
[MakeCovarianceMatrix.cpp][info] Throw 148200/1000000
[MakeCovarianceMatrix.cpp][info] Throw 148300/1000000
[MakeCovarianceMatrix.cpp][info] Throw 148400/1000000
[MakeCovarianceMatrix.cpp][info] Throw 148500/1000000
[MakeCovarianceMatrix.cpp][info] Throw 148600/1000000
[MakeCovarianceMatrix.cpp][info] Throw 148700/1000000
[MakeCovarianceMatrix.cpp][info] Throw 148800/1000000
[MakeCovarianceMatrix.cpp][info] Throw 148900/1000000
[MakeCovarianceMatrix.cpp][info] Throw 149000/1000000
[MakeCovarianceMatrix.cpp][info] Throw 149100/1000000
[MakeCovarianceMatrix.cpp][info] Throw 149200/1000000
[MakeCovarianceMatrix.cpp][info] Throw 149300/1000000
[MakeCovarianceMatrix.cpp][info] Throw 149400/1000000
[MakeCovarianceMatrix.cpp][info] Throw 149500/1000000
[MakeCovarianceMatrix.cpp][info] Throw 149600/1000000
[MakeCovarianceMatrix.cpp][info] Throw 149700/1000000
[MakeCovarianceMatrix.cpp][info] Throw 149800/1000000
[MakeCovarianceMatrix.cpp][info] Throw 149900/1000000
[MakeCovarianceMatrix.cpp][info] Throw 150000/1000000
[MakeCovarianceMatrix.cpp][info] Throw 150100/1000000
[MakeCovarianceMatrix.cpp][info] Throw 150200/1000000
[MakeCovarianceMatrix.cpp][info] Throw 150300/1000000
[MakeCovarianceMatrix.cpp][info] Throw 150400/1000000
[MakeCovarianceMatrix.cpp][info] Throw 150500/1000000
[MakeCovarianceMatrix.cpp][info] Throw 150600/1000000
[MakeCovarianceMatrix.cpp][info] Throw 150700/1000000
[MakeCovarianceMatrix.cpp][info] Throw 150800/1000000
[MakeCovarianceMatrix.cpp][info] Throw 150900/1000000
[MakeCovarianceMatrix.cpp][info] Throw 151000/1000000
[MakeCovarianceMatrix.cpp][info] Throw 151100/1000000
[MakeCovarianceMatrix.cpp][info] Throw 151200/1000000
[MakeCovarianceMatrix.cpp][info] Throw 151300/1000000
[MakeCovarianceMatrix.cpp][info] Throw 151400/1000000
[MakeCovarianceMatrix.cpp][info] Throw 151500/1000000
[MakeCovarianceMatrix.cpp][info] Throw 151600/1000000
[MakeCovarianceMatrix.cpp][info] Throw 151700/1000000
[MakeCovarianceMatrix.cpp][info] Throw 151800/1000000
[MakeCovarianceMatrix.cpp][info] Throw 151900/1000000
[MakeCovarianceMatrix.cpp][info] Throw 152000/1000000
[MakeCovarianceMatrix.cpp][info] Throw 152100/1000000
[MakeCovarianceMatrix.cpp][info] Throw 152200/1000000
[MakeCovarianceMatrix.cpp][info] Throw 152300/1000000
[MakeCovarianceMatrix.cpp][info] Throw 152400/1000000
[MakeCovarianceMatrix.cpp][info] Throw 152500/1000000
[MakeCovarianceMatrix.cpp][info] Throw 152600/1000000
[MakeCovarianceMatrix.cpp][info] Throw 152700/1000000
[MakeCovarianceMatrix.cpp][info] Throw 152800/1000000
[MakeCovarianceMatrix.cpp][info] Throw 152900/1000000
[MakeCovarianceMatrix.cpp][info] Throw 153000/1000000
[MakeCovarianceMatrix.cpp][info] Throw 153100/1000000
[MakeCovarianceMatrix.cpp][info] Throw 153200/1000000
[MakeCovarianceMatrix.cpp][info] Throw 153300/1000000
[MakeCovarianceMatrix.cpp][info] Throw 153400/1000000
[MakeCovarianceMatrix.cpp][info] Throw 153500/1000000
[MakeCovarianceMatrix.cpp][info] Throw 153600/1000000
[MakeCovarianceMatrix.cpp][info] Throw 153700/1000000
[MakeCovarianceMatrix.cpp][info] Throw 153800/1000000
[MakeCovarianceMatrix.cpp][info] Throw 153900/1000000
[MakeCovarianceMatrix.cpp][info] Throw 154000/1000000
[MakeCovarianceMatrix.cpp][info] Throw 154100/1000000
[MakeCovarianceMatrix.cpp][info] Throw 154200/1000000
[MakeCovarianceMatrix.cpp][info] Throw 154300/1000000
[MakeCovarianceMatrix.cpp][info] Throw 154400/1000000
[MakeCovarianceMatrix.cpp][info] Throw 154500/1000000
[MakeCovarianceMatrix.cpp][info] Throw 154600/1000000
[MakeCovarianceMatrix.cpp][info] Throw 154700/1000000
[MakeCovarianceMatrix.cpp][info] Throw 154800/1000000
[MakeCovarianceMatrix.cpp][info] Throw 154900/1000000
[MakeCovarianceMatrix.cpp][info] Throw 155000/1000000
[MakeCovarianceMatrix.cpp][info] Throw 155100/1000000
[MakeCovarianceMatrix.cpp][info] Throw 155200/1000000
[MakeCovarianceMatrix.cpp][info] Throw 155300/1000000
[MakeCovarianceMatrix.cpp][info] Throw 155400/1000000
[MakeCovarianceMatrix.cpp][info] Throw 155500/1000000
[MakeCovarianceMatrix.cpp][info] Throw 155600/1000000
[MakeCovarianceMatrix.cpp][info] Throw 155700/1000000
[MakeCovarianceMatrix.cpp][info] Throw 155800/1000000
[MakeCovarianceMatrix.cpp][info] Throw 155900/1000000
[MakeCovarianceMatrix.cpp][info] Throw 156000/1000000
[MakeCovarianceMatrix.cpp][info] Throw 156100/1000000
[MakeCovarianceMatrix.cpp][info] Throw 156200/1000000
[MakeCovarianceMatrix.cpp][info] Throw 156300/1000000
[MakeCovarianceMatrix.cpp][info] Throw 156400/1000000
[MakeCovarianceMatrix.cpp][info] Throw 156500/1000000
[MakeCovarianceMatrix.cpp][info] Throw 156600/1000000
[MakeCovarianceMatrix.cpp][info] Throw 156700/1000000
[MakeCovarianceMatrix.cpp][info] Throw 156800/1000000
[MakeCovarianceMatrix.cpp][info] Throw 156900/1000000
[MakeCovarianceMatrix.cpp][info] Throw 157000/1000000
[MakeCovarianceMatrix.cpp][info] Throw 157100/1000000
[MakeCovarianceMatrix.cpp][info] Throw 157200/1000000
[MakeCovarianceMatrix.cpp][info] Throw 157300/1000000
[MakeCovarianceMatrix.cpp][info] Throw 157400/1000000
[MakeCovarianceMatrix.cpp][info] Throw 157500/1000000
[MakeCovarianceMatrix.cpp][info] Throw 157600/1000000
[MakeCovarianceMatrix.cpp][info] Throw 157700/1000000
[MakeCovarianceMatrix.cpp][info] Throw 157800/1000000
[MakeCovarianceMatrix.cpp][info] Throw 157900/1000000
[MakeCovarianceMatrix.cpp][info] Throw 158000/1000000
[MakeCovarianceMatrix.cpp][info] Throw 158100/1000000
[MakeCovarianceMatrix.cpp][info] Throw 158200/1000000
[MakeCovarianceMatrix.cpp][info] Throw 158300/1000000
[MakeCovarianceMatrix.cpp][info] Throw 158400/1000000
[MakeCovarianceMatrix.cpp][info] Throw 158500/1000000
[MakeCovarianceMatrix.cpp][info] Throw 158600/1000000
[MakeCovarianceMatrix.cpp][info] Throw 158700/1000000
[MakeCovarianceMatrix.cpp][info] Throw 158800/1000000
[MakeCovarianceMatrix.cpp][info] Throw 158900/1000000
[MakeCovarianceMatrix.cpp][info] Throw 159000/1000000
[MakeCovarianceMatrix.cpp][info] Throw 159100/1000000
[MakeCovarianceMatrix.cpp][info] Throw 159200/1000000
[MakeCovarianceMatrix.cpp][info] Throw 159300/1000000
[MakeCovarianceMatrix.cpp][info] Throw 159400/1000000
[MakeCovarianceMatrix.cpp][info] Throw 159500/1000000
[MakeCovarianceMatrix.cpp][info] Throw 159600/1000000
[MakeCovarianceMatrix.cpp][info] Throw 159700/1000000
[MakeCovarianceMatrix.cpp][info] Throw 159800/1000000
[MakeCovarianceMatrix.cpp][info] Throw 159900/1000000
[MakeCovarianceMatrix.cpp][info] Throw 160000/1000000
[MakeCovarianceMatrix.cpp][info] Throw 160100/1000000
[MakeCovarianceMatrix.cpp][info] Throw 160200/1000000
[MakeCovarianceMatrix.cpp][info] Throw 160300/1000000
[MakeCovarianceMatrix.cpp][info] Throw 160400/1000000
[MakeCovarianceMatrix.cpp][info] Throw 160500/1000000
[MakeCovarianceMatrix.cpp][info] Throw 160600/1000000
[MakeCovarianceMatrix.cpp][info] Throw 160700/1000000
[MakeCovarianceMatrix.cpp][info] Throw 160800/1000000
[MakeCovarianceMatrix.cpp][info] Throw 160900/1000000
[MakeCovarianceMatrix.cpp][info] Throw 161000/1000000
[MakeCovarianceMatrix.cpp][info] Throw 161100/1000000
[MakeCovarianceMatrix.cpp][info] Throw 161200/1000000
[MakeCovarianceMatrix.cpp][info] Throw 161300/1000000
[MakeCovarianceMatrix.cpp][info] Throw 161400/1000000
[MakeCovarianceMatrix.cpp][info] Throw 161500/1000000
[MakeCovarianceMatrix.cpp][info] Throw 161600/1000000
[MakeCovarianceMatrix.cpp][info] Throw 161700/1000000
[MakeCovarianceMatrix.cpp][info] Throw 161800/1000000
[MakeCovarianceMatrix.cpp][info] Throw 161900/1000000
[MakeCovarianceMatrix.cpp][info] Throw 162000/1000000
[MakeCovarianceMatrix.cpp][info] Throw 162100/1000000
[MakeCovarianceMatrix.cpp][info] Throw 162200/1000000
[MakeCovarianceMatrix.cpp][info] Throw 162300/1000000
[MakeCovarianceMatrix.cpp][info] Throw 162400/1000000
[MakeCovarianceMatrix.cpp][info] Throw 162500/1000000
[MakeCovarianceMatrix.cpp][info] Throw 162600/1000000
[MakeCovarianceMatrix.cpp][info] Throw 162700/1000000
[MakeCovarianceMatrix.cpp][info] Throw 162800/1000000
[MakeCovarianceMatrix.cpp][info] Throw 162900/1000000
[MakeCovarianceMatrix.cpp][info] Throw 163000/1000000
[MakeCovarianceMatrix.cpp][info] Throw 163100/1000000
[MakeCovarianceMatrix.cpp][info] Throw 163200/1000000
[MakeCovarianceMatrix.cpp][info] Throw 163300/1000000
[MakeCovarianceMatrix.cpp][info] Throw 163400/1000000
[MakeCovarianceMatrix.cpp][info] Throw 163500/1000000
[MakeCovarianceMatrix.cpp][info] Throw 163600/1000000
[MakeCovarianceMatrix.cpp][info] Throw 163700/1000000
[MakeCovarianceMatrix.cpp][info] Throw 163800/1000000
[MakeCovarianceMatrix.cpp][info] Throw 163900/1000000
[MakeCovarianceMatrix.cpp][info] Throw 164000/1000000
[MakeCovarianceMatrix.cpp][info] Throw 164100/1000000
[MakeCovarianceMatrix.cpp][info] Throw 164200/1000000
[MakeCovarianceMatrix.cpp][info] Throw 164300/1000000
[MakeCovarianceMatrix.cpp][info] Throw 164400/1000000
[MakeCovarianceMatrix.cpp][info] Throw 164500/1000000
[MakeCovarianceMatrix.cpp][info] Throw 164600/1000000
[MakeCovarianceMatrix.cpp][info] Throw 164700/1000000
[MakeCovarianceMatrix.cpp][info] Throw 164800/1000000
[MakeCovarianceMatrix.cpp][info] Throw 164900/1000000
[MakeCovarianceMatrix.cpp][info] Throw 165000/1000000
[MakeCovarianceMatrix.cpp][info] Throw 165100/1000000
[MakeCovarianceMatrix.cpp][info] Throw 165200/1000000
[MakeCovarianceMatrix.cpp][info] Throw 165300/1000000
[MakeCovarianceMatrix.cpp][info] Throw 165400/1000000
[MakeCovarianceMatrix.cpp][info] Throw 165500/1000000
[MakeCovarianceMatrix.cpp][info] Throw 165600/1000000
[MakeCovarianceMatrix.cpp][info] Throw 165700/1000000
[MakeCovarianceMatrix.cpp][info] Throw 165800/1000000
[MakeCovarianceMatrix.cpp][info] Throw 165900/1000000
[MakeCovarianceMatrix.cpp][info] Throw 166000/1000000
[MakeCovarianceMatrix.cpp][info] Throw 166100/1000000
[MakeCovarianceMatrix.cpp][info] Throw 166200/1000000
[MakeCovarianceMatrix.cpp][info] Throw 166300/1000000
[MakeCovarianceMatrix.cpp][info] Throw 166400/1000000
[MakeCovarianceMatrix.cpp][info] Throw 166500/1000000
[MakeCovarianceMatrix.cpp][info] Throw 166600/1000000
[MakeCovarianceMatrix.cpp][info] Throw 166700/1000000
[MakeCovarianceMatrix.cpp][info] Throw 166800/1000000
[MakeCovarianceMatrix.cpp][info] Throw 166900/1000000
[MakeCovarianceMatrix.cpp][info] Throw 167000/1000000
[MakeCovarianceMatrix.cpp][info] Throw 167100/1000000
[MakeCovarianceMatrix.cpp][info] Throw 167200/1000000
[MakeCovarianceMatrix.cpp][info] Throw 167300/1000000
[MakeCovarianceMatrix.cpp][info] Throw 167400/1000000
[MakeCovarianceMatrix.cpp][info] Throw 167500/1000000
[MakeCovarianceMatrix.cpp][info] Throw 167600/1000000
[MakeCovarianceMatrix.cpp][info] Throw 167700/1000000
[MakeCovarianceMatrix.cpp][info] Throw 167800/1000000
[MakeCovarianceMatrix.cpp][info] Throw 167900/1000000
[MakeCovarianceMatrix.cpp][info] Throw 168000/1000000
[MakeCovarianceMatrix.cpp][info] Throw 168100/1000000
[MakeCovarianceMatrix.cpp][info] Throw 168200/1000000
[MakeCovarianceMatrix.cpp][info] Throw 168300/1000000
[MakeCovarianceMatrix.cpp][info] Throw 168400/1000000
[MakeCovarianceMatrix.cpp][info] Throw 168500/1000000
[MakeCovarianceMatrix.cpp][info] Throw 168600/1000000
[MakeCovarianceMatrix.cpp][info] Throw 168700/1000000
[MakeCovarianceMatrix.cpp][info] Throw 168800/1000000
[MakeCovarianceMatrix.cpp][info] Throw 168900/1000000
[MakeCovarianceMatrix.cpp][info] Throw 169000/1000000
[MakeCovarianceMatrix.cpp][info] Throw 169100/1000000
[MakeCovarianceMatrix.cpp][info] Throw 169200/1000000
[MakeCovarianceMatrix.cpp][info] Throw 169300/1000000
[MakeCovarianceMatrix.cpp][info] Throw 169400/1000000
[MakeCovarianceMatrix.cpp][info] Throw 169500/1000000
[MakeCovarianceMatrix.cpp][info] Throw 169600/1000000
[MakeCovarianceMatrix.cpp][info] Throw 169700/1000000
[MakeCovarianceMatrix.cpp][info] Throw 169800/1000000
[MakeCovarianceMatrix.cpp][info] Throw 169900/1000000
[MakeCovarianceMatrix.cpp][info] Throw 170000/1000000
[MakeCovarianceMatrix.cpp][info] Throw 170100/1000000
[MakeCovarianceMatrix.cpp][info] Throw 170200/1000000
[MakeCovarianceMatrix.cpp][info] Throw 170300/1000000
[MakeCovarianceMatrix.cpp][info] Throw 170400/1000000
[MakeCovarianceMatrix.cpp][info] Throw 170500/1000000
[MakeCovarianceMatrix.cpp][info] Throw 170600/1000000
[MakeCovarianceMatrix.cpp][info] Throw 170700/1000000
[MakeCovarianceMatrix.cpp][info] Throw 170800/1000000
[MakeCovarianceMatrix.cpp][info] Throw 170900/1000000
[MakeCovarianceMatrix.cpp][info] Throw 171000/1000000
[MakeCovarianceMatrix.cpp][info] Throw 171100/1000000
[MakeCovarianceMatrix.cpp][info] Throw 171200/1000000
[MakeCovarianceMatrix.cpp][info] Throw 171300/1000000
[MakeCovarianceMatrix.cpp][info] Throw 171400/1000000
[MakeCovarianceMatrix.cpp][info] Throw 171500/1000000
[MakeCovarianceMatrix.cpp][info] Throw 171600/1000000
[MakeCovarianceMatrix.cpp][info] Throw 171700/1000000
[MakeCovarianceMatrix.cpp][info] Throw 171800/1000000
[MakeCovarianceMatrix.cpp][info] Throw 171900/1000000
[MakeCovarianceMatrix.cpp][info] Throw 172000/1000000
[MakeCovarianceMatrix.cpp][info] Throw 172100/1000000
[MakeCovarianceMatrix.cpp][info] Throw 172200/1000000
[MakeCovarianceMatrix.cpp][info] Throw 172300/1000000
[MakeCovarianceMatrix.cpp][info] Throw 172400/1000000
[MakeCovarianceMatrix.cpp][info] Throw 172500/1000000
[MakeCovarianceMatrix.cpp][info] Throw 172600/1000000
[MakeCovarianceMatrix.cpp][info] Throw 172700/1000000
[MakeCovarianceMatrix.cpp][info] Throw 172800/1000000
[MakeCovarianceMatrix.cpp][info] Throw 172900/1000000
[MakeCovarianceMatrix.cpp][info] Throw 173000/1000000
[MakeCovarianceMatrix.cpp][info] Throw 173100/1000000
[MakeCovarianceMatrix.cpp][info] Throw 173200/1000000
[MakeCovarianceMatrix.cpp][info] Throw 173300/1000000
[MakeCovarianceMatrix.cpp][info] Throw 173400/1000000
[MakeCovarianceMatrix.cpp][info] Throw 173500/1000000
[MakeCovarianceMatrix.cpp][info] Throw 173600/1000000
[MakeCovarianceMatrix.cpp][info] Throw 173700/1000000
[MakeCovarianceMatrix.cpp][info] Throw 173800/1000000
[MakeCovarianceMatrix.cpp][info] Throw 173900/1000000
[MakeCovarianceMatrix.cpp][info] Throw 174000/1000000
[MakeCovarianceMatrix.cpp][info] Throw 174100/1000000
[MakeCovarianceMatrix.cpp][info] Throw 174200/1000000
[MakeCovarianceMatrix.cpp][info] Throw 174300/1000000
[MakeCovarianceMatrix.cpp][info] Throw 174400/1000000
[MakeCovarianceMatrix.cpp][info] Throw 174500/1000000
[MakeCovarianceMatrix.cpp][info] Throw 174600/1000000
[MakeCovarianceMatrix.cpp][info] Throw 174700/1000000
[MakeCovarianceMatrix.cpp][info] Throw 174800/1000000
[MakeCovarianceMatrix.cpp][info] Throw 174900/1000000
[MakeCovarianceMatrix.cpp][info] Throw 175000/1000000
[MakeCovarianceMatrix.cpp][info] Throw 175100/1000000
[MakeCovarianceMatrix.cpp][info] Throw 175200/1000000
[MakeCovarianceMatrix.cpp][info] Throw 175300/1000000
[MakeCovarianceMatrix.cpp][info] Throw 175400/1000000
[MakeCovarianceMatrix.cpp][info] Throw 175500/1000000
[MakeCovarianceMatrix.cpp][info] Throw 175600/1000000
[MakeCovarianceMatrix.cpp][info] Throw 175700/1000000
[MakeCovarianceMatrix.cpp][info] Throw 175800/1000000
[MakeCovarianceMatrix.cpp][info] Throw 175900/1000000
[MakeCovarianceMatrix.cpp][info] Throw 176000/1000000
[MakeCovarianceMatrix.cpp][info] Throw 176100/1000000
[MakeCovarianceMatrix.cpp][info] Throw 176200/1000000
[MakeCovarianceMatrix.cpp][info] Throw 176300/1000000
[MakeCovarianceMatrix.cpp][info] Throw 176400/1000000
[MakeCovarianceMatrix.cpp][info] Throw 176500/1000000
[MakeCovarianceMatrix.cpp][info] Throw 176600/1000000
[MakeCovarianceMatrix.cpp][info] Throw 176700/1000000
[MakeCovarianceMatrix.cpp][info] Throw 176800/1000000
[MakeCovarianceMatrix.cpp][info] Throw 176900/1000000
[MakeCovarianceMatrix.cpp][info] Throw 177000/1000000
[MakeCovarianceMatrix.cpp][info] Throw 177100/1000000
[MakeCovarianceMatrix.cpp][info] Throw 177200/1000000
[MakeCovarianceMatrix.cpp][info] Throw 177300/1000000
[MakeCovarianceMatrix.cpp][info] Throw 177400/1000000
[MakeCovarianceMatrix.cpp][info] Throw 177500/1000000
[MakeCovarianceMatrix.cpp][info] Throw 177600/1000000
[MakeCovarianceMatrix.cpp][info] Throw 177700/1000000
[MakeCovarianceMatrix.cpp][info] Throw 177800/1000000
[MakeCovarianceMatrix.cpp][info] Throw 177900/1000000
[MakeCovarianceMatrix.cpp][info] Throw 178000/1000000
[MakeCovarianceMatrix.cpp][info] Throw 178100/1000000
[MakeCovarianceMatrix.cpp][info] Throw 178200/1000000
[MakeCovarianceMatrix.cpp][info] Throw 178300/1000000
[MakeCovarianceMatrix.cpp][info] Throw 178400/1000000
[MakeCovarianceMatrix.cpp][info] Throw 178500/1000000
[MakeCovarianceMatrix.cpp][info] Throw 178600/1000000
[MakeCovarianceMatrix.cpp][info] Throw 178700/1000000
[MakeCovarianceMatrix.cpp][info] Throw 178800/1000000
[MakeCovarianceMatrix.cpp][info] Throw 178900/1000000
[MakeCovarianceMatrix.cpp][info] Throw 179000/1000000
[MakeCovarianceMatrix.cpp][info] Throw 179100/1000000
[MakeCovarianceMatrix.cpp][info] Throw 179200/1000000
[MakeCovarianceMatrix.cpp][info] Throw 179300/1000000
[MakeCovarianceMatrix.cpp][info] Throw 179400/1000000
[MakeCovarianceMatrix.cpp][info] Throw 179500/1000000
[MakeCovarianceMatrix.cpp][info] Throw 179600/1000000
[MakeCovarianceMatrix.cpp][info] Throw 179700/1000000
[MakeCovarianceMatrix.cpp][info] Throw 179800/1000000
[MakeCovarianceMatrix.cpp][info] Throw 179900/1000000
[MakeCovarianceMatrix.cpp][info] Throw 180000/1000000
[MakeCovarianceMatrix.cpp][info] Throw 180100/1000000
[MakeCovarianceMatrix.cpp][info] Throw 180200/1000000
[MakeCovarianceMatrix.cpp][info] Throw 180300/1000000
[MakeCovarianceMatrix.cpp][info] Throw 180400/1000000
[MakeCovarianceMatrix.cpp][info] Throw 180500/1000000
[MakeCovarianceMatrix.cpp][info] Throw 180600/1000000
[MakeCovarianceMatrix.cpp][info] Throw 180700/1000000
[MakeCovarianceMatrix.cpp][info] Throw 180800/1000000
[MakeCovarianceMatrix.cpp][info] Throw 180900/1000000
[MakeCovarianceMatrix.cpp][info] Throw 181000/1000000
[MakeCovarianceMatrix.cpp][info] Throw 181100/1000000
[MakeCovarianceMatrix.cpp][info] Throw 181200/1000000
[MakeCovarianceMatrix.cpp][info] Throw 181300/1000000
[MakeCovarianceMatrix.cpp][info] Throw 181400/1000000
[MakeCovarianceMatrix.cpp][info] Throw 181500/1000000
[MakeCovarianceMatrix.cpp][info] Throw 181600/1000000
[MakeCovarianceMatrix.cpp][info] Throw 181700/1000000
[MakeCovarianceMatrix.cpp][info] Throw 181800/1000000
[MakeCovarianceMatrix.cpp][info] Throw 181900/1000000
[MakeCovarianceMatrix.cpp][info] Throw 182000/1000000
[MakeCovarianceMatrix.cpp][info] Throw 182100/1000000
[MakeCovarianceMatrix.cpp][info] Throw 182200/1000000
[MakeCovarianceMatrix.cpp][info] Throw 182300/1000000
[MakeCovarianceMatrix.cpp][info] Throw 182400/1000000
[MakeCovarianceMatrix.cpp][info] Throw 182500/1000000
[MakeCovarianceMatrix.cpp][info] Throw 182600/1000000
[MakeCovarianceMatrix.cpp][info] Throw 182700/1000000
[MakeCovarianceMatrix.cpp][info] Throw 182800/1000000
[MakeCovarianceMatrix.cpp][info] Throw 182900/1000000
[MakeCovarianceMatrix.cpp][info] Throw 183000/1000000
[MakeCovarianceMatrix.cpp][info] Throw 183100/1000000
[MakeCovarianceMatrix.cpp][info] Throw 183200/1000000
[MakeCovarianceMatrix.cpp][info] Throw 183300/1000000
[MakeCovarianceMatrix.cpp][info] Throw 183400/1000000
[MakeCovarianceMatrix.cpp][info] Throw 183500/1000000
[MakeCovarianceMatrix.cpp][info] Throw 183600/1000000
[MakeCovarianceMatrix.cpp][info] Throw 183700/1000000
[MakeCovarianceMatrix.cpp][info] Throw 183800/1000000
[MakeCovarianceMatrix.cpp][info] Throw 183900/1000000
[MakeCovarianceMatrix.cpp][info] Throw 184000/1000000
[MakeCovarianceMatrix.cpp][info] Throw 184100/1000000
[MakeCovarianceMatrix.cpp][info] Throw 184200/1000000
[MakeCovarianceMatrix.cpp][info] Throw 184300/1000000
[MakeCovarianceMatrix.cpp][info] Throw 184400/1000000
[MakeCovarianceMatrix.cpp][info] Throw 184500/1000000
[MakeCovarianceMatrix.cpp][info] Throw 184600/1000000
[MakeCovarianceMatrix.cpp][info] Throw 184700/1000000
[MakeCovarianceMatrix.cpp][info] Throw 184800/1000000
[MakeCovarianceMatrix.cpp][info] Throw 184900/1000000
[MakeCovarianceMatrix.cpp][info] Throw 185000/1000000
[MakeCovarianceMatrix.cpp][info] Throw 185100/1000000
[MakeCovarianceMatrix.cpp][info] Throw 185200/1000000
[MakeCovarianceMatrix.cpp][info] Throw 185300/1000000
[MakeCovarianceMatrix.cpp][info] Throw 185400/1000000
[MakeCovarianceMatrix.cpp][info] Throw 185500/1000000
[MakeCovarianceMatrix.cpp][info] Throw 185600/1000000
[MakeCovarianceMatrix.cpp][info] Throw 185700/1000000
[MakeCovarianceMatrix.cpp][info] Throw 185800/1000000
[MakeCovarianceMatrix.cpp][info] Throw 185900/1000000
[MakeCovarianceMatrix.cpp][info] Throw 186000/1000000
[MakeCovarianceMatrix.cpp][info] Throw 186100/1000000
[MakeCovarianceMatrix.cpp][info] Throw 186200/1000000
[MakeCovarianceMatrix.cpp][info] Throw 186300/1000000
[MakeCovarianceMatrix.cpp][info] Throw 186400/1000000
[MakeCovarianceMatrix.cpp][info] Throw 186500/1000000
[MakeCovarianceMatrix.cpp][info] Throw 186600/1000000
[MakeCovarianceMatrix.cpp][info] Throw 186700/1000000
[MakeCovarianceMatrix.cpp][info] Throw 186800/1000000
[MakeCovarianceMatrix.cpp][info] Throw 186900/1000000
[MakeCovarianceMatrix.cpp][info] Throw 187000/1000000
[MakeCovarianceMatrix.cpp][info] Throw 187100/1000000
[MakeCovarianceMatrix.cpp][info] Throw 187200/1000000
[MakeCovarianceMatrix.cpp][info] Throw 187300/1000000
[MakeCovarianceMatrix.cpp][info] Throw 187400/1000000
[MakeCovarianceMatrix.cpp][info] Throw 187500/1000000
[MakeCovarianceMatrix.cpp][info] Throw 187600/1000000
[MakeCovarianceMatrix.cpp][info] Throw 187700/1000000
[MakeCovarianceMatrix.cpp][info] Throw 187800/1000000
[MakeCovarianceMatrix.cpp][info] Throw 187900/1000000
[MakeCovarianceMatrix.cpp][info] Throw 188000/1000000
[MakeCovarianceMatrix.cpp][info] Throw 188100/1000000
[MakeCovarianceMatrix.cpp][info] Throw 188200/1000000
[MakeCovarianceMatrix.cpp][info] Throw 188300/1000000
[MakeCovarianceMatrix.cpp][info] Throw 188400/1000000
[MakeCovarianceMatrix.cpp][info] Throw 188500/1000000
[MakeCovarianceMatrix.cpp][info] Throw 188600/1000000
[MakeCovarianceMatrix.cpp][info] Throw 188700/1000000
[MakeCovarianceMatrix.cpp][info] Throw 188800/1000000
[MakeCovarianceMatrix.cpp][info] Throw 188900/1000000
[MakeCovarianceMatrix.cpp][info] Throw 189000/1000000
[MakeCovarianceMatrix.cpp][info] Throw 189100/1000000
[MakeCovarianceMatrix.cpp][info] Throw 189200/1000000
[MakeCovarianceMatrix.cpp][info] Throw 189300/1000000
[MakeCovarianceMatrix.cpp][info] Throw 189400/1000000
[MakeCovarianceMatrix.cpp][info] Throw 189500/1000000
[MakeCovarianceMatrix.cpp][info] Throw 189600/1000000
[MakeCovarianceMatrix.cpp][info] Throw 189700/1000000
[MakeCovarianceMatrix.cpp][info] Throw 189800/1000000
[MakeCovarianceMatrix.cpp][info] Throw 189900/1000000
[MakeCovarianceMatrix.cpp][info] Throw 190000/1000000
[MakeCovarianceMatrix.cpp][info] Throw 190100/1000000
[MakeCovarianceMatrix.cpp][info] Throw 190200/1000000
[MakeCovarianceMatrix.cpp][info] Throw 190300/1000000
[MakeCovarianceMatrix.cpp][info] Throw 190400/1000000
[MakeCovarianceMatrix.cpp][info] Throw 190500/1000000
[MakeCovarianceMatrix.cpp][info] Throw 190600/1000000
[MakeCovarianceMatrix.cpp][info] Throw 190700/1000000
[MakeCovarianceMatrix.cpp][info] Throw 190800/1000000
[MakeCovarianceMatrix.cpp][info] Throw 190900/1000000
[MakeCovarianceMatrix.cpp][info] Throw 191000/1000000
[MakeCovarianceMatrix.cpp][info] Throw 191100/1000000
[MakeCovarianceMatrix.cpp][info] Throw 191200/1000000
[MakeCovarianceMatrix.cpp][info] Throw 191300/1000000
[MakeCovarianceMatrix.cpp][info] Throw 191400/1000000
[MakeCovarianceMatrix.cpp][info] Throw 191500/1000000
[MakeCovarianceMatrix.cpp][info] Throw 191600/1000000
[MakeCovarianceMatrix.cpp][info] Throw 191700/1000000
[MakeCovarianceMatrix.cpp][info] Throw 191800/1000000
[MakeCovarianceMatrix.cpp][info] Throw 191900/1000000
[MakeCovarianceMatrix.cpp][info] Throw 192000/1000000
[MakeCovarianceMatrix.cpp][info] Throw 192100/1000000
[MakeCovarianceMatrix.cpp][info] Throw 192200/1000000
[MakeCovarianceMatrix.cpp][info] Throw 192300/1000000
[MakeCovarianceMatrix.cpp][info] Throw 192400/1000000
[MakeCovarianceMatrix.cpp][info] Throw 192500/1000000
[MakeCovarianceMatrix.cpp][info] Throw 192600/1000000
[MakeCovarianceMatrix.cpp][info] Throw 192700/1000000
[MakeCovarianceMatrix.cpp][info] Throw 192800/1000000
[MakeCovarianceMatrix.cpp][info] Throw 192900/1000000
[MakeCovarianceMatrix.cpp][info] Throw 193000/1000000
[MakeCovarianceMatrix.cpp][info] Throw 193100/1000000
[MakeCovarianceMatrix.cpp][info] Throw 193200/1000000
[MakeCovarianceMatrix.cpp][info] Throw 193300/1000000
[MakeCovarianceMatrix.cpp][info] Throw 193400/1000000
[MakeCovarianceMatrix.cpp][info] Throw 193500/1000000
[MakeCovarianceMatrix.cpp][info] Throw 193600/1000000
[MakeCovarianceMatrix.cpp][info] Throw 193700/1000000
[MakeCovarianceMatrix.cpp][info] Throw 193800/1000000
[MakeCovarianceMatrix.cpp][info] Throw 193900/1000000
[MakeCovarianceMatrix.cpp][info] Throw 194000/1000000
[MakeCovarianceMatrix.cpp][info] Throw 194100/1000000
[MakeCovarianceMatrix.cpp][info] Throw 194200/1000000
[MakeCovarianceMatrix.cpp][info] Throw 194300/1000000
[MakeCovarianceMatrix.cpp][info] Throw 194400/1000000
[MakeCovarianceMatrix.cpp][info] Throw 194500/1000000
[MakeCovarianceMatrix.cpp][info] Throw 194600/1000000
[MakeCovarianceMatrix.cpp][info] Throw 194700/1000000
[MakeCovarianceMatrix.cpp][info] Throw 194800/1000000
[MakeCovarianceMatrix.cpp][info] Throw 194900/1000000
[MakeCovarianceMatrix.cpp][info] Throw 195000/1000000
[MakeCovarianceMatrix.cpp][info] Throw 195100/1000000
[MakeCovarianceMatrix.cpp][info] Throw 195200/1000000
[MakeCovarianceMatrix.cpp][info] Throw 195300/1000000
[MakeCovarianceMatrix.cpp][info] Throw 195400/1000000
[MakeCovarianceMatrix.cpp][info] Throw 195500/1000000
[MakeCovarianceMatrix.cpp][info] Throw 195600/1000000
[MakeCovarianceMatrix.cpp][info] Throw 195700/1000000
[MakeCovarianceMatrix.cpp][info] Throw 195800/1000000
[MakeCovarianceMatrix.cpp][info] Throw 195900/1000000
[MakeCovarianceMatrix.cpp][info] Throw 196000/1000000
[MakeCovarianceMatrix.cpp][info] Throw 196100/1000000
[MakeCovarianceMatrix.cpp][info] Throw 196200/1000000
[MakeCovarianceMatrix.cpp][info] Throw 196300/1000000
[MakeCovarianceMatrix.cpp][info] Throw 196400/1000000
[MakeCovarianceMatrix.cpp][info] Throw 196500/1000000
[MakeCovarianceMatrix.cpp][info] Throw 196600/1000000
[MakeCovarianceMatrix.cpp][info] Throw 196700/1000000
[MakeCovarianceMatrix.cpp][info] Throw 196800/1000000
[MakeCovarianceMatrix.cpp][info] Throw 196900/1000000
[MakeCovarianceMatrix.cpp][info] Throw 197000/1000000
[MakeCovarianceMatrix.cpp][info] Throw 197100/1000000
[MakeCovarianceMatrix.cpp][info] Throw 197200/1000000
[MakeCovarianceMatrix.cpp][info] Throw 197300/1000000
[MakeCovarianceMatrix.cpp][info] Throw 197400/1000000
[MakeCovarianceMatrix.cpp][info] Throw 197500/1000000
[MakeCovarianceMatrix.cpp][info] Throw 197600/1000000
[MakeCovarianceMatrix.cpp][info] Throw 197700/1000000
[MakeCovarianceMatrix.cpp][info] Throw 197800/1000000
[MakeCovarianceMatrix.cpp][info] Throw 197900/1000000
[MakeCovarianceMatrix.cpp][info] Throw 198000/1000000
[MakeCovarianceMatrix.cpp][info] Throw 198100/1000000
[MakeCovarianceMatrix.cpp][info] Throw 198200/1000000
[MakeCovarianceMatrix.cpp][info] Throw 198300/1000000
[MakeCovarianceMatrix.cpp][info] Throw 198400/1000000
[MakeCovarianceMatrix.cpp][info] Throw 198500/1000000
[MakeCovarianceMatrix.cpp][info] Throw 198600/1000000
[MakeCovarianceMatrix.cpp][info] Throw 198700/1000000
[MakeCovarianceMatrix.cpp][info] Throw 198800/1000000
[MakeCovarianceMatrix.cpp][info] Throw 198900/1000000
[MakeCovarianceMatrix.cpp][info] Throw 199000/1000000
[MakeCovarianceMatrix.cpp][info] Throw 199100/1000000
[MakeCovarianceMatrix.cpp][info] Throw 199200/1000000
[MakeCovarianceMatrix.cpp][info] Throw 199300/1000000
[MakeCovarianceMatrix.cpp][info] Throw 199400/1000000
[MakeCovarianceMatrix.cpp][info] Throw 199500/1000000
[MakeCovarianceMatrix.cpp][info] Throw 199600/1000000
[MakeCovarianceMatrix.cpp][info] Throw 199700/1000000
[MakeCovarianceMatrix.cpp][info] Throw 199800/1000000
[MakeCovarianceMatrix.cpp][info] Throw 199900/1000000
[MakeCovarianceMatrix.cpp][info] Throw 200000/1000000
[MakeCovarianceMatrix.cpp][info] Throw 200100/1000000
[MakeCovarianceMatrix.cpp][info] Throw 200200/1000000
[MakeCovarianceMatrix.cpp][info] Throw 200300/1000000
[MakeCovarianceMatrix.cpp][info] Throw 200400/1000000
[MakeCovarianceMatrix.cpp][info] Throw 200500/1000000
[MakeCovarianceMatrix.cpp][info] Throw 200600/1000000
[MakeCovarianceMatrix.cpp][info] Throw 200700/1000000
[MakeCovarianceMatrix.cpp][info] Throw 200800/1000000
[MakeCovarianceMatrix.cpp][info] Throw 200900/1000000
[MakeCovarianceMatrix.cpp][info] Throw 201000/1000000
[MakeCovarianceMatrix.cpp][info] Throw 201100/1000000
[MakeCovarianceMatrix.cpp][info] Throw 201200/1000000
[MakeCovarianceMatrix.cpp][info] Throw 201300/1000000
[MakeCovarianceMatrix.cpp][info] Throw 201400/1000000
[MakeCovarianceMatrix.cpp][info] Throw 201500/1000000
[MakeCovarianceMatrix.cpp][info] Throw 201600/1000000
[MakeCovarianceMatrix.cpp][info] Throw 201700/1000000
[MakeCovarianceMatrix.cpp][info] Throw 201800/1000000
[MakeCovarianceMatrix.cpp][info] Throw 201900/1000000
[MakeCovarianceMatrix.cpp][info] Throw 202000/1000000
[MakeCovarianceMatrix.cpp][info] Throw 202100/1000000
[MakeCovarianceMatrix.cpp][info] Throw 202200/1000000
[MakeCovarianceMatrix.cpp][info] Throw 202300/1000000
[MakeCovarianceMatrix.cpp][info] Throw 202400/1000000
[MakeCovarianceMatrix.cpp][info] Throw 202500/1000000
[MakeCovarianceMatrix.cpp][info] Throw 202600/1000000
[MakeCovarianceMatrix.cpp][info] Throw 202700/1000000
[MakeCovarianceMatrix.cpp][info] Throw 202800/1000000
[MakeCovarianceMatrix.cpp][info] Throw 202900/1000000
[MakeCovarianceMatrix.cpp][info] Throw 203000/1000000
[MakeCovarianceMatrix.cpp][info] Throw 203100/1000000
[MakeCovarianceMatrix.cpp][info] Throw 203200/1000000
[MakeCovarianceMatrix.cpp][info] Throw 203300/1000000
[MakeCovarianceMatrix.cpp][info] Throw 203400/1000000
[MakeCovarianceMatrix.cpp][info] Throw 203500/1000000
[MakeCovarianceMatrix.cpp][info] Throw 203600/1000000
[MakeCovarianceMatrix.cpp][info] Throw 203700/1000000
[MakeCovarianceMatrix.cpp][info] Throw 203800/1000000
[MakeCovarianceMatrix.cpp][info] Throw 203900/1000000
[MakeCovarianceMatrix.cpp][info] Throw 204000/1000000
[MakeCovarianceMatrix.cpp][info] Throw 204100/1000000
[MakeCovarianceMatrix.cpp][info] Throw 204200/1000000
[MakeCovarianceMatrix.cpp][info] Throw 204300/1000000
[MakeCovarianceMatrix.cpp][info] Throw 204400/1000000
[MakeCovarianceMatrix.cpp][info] Throw 204500/1000000
[MakeCovarianceMatrix.cpp][info] Throw 204600/1000000
[MakeCovarianceMatrix.cpp][info] Throw 204700/1000000
[MakeCovarianceMatrix.cpp][info] Throw 204800/1000000
[MakeCovarianceMatrix.cpp][info] Throw 204900/1000000
[MakeCovarianceMatrix.cpp][info] Throw 205000/1000000
[MakeCovarianceMatrix.cpp][info] Throw 205100/1000000
[MakeCovarianceMatrix.cpp][info] Throw 205200/1000000
[MakeCovarianceMatrix.cpp][info] Throw 205300/1000000
[MakeCovarianceMatrix.cpp][info] Throw 205400/1000000
[MakeCovarianceMatrix.cpp][info] Throw 205500/1000000
[MakeCovarianceMatrix.cpp][info] Throw 205600/1000000
[MakeCovarianceMatrix.cpp][info] Throw 205700/1000000
[MakeCovarianceMatrix.cpp][info] Throw 205800/1000000
[MakeCovarianceMatrix.cpp][info] Throw 205900/1000000
[MakeCovarianceMatrix.cpp][info] Throw 206000/1000000
[MakeCovarianceMatrix.cpp][info] Throw 206100/1000000
[MakeCovarianceMatrix.cpp][info] Throw 206200/1000000
[MakeCovarianceMatrix.cpp][info] Throw 206300/1000000
[MakeCovarianceMatrix.cpp][info] Throw 206400/1000000
[MakeCovarianceMatrix.cpp][info] Throw 206500/1000000
[MakeCovarianceMatrix.cpp][info] Throw 206600/1000000
[MakeCovarianceMatrix.cpp][info] Throw 206700/1000000
[MakeCovarianceMatrix.cpp][info] Throw 206800/1000000
[MakeCovarianceMatrix.cpp][info] Throw 206900/1000000
[MakeCovarianceMatrix.cpp][info] Throw 207000/1000000
[MakeCovarianceMatrix.cpp][info] Throw 207100/1000000
[MakeCovarianceMatrix.cpp][info] Throw 207200/1000000
[MakeCovarianceMatrix.cpp][info] Throw 207300/1000000
[MakeCovarianceMatrix.cpp][info] Throw 207400/1000000
[MakeCovarianceMatrix.cpp][info] Throw 207500/1000000
[MakeCovarianceMatrix.cpp][info] Throw 207600/1000000
[MakeCovarianceMatrix.cpp][info] Throw 207700/1000000
[MakeCovarianceMatrix.cpp][info] Throw 207800/1000000
[MakeCovarianceMatrix.cpp][info] Throw 207900/1000000
[MakeCovarianceMatrix.cpp][info] Throw 208000/1000000
[MakeCovarianceMatrix.cpp][info] Throw 208100/1000000
[MakeCovarianceMatrix.cpp][info] Throw 208200/1000000
[MakeCovarianceMatrix.cpp][info] Throw 208300/1000000
[MakeCovarianceMatrix.cpp][info] Throw 208400/1000000
[MakeCovarianceMatrix.cpp][info] Throw 208500/1000000
[MakeCovarianceMatrix.cpp][info] Throw 208600/1000000
[MakeCovarianceMatrix.cpp][info] Throw 208700/1000000
[MakeCovarianceMatrix.cpp][info] Throw 208800/1000000
[MakeCovarianceMatrix.cpp][info] Throw 208900/1000000
[MakeCovarianceMatrix.cpp][info] Throw 209000/1000000
[MakeCovarianceMatrix.cpp][info] Throw 209100/1000000
[MakeCovarianceMatrix.cpp][info] Throw 209200/1000000
[MakeCovarianceMatrix.cpp][info] Throw 209300/1000000
[MakeCovarianceMatrix.cpp][info] Throw 209400/1000000
[MakeCovarianceMatrix.cpp][info] Throw 209500/1000000
[MakeCovarianceMatrix.cpp][info] Throw 209600/1000000
[MakeCovarianceMatrix.cpp][info] Throw 209700/1000000
[MakeCovarianceMatrix.cpp][info] Throw 209800/1000000
[MakeCovarianceMatrix.cpp][info] Throw 209900/1000000
[MakeCovarianceMatrix.cpp][info] Throw 210000/1000000
[MakeCovarianceMatrix.cpp][info] Throw 210100/1000000
[MakeCovarianceMatrix.cpp][info] Throw 210200/1000000
[MakeCovarianceMatrix.cpp][info] Throw 210300/1000000
[MakeCovarianceMatrix.cpp][info] Throw 210400/1000000
[MakeCovarianceMatrix.cpp][info] Throw 210500/1000000
[MakeCovarianceMatrix.cpp][info] Throw 210600/1000000
[MakeCovarianceMatrix.cpp][info] Throw 210700/1000000
[MakeCovarianceMatrix.cpp][info] Throw 210800/1000000
[MakeCovarianceMatrix.cpp][info] Throw 210900/1000000
[MakeCovarianceMatrix.cpp][info] Throw 211000/1000000
[MakeCovarianceMatrix.cpp][info] Throw 211100/1000000
[MakeCovarianceMatrix.cpp][info] Throw 211200/1000000
[MakeCovarianceMatrix.cpp][info] Throw 211300/1000000
[MakeCovarianceMatrix.cpp][info] Throw 211400/1000000
[MakeCovarianceMatrix.cpp][info] Throw 211500/1000000
[MakeCovarianceMatrix.cpp][info] Throw 211600/1000000
[MakeCovarianceMatrix.cpp][info] Throw 211700/1000000
[MakeCovarianceMatrix.cpp][info] Throw 211800/1000000
[MakeCovarianceMatrix.cpp][info] Throw 211900/1000000
[MakeCovarianceMatrix.cpp][info] Throw 212000/1000000
[MakeCovarianceMatrix.cpp][info] Throw 212100/1000000
[MakeCovarianceMatrix.cpp][info] Throw 212200/1000000
[MakeCovarianceMatrix.cpp][info] Throw 212300/1000000
[MakeCovarianceMatrix.cpp][info] Throw 212400/1000000
[MakeCovarianceMatrix.cpp][info] Throw 212500/1000000
[MakeCovarianceMatrix.cpp][info] Throw 212600/1000000
[MakeCovarianceMatrix.cpp][info] Throw 212700/1000000
[MakeCovarianceMatrix.cpp][info] Throw 212800/1000000
[MakeCovarianceMatrix.cpp][info] Throw 212900/1000000
[MakeCovarianceMatrix.cpp][info] Throw 213000/1000000
[MakeCovarianceMatrix.cpp][info] Throw 213100/1000000
[MakeCovarianceMatrix.cpp][info] Throw 213200/1000000
[MakeCovarianceMatrix.cpp][info] Throw 213300/1000000
[MakeCovarianceMatrix.cpp][info] Throw 213400/1000000
[MakeCovarianceMatrix.cpp][info] Throw 213500/1000000
[MakeCovarianceMatrix.cpp][info] Throw 213600/1000000
[MakeCovarianceMatrix.cpp][info] Throw 213700/1000000
[MakeCovarianceMatrix.cpp][info] Throw 213800/1000000
[MakeCovarianceMatrix.cpp][info] Throw 213900/1000000
[MakeCovarianceMatrix.cpp][info] Throw 214000/1000000
[MakeCovarianceMatrix.cpp][info] Throw 214100/1000000
[MakeCovarianceMatrix.cpp][info] Throw 214200/1000000
[MakeCovarianceMatrix.cpp][info] Throw 214300/1000000
[MakeCovarianceMatrix.cpp][info] Throw 214400/1000000
[MakeCovarianceMatrix.cpp][info] Throw 214500/1000000
[MakeCovarianceMatrix.cpp][info] Throw 214600/1000000
[MakeCovarianceMatrix.cpp][info] Throw 214700/1000000
[MakeCovarianceMatrix.cpp][info] Throw 214800/1000000
[MakeCovarianceMatrix.cpp][info] Throw 214900/1000000
[MakeCovarianceMatrix.cpp][info] Throw 215000/1000000
[MakeCovarianceMatrix.cpp][info] Throw 215100/1000000
[MakeCovarianceMatrix.cpp][info] Throw 215200/1000000
[MakeCovarianceMatrix.cpp][info] Throw 215300/1000000
[MakeCovarianceMatrix.cpp][info] Throw 215400/1000000
[MakeCovarianceMatrix.cpp][info] Throw 215500/1000000
[MakeCovarianceMatrix.cpp][info] Throw 215600/1000000
[MakeCovarianceMatrix.cpp][info] Throw 215700/1000000
[MakeCovarianceMatrix.cpp][info] Throw 215800/1000000
[MakeCovarianceMatrix.cpp][info] Throw 215900/1000000
[MakeCovarianceMatrix.cpp][info] Throw 216000/1000000
[MakeCovarianceMatrix.cpp][info] Throw 216100/1000000
[MakeCovarianceMatrix.cpp][info] Throw 216200/1000000
[MakeCovarianceMatrix.cpp][info] Throw 216300/1000000
[MakeCovarianceMatrix.cpp][info] Throw 216400/1000000
[MakeCovarianceMatrix.cpp][info] Throw 216500/1000000
[MakeCovarianceMatrix.cpp][info] Throw 216600/1000000
[MakeCovarianceMatrix.cpp][info] Throw 216700/1000000
[MakeCovarianceMatrix.cpp][info] Throw 216800/1000000
[MakeCovarianceMatrix.cpp][info] Throw 216900/1000000
[MakeCovarianceMatrix.cpp][info] Throw 217000/1000000
[MakeCovarianceMatrix.cpp][info] Throw 217100/1000000
[MakeCovarianceMatrix.cpp][info] Throw 217200/1000000
[MakeCovarianceMatrix.cpp][info] Throw 217300/1000000
[MakeCovarianceMatrix.cpp][info] Throw 217400/1000000
[MakeCovarianceMatrix.cpp][info] Throw 217500/1000000
[MakeCovarianceMatrix.cpp][info] Throw 217600/1000000
[MakeCovarianceMatrix.cpp][info] Throw 217700/1000000
[MakeCovarianceMatrix.cpp][info] Throw 217800/1000000
[MakeCovarianceMatrix.cpp][info] Throw 217900/1000000
[MakeCovarianceMatrix.cpp][info] Throw 218000/1000000
[MakeCovarianceMatrix.cpp][info] Throw 218100/1000000
[MakeCovarianceMatrix.cpp][info] Throw 218200/1000000
[MakeCovarianceMatrix.cpp][info] Throw 218300/1000000
[MakeCovarianceMatrix.cpp][info] Throw 218400/1000000
[MakeCovarianceMatrix.cpp][info] Throw 218500/1000000
[MakeCovarianceMatrix.cpp][info] Throw 218600/1000000
[MakeCovarianceMatrix.cpp][info] Throw 218700/1000000
[MakeCovarianceMatrix.cpp][info] Throw 218800/1000000
[MakeCovarianceMatrix.cpp][info] Throw 218900/1000000
[MakeCovarianceMatrix.cpp][info] Throw 219000/1000000
[MakeCovarianceMatrix.cpp][info] Throw 219100/1000000
[MakeCovarianceMatrix.cpp][info] Throw 219200/1000000
[MakeCovarianceMatrix.cpp][info] Throw 219300/1000000
[MakeCovarianceMatrix.cpp][info] Throw 219400/1000000
[MakeCovarianceMatrix.cpp][info] Throw 219500/1000000
[MakeCovarianceMatrix.cpp][info] Throw 219600/1000000
[MakeCovarianceMatrix.cpp][info] Throw 219700/1000000
[MakeCovarianceMatrix.cpp][info] Throw 219800/1000000
[MakeCovarianceMatrix.cpp][info] Throw 219900/1000000
[MakeCovarianceMatrix.cpp][info] Throw 220000/1000000
[MakeCovarianceMatrix.cpp][info] Throw 220100/1000000
[MakeCovarianceMatrix.cpp][info] Throw 220200/1000000
[MakeCovarianceMatrix.cpp][info] Throw 220300/1000000
[MakeCovarianceMatrix.cpp][info] Throw 220400/1000000
[MakeCovarianceMatrix.cpp][info] Throw 220500/1000000
[MakeCovarianceMatrix.cpp][info] Throw 220600/1000000
[MakeCovarianceMatrix.cpp][info] Throw 220700/1000000
[MakeCovarianceMatrix.cpp][info] Throw 220800/1000000
[MakeCovarianceMatrix.cpp][info] Throw 220900/1000000
[MakeCovarianceMatrix.cpp][info] Throw 221000/1000000
[MakeCovarianceMatrix.cpp][info] Throw 221100/1000000
[MakeCovarianceMatrix.cpp][info] Throw 221200/1000000
[MakeCovarianceMatrix.cpp][info] Throw 221300/1000000
[MakeCovarianceMatrix.cpp][info] Throw 221400/1000000
[MakeCovarianceMatrix.cpp][info] Throw 221500/1000000
[MakeCovarianceMatrix.cpp][info] Throw 221600/1000000
[MakeCovarianceMatrix.cpp][info] Throw 221700/1000000
[MakeCovarianceMatrix.cpp][info] Throw 221800/1000000
[MakeCovarianceMatrix.cpp][info] Throw 221900/1000000
[MakeCovarianceMatrix.cpp][info] Throw 222000/1000000
[MakeCovarianceMatrix.cpp][info] Throw 222100/1000000
[MakeCovarianceMatrix.cpp][info] Throw 222200/1000000
[MakeCovarianceMatrix.cpp][info] Throw 222300/1000000
[MakeCovarianceMatrix.cpp][info] Throw 222400/1000000
[MakeCovarianceMatrix.cpp][info] Throw 222500/1000000
[MakeCovarianceMatrix.cpp][info] Throw 222600/1000000
[MakeCovarianceMatrix.cpp][info] Throw 222700/1000000
[MakeCovarianceMatrix.cpp][info] Throw 222800/1000000
[MakeCovarianceMatrix.cpp][info] Throw 222900/1000000
[MakeCovarianceMatrix.cpp][info] Throw 223000/1000000
[MakeCovarianceMatrix.cpp][info] Throw 223100/1000000
[MakeCovarianceMatrix.cpp][info] Throw 223200/1000000
[MakeCovarianceMatrix.cpp][info] Throw 223300/1000000
[MakeCovarianceMatrix.cpp][info] Throw 223400/1000000
[MakeCovarianceMatrix.cpp][info] Throw 223500/1000000
[MakeCovarianceMatrix.cpp][info] Throw 223600/1000000
[MakeCovarianceMatrix.cpp][info] Throw 223700/1000000
[MakeCovarianceMatrix.cpp][info] Throw 223800/1000000
[MakeCovarianceMatrix.cpp][info] Throw 223900/1000000
[MakeCovarianceMatrix.cpp][info] Throw 224000/1000000
[MakeCovarianceMatrix.cpp][info] Throw 224100/1000000
[MakeCovarianceMatrix.cpp][info] Throw 224200/1000000
[MakeCovarianceMatrix.cpp][info] Throw 224300/1000000
[MakeCovarianceMatrix.cpp][info] Throw 224400/1000000
[MakeCovarianceMatrix.cpp][info] Throw 224500/1000000
[MakeCovarianceMatrix.cpp][info] Throw 224600/1000000
[MakeCovarianceMatrix.cpp][info] Throw 224700/1000000
[MakeCovarianceMatrix.cpp][info] Throw 224800/1000000
[MakeCovarianceMatrix.cpp][info] Throw 224900/1000000
[MakeCovarianceMatrix.cpp][info] Throw 225000/1000000
[MakeCovarianceMatrix.cpp][info] Throw 225100/1000000
[MakeCovarianceMatrix.cpp][info] Throw 225200/1000000
[MakeCovarianceMatrix.cpp][info] Throw 225300/1000000
[MakeCovarianceMatrix.cpp][info] Throw 225400/1000000
[MakeCovarianceMatrix.cpp][info] Throw 225500/1000000
[MakeCovarianceMatrix.cpp][info] Throw 225600/1000000
[MakeCovarianceMatrix.cpp][info] Throw 225700/1000000
[MakeCovarianceMatrix.cpp][info] Throw 225800/1000000
[MakeCovarianceMatrix.cpp][info] Throw 225900/1000000
[MakeCovarianceMatrix.cpp][info] Throw 226000/1000000
[MakeCovarianceMatrix.cpp][info] Throw 226100/1000000
[MakeCovarianceMatrix.cpp][info] Throw 226200/1000000
[MakeCovarianceMatrix.cpp][info] Throw 226300/1000000
[MakeCovarianceMatrix.cpp][info] Throw 226400/1000000
[MakeCovarianceMatrix.cpp][info] Throw 226500/1000000
[MakeCovarianceMatrix.cpp][info] Throw 226600/1000000
[MakeCovarianceMatrix.cpp][info] Throw 226700/1000000
[MakeCovarianceMatrix.cpp][info] Throw 226800/1000000
[MakeCovarianceMatrix.cpp][info] Throw 226900/1000000
[MakeCovarianceMatrix.cpp][info] Throw 227000/1000000
[MakeCovarianceMatrix.cpp][info] Throw 227100/1000000
[MakeCovarianceMatrix.cpp][info] Throw 227200/1000000
[MakeCovarianceMatrix.cpp][info] Throw 227300/1000000
[MakeCovarianceMatrix.cpp][info] Throw 227400/1000000
[MakeCovarianceMatrix.cpp][info] Throw 227500/1000000
[MakeCovarianceMatrix.cpp][info] Throw 227600/1000000
[MakeCovarianceMatrix.cpp][info] Throw 227700/1000000
[MakeCovarianceMatrix.cpp][info] Throw 227800/1000000
[MakeCovarianceMatrix.cpp][info] Throw 227900/1000000
[MakeCovarianceMatrix.cpp][info] Throw 228000/1000000
[MakeCovarianceMatrix.cpp][info] Throw 228100/1000000
[MakeCovarianceMatrix.cpp][info] Throw 228200/1000000
[MakeCovarianceMatrix.cpp][info] Throw 228300/1000000
[MakeCovarianceMatrix.cpp][info] Throw 228400/1000000
[MakeCovarianceMatrix.cpp][info] Throw 228500/1000000
[MakeCovarianceMatrix.cpp][info] Throw 228600/1000000
[MakeCovarianceMatrix.cpp][info] Throw 228700/1000000
[MakeCovarianceMatrix.cpp][info] Throw 228800/1000000
[MakeCovarianceMatrix.cpp][info] Throw 228900/1000000
[MakeCovarianceMatrix.cpp][info] Throw 229000/1000000
[MakeCovarianceMatrix.cpp][info] Throw 229100/1000000
[MakeCovarianceMatrix.cpp][info] Throw 229200/1000000
[MakeCovarianceMatrix.cpp][info] Throw 229300/1000000
[MakeCovarianceMatrix.cpp][info] Throw 229400/1000000
[MakeCovarianceMatrix.cpp][info] Throw 229500/1000000
[MakeCovarianceMatrix.cpp][info] Throw 229600/1000000
[MakeCovarianceMatrix.cpp][info] Throw 229700/1000000
[MakeCovarianceMatrix.cpp][info] Throw 229800/1000000
[MakeCovarianceMatrix.cpp][info] Throw 229900/1000000
[MakeCovarianceMatrix.cpp][info] Throw 230000/1000000
[MakeCovarianceMatrix.cpp][info] Throw 230100/1000000
[MakeCovarianceMatrix.cpp][info] Throw 230200/1000000
[MakeCovarianceMatrix.cpp][info] Throw 230300/1000000
[MakeCovarianceMatrix.cpp][info] Throw 230400/1000000
[MakeCovarianceMatrix.cpp][info] Throw 230500/1000000
[MakeCovarianceMatrix.cpp][info] Throw 230600/1000000
[MakeCovarianceMatrix.cpp][info] Throw 230700/1000000
[MakeCovarianceMatrix.cpp][info] Throw 230800/1000000
[MakeCovarianceMatrix.cpp][info] Throw 230900/1000000
[MakeCovarianceMatrix.cpp][info] Throw 231000/1000000
[MakeCovarianceMatrix.cpp][info] Throw 231100/1000000
[MakeCovarianceMatrix.cpp][info] Throw 231200/1000000
[MakeCovarianceMatrix.cpp][info] Throw 231300/1000000
[MakeCovarianceMatrix.cpp][info] Throw 231400/1000000
[MakeCovarianceMatrix.cpp][info] Throw 231500/1000000
[MakeCovarianceMatrix.cpp][info] Throw 231600/1000000
[MakeCovarianceMatrix.cpp][info] Throw 231700/1000000
[MakeCovarianceMatrix.cpp][info] Throw 231800/1000000
[MakeCovarianceMatrix.cpp][info] Throw 231900/1000000
[MakeCovarianceMatrix.cpp][info] Throw 232000/1000000
[MakeCovarianceMatrix.cpp][info] Throw 232100/1000000
[MakeCovarianceMatrix.cpp][info] Throw 232200/1000000
[MakeCovarianceMatrix.cpp][info] Throw 232300/1000000
[MakeCovarianceMatrix.cpp][info] Throw 232400/1000000
[MakeCovarianceMatrix.cpp][info] Throw 232500/1000000
[MakeCovarianceMatrix.cpp][info] Throw 232600/1000000
[MakeCovarianceMatrix.cpp][info] Throw 232700/1000000
[MakeCovarianceMatrix.cpp][info] Throw 232800/1000000
[MakeCovarianceMatrix.cpp][info] Throw 232900/1000000
[MakeCovarianceMatrix.cpp][info] Throw 233000/1000000
[MakeCovarianceMatrix.cpp][info] Throw 233100/1000000
[MakeCovarianceMatrix.cpp][info] Throw 233200/1000000
[MakeCovarianceMatrix.cpp][info] Throw 233300/1000000
[MakeCovarianceMatrix.cpp][info] Throw 233400/1000000
[MakeCovarianceMatrix.cpp][info] Throw 233500/1000000
[MakeCovarianceMatrix.cpp][info] Throw 233600/1000000
[MakeCovarianceMatrix.cpp][info] Throw 233700/1000000
[MakeCovarianceMatrix.cpp][info] Throw 233800/1000000
[MakeCovarianceMatrix.cpp][info] Throw 233900/1000000
[MakeCovarianceMatrix.cpp][info] Throw 234000/1000000
[MakeCovarianceMatrix.cpp][info] Throw 234100/1000000
[MakeCovarianceMatrix.cpp][info] Throw 234200/1000000
[MakeCovarianceMatrix.cpp][info] Throw 234300/1000000
[MakeCovarianceMatrix.cpp][info] Throw 234400/1000000
[MakeCovarianceMatrix.cpp][info] Throw 234500/1000000
[MakeCovarianceMatrix.cpp][info] Throw 234600/1000000
[MakeCovarianceMatrix.cpp][info] Throw 234700/1000000
[MakeCovarianceMatrix.cpp][info] Throw 234800/1000000
[MakeCovarianceMatrix.cpp][info] Throw 234900/1000000
[MakeCovarianceMatrix.cpp][info] Throw 235000/1000000
[MakeCovarianceMatrix.cpp][info] Throw 235100/1000000
[MakeCovarianceMatrix.cpp][info] Throw 235200/1000000
[MakeCovarianceMatrix.cpp][info] Throw 235300/1000000
[MakeCovarianceMatrix.cpp][info] Throw 235400/1000000
[MakeCovarianceMatrix.cpp][info] Throw 235500/1000000
[MakeCovarianceMatrix.cpp][info] Throw 235600/1000000
[MakeCovarianceMatrix.cpp][info] Throw 235700/1000000
[MakeCovarianceMatrix.cpp][info] Throw 235800/1000000
[MakeCovarianceMatrix.cpp][info] Throw 235900/1000000
[MakeCovarianceMatrix.cpp][info] Throw 236000/1000000
[MakeCovarianceMatrix.cpp][info] Throw 236100/1000000
[MakeCovarianceMatrix.cpp][info] Throw 236200/1000000
[MakeCovarianceMatrix.cpp][info] Throw 236300/1000000
[MakeCovarianceMatrix.cpp][info] Throw 236400/1000000
[MakeCovarianceMatrix.cpp][info] Throw 236500/1000000
[MakeCovarianceMatrix.cpp][info] Throw 236600/1000000
[MakeCovarianceMatrix.cpp][info] Throw 236700/1000000
[MakeCovarianceMatrix.cpp][info] Throw 236800/1000000
[MakeCovarianceMatrix.cpp][info] Throw 236900/1000000
[MakeCovarianceMatrix.cpp][info] Throw 237000/1000000
[MakeCovarianceMatrix.cpp][info] Throw 237100/1000000
[MakeCovarianceMatrix.cpp][info] Throw 237200/1000000
[MakeCovarianceMatrix.cpp][info] Throw 237300/1000000
[MakeCovarianceMatrix.cpp][info] Throw 237400/1000000
[MakeCovarianceMatrix.cpp][info] Throw 237500/1000000
[MakeCovarianceMatrix.cpp][info] Throw 237600/1000000
[MakeCovarianceMatrix.cpp][info] Throw 237700/1000000
[MakeCovarianceMatrix.cpp][info] Throw 237800/1000000
[MakeCovarianceMatrix.cpp][info] Throw 237900/1000000
[MakeCovarianceMatrix.cpp][info] Throw 238000/1000000
[MakeCovarianceMatrix.cpp][info] Throw 238100/1000000
[MakeCovarianceMatrix.cpp][info] Throw 238200/1000000
[MakeCovarianceMatrix.cpp][info] Throw 238300/1000000
[MakeCovarianceMatrix.cpp][info] Throw 238400/1000000
[MakeCovarianceMatrix.cpp][info] Throw 238500/1000000
[MakeCovarianceMatrix.cpp][info] Throw 238600/1000000
[MakeCovarianceMatrix.cpp][info] Throw 238700/1000000
[MakeCovarianceMatrix.cpp][info] Throw 238800/1000000
[MakeCovarianceMatrix.cpp][info] Throw 238900/1000000
[MakeCovarianceMatrix.cpp][info] Throw 239000/1000000
[MakeCovarianceMatrix.cpp][info] Throw 239100/1000000
[MakeCovarianceMatrix.cpp][info] Throw 239200/1000000
[MakeCovarianceMatrix.cpp][info] Throw 239300/1000000
[MakeCovarianceMatrix.cpp][info] Throw 239400/1000000
[MakeCovarianceMatrix.cpp][info] Throw 239500/1000000
[MakeCovarianceMatrix.cpp][info] Throw 239600/1000000
[MakeCovarianceMatrix.cpp][info] Throw 239700/1000000
[MakeCovarianceMatrix.cpp][info] Throw 239800/1000000
[MakeCovarianceMatrix.cpp][info] Throw 239900/1000000
[MakeCovarianceMatrix.cpp][info] Throw 240000/1000000
[MakeCovarianceMatrix.cpp][info] Throw 240100/1000000
[MakeCovarianceMatrix.cpp][info] Throw 240200/1000000
[MakeCovarianceMatrix.cpp][info] Throw 240300/1000000
[MakeCovarianceMatrix.cpp][info] Throw 240400/1000000
[MakeCovarianceMatrix.cpp][info] Throw 240500/1000000
[MakeCovarianceMatrix.cpp][info] Throw 240600/1000000
[MakeCovarianceMatrix.cpp][info] Throw 240700/1000000
[MakeCovarianceMatrix.cpp][info] Throw 240800/1000000
[MakeCovarianceMatrix.cpp][info] Throw 240900/1000000
[MakeCovarianceMatrix.cpp][info] Throw 241000/1000000
[MakeCovarianceMatrix.cpp][info] Throw 241100/1000000
[MakeCovarianceMatrix.cpp][info] Throw 241200/1000000
[MakeCovarianceMatrix.cpp][info] Throw 241300/1000000
[MakeCovarianceMatrix.cpp][info] Throw 241400/1000000
[MakeCovarianceMatrix.cpp][info] Throw 241500/1000000
[MakeCovarianceMatrix.cpp][info] Throw 241600/1000000
[MakeCovarianceMatrix.cpp][info] Throw 241700/1000000
[MakeCovarianceMatrix.cpp][info] Throw 241800/1000000
[MakeCovarianceMatrix.cpp][info] Throw 241900/1000000
[MakeCovarianceMatrix.cpp][info] Throw 242000/1000000
[MakeCovarianceMatrix.cpp][info] Throw 242100/1000000
[MakeCovarianceMatrix.cpp][info] Throw 242200/1000000
[MakeCovarianceMatrix.cpp][info] Throw 242300/1000000
[MakeCovarianceMatrix.cpp][info] Throw 242400/1000000
[MakeCovarianceMatrix.cpp][info] Throw 242500/1000000
[MakeCovarianceMatrix.cpp][info] Throw 242600/1000000
[MakeCovarianceMatrix.cpp][info] Throw 242700/1000000
[MakeCovarianceMatrix.cpp][info] Throw 242800/1000000
[MakeCovarianceMatrix.cpp][info] Throw 242900/1000000
[MakeCovarianceMatrix.cpp][info] Throw 243000/1000000
[MakeCovarianceMatrix.cpp][info] Throw 243100/1000000
[MakeCovarianceMatrix.cpp][info] Throw 243200/1000000
[MakeCovarianceMatrix.cpp][info] Throw 243300/1000000
[MakeCovarianceMatrix.cpp][info] Throw 243400/1000000
[MakeCovarianceMatrix.cpp][info] Throw 243500/1000000
[MakeCovarianceMatrix.cpp][info] Throw 243600/1000000
[MakeCovarianceMatrix.cpp][info] Throw 243700/1000000
[MakeCovarianceMatrix.cpp][info] Throw 243800/1000000
[MakeCovarianceMatrix.cpp][info] Throw 243900/1000000
[MakeCovarianceMatrix.cpp][info] Throw 244000/1000000
[MakeCovarianceMatrix.cpp][info] Throw 244100/1000000
[MakeCovarianceMatrix.cpp][info] Throw 244200/1000000
[MakeCovarianceMatrix.cpp][info] Throw 244300/1000000
[MakeCovarianceMatrix.cpp][info] Throw 244400/1000000
[MakeCovarianceMatrix.cpp][info] Throw 244500/1000000
[MakeCovarianceMatrix.cpp][info] Throw 244600/1000000
[MakeCovarianceMatrix.cpp][info] Throw 244700/1000000
[MakeCovarianceMatrix.cpp][info] Throw 244800/1000000
[MakeCovarianceMatrix.cpp][info] Throw 244900/1000000
[MakeCovarianceMatrix.cpp][info] Throw 245000/1000000
[MakeCovarianceMatrix.cpp][info] Throw 245100/1000000
[MakeCovarianceMatrix.cpp][info] Throw 245200/1000000
[MakeCovarianceMatrix.cpp][info] Throw 245300/1000000
[MakeCovarianceMatrix.cpp][info] Throw 245400/1000000
[MakeCovarianceMatrix.cpp][info] Throw 245500/1000000
[MakeCovarianceMatrix.cpp][info] Throw 245600/1000000
[MakeCovarianceMatrix.cpp][info] Throw 245700/1000000
[MakeCovarianceMatrix.cpp][info] Throw 245800/1000000
[MakeCovarianceMatrix.cpp][info] Throw 245900/1000000
[MakeCovarianceMatrix.cpp][info] Throw 246000/1000000
[MakeCovarianceMatrix.cpp][info] Throw 246100/1000000
[MakeCovarianceMatrix.cpp][info] Throw 246200/1000000
[MakeCovarianceMatrix.cpp][info] Throw 246300/1000000
[MakeCovarianceMatrix.cpp][info] Throw 246400/1000000
[MakeCovarianceMatrix.cpp][info] Throw 246500/1000000
[MakeCovarianceMatrix.cpp][info] Throw 246600/1000000
[MakeCovarianceMatrix.cpp][info] Throw 246700/1000000
[MakeCovarianceMatrix.cpp][info] Throw 246800/1000000
[MakeCovarianceMatrix.cpp][info] Throw 246900/1000000
[MakeCovarianceMatrix.cpp][info] Throw 247000/1000000
[MakeCovarianceMatrix.cpp][info] Throw 247100/1000000
[MakeCovarianceMatrix.cpp][info] Throw 247200/1000000
[MakeCovarianceMatrix.cpp][info] Throw 247300/1000000
[MakeCovarianceMatrix.cpp][info] Throw 247400/1000000
[MakeCovarianceMatrix.cpp][info] Throw 247500/1000000
[MakeCovarianceMatrix.cpp][info] Throw 247600/1000000
[MakeCovarianceMatrix.cpp][info] Throw 247700/1000000
[MakeCovarianceMatrix.cpp][info] Throw 247800/1000000
[MakeCovarianceMatrix.cpp][info] Throw 247900/1000000
[MakeCovarianceMatrix.cpp][info] Throw 248000/1000000
[MakeCovarianceMatrix.cpp][info] Throw 248100/1000000
[MakeCovarianceMatrix.cpp][info] Throw 248200/1000000
[MakeCovarianceMatrix.cpp][info] Throw 248300/1000000
[MakeCovarianceMatrix.cpp][info] Throw 248400/1000000
[MakeCovarianceMatrix.cpp][info] Throw 248500/1000000
[MakeCovarianceMatrix.cpp][info] Throw 248600/1000000
[MakeCovarianceMatrix.cpp][info] Throw 248700/1000000
[MakeCovarianceMatrix.cpp][info] Throw 248800/1000000
[MakeCovarianceMatrix.cpp][info] Throw 248900/1000000
[MakeCovarianceMatrix.cpp][info] Throw 249000/1000000
[MakeCovarianceMatrix.cpp][info] Throw 249100/1000000
[MakeCovarianceMatrix.cpp][info] Throw 249200/1000000
[MakeCovarianceMatrix.cpp][info] Throw 249300/1000000
[MakeCovarianceMatrix.cpp][info] Throw 249400/1000000
[MakeCovarianceMatrix.cpp][info] Throw 249500/1000000
[MakeCovarianceMatrix.cpp][info] Throw 249600/1000000
[MakeCovarianceMatrix.cpp][info] Throw 249700/1000000
[MakeCovarianceMatrix.cpp][info] Throw 249800/1000000
[MakeCovarianceMatrix.cpp][info] Throw 249900/1000000
[MakeCovarianceMatrix.cpp][info] Throw 250000/1000000
[MakeCovarianceMatrix.cpp][info] Throw 250100/1000000
[MakeCovarianceMatrix.cpp][info] Throw 250200/1000000
[MakeCovarianceMatrix.cpp][info] Throw 250300/1000000
[MakeCovarianceMatrix.cpp][info] Throw 250400/1000000
[MakeCovarianceMatrix.cpp][info] Throw 250500/1000000
[MakeCovarianceMatrix.cpp][info] Throw 250600/1000000
[MakeCovarianceMatrix.cpp][info] Throw 250700/1000000
[MakeCovarianceMatrix.cpp][info] Throw 250800/1000000
[MakeCovarianceMatrix.cpp][info] Throw 250900/1000000
[MakeCovarianceMatrix.cpp][info] Throw 251000/1000000
[MakeCovarianceMatrix.cpp][info] Throw 251100/1000000
[MakeCovarianceMatrix.cpp][info] Throw 251200/1000000
[MakeCovarianceMatrix.cpp][info] Throw 251300/1000000
[MakeCovarianceMatrix.cpp][info] Throw 251400/1000000
[MakeCovarianceMatrix.cpp][info] Throw 251500/1000000
[MakeCovarianceMatrix.cpp][info] Throw 251600/1000000
[MakeCovarianceMatrix.cpp][info] Throw 251700/1000000
[MakeCovarianceMatrix.cpp][info] Throw 251800/1000000
[MakeCovarianceMatrix.cpp][info] Throw 251900/1000000
[MakeCovarianceMatrix.cpp][info] Throw 252000/1000000
[MakeCovarianceMatrix.cpp][info] Throw 252100/1000000
[MakeCovarianceMatrix.cpp][info] Throw 252200/1000000
[MakeCovarianceMatrix.cpp][info] Throw 252300/1000000
[MakeCovarianceMatrix.cpp][info] Throw 252400/1000000
[MakeCovarianceMatrix.cpp][info] Throw 252500/1000000
[MakeCovarianceMatrix.cpp][info] Throw 252600/1000000
[MakeCovarianceMatrix.cpp][info] Throw 252700/1000000
[MakeCovarianceMatrix.cpp][info] Throw 252800/1000000
[MakeCovarianceMatrix.cpp][info] Throw 252900/1000000
[MakeCovarianceMatrix.cpp][info] Throw 253000/1000000
[MakeCovarianceMatrix.cpp][info] Throw 253100/1000000
[MakeCovarianceMatrix.cpp][info] Throw 253200/1000000
[MakeCovarianceMatrix.cpp][info] Throw 253300/1000000
[MakeCovarianceMatrix.cpp][info] Throw 253400/1000000
[MakeCovarianceMatrix.cpp][info] Throw 253500/1000000
[MakeCovarianceMatrix.cpp][info] Throw 253600/1000000
[MakeCovarianceMatrix.cpp][info] Throw 253700/1000000
[MakeCovarianceMatrix.cpp][info] Throw 253800/1000000
[MakeCovarianceMatrix.cpp][info] Throw 253900/1000000
[MakeCovarianceMatrix.cpp][info] Throw 254000/1000000
[MakeCovarianceMatrix.cpp][info] Throw 254100/1000000
[MakeCovarianceMatrix.cpp][info] Throw 254200/1000000
[MakeCovarianceMatrix.cpp][info] Throw 254300/1000000
[MakeCovarianceMatrix.cpp][info] Throw 254400/1000000
[MakeCovarianceMatrix.cpp][info] Throw 254500/1000000
[MakeCovarianceMatrix.cpp][info] Throw 254600/1000000
[MakeCovarianceMatrix.cpp][info] Throw 254700/1000000
[MakeCovarianceMatrix.cpp][info] Throw 254800/1000000
[MakeCovarianceMatrix.cpp][info] Throw 254900/1000000
[MakeCovarianceMatrix.cpp][info] Throw 255000/1000000
[MakeCovarianceMatrix.cpp][info] Throw 255100/1000000
[MakeCovarianceMatrix.cpp][info] Throw 255200/1000000
[MakeCovarianceMatrix.cpp][info] Throw 255300/1000000
[MakeCovarianceMatrix.cpp][info] Throw 255400/1000000
[MakeCovarianceMatrix.cpp][info] Throw 255500/1000000
[MakeCovarianceMatrix.cpp][info] Throw 255600/1000000
[MakeCovarianceMatrix.cpp][info] Throw 255700/1000000
[MakeCovarianceMatrix.cpp][info] Throw 255800/1000000
[MakeCovarianceMatrix.cpp][info] Throw 255900/1000000
[MakeCovarianceMatrix.cpp][info] Throw 256000/1000000
[MakeCovarianceMatrix.cpp][info] Throw 256100/1000000
[MakeCovarianceMatrix.cpp][info] Throw 256200/1000000
[MakeCovarianceMatrix.cpp][info] Throw 256300/1000000
[MakeCovarianceMatrix.cpp][info] Throw 256400/1000000
[MakeCovarianceMatrix.cpp][info] Throw 256500/1000000
[MakeCovarianceMatrix.cpp][info] Throw 256600/1000000
[MakeCovarianceMatrix.cpp][info] Throw 256700/1000000
[MakeCovarianceMatrix.cpp][info] Throw 256800/1000000
[MakeCovarianceMatrix.cpp][info] Throw 256900/1000000
[MakeCovarianceMatrix.cpp][info] Throw 257000/1000000
[MakeCovarianceMatrix.cpp][info] Throw 257100/1000000
[MakeCovarianceMatrix.cpp][info] Throw 257200/1000000
[MakeCovarianceMatrix.cpp][info] Throw 257300/1000000
[MakeCovarianceMatrix.cpp][info] Throw 257400/1000000
[MakeCovarianceMatrix.cpp][info] Throw 257500/1000000
[MakeCovarianceMatrix.cpp][info] Throw 257600/1000000
[MakeCovarianceMatrix.cpp][info] Throw 257700/1000000
[MakeCovarianceMatrix.cpp][info] Throw 257800/1000000
[MakeCovarianceMatrix.cpp][info] Throw 257900/1000000
[MakeCovarianceMatrix.cpp][info] Throw 258000/1000000
[MakeCovarianceMatrix.cpp][info] Throw 258100/1000000
[MakeCovarianceMatrix.cpp][info] Throw 258200/1000000
[MakeCovarianceMatrix.cpp][info] Throw 258300/1000000
[MakeCovarianceMatrix.cpp][info] Throw 258400/1000000
[MakeCovarianceMatrix.cpp][info] Throw 258500/1000000
[MakeCovarianceMatrix.cpp][info] Throw 258600/1000000
[MakeCovarianceMatrix.cpp][info] Throw 258700/1000000
[MakeCovarianceMatrix.cpp][info] Throw 258800/1000000
[MakeCovarianceMatrix.cpp][info] Throw 258900/1000000
[MakeCovarianceMatrix.cpp][info] Throw 259000/1000000
[MakeCovarianceMatrix.cpp][info] Throw 259100/1000000
[MakeCovarianceMatrix.cpp][info] Throw 259200/1000000
[MakeCovarianceMatrix.cpp][info] Throw 259300/1000000
[MakeCovarianceMatrix.cpp][info] Throw 259400/1000000
[MakeCovarianceMatrix.cpp][info] Throw 259500/1000000
[MakeCovarianceMatrix.cpp][info] Throw 259600/1000000
[MakeCovarianceMatrix.cpp][info] Throw 259700/1000000
[MakeCovarianceMatrix.cpp][info] Throw 259800/1000000
[MakeCovarianceMatrix.cpp][info] Throw 259900/1000000
[MakeCovarianceMatrix.cpp][info] Throw 260000/1000000
[MakeCovarianceMatrix.cpp][info] Throw 260100/1000000
[MakeCovarianceMatrix.cpp][info] Throw 260200/1000000
[MakeCovarianceMatrix.cpp][info] Throw 260300/1000000
[MakeCovarianceMatrix.cpp][info] Throw 260400/1000000
[MakeCovarianceMatrix.cpp][info] Throw 260500/1000000
[MakeCovarianceMatrix.cpp][info] Throw 260600/1000000
[MakeCovarianceMatrix.cpp][info] Throw 260700/1000000
[MakeCovarianceMatrix.cpp][info] Throw 260800/1000000
[MakeCovarianceMatrix.cpp][info] Throw 260900/1000000
[MakeCovarianceMatrix.cpp][info] Throw 261000/1000000
[MakeCovarianceMatrix.cpp][info] Throw 261100/1000000
[MakeCovarianceMatrix.cpp][info] Throw 261200/1000000
[MakeCovarianceMatrix.cpp][info] Throw 261300/1000000
[MakeCovarianceMatrix.cpp][info] Throw 261400/1000000
[MakeCovarianceMatrix.cpp][info] Throw 261500/1000000
[MakeCovarianceMatrix.cpp][info] Throw 261600/1000000
[MakeCovarianceMatrix.cpp][info] Throw 261700/1000000
[MakeCovarianceMatrix.cpp][info] Throw 261800/1000000
[MakeCovarianceMatrix.cpp][info] Throw 261900/1000000
[MakeCovarianceMatrix.cpp][info] Throw 262000/1000000
[MakeCovarianceMatrix.cpp][info] Throw 262100/1000000
[MakeCovarianceMatrix.cpp][info] Throw 262200/1000000
[MakeCovarianceMatrix.cpp][info] Throw 262300/1000000
[MakeCovarianceMatrix.cpp][info] Throw 262400/1000000
[MakeCovarianceMatrix.cpp][info] Throw 262500/1000000
[MakeCovarianceMatrix.cpp][info] Throw 262600/1000000
[MakeCovarianceMatrix.cpp][info] Throw 262700/1000000
[MakeCovarianceMatrix.cpp][info] Throw 262800/1000000
[MakeCovarianceMatrix.cpp][info] Throw 262900/1000000
[MakeCovarianceMatrix.cpp][info] Throw 263000/1000000
[MakeCovarianceMatrix.cpp][info] Throw 263100/1000000
[MakeCovarianceMatrix.cpp][info] Throw 263200/1000000
[MakeCovarianceMatrix.cpp][info] Throw 263300/1000000
[MakeCovarianceMatrix.cpp][info] Throw 263400/1000000
[MakeCovarianceMatrix.cpp][info] Throw 263500/1000000
[MakeCovarianceMatrix.cpp][info] Throw 263600/1000000
[MakeCovarianceMatrix.cpp][info] Throw 263700/1000000
[MakeCovarianceMatrix.cpp][info] Throw 263800/1000000
[MakeCovarianceMatrix.cpp][info] Throw 263900/1000000
[MakeCovarianceMatrix.cpp][info] Throw 264000/1000000
[MakeCovarianceMatrix.cpp][info] Throw 264100/1000000
[MakeCovarianceMatrix.cpp][info] Throw 264200/1000000
[MakeCovarianceMatrix.cpp][info] Throw 264300/1000000
[MakeCovarianceMatrix.cpp][info] Throw 264400/1000000
[MakeCovarianceMatrix.cpp][info] Throw 264500/1000000
[MakeCovarianceMatrix.cpp][info] Throw 264600/1000000
[MakeCovarianceMatrix.cpp][info] Throw 264700/1000000
[MakeCovarianceMatrix.cpp][info] Throw 264800/1000000
[MakeCovarianceMatrix.cpp][info] Throw 264900/1000000
[MakeCovarianceMatrix.cpp][info] Throw 265000/1000000
[MakeCovarianceMatrix.cpp][info] Throw 265100/1000000
[MakeCovarianceMatrix.cpp][info] Throw 265200/1000000
[MakeCovarianceMatrix.cpp][info] Throw 265300/1000000
[MakeCovarianceMatrix.cpp][info] Throw 265400/1000000
[MakeCovarianceMatrix.cpp][info] Throw 265500/1000000
[MakeCovarianceMatrix.cpp][info] Throw 265600/1000000
[MakeCovarianceMatrix.cpp][info] Throw 265700/1000000
[MakeCovarianceMatrix.cpp][info] Throw 265800/1000000
[MakeCovarianceMatrix.cpp][info] Throw 265900/1000000
[MakeCovarianceMatrix.cpp][info] Throw 266000/1000000
[MakeCovarianceMatrix.cpp][info] Throw 266100/1000000
[MakeCovarianceMatrix.cpp][info] Throw 266200/1000000
[MakeCovarianceMatrix.cpp][info] Throw 266300/1000000
[MakeCovarianceMatrix.cpp][info] Throw 266400/1000000
[MakeCovarianceMatrix.cpp][info] Throw 266500/1000000
[MakeCovarianceMatrix.cpp][info] Throw 266600/1000000
[MakeCovarianceMatrix.cpp][info] Throw 266700/1000000
[MakeCovarianceMatrix.cpp][info] Throw 266800/1000000
[MakeCovarianceMatrix.cpp][info] Throw 266900/1000000
[MakeCovarianceMatrix.cpp][info] Throw 267000/1000000
[MakeCovarianceMatrix.cpp][info] Throw 267100/1000000
[MakeCovarianceMatrix.cpp][info] Throw 267200/1000000
[MakeCovarianceMatrix.cpp][info] Throw 267300/1000000
[MakeCovarianceMatrix.cpp][info] Throw 267400/1000000
[MakeCovarianceMatrix.cpp][info] Throw 267500/1000000
[MakeCovarianceMatrix.cpp][info] Throw 267600/1000000
[MakeCovarianceMatrix.cpp][info] Throw 267700/1000000
[MakeCovarianceMatrix.cpp][info] Throw 267800/1000000
[MakeCovarianceMatrix.cpp][info] Throw 267900/1000000
[MakeCovarianceMatrix.cpp][info] Throw 268000/1000000
[MakeCovarianceMatrix.cpp][info] Throw 268100/1000000
[MakeCovarianceMatrix.cpp][info] Throw 268200/1000000
[MakeCovarianceMatrix.cpp][info] Throw 268300/1000000
[MakeCovarianceMatrix.cpp][info] Throw 268400/1000000
[MakeCovarianceMatrix.cpp][info] Throw 268500/1000000
[MakeCovarianceMatrix.cpp][info] Throw 268600/1000000
[MakeCovarianceMatrix.cpp][info] Throw 268700/1000000
[MakeCovarianceMatrix.cpp][info] Throw 268800/1000000
[MakeCovarianceMatrix.cpp][info] Throw 268900/1000000
[MakeCovarianceMatrix.cpp][info] Throw 269000/1000000
[MakeCovarianceMatrix.cpp][info] Throw 269100/1000000
[MakeCovarianceMatrix.cpp][info] Throw 269200/1000000
[MakeCovarianceMatrix.cpp][info] Throw 269300/1000000
[MakeCovarianceMatrix.cpp][info] Throw 269400/1000000
[MakeCovarianceMatrix.cpp][info] Throw 269500/1000000
[MakeCovarianceMatrix.cpp][info] Throw 269600/1000000
[MakeCovarianceMatrix.cpp][info] Throw 269700/1000000
[MakeCovarianceMatrix.cpp][info] Throw 269800/1000000
[MakeCovarianceMatrix.cpp][info] Throw 269900/1000000
[MakeCovarianceMatrix.cpp][info] Throw 270000/1000000
[MakeCovarianceMatrix.cpp][info] Throw 270100/1000000
[MakeCovarianceMatrix.cpp][info] Throw 270200/1000000
[MakeCovarianceMatrix.cpp][info] Throw 270300/1000000
[MakeCovarianceMatrix.cpp][info] Throw 270400/1000000
[MakeCovarianceMatrix.cpp][info] Throw 270500/1000000
[MakeCovarianceMatrix.cpp][info] Throw 270600/1000000
[MakeCovarianceMatrix.cpp][info] Throw 270700/1000000
[MakeCovarianceMatrix.cpp][info] Throw 270800/1000000
[MakeCovarianceMatrix.cpp][info] Throw 270900/1000000
[MakeCovarianceMatrix.cpp][info] Throw 271000/1000000
[MakeCovarianceMatrix.cpp][info] Throw 271100/1000000
[MakeCovarianceMatrix.cpp][info] Throw 271200/1000000
[MakeCovarianceMatrix.cpp][info] Throw 271300/1000000
[MakeCovarianceMatrix.cpp][info] Throw 271400/1000000
[MakeCovarianceMatrix.cpp][info] Throw 271500/1000000
[MakeCovarianceMatrix.cpp][info] Throw 271600/1000000
[MakeCovarianceMatrix.cpp][info] Throw 271700/1000000
[MakeCovarianceMatrix.cpp][info] Throw 271800/1000000
[MakeCovarianceMatrix.cpp][info] Throw 271900/1000000
[MakeCovarianceMatrix.cpp][info] Throw 272000/1000000
[MakeCovarianceMatrix.cpp][info] Throw 272100/1000000
[MakeCovarianceMatrix.cpp][info] Throw 272200/1000000
[MakeCovarianceMatrix.cpp][info] Throw 272300/1000000
[MakeCovarianceMatrix.cpp][info] Throw 272400/1000000
[MakeCovarianceMatrix.cpp][info] Throw 272500/1000000
[MakeCovarianceMatrix.cpp][info] Throw 272600/1000000
[MakeCovarianceMatrix.cpp][info] Throw 272700/1000000
[MakeCovarianceMatrix.cpp][info] Throw 272800/1000000
[MakeCovarianceMatrix.cpp][info] Throw 272900/1000000
[MakeCovarianceMatrix.cpp][info] Throw 273000/1000000
[MakeCovarianceMatrix.cpp][info] Throw 273100/1000000
[MakeCovarianceMatrix.cpp][info] Throw 273200/1000000
[MakeCovarianceMatrix.cpp][info] Throw 273300/1000000
[MakeCovarianceMatrix.cpp][info] Throw 273400/1000000
[MakeCovarianceMatrix.cpp][info] Throw 273500/1000000
[MakeCovarianceMatrix.cpp][info] Throw 273600/1000000
[MakeCovarianceMatrix.cpp][info] Throw 273700/1000000
[MakeCovarianceMatrix.cpp][info] Throw 273800/1000000
[MakeCovarianceMatrix.cpp][info] Throw 273900/1000000
[MakeCovarianceMatrix.cpp][info] Throw 274000/1000000
[MakeCovarianceMatrix.cpp][info] Throw 274100/1000000
[MakeCovarianceMatrix.cpp][info] Throw 274200/1000000
[MakeCovarianceMatrix.cpp][info] Throw 274300/1000000
[MakeCovarianceMatrix.cpp][info] Throw 274400/1000000
[MakeCovarianceMatrix.cpp][info] Throw 274500/1000000
[MakeCovarianceMatrix.cpp][info] Throw 274600/1000000
[MakeCovarianceMatrix.cpp][info] Throw 274700/1000000
[MakeCovarianceMatrix.cpp][info] Throw 274800/1000000
[MakeCovarianceMatrix.cpp][info] Throw 274900/1000000
[MakeCovarianceMatrix.cpp][info] Throw 275000/1000000
[MakeCovarianceMatrix.cpp][info] Throw 275100/1000000
[MakeCovarianceMatrix.cpp][info] Throw 275200/1000000
[MakeCovarianceMatrix.cpp][info] Throw 275300/1000000
[MakeCovarianceMatrix.cpp][info] Throw 275400/1000000
[MakeCovarianceMatrix.cpp][info] Throw 275500/1000000
[MakeCovarianceMatrix.cpp][info] Throw 275600/1000000
[MakeCovarianceMatrix.cpp][info] Throw 275700/1000000
[MakeCovarianceMatrix.cpp][info] Throw 275800/1000000
[MakeCovarianceMatrix.cpp][info] Throw 275900/1000000
[MakeCovarianceMatrix.cpp][info] Throw 276000/1000000
[MakeCovarianceMatrix.cpp][info] Throw 276100/1000000
[MakeCovarianceMatrix.cpp][info] Throw 276200/1000000
[MakeCovarianceMatrix.cpp][info] Throw 276300/1000000
[MakeCovarianceMatrix.cpp][info] Throw 276400/1000000
[MakeCovarianceMatrix.cpp][info] Throw 276500/1000000
[MakeCovarianceMatrix.cpp][info] Throw 276600/1000000
[MakeCovarianceMatrix.cpp][info] Throw 276700/1000000
[MakeCovarianceMatrix.cpp][info] Throw 276800/1000000
[MakeCovarianceMatrix.cpp][info] Throw 276900/1000000
[MakeCovarianceMatrix.cpp][info] Throw 277000/1000000
[MakeCovarianceMatrix.cpp][info] Throw 277100/1000000
[MakeCovarianceMatrix.cpp][info] Throw 277200/1000000
[MakeCovarianceMatrix.cpp][info] Throw 277300/1000000
[MakeCovarianceMatrix.cpp][info] Throw 277400/1000000
[MakeCovarianceMatrix.cpp][info] Throw 277500/1000000
[MakeCovarianceMatrix.cpp][info] Throw 277600/1000000
[MakeCovarianceMatrix.cpp][info] Throw 277700/1000000
[MakeCovarianceMatrix.cpp][info] Throw 277800/1000000
[MakeCovarianceMatrix.cpp][info] Throw 277900/1000000
[MakeCovarianceMatrix.cpp][info] Throw 278000/1000000
[MakeCovarianceMatrix.cpp][info] Throw 278100/1000000
[MakeCovarianceMatrix.cpp][info] Throw 278200/1000000
[MakeCovarianceMatrix.cpp][info] Throw 278300/1000000
[MakeCovarianceMatrix.cpp][info] Throw 278400/1000000
[MakeCovarianceMatrix.cpp][info] Throw 278500/1000000
[MakeCovarianceMatrix.cpp][info] Throw 278600/1000000
[MakeCovarianceMatrix.cpp][info] Throw 278700/1000000
[MakeCovarianceMatrix.cpp][info] Throw 278800/1000000
[MakeCovarianceMatrix.cpp][info] Throw 278900/1000000
[MakeCovarianceMatrix.cpp][info] Throw 279000/1000000
[MakeCovarianceMatrix.cpp][info] Throw 279100/1000000
[MakeCovarianceMatrix.cpp][info] Throw 279200/1000000
[MakeCovarianceMatrix.cpp][info] Throw 279300/1000000
[MakeCovarianceMatrix.cpp][info] Throw 279400/1000000
[MakeCovarianceMatrix.cpp][info] Throw 279500/1000000
[MakeCovarianceMatrix.cpp][info] Throw 279600/1000000
[MakeCovarianceMatrix.cpp][info] Throw 279700/1000000
[MakeCovarianceMatrix.cpp][info] Throw 279800/1000000
[MakeCovarianceMatrix.cpp][info] Throw 279900/1000000
[MakeCovarianceMatrix.cpp][info] Throw 280000/1000000
[MakeCovarianceMatrix.cpp][info] Throw 280100/1000000
[MakeCovarianceMatrix.cpp][info] Throw 280200/1000000
[MakeCovarianceMatrix.cpp][info] Throw 280300/1000000
[MakeCovarianceMatrix.cpp][info] Throw 280400/1000000
[MakeCovarianceMatrix.cpp][info] Throw 280500/1000000
[MakeCovarianceMatrix.cpp][info] Throw 280600/1000000
[MakeCovarianceMatrix.cpp][info] Throw 280700/1000000
[MakeCovarianceMatrix.cpp][info] Throw 280800/1000000
[MakeCovarianceMatrix.cpp][info] Throw 280900/1000000
[MakeCovarianceMatrix.cpp][info] Throw 281000/1000000
[MakeCovarianceMatrix.cpp][info] Throw 281100/1000000
[MakeCovarianceMatrix.cpp][info] Throw 281200/1000000
[MakeCovarianceMatrix.cpp][info] Throw 281300/1000000
[MakeCovarianceMatrix.cpp][info] Throw 281400/1000000
[MakeCovarianceMatrix.cpp][info] Throw 281500/1000000
[MakeCovarianceMatrix.cpp][info] Throw 281600/1000000
[MakeCovarianceMatrix.cpp][info] Throw 281700/1000000
[MakeCovarianceMatrix.cpp][info] Throw 281800/1000000
[MakeCovarianceMatrix.cpp][info] Throw 281900/1000000
[MakeCovarianceMatrix.cpp][info] Throw 282000/1000000
[MakeCovarianceMatrix.cpp][info] Throw 282100/1000000
[MakeCovarianceMatrix.cpp][info] Throw 282200/1000000
[MakeCovarianceMatrix.cpp][info] Throw 282300/1000000
[MakeCovarianceMatrix.cpp][info] Throw 282400/1000000
[MakeCovarianceMatrix.cpp][info] Throw 282500/1000000
[MakeCovarianceMatrix.cpp][info] Throw 282600/1000000
[MakeCovarianceMatrix.cpp][info] Throw 282700/1000000
[MakeCovarianceMatrix.cpp][info] Throw 282800/1000000
[MakeCovarianceMatrix.cpp][info] Throw 282900/1000000
[MakeCovarianceMatrix.cpp][info] Throw 283000/1000000
[MakeCovarianceMatrix.cpp][info] Throw 283100/1000000
[MakeCovarianceMatrix.cpp][info] Throw 283200/1000000
[MakeCovarianceMatrix.cpp][info] Throw 283300/1000000
[MakeCovarianceMatrix.cpp][info] Throw 283400/1000000
[MakeCovarianceMatrix.cpp][info] Throw 283500/1000000
[MakeCovarianceMatrix.cpp][info] Throw 283600/1000000
[MakeCovarianceMatrix.cpp][info] Throw 283700/1000000
[MakeCovarianceMatrix.cpp][info] Throw 283800/1000000
[MakeCovarianceMatrix.cpp][info] Throw 283900/1000000
[MakeCovarianceMatrix.cpp][info] Throw 284000/1000000
[MakeCovarianceMatrix.cpp][info] Throw 284100/1000000
[MakeCovarianceMatrix.cpp][info] Throw 284200/1000000
[MakeCovarianceMatrix.cpp][info] Throw 284300/1000000
[MakeCovarianceMatrix.cpp][info] Throw 284400/1000000
[MakeCovarianceMatrix.cpp][info] Throw 284500/1000000
[MakeCovarianceMatrix.cpp][info] Throw 284600/1000000
[MakeCovarianceMatrix.cpp][info] Throw 284700/1000000
[MakeCovarianceMatrix.cpp][info] Throw 284800/1000000
[MakeCovarianceMatrix.cpp][info] Throw 284900/1000000
[MakeCovarianceMatrix.cpp][info] Throw 285000/1000000
[MakeCovarianceMatrix.cpp][info] Throw 285100/1000000
[MakeCovarianceMatrix.cpp][info] Throw 285200/1000000
[MakeCovarianceMatrix.cpp][info] Throw 285300/1000000
[MakeCovarianceMatrix.cpp][info] Throw 285400/1000000
[MakeCovarianceMatrix.cpp][info] Throw 285500/1000000
[MakeCovarianceMatrix.cpp][info] Throw 285600/1000000
[MakeCovarianceMatrix.cpp][info] Throw 285700/1000000
[MakeCovarianceMatrix.cpp][info] Throw 285800/1000000
[MakeCovarianceMatrix.cpp][info] Throw 285900/1000000
[MakeCovarianceMatrix.cpp][info] Throw 286000/1000000
[MakeCovarianceMatrix.cpp][info] Throw 286100/1000000
[MakeCovarianceMatrix.cpp][info] Throw 286200/1000000
[MakeCovarianceMatrix.cpp][info] Throw 286300/1000000
[MakeCovarianceMatrix.cpp][info] Throw 286400/1000000
[MakeCovarianceMatrix.cpp][info] Throw 286500/1000000
[MakeCovarianceMatrix.cpp][info] Throw 286600/1000000
[MakeCovarianceMatrix.cpp][info] Throw 286700/1000000
[MakeCovarianceMatrix.cpp][info] Throw 286800/1000000
[MakeCovarianceMatrix.cpp][info] Throw 286900/1000000
[MakeCovarianceMatrix.cpp][info] Throw 287000/1000000
[MakeCovarianceMatrix.cpp][info] Throw 287100/1000000
[MakeCovarianceMatrix.cpp][info] Throw 287200/1000000
[MakeCovarianceMatrix.cpp][info] Throw 287300/1000000
[MakeCovarianceMatrix.cpp][info] Throw 287400/1000000
[MakeCovarianceMatrix.cpp][info] Throw 287500/1000000
[MakeCovarianceMatrix.cpp][info] Throw 287600/1000000
[MakeCovarianceMatrix.cpp][info] Throw 287700/1000000
[MakeCovarianceMatrix.cpp][info] Throw 287800/1000000
[MakeCovarianceMatrix.cpp][info] Throw 287900/1000000
[MakeCovarianceMatrix.cpp][info] Throw 288000/1000000
[MakeCovarianceMatrix.cpp][info] Throw 288100/1000000
[MakeCovarianceMatrix.cpp][info] Throw 288200/1000000
[MakeCovarianceMatrix.cpp][info] Throw 288300/1000000
[MakeCovarianceMatrix.cpp][info] Throw 288400/1000000
[MakeCovarianceMatrix.cpp][info] Throw 288500/1000000
[MakeCovarianceMatrix.cpp][info] Throw 288600/1000000
[MakeCovarianceMatrix.cpp][info] Throw 288700/1000000
[MakeCovarianceMatrix.cpp][info] Throw 288800/1000000
[MakeCovarianceMatrix.cpp][info] Throw 288900/1000000
[MakeCovarianceMatrix.cpp][info] Throw 289000/1000000
[MakeCovarianceMatrix.cpp][info] Throw 289100/1000000
[MakeCovarianceMatrix.cpp][info] Throw 289200/1000000
[MakeCovarianceMatrix.cpp][info] Throw 289300/1000000
[MakeCovarianceMatrix.cpp][info] Throw 289400/1000000
[MakeCovarianceMatrix.cpp][info] Throw 289500/1000000
[MakeCovarianceMatrix.cpp][info] Throw 289600/1000000
[MakeCovarianceMatrix.cpp][info] Throw 289700/1000000
[MakeCovarianceMatrix.cpp][info] Throw 289800/1000000
[MakeCovarianceMatrix.cpp][info] Throw 289900/1000000
[MakeCovarianceMatrix.cpp][info] Throw 290000/1000000
[MakeCovarianceMatrix.cpp][info] Throw 290100/1000000
[MakeCovarianceMatrix.cpp][info] Throw 290200/1000000
[MakeCovarianceMatrix.cpp][info] Throw 290300/1000000
[MakeCovarianceMatrix.cpp][info] Throw 290400/1000000
[MakeCovarianceMatrix.cpp][info] Throw 290500/1000000
[MakeCovarianceMatrix.cpp][info] Throw 290600/1000000
[MakeCovarianceMatrix.cpp][info] Throw 290700/1000000
[MakeCovarianceMatrix.cpp][info] Throw 290800/1000000
[MakeCovarianceMatrix.cpp][info] Throw 290900/1000000
[MakeCovarianceMatrix.cpp][info] Throw 291000/1000000
[MakeCovarianceMatrix.cpp][info] Throw 291100/1000000
[MakeCovarianceMatrix.cpp][info] Throw 291200/1000000
[MakeCovarianceMatrix.cpp][info] Throw 291300/1000000
[MakeCovarianceMatrix.cpp][info] Throw 291400/1000000
[MakeCovarianceMatrix.cpp][info] Throw 291500/1000000
[MakeCovarianceMatrix.cpp][info] Throw 291600/1000000
[MakeCovarianceMatrix.cpp][info] Throw 291700/1000000
[MakeCovarianceMatrix.cpp][info] Throw 291800/1000000
[MakeCovarianceMatrix.cpp][info] Throw 291900/1000000
[MakeCovarianceMatrix.cpp][info] Throw 292000/1000000
[MakeCovarianceMatrix.cpp][info] Throw 292100/1000000
[MakeCovarianceMatrix.cpp][info] Throw 292200/1000000
[MakeCovarianceMatrix.cpp][info] Throw 292300/1000000
[MakeCovarianceMatrix.cpp][info] Throw 292400/1000000
[MakeCovarianceMatrix.cpp][info] Throw 292500/1000000
[MakeCovarianceMatrix.cpp][info] Throw 292600/1000000
[MakeCovarianceMatrix.cpp][info] Throw 292700/1000000
[MakeCovarianceMatrix.cpp][info] Throw 292800/1000000
[MakeCovarianceMatrix.cpp][info] Throw 292900/1000000
[MakeCovarianceMatrix.cpp][info] Throw 293000/1000000
[MakeCovarianceMatrix.cpp][info] Throw 293100/1000000
[MakeCovarianceMatrix.cpp][info] Throw 293200/1000000
[MakeCovarianceMatrix.cpp][info] Throw 293300/1000000
[MakeCovarianceMatrix.cpp][info] Throw 293400/1000000
[MakeCovarianceMatrix.cpp][info] Throw 293500/1000000
[MakeCovarianceMatrix.cpp][info] Throw 293600/1000000
[MakeCovarianceMatrix.cpp][info] Throw 293700/1000000
[MakeCovarianceMatrix.cpp][info] Throw 293800/1000000
[MakeCovarianceMatrix.cpp][info] Throw 293900/1000000
[MakeCovarianceMatrix.cpp][info] Throw 294000/1000000
[MakeCovarianceMatrix.cpp][info] Throw 294100/1000000
[MakeCovarianceMatrix.cpp][info] Throw 294200/1000000
[MakeCovarianceMatrix.cpp][info] Throw 294300/1000000
[MakeCovarianceMatrix.cpp][info] Throw 294400/1000000
[MakeCovarianceMatrix.cpp][info] Throw 294500/1000000
[MakeCovarianceMatrix.cpp][info] Throw 294600/1000000
[MakeCovarianceMatrix.cpp][info] Throw 294700/1000000
[MakeCovarianceMatrix.cpp][info] Throw 294800/1000000
[MakeCovarianceMatrix.cpp][info] Throw 294900/1000000
[MakeCovarianceMatrix.cpp][info] Throw 295000/1000000
[MakeCovarianceMatrix.cpp][info] Throw 295100/1000000
[MakeCovarianceMatrix.cpp][info] Throw 295200/1000000
[MakeCovarianceMatrix.cpp][info] Throw 295300/1000000
[MakeCovarianceMatrix.cpp][info] Throw 295400/1000000
[MakeCovarianceMatrix.cpp][info] Throw 295500/1000000
[MakeCovarianceMatrix.cpp][info] Throw 295600/1000000
[MakeCovarianceMatrix.cpp][info] Throw 295700/1000000
[MakeCovarianceMatrix.cpp][info] Throw 295800/1000000
[MakeCovarianceMatrix.cpp][info] Throw 295900/1000000
[MakeCovarianceMatrix.cpp][info] Throw 296000/1000000
[MakeCovarianceMatrix.cpp][info] Throw 296100/1000000
[MakeCovarianceMatrix.cpp][info] Throw 296200/1000000
[MakeCovarianceMatrix.cpp][info] Throw 296300/1000000
[MakeCovarianceMatrix.cpp][info] Throw 296400/1000000
[MakeCovarianceMatrix.cpp][info] Throw 296500/1000000
[MakeCovarianceMatrix.cpp][info] Throw 296600/1000000
[MakeCovarianceMatrix.cpp][info] Throw 296700/1000000
[MakeCovarianceMatrix.cpp][info] Throw 296800/1000000
[MakeCovarianceMatrix.cpp][info] Throw 296900/1000000
[MakeCovarianceMatrix.cpp][info] Throw 297000/1000000
[MakeCovarianceMatrix.cpp][info] Throw 297100/1000000
[MakeCovarianceMatrix.cpp][info] Throw 297200/1000000
[MakeCovarianceMatrix.cpp][info] Throw 297300/1000000
[MakeCovarianceMatrix.cpp][info] Throw 297400/1000000
[MakeCovarianceMatrix.cpp][info] Throw 297500/1000000
[MakeCovarianceMatrix.cpp][info] Throw 297600/1000000
[MakeCovarianceMatrix.cpp][info] Throw 297700/1000000
[MakeCovarianceMatrix.cpp][info] Throw 297800/1000000
[MakeCovarianceMatrix.cpp][info] Throw 297900/1000000
[MakeCovarianceMatrix.cpp][info] Throw 298000/1000000
[MakeCovarianceMatrix.cpp][info] Throw 298100/1000000
[MakeCovarianceMatrix.cpp][info] Throw 298200/1000000
[MakeCovarianceMatrix.cpp][info] Throw 298300/1000000
[MakeCovarianceMatrix.cpp][info] Throw 298400/1000000
[MakeCovarianceMatrix.cpp][info] Throw 298500/1000000
[MakeCovarianceMatrix.cpp][info] Throw 298600/1000000
[MakeCovarianceMatrix.cpp][info] Throw 298700/1000000
[MakeCovarianceMatrix.cpp][info] Throw 298800/1000000
[MakeCovarianceMatrix.cpp][info] Throw 298900/1000000
[MakeCovarianceMatrix.cpp][info] Throw 299000/1000000
[MakeCovarianceMatrix.cpp][info] Throw 299100/1000000
[MakeCovarianceMatrix.cpp][info] Throw 299200/1000000
[MakeCovarianceMatrix.cpp][info] Throw 299300/1000000
[MakeCovarianceMatrix.cpp][info] Throw 299400/1000000
[MakeCovarianceMatrix.cpp][info] Throw 299500/1000000
[MakeCovarianceMatrix.cpp][info] Throw 299600/1000000
[MakeCovarianceMatrix.cpp][info] Throw 299700/1000000
[MakeCovarianceMatrix.cpp][info] Throw 299800/1000000
[MakeCovarianceMatrix.cpp][info] Throw 299900/1000000
[MakeCovarianceMatrix.cpp][info] Throw 300000/1000000
[MakeCovarianceMatrix.cpp][info] Throw 300100/1000000
[MakeCovarianceMatrix.cpp][info] Throw 300200/1000000
[MakeCovarianceMatrix.cpp][info] Throw 300300/1000000
[MakeCovarianceMatrix.cpp][info] Throw 300400/1000000
[MakeCovarianceMatrix.cpp][info] Throw 300500/1000000
[MakeCovarianceMatrix.cpp][info] Throw 300600/1000000
[MakeCovarianceMatrix.cpp][info] Throw 300700/1000000
[MakeCovarianceMatrix.cpp][info] Throw 300800/1000000
[MakeCovarianceMatrix.cpp][info] Throw 300900/1000000
[MakeCovarianceMatrix.cpp][info] Throw 301000/1000000
[MakeCovarianceMatrix.cpp][info] Throw 301100/1000000
[MakeCovarianceMatrix.cpp][info] Throw 301200/1000000
[MakeCovarianceMatrix.cpp][info] Throw 301300/1000000
[MakeCovarianceMatrix.cpp][info] Throw 301400/1000000
[MakeCovarianceMatrix.cpp][info] Throw 301500/1000000
[MakeCovarianceMatrix.cpp][info] Throw 301600/1000000
[MakeCovarianceMatrix.cpp][info] Throw 301700/1000000
[MakeCovarianceMatrix.cpp][info] Throw 301800/1000000
[MakeCovarianceMatrix.cpp][info] Throw 301900/1000000
[MakeCovarianceMatrix.cpp][info] Throw 302000/1000000
[MakeCovarianceMatrix.cpp][info] Throw 302100/1000000
[MakeCovarianceMatrix.cpp][info] Throw 302200/1000000
[MakeCovarianceMatrix.cpp][info] Throw 302300/1000000
[MakeCovarianceMatrix.cpp][info] Throw 302400/1000000
[MakeCovarianceMatrix.cpp][info] Throw 302500/1000000
[MakeCovarianceMatrix.cpp][info] Throw 302600/1000000
[MakeCovarianceMatrix.cpp][info] Throw 302700/1000000
[MakeCovarianceMatrix.cpp][info] Throw 302800/1000000
[MakeCovarianceMatrix.cpp][info] Throw 302900/1000000
[MakeCovarianceMatrix.cpp][info] Throw 303000/1000000
[MakeCovarianceMatrix.cpp][info] Throw 303100/1000000
[MakeCovarianceMatrix.cpp][info] Throw 303200/1000000
[MakeCovarianceMatrix.cpp][info] Throw 303300/1000000
[MakeCovarianceMatrix.cpp][info] Throw 303400/1000000
[MakeCovarianceMatrix.cpp][info] Throw 303500/1000000
[MakeCovarianceMatrix.cpp][info] Throw 303600/1000000
[MakeCovarianceMatrix.cpp][info] Throw 303700/1000000
[MakeCovarianceMatrix.cpp][info] Throw 303800/1000000
[MakeCovarianceMatrix.cpp][info] Throw 303900/1000000
[MakeCovarianceMatrix.cpp][info] Throw 304000/1000000
[MakeCovarianceMatrix.cpp][info] Throw 304100/1000000
[MakeCovarianceMatrix.cpp][info] Throw 304200/1000000
[MakeCovarianceMatrix.cpp][info] Throw 304300/1000000
[MakeCovarianceMatrix.cpp][info] Throw 304400/1000000
[MakeCovarianceMatrix.cpp][info] Throw 304500/1000000
[MakeCovarianceMatrix.cpp][info] Throw 304600/1000000
[MakeCovarianceMatrix.cpp][info] Throw 304700/1000000
[MakeCovarianceMatrix.cpp][info] Throw 304800/1000000
[MakeCovarianceMatrix.cpp][info] Throw 304900/1000000
[MakeCovarianceMatrix.cpp][info] Throw 305000/1000000
[MakeCovarianceMatrix.cpp][info] Throw 305100/1000000
[MakeCovarianceMatrix.cpp][info] Throw 305200/1000000
[MakeCovarianceMatrix.cpp][info] Throw 305300/1000000
[MakeCovarianceMatrix.cpp][info] Throw 305400/1000000
[MakeCovarianceMatrix.cpp][info] Throw 305500/1000000
[MakeCovarianceMatrix.cpp][info] Throw 305600/1000000
[MakeCovarianceMatrix.cpp][info] Throw 305700/1000000
[MakeCovarianceMatrix.cpp][info] Throw 305800/1000000
[MakeCovarianceMatrix.cpp][info] Throw 305900/1000000
[MakeCovarianceMatrix.cpp][info] Throw 306000/1000000
[MakeCovarianceMatrix.cpp][info] Throw 306100/1000000
[MakeCovarianceMatrix.cpp][info] Throw 306200/1000000
[MakeCovarianceMatrix.cpp][info] Throw 306300/1000000
[MakeCovarianceMatrix.cpp][info] Throw 306400/1000000
[MakeCovarianceMatrix.cpp][info] Throw 306500/1000000
[MakeCovarianceMatrix.cpp][info] Throw 306600/1000000
[MakeCovarianceMatrix.cpp][info] Throw 306700/1000000
[MakeCovarianceMatrix.cpp][info] Throw 306800/1000000
[MakeCovarianceMatrix.cpp][info] Throw 306900/1000000
[MakeCovarianceMatrix.cpp][info] Throw 307000/1000000
[MakeCovarianceMatrix.cpp][info] Throw 307100/1000000
[MakeCovarianceMatrix.cpp][info] Throw 307200/1000000
[MakeCovarianceMatrix.cpp][info] Throw 307300/1000000
[MakeCovarianceMatrix.cpp][info] Throw 307400/1000000
[MakeCovarianceMatrix.cpp][info] Throw 307500/1000000
[MakeCovarianceMatrix.cpp][info] Throw 307600/1000000
[MakeCovarianceMatrix.cpp][info] Throw 307700/1000000
[MakeCovarianceMatrix.cpp][info] Throw 307800/1000000
[MakeCovarianceMatrix.cpp][info] Throw 307900/1000000
[MakeCovarianceMatrix.cpp][info] Throw 308000/1000000
[MakeCovarianceMatrix.cpp][info] Throw 308100/1000000
[MakeCovarianceMatrix.cpp][info] Throw 308200/1000000
[MakeCovarianceMatrix.cpp][info] Throw 308300/1000000
[MakeCovarianceMatrix.cpp][info] Throw 308400/1000000
[MakeCovarianceMatrix.cpp][info] Throw 308500/1000000
[MakeCovarianceMatrix.cpp][info] Throw 308600/1000000
[MakeCovarianceMatrix.cpp][info] Throw 308700/1000000
[MakeCovarianceMatrix.cpp][info] Throw 308800/1000000
[MakeCovarianceMatrix.cpp][info] Throw 308900/1000000
[MakeCovarianceMatrix.cpp][info] Throw 309000/1000000
[MakeCovarianceMatrix.cpp][info] Throw 309100/1000000
[MakeCovarianceMatrix.cpp][info] Throw 309200/1000000
[MakeCovarianceMatrix.cpp][info] Throw 309300/1000000
[MakeCovarianceMatrix.cpp][info] Throw 309400/1000000
[MakeCovarianceMatrix.cpp][info] Throw 309500/1000000
[MakeCovarianceMatrix.cpp][info] Throw 309600/1000000
[MakeCovarianceMatrix.cpp][info] Throw 309700/1000000
[MakeCovarianceMatrix.cpp][info] Throw 309800/1000000
[MakeCovarianceMatrix.cpp][info] Throw 309900/1000000
[MakeCovarianceMatrix.cpp][info] Throw 310000/1000000
[MakeCovarianceMatrix.cpp][info] Throw 310100/1000000
[MakeCovarianceMatrix.cpp][info] Throw 310200/1000000
[MakeCovarianceMatrix.cpp][info] Throw 310300/1000000
[MakeCovarianceMatrix.cpp][info] Throw 310400/1000000
[MakeCovarianceMatrix.cpp][info] Throw 310500/1000000
[MakeCovarianceMatrix.cpp][info] Throw 310600/1000000
[MakeCovarianceMatrix.cpp][info] Throw 310700/1000000
[MakeCovarianceMatrix.cpp][info] Throw 310800/1000000
[MakeCovarianceMatrix.cpp][info] Throw 310900/1000000
[MakeCovarianceMatrix.cpp][info] Throw 311000/1000000
[MakeCovarianceMatrix.cpp][info] Throw 311100/1000000
[MakeCovarianceMatrix.cpp][info] Throw 311200/1000000
[MakeCovarianceMatrix.cpp][info] Throw 311300/1000000
[MakeCovarianceMatrix.cpp][info] Throw 311400/1000000
[MakeCovarianceMatrix.cpp][info] Throw 311500/1000000
[MakeCovarianceMatrix.cpp][info] Throw 311600/1000000
[MakeCovarianceMatrix.cpp][info] Throw 311700/1000000
[MakeCovarianceMatrix.cpp][info] Throw 311800/1000000
[MakeCovarianceMatrix.cpp][info] Throw 311900/1000000
[MakeCovarianceMatrix.cpp][info] Throw 312000/1000000
[MakeCovarianceMatrix.cpp][info] Throw 312100/1000000
[MakeCovarianceMatrix.cpp][info] Throw 312200/1000000
[MakeCovarianceMatrix.cpp][info] Throw 312300/1000000
[MakeCovarianceMatrix.cpp][info] Throw 312400/1000000
[MakeCovarianceMatrix.cpp][info] Throw 312500/1000000
[MakeCovarianceMatrix.cpp][info] Throw 312600/1000000
[MakeCovarianceMatrix.cpp][info] Throw 312700/1000000
[MakeCovarianceMatrix.cpp][info] Throw 312800/1000000
[MakeCovarianceMatrix.cpp][info] Throw 312900/1000000
[MakeCovarianceMatrix.cpp][info] Throw 313000/1000000
[MakeCovarianceMatrix.cpp][info] Throw 313100/1000000
[MakeCovarianceMatrix.cpp][info] Throw 313200/1000000
[MakeCovarianceMatrix.cpp][info] Throw 313300/1000000
[MakeCovarianceMatrix.cpp][info] Throw 313400/1000000
[MakeCovarianceMatrix.cpp][info] Throw 313500/1000000
[MakeCovarianceMatrix.cpp][info] Throw 313600/1000000
[MakeCovarianceMatrix.cpp][info] Throw 313700/1000000
[MakeCovarianceMatrix.cpp][info] Throw 313800/1000000
[MakeCovarianceMatrix.cpp][info] Throw 313900/1000000
[MakeCovarianceMatrix.cpp][info] Throw 314000/1000000
[MakeCovarianceMatrix.cpp][info] Throw 314100/1000000
[MakeCovarianceMatrix.cpp][info] Throw 314200/1000000
[MakeCovarianceMatrix.cpp][info] Throw 314300/1000000
[MakeCovarianceMatrix.cpp][info] Throw 314400/1000000
[MakeCovarianceMatrix.cpp][info] Throw 314500/1000000
[MakeCovarianceMatrix.cpp][info] Throw 314600/1000000
[MakeCovarianceMatrix.cpp][info] Throw 314700/1000000
[MakeCovarianceMatrix.cpp][info] Throw 314800/1000000
[MakeCovarianceMatrix.cpp][info] Throw 314900/1000000
[MakeCovarianceMatrix.cpp][info] Throw 315000/1000000
[MakeCovarianceMatrix.cpp][info] Throw 315100/1000000
[MakeCovarianceMatrix.cpp][info] Throw 315200/1000000
[MakeCovarianceMatrix.cpp][info] Throw 315300/1000000
[MakeCovarianceMatrix.cpp][info] Throw 315400/1000000
[MakeCovarianceMatrix.cpp][info] Throw 315500/1000000
[MakeCovarianceMatrix.cpp][info] Throw 315600/1000000
[MakeCovarianceMatrix.cpp][info] Throw 315700/1000000
[MakeCovarianceMatrix.cpp][info] Throw 315800/1000000
[MakeCovarianceMatrix.cpp][info] Throw 315900/1000000
[MakeCovarianceMatrix.cpp][info] Throw 316000/1000000
[MakeCovarianceMatrix.cpp][info] Throw 316100/1000000
[MakeCovarianceMatrix.cpp][info] Throw 316200/1000000
[MakeCovarianceMatrix.cpp][info] Throw 316300/1000000
[MakeCovarianceMatrix.cpp][info] Throw 316400/1000000
[MakeCovarianceMatrix.cpp][info] Throw 316500/1000000
[MakeCovarianceMatrix.cpp][info] Throw 316600/1000000
[MakeCovarianceMatrix.cpp][info] Throw 316700/1000000
[MakeCovarianceMatrix.cpp][info] Throw 316800/1000000
[MakeCovarianceMatrix.cpp][info] Throw 316900/1000000
[MakeCovarianceMatrix.cpp][info] Throw 317000/1000000
[MakeCovarianceMatrix.cpp][info] Throw 317100/1000000
[MakeCovarianceMatrix.cpp][info] Throw 317200/1000000
[MakeCovarianceMatrix.cpp][info] Throw 317300/1000000
[MakeCovarianceMatrix.cpp][info] Throw 317400/1000000
[MakeCovarianceMatrix.cpp][info] Throw 317500/1000000
[MakeCovarianceMatrix.cpp][info] Throw 317600/1000000
[MakeCovarianceMatrix.cpp][info] Throw 317700/1000000
[MakeCovarianceMatrix.cpp][info] Throw 317800/1000000
[MakeCovarianceMatrix.cpp][info] Throw 317900/1000000
[MakeCovarianceMatrix.cpp][info] Throw 318000/1000000
[MakeCovarianceMatrix.cpp][info] Throw 318100/1000000
[MakeCovarianceMatrix.cpp][info] Throw 318200/1000000
[MakeCovarianceMatrix.cpp][info] Throw 318300/1000000
[MakeCovarianceMatrix.cpp][info] Throw 318400/1000000
[MakeCovarianceMatrix.cpp][info] Throw 318500/1000000
[MakeCovarianceMatrix.cpp][info] Throw 318600/1000000
[MakeCovarianceMatrix.cpp][info] Throw 318700/1000000
[MakeCovarianceMatrix.cpp][info] Throw 318800/1000000
[MakeCovarianceMatrix.cpp][info] Throw 318900/1000000
[MakeCovarianceMatrix.cpp][info] Throw 319000/1000000
[MakeCovarianceMatrix.cpp][info] Throw 319100/1000000
[MakeCovarianceMatrix.cpp][info] Throw 319200/1000000
[MakeCovarianceMatrix.cpp][info] Throw 319300/1000000
[MakeCovarianceMatrix.cpp][info] Throw 319400/1000000
[MakeCovarianceMatrix.cpp][info] Throw 319500/1000000
[MakeCovarianceMatrix.cpp][info] Throw 319600/1000000
[MakeCovarianceMatrix.cpp][info] Throw 319700/1000000
[MakeCovarianceMatrix.cpp][info] Throw 319800/1000000
[MakeCovarianceMatrix.cpp][info] Throw 319900/1000000
[MakeCovarianceMatrix.cpp][info] Throw 320000/1000000
[MakeCovarianceMatrix.cpp][info] Throw 320100/1000000
[MakeCovarianceMatrix.cpp][info] Throw 320200/1000000
[MakeCovarianceMatrix.cpp][info] Throw 320300/1000000
[MakeCovarianceMatrix.cpp][info] Throw 320400/1000000
[MakeCovarianceMatrix.cpp][info] Throw 320500/1000000
[MakeCovarianceMatrix.cpp][info] Throw 320600/1000000
[MakeCovarianceMatrix.cpp][info] Throw 320700/1000000
[MakeCovarianceMatrix.cpp][info] Throw 320800/1000000
[MakeCovarianceMatrix.cpp][info] Throw 320900/1000000
[MakeCovarianceMatrix.cpp][info] Throw 321000/1000000
[MakeCovarianceMatrix.cpp][info] Throw 321100/1000000
[MakeCovarianceMatrix.cpp][info] Throw 321200/1000000
[MakeCovarianceMatrix.cpp][info] Throw 321300/1000000
[MakeCovarianceMatrix.cpp][info] Throw 321400/1000000
[MakeCovarianceMatrix.cpp][info] Throw 321500/1000000
[MakeCovarianceMatrix.cpp][info] Throw 321600/1000000
[MakeCovarianceMatrix.cpp][info] Throw 321700/1000000
[MakeCovarianceMatrix.cpp][info] Throw 321800/1000000
[MakeCovarianceMatrix.cpp][info] Throw 321900/1000000
[MakeCovarianceMatrix.cpp][info] Throw 322000/1000000
[MakeCovarianceMatrix.cpp][info] Throw 322100/1000000
[MakeCovarianceMatrix.cpp][info] Throw 322200/1000000
[MakeCovarianceMatrix.cpp][info] Throw 322300/1000000
[MakeCovarianceMatrix.cpp][info] Throw 322400/1000000
[MakeCovarianceMatrix.cpp][info] Throw 322500/1000000
[MakeCovarianceMatrix.cpp][info] Throw 322600/1000000
[MakeCovarianceMatrix.cpp][info] Throw 322700/1000000
[MakeCovarianceMatrix.cpp][info] Throw 322800/1000000
[MakeCovarianceMatrix.cpp][info] Throw 322900/1000000
[MakeCovarianceMatrix.cpp][info] Throw 323000/1000000
[MakeCovarianceMatrix.cpp][info] Throw 323100/1000000
[MakeCovarianceMatrix.cpp][info] Throw 323200/1000000
[MakeCovarianceMatrix.cpp][info] Throw 323300/1000000
[MakeCovarianceMatrix.cpp][info] Throw 323400/1000000
[MakeCovarianceMatrix.cpp][info] Throw 323500/1000000
[MakeCovarianceMatrix.cpp][info] Throw 323600/1000000
[MakeCovarianceMatrix.cpp][info] Throw 323700/1000000
[MakeCovarianceMatrix.cpp][info] Throw 323800/1000000
[MakeCovarianceMatrix.cpp][info] Throw 323900/1000000
[MakeCovarianceMatrix.cpp][info] Throw 324000/1000000
[MakeCovarianceMatrix.cpp][info] Throw 324100/1000000
[MakeCovarianceMatrix.cpp][info] Throw 324200/1000000
[MakeCovarianceMatrix.cpp][info] Throw 324300/1000000
[MakeCovarianceMatrix.cpp][info] Throw 324400/1000000
[MakeCovarianceMatrix.cpp][info] Throw 324500/1000000
[MakeCovarianceMatrix.cpp][info] Throw 324600/1000000
[MakeCovarianceMatrix.cpp][info] Throw 324700/1000000
[MakeCovarianceMatrix.cpp][info] Throw 324800/1000000
[MakeCovarianceMatrix.cpp][info] Throw 324900/1000000
[MakeCovarianceMatrix.cpp][info] Throw 325000/1000000
[MakeCovarianceMatrix.cpp][info] Throw 325100/1000000
[MakeCovarianceMatrix.cpp][info] Throw 325200/1000000
[MakeCovarianceMatrix.cpp][info] Throw 325300/1000000
[MakeCovarianceMatrix.cpp][info] Throw 325400/1000000
[MakeCovarianceMatrix.cpp][info] Throw 325500/1000000
[MakeCovarianceMatrix.cpp][info] Throw 325600/1000000
[MakeCovarianceMatrix.cpp][info] Throw 325700/1000000
[MakeCovarianceMatrix.cpp][info] Throw 325800/1000000
[MakeCovarianceMatrix.cpp][info] Throw 325900/1000000
[MakeCovarianceMatrix.cpp][info] Throw 326000/1000000
[MakeCovarianceMatrix.cpp][info] Throw 326100/1000000
[MakeCovarianceMatrix.cpp][info] Throw 326200/1000000
[MakeCovarianceMatrix.cpp][info] Throw 326300/1000000
[MakeCovarianceMatrix.cpp][info] Throw 326400/1000000
[MakeCovarianceMatrix.cpp][info] Throw 326500/1000000
[MakeCovarianceMatrix.cpp][info] Throw 326600/1000000
[MakeCovarianceMatrix.cpp][info] Throw 326700/1000000
[MakeCovarianceMatrix.cpp][info] Throw 326800/1000000
[MakeCovarianceMatrix.cpp][info] Throw 326900/1000000
[MakeCovarianceMatrix.cpp][info] Throw 327000/1000000
[MakeCovarianceMatrix.cpp][info] Throw 327100/1000000
[MakeCovarianceMatrix.cpp][info] Throw 327200/1000000
[MakeCovarianceMatrix.cpp][info] Throw 327300/1000000
[MakeCovarianceMatrix.cpp][info] Throw 327400/1000000
[MakeCovarianceMatrix.cpp][info] Throw 327500/1000000
[MakeCovarianceMatrix.cpp][info] Throw 327600/1000000
[MakeCovarianceMatrix.cpp][info] Throw 327700/1000000
[MakeCovarianceMatrix.cpp][info] Throw 327800/1000000
[MakeCovarianceMatrix.cpp][info] Throw 327900/1000000
[MakeCovarianceMatrix.cpp][info] Throw 328000/1000000
[MakeCovarianceMatrix.cpp][info] Throw 328100/1000000
[MakeCovarianceMatrix.cpp][info] Throw 328200/1000000
[MakeCovarianceMatrix.cpp][info] Throw 328300/1000000
[MakeCovarianceMatrix.cpp][info] Throw 328400/1000000
[MakeCovarianceMatrix.cpp][info] Throw 328500/1000000
[MakeCovarianceMatrix.cpp][info] Throw 328600/1000000
[MakeCovarianceMatrix.cpp][info] Throw 328700/1000000
[MakeCovarianceMatrix.cpp][info] Throw 328800/1000000
[MakeCovarianceMatrix.cpp][info] Throw 328900/1000000
[MakeCovarianceMatrix.cpp][info] Throw 329000/1000000
[MakeCovarianceMatrix.cpp][info] Throw 329100/1000000
[MakeCovarianceMatrix.cpp][info] Throw 329200/1000000
[MakeCovarianceMatrix.cpp][info] Throw 329300/1000000
[MakeCovarianceMatrix.cpp][info] Throw 329400/1000000
[MakeCovarianceMatrix.cpp][info] Throw 329500/1000000
[MakeCovarianceMatrix.cpp][info] Throw 329600/1000000
[MakeCovarianceMatrix.cpp][info] Throw 329700/1000000
[MakeCovarianceMatrix.cpp][info] Throw 329800/1000000
[MakeCovarianceMatrix.cpp][info] Throw 329900/1000000
[MakeCovarianceMatrix.cpp][info] Throw 330000/1000000
[MakeCovarianceMatrix.cpp][info] Throw 330100/1000000
[MakeCovarianceMatrix.cpp][info] Throw 330200/1000000
[MakeCovarianceMatrix.cpp][info] Throw 330300/1000000
[MakeCovarianceMatrix.cpp][info] Throw 330400/1000000
[MakeCovarianceMatrix.cpp][info] Throw 330500/1000000
[MakeCovarianceMatrix.cpp][info] Throw 330600/1000000
[MakeCovarianceMatrix.cpp][info] Throw 330700/1000000
[MakeCovarianceMatrix.cpp][info] Throw 330800/1000000
[MakeCovarianceMatrix.cpp][info] Throw 330900/1000000
[MakeCovarianceMatrix.cpp][info] Throw 331000/1000000
[MakeCovarianceMatrix.cpp][info] Throw 331100/1000000
[MakeCovarianceMatrix.cpp][info] Throw 331200/1000000
[MakeCovarianceMatrix.cpp][info] Throw 331300/1000000
[MakeCovarianceMatrix.cpp][info] Throw 331400/1000000
[MakeCovarianceMatrix.cpp][info] Throw 331500/1000000
[MakeCovarianceMatrix.cpp][info] Throw 331600/1000000
[MakeCovarianceMatrix.cpp][info] Throw 331700/1000000
[MakeCovarianceMatrix.cpp][info] Throw 331800/1000000
[MakeCovarianceMatrix.cpp][info] Throw 331900/1000000
[MakeCovarianceMatrix.cpp][info] Throw 332000/1000000
[MakeCovarianceMatrix.cpp][info] Throw 332100/1000000
[MakeCovarianceMatrix.cpp][info] Throw 332200/1000000
[MakeCovarianceMatrix.cpp][info] Throw 332300/1000000
[MakeCovarianceMatrix.cpp][info] Throw 332400/1000000
[MakeCovarianceMatrix.cpp][info] Throw 332500/1000000
[MakeCovarianceMatrix.cpp][info] Throw 332600/1000000
[MakeCovarianceMatrix.cpp][info] Throw 332700/1000000
[MakeCovarianceMatrix.cpp][info] Throw 332800/1000000
[MakeCovarianceMatrix.cpp][info] Throw 332900/1000000
[MakeCovarianceMatrix.cpp][info] Throw 333000/1000000
[MakeCovarianceMatrix.cpp][info] Throw 333100/1000000
[MakeCovarianceMatrix.cpp][info] Throw 333200/1000000
[MakeCovarianceMatrix.cpp][info] Throw 333300/1000000
[MakeCovarianceMatrix.cpp][info] Throw 333400/1000000
[MakeCovarianceMatrix.cpp][info] Throw 333500/1000000
[MakeCovarianceMatrix.cpp][info] Throw 333600/1000000
[MakeCovarianceMatrix.cpp][info] Throw 333700/1000000
[MakeCovarianceMatrix.cpp][info] Throw 333800/1000000
[MakeCovarianceMatrix.cpp][info] Throw 333900/1000000
[MakeCovarianceMatrix.cpp][info] Throw 334000/1000000
[MakeCovarianceMatrix.cpp][info] Throw 334100/1000000
[MakeCovarianceMatrix.cpp][info] Throw 334200/1000000
[MakeCovarianceMatrix.cpp][info] Throw 334300/1000000
[MakeCovarianceMatrix.cpp][info] Throw 334400/1000000
[MakeCovarianceMatrix.cpp][info] Throw 334500/1000000
[MakeCovarianceMatrix.cpp][info] Throw 334600/1000000
[MakeCovarianceMatrix.cpp][info] Throw 334700/1000000
[MakeCovarianceMatrix.cpp][info] Throw 334800/1000000
[MakeCovarianceMatrix.cpp][info] Throw 334900/1000000
[MakeCovarianceMatrix.cpp][info] Throw 335000/1000000
[MakeCovarianceMatrix.cpp][info] Throw 335100/1000000
[MakeCovarianceMatrix.cpp][info] Throw 335200/1000000
[MakeCovarianceMatrix.cpp][info] Throw 335300/1000000
[MakeCovarianceMatrix.cpp][info] Throw 335400/1000000
[MakeCovarianceMatrix.cpp][info] Throw 335500/1000000
[MakeCovarianceMatrix.cpp][info] Throw 335600/1000000
[MakeCovarianceMatrix.cpp][info] Throw 335700/1000000
[MakeCovarianceMatrix.cpp][info] Throw 335800/1000000
[MakeCovarianceMatrix.cpp][info] Throw 335900/1000000
[MakeCovarianceMatrix.cpp][info] Throw 336000/1000000
[MakeCovarianceMatrix.cpp][info] Throw 336100/1000000
[MakeCovarianceMatrix.cpp][info] Throw 336200/1000000
[MakeCovarianceMatrix.cpp][info] Throw 336300/1000000
[MakeCovarianceMatrix.cpp][info] Throw 336400/1000000
[MakeCovarianceMatrix.cpp][info] Throw 336500/1000000
[MakeCovarianceMatrix.cpp][info] Throw 336600/1000000
[MakeCovarianceMatrix.cpp][info] Throw 336700/1000000
[MakeCovarianceMatrix.cpp][info] Throw 336800/1000000
[MakeCovarianceMatrix.cpp][info] Throw 336900/1000000
[MakeCovarianceMatrix.cpp][info] Throw 337000/1000000
[MakeCovarianceMatrix.cpp][info] Throw 337100/1000000
[MakeCovarianceMatrix.cpp][info] Throw 337200/1000000
[MakeCovarianceMatrix.cpp][info] Throw 337300/1000000
[MakeCovarianceMatrix.cpp][info] Throw 337400/1000000
[MakeCovarianceMatrix.cpp][info] Throw 337500/1000000
[MakeCovarianceMatrix.cpp][info] Throw 337600/1000000
[MakeCovarianceMatrix.cpp][info] Throw 337700/1000000
[MakeCovarianceMatrix.cpp][info] Throw 337800/1000000
[MakeCovarianceMatrix.cpp][info] Throw 337900/1000000
[MakeCovarianceMatrix.cpp][info] Throw 338000/1000000
[MakeCovarianceMatrix.cpp][info] Throw 338100/1000000
[MakeCovarianceMatrix.cpp][info] Throw 338200/1000000
[MakeCovarianceMatrix.cpp][info] Throw 338300/1000000
[MakeCovarianceMatrix.cpp][info] Throw 338400/1000000
[MakeCovarianceMatrix.cpp][info] Throw 338500/1000000
[MakeCovarianceMatrix.cpp][info] Throw 338600/1000000
[MakeCovarianceMatrix.cpp][info] Throw 338700/1000000
[MakeCovarianceMatrix.cpp][info] Throw 338800/1000000
[MakeCovarianceMatrix.cpp][info] Throw 338900/1000000
[MakeCovarianceMatrix.cpp][info] Throw 339000/1000000
[MakeCovarianceMatrix.cpp][info] Throw 339100/1000000
[MakeCovarianceMatrix.cpp][info] Throw 339200/1000000
[MakeCovarianceMatrix.cpp][info] Throw 339300/1000000
[MakeCovarianceMatrix.cpp][info] Throw 339400/1000000
[MakeCovarianceMatrix.cpp][info] Throw 339500/1000000
[MakeCovarianceMatrix.cpp][info] Throw 339600/1000000
[MakeCovarianceMatrix.cpp][info] Throw 339700/1000000
[MakeCovarianceMatrix.cpp][info] Throw 339800/1000000
[MakeCovarianceMatrix.cpp][info] Throw 339900/1000000
[MakeCovarianceMatrix.cpp][info] Throw 340000/1000000
[MakeCovarianceMatrix.cpp][info] Throw 340100/1000000
[MakeCovarianceMatrix.cpp][info] Throw 340200/1000000
[MakeCovarianceMatrix.cpp][info] Throw 340300/1000000
[MakeCovarianceMatrix.cpp][info] Throw 340400/1000000
[MakeCovarianceMatrix.cpp][info] Throw 340500/1000000
[MakeCovarianceMatrix.cpp][info] Throw 340600/1000000
[MakeCovarianceMatrix.cpp][info] Throw 340700/1000000
[MakeCovarianceMatrix.cpp][info] Throw 340800/1000000
[MakeCovarianceMatrix.cpp][info] Throw 340900/1000000
[MakeCovarianceMatrix.cpp][info] Throw 341000/1000000
[MakeCovarianceMatrix.cpp][info] Throw 341100/1000000
[MakeCovarianceMatrix.cpp][info] Throw 341200/1000000
[MakeCovarianceMatrix.cpp][info] Throw 341300/1000000
[MakeCovarianceMatrix.cpp][info] Throw 341400/1000000
[MakeCovarianceMatrix.cpp][info] Throw 341500/1000000
[MakeCovarianceMatrix.cpp][info] Throw 341600/1000000
[MakeCovarianceMatrix.cpp][info] Throw 341700/1000000
[MakeCovarianceMatrix.cpp][info] Throw 341800/1000000
[MakeCovarianceMatrix.cpp][info] Throw 341900/1000000
[MakeCovarianceMatrix.cpp][info] Throw 342000/1000000
[MakeCovarianceMatrix.cpp][info] Throw 342100/1000000
[MakeCovarianceMatrix.cpp][info] Throw 342200/1000000
[MakeCovarianceMatrix.cpp][info] Throw 342300/1000000
[MakeCovarianceMatrix.cpp][info] Throw 342400/1000000
[MakeCovarianceMatrix.cpp][info] Throw 342500/1000000
[MakeCovarianceMatrix.cpp][info] Throw 342600/1000000
[MakeCovarianceMatrix.cpp][info] Throw 342700/1000000
[MakeCovarianceMatrix.cpp][info] Throw 342800/1000000
[MakeCovarianceMatrix.cpp][info] Throw 342900/1000000
[MakeCovarianceMatrix.cpp][info] Throw 343000/1000000
[MakeCovarianceMatrix.cpp][info] Throw 343100/1000000
[MakeCovarianceMatrix.cpp][info] Throw 343200/1000000
[MakeCovarianceMatrix.cpp][info] Throw 343300/1000000
[MakeCovarianceMatrix.cpp][info] Throw 343400/1000000
[MakeCovarianceMatrix.cpp][info] Throw 343500/1000000
[MakeCovarianceMatrix.cpp][info] Throw 343600/1000000
[MakeCovarianceMatrix.cpp][info] Throw 343700/1000000
[MakeCovarianceMatrix.cpp][info] Throw 343800/1000000
[MakeCovarianceMatrix.cpp][info] Throw 343900/1000000
[MakeCovarianceMatrix.cpp][info] Throw 344000/1000000
[MakeCovarianceMatrix.cpp][info] Throw 344100/1000000
[MakeCovarianceMatrix.cpp][info] Throw 344200/1000000
[MakeCovarianceMatrix.cpp][info] Throw 344300/1000000
[MakeCovarianceMatrix.cpp][info] Throw 344400/1000000
[MakeCovarianceMatrix.cpp][info] Throw 344500/1000000
[MakeCovarianceMatrix.cpp][info] Throw 344600/1000000
[MakeCovarianceMatrix.cpp][info] Throw 344700/1000000
[MakeCovarianceMatrix.cpp][info] Throw 344800/1000000
[MakeCovarianceMatrix.cpp][info] Throw 344900/1000000
[MakeCovarianceMatrix.cpp][info] Throw 345000/1000000
[MakeCovarianceMatrix.cpp][info] Throw 345100/1000000
[MakeCovarianceMatrix.cpp][info] Throw 345200/1000000
[MakeCovarianceMatrix.cpp][info] Throw 345300/1000000
[MakeCovarianceMatrix.cpp][info] Throw 345400/1000000
[MakeCovarianceMatrix.cpp][info] Throw 345500/1000000
[MakeCovarianceMatrix.cpp][info] Throw 345600/1000000
[MakeCovarianceMatrix.cpp][info] Throw 345700/1000000
[MakeCovarianceMatrix.cpp][info] Throw 345800/1000000
[MakeCovarianceMatrix.cpp][info] Throw 345900/1000000
[MakeCovarianceMatrix.cpp][info] Throw 346000/1000000
[MakeCovarianceMatrix.cpp][info] Throw 346100/1000000
[MakeCovarianceMatrix.cpp][info] Throw 346200/1000000
[MakeCovarianceMatrix.cpp][info] Throw 346300/1000000
[MakeCovarianceMatrix.cpp][info] Throw 346400/1000000
[MakeCovarianceMatrix.cpp][info] Throw 346500/1000000
[MakeCovarianceMatrix.cpp][info] Throw 346600/1000000
[MakeCovarianceMatrix.cpp][info] Throw 346700/1000000
[MakeCovarianceMatrix.cpp][info] Throw 346800/1000000
[MakeCovarianceMatrix.cpp][info] Throw 346900/1000000
[MakeCovarianceMatrix.cpp][info] Throw 347000/1000000
[MakeCovarianceMatrix.cpp][info] Throw 347100/1000000
[MakeCovarianceMatrix.cpp][info] Throw 347200/1000000
[MakeCovarianceMatrix.cpp][info] Throw 347300/1000000
[MakeCovarianceMatrix.cpp][info] Throw 347400/1000000
[MakeCovarianceMatrix.cpp][info] Throw 347500/1000000
[MakeCovarianceMatrix.cpp][info] Throw 347600/1000000
[MakeCovarianceMatrix.cpp][info] Throw 347700/1000000
[MakeCovarianceMatrix.cpp][info] Throw 347800/1000000
[MakeCovarianceMatrix.cpp][info] Throw 347900/1000000
[MakeCovarianceMatrix.cpp][info] Throw 348000/1000000
[MakeCovarianceMatrix.cpp][info] Throw 348100/1000000
[MakeCovarianceMatrix.cpp][info] Throw 348200/1000000
[MakeCovarianceMatrix.cpp][info] Throw 348300/1000000
[MakeCovarianceMatrix.cpp][info] Throw 348400/1000000
[MakeCovarianceMatrix.cpp][info] Throw 348500/1000000
[MakeCovarianceMatrix.cpp][info] Throw 348600/1000000
[MakeCovarianceMatrix.cpp][info] Throw 348700/1000000
[MakeCovarianceMatrix.cpp][info] Throw 348800/1000000
[MakeCovarianceMatrix.cpp][info] Throw 348900/1000000
[MakeCovarianceMatrix.cpp][info] Throw 349000/1000000
[MakeCovarianceMatrix.cpp][info] Throw 349100/1000000
[MakeCovarianceMatrix.cpp][info] Throw 349200/1000000
[MakeCovarianceMatrix.cpp][info] Throw 349300/1000000
[MakeCovarianceMatrix.cpp][info] Throw 349400/1000000
[MakeCovarianceMatrix.cpp][info] Throw 349500/1000000
[MakeCovarianceMatrix.cpp][info] Throw 349600/1000000
[MakeCovarianceMatrix.cpp][info] Throw 349700/1000000
[MakeCovarianceMatrix.cpp][info] Throw 349800/1000000
[MakeCovarianceMatrix.cpp][info] Throw 349900/1000000
[MakeCovarianceMatrix.cpp][info] Throw 350000/1000000
[MakeCovarianceMatrix.cpp][info] Throw 350100/1000000
[MakeCovarianceMatrix.cpp][info] Throw 350200/1000000
[MakeCovarianceMatrix.cpp][info] Throw 350300/1000000
[MakeCovarianceMatrix.cpp][info] Throw 350400/1000000
[MakeCovarianceMatrix.cpp][info] Throw 350500/1000000
[MakeCovarianceMatrix.cpp][info] Throw 350600/1000000
[MakeCovarianceMatrix.cpp][info] Throw 350700/1000000
[MakeCovarianceMatrix.cpp][info] Throw 350800/1000000
[MakeCovarianceMatrix.cpp][info] Throw 350900/1000000
[MakeCovarianceMatrix.cpp][info] Throw 351000/1000000
[MakeCovarianceMatrix.cpp][info] Throw 351100/1000000
[MakeCovarianceMatrix.cpp][info] Throw 351200/1000000
[MakeCovarianceMatrix.cpp][info] Throw 351300/1000000
[MakeCovarianceMatrix.cpp][info] Throw 351400/1000000
[MakeCovarianceMatrix.cpp][info] Throw 351500/1000000
[MakeCovarianceMatrix.cpp][info] Throw 351600/1000000
[MakeCovarianceMatrix.cpp][info] Throw 351700/1000000
[MakeCovarianceMatrix.cpp][info] Throw 351800/1000000
[MakeCovarianceMatrix.cpp][info] Throw 351900/1000000
[MakeCovarianceMatrix.cpp][info] Throw 352000/1000000
[MakeCovarianceMatrix.cpp][info] Throw 352100/1000000
[MakeCovarianceMatrix.cpp][info] Throw 352200/1000000
[MakeCovarianceMatrix.cpp][info] Throw 352300/1000000
[MakeCovarianceMatrix.cpp][info] Throw 352400/1000000
[MakeCovarianceMatrix.cpp][info] Throw 352500/1000000
[MakeCovarianceMatrix.cpp][info] Throw 352600/1000000
[MakeCovarianceMatrix.cpp][info] Throw 352700/1000000
[MakeCovarianceMatrix.cpp][info] Throw 352800/1000000
[MakeCovarianceMatrix.cpp][info] Throw 352900/1000000
[MakeCovarianceMatrix.cpp][info] Throw 353000/1000000
[MakeCovarianceMatrix.cpp][info] Throw 353100/1000000
[MakeCovarianceMatrix.cpp][info] Throw 353200/1000000
[MakeCovarianceMatrix.cpp][info] Throw 353300/1000000
[MakeCovarianceMatrix.cpp][info] Throw 353400/1000000
[MakeCovarianceMatrix.cpp][info] Throw 353500/1000000
[MakeCovarianceMatrix.cpp][info] Throw 353600/1000000
[MakeCovarianceMatrix.cpp][info] Throw 353700/1000000
[MakeCovarianceMatrix.cpp][info] Throw 353800/1000000
[MakeCovarianceMatrix.cpp][info] Throw 353900/1000000
[MakeCovarianceMatrix.cpp][info] Throw 354000/1000000
[MakeCovarianceMatrix.cpp][info] Throw 354100/1000000
[MakeCovarianceMatrix.cpp][info] Throw 354200/1000000
[MakeCovarianceMatrix.cpp][info] Throw 354300/1000000
[MakeCovarianceMatrix.cpp][info] Throw 354400/1000000
[MakeCovarianceMatrix.cpp][info] Throw 354500/1000000
[MakeCovarianceMatrix.cpp][info] Throw 354600/1000000
[MakeCovarianceMatrix.cpp][info] Throw 354700/1000000
[MakeCovarianceMatrix.cpp][info] Throw 354800/1000000
[MakeCovarianceMatrix.cpp][info] Throw 354900/1000000
[MakeCovarianceMatrix.cpp][info] Throw 355000/1000000
[MakeCovarianceMatrix.cpp][info] Throw 355100/1000000
[MakeCovarianceMatrix.cpp][info] Throw 355200/1000000
[MakeCovarianceMatrix.cpp][info] Throw 355300/1000000
[MakeCovarianceMatrix.cpp][info] Throw 355400/1000000
[MakeCovarianceMatrix.cpp][info] Throw 355500/1000000
[MakeCovarianceMatrix.cpp][info] Throw 355600/1000000
[MakeCovarianceMatrix.cpp][info] Throw 355700/1000000
[MakeCovarianceMatrix.cpp][info] Throw 355800/1000000
[MakeCovarianceMatrix.cpp][info] Throw 355900/1000000
[MakeCovarianceMatrix.cpp][info] Throw 356000/1000000
[MakeCovarianceMatrix.cpp][info] Throw 356100/1000000
[MakeCovarianceMatrix.cpp][info] Throw 356200/1000000
[MakeCovarianceMatrix.cpp][info] Throw 356300/1000000
[MakeCovarianceMatrix.cpp][info] Throw 356400/1000000
[MakeCovarianceMatrix.cpp][info] Throw 356500/1000000
[MakeCovarianceMatrix.cpp][info] Throw 356600/1000000
[MakeCovarianceMatrix.cpp][info] Throw 356700/1000000
[MakeCovarianceMatrix.cpp][info] Throw 356800/1000000
[MakeCovarianceMatrix.cpp][info] Throw 356900/1000000
[MakeCovarianceMatrix.cpp][info] Throw 357000/1000000
[MakeCovarianceMatrix.cpp][info] Throw 357100/1000000
[MakeCovarianceMatrix.cpp][info] Throw 357200/1000000
[MakeCovarianceMatrix.cpp][info] Throw 357300/1000000
[MakeCovarianceMatrix.cpp][info] Throw 357400/1000000
[MakeCovarianceMatrix.cpp][info] Throw 357500/1000000
[MakeCovarianceMatrix.cpp][info] Throw 357600/1000000
[MakeCovarianceMatrix.cpp][info] Throw 357700/1000000
[MakeCovarianceMatrix.cpp][info] Throw 357800/1000000
[MakeCovarianceMatrix.cpp][info] Throw 357900/1000000
[MakeCovarianceMatrix.cpp][info] Throw 358000/1000000
[MakeCovarianceMatrix.cpp][info] Throw 358100/1000000
[MakeCovarianceMatrix.cpp][info] Throw 358200/1000000
[MakeCovarianceMatrix.cpp][info] Throw 358300/1000000
[MakeCovarianceMatrix.cpp][info] Throw 358400/1000000
[MakeCovarianceMatrix.cpp][info] Throw 358500/1000000
[MakeCovarianceMatrix.cpp][info] Throw 358600/1000000
[MakeCovarianceMatrix.cpp][info] Throw 358700/1000000
[MakeCovarianceMatrix.cpp][info] Throw 358800/1000000
[MakeCovarianceMatrix.cpp][info] Throw 358900/1000000
[MakeCovarianceMatrix.cpp][info] Throw 359000/1000000
[MakeCovarianceMatrix.cpp][info] Throw 359100/1000000
[MakeCovarianceMatrix.cpp][info] Throw 359200/1000000
[MakeCovarianceMatrix.cpp][info] Throw 359300/1000000
[MakeCovarianceMatrix.cpp][info] Throw 359400/1000000
[MakeCovarianceMatrix.cpp][info] Throw 359500/1000000
[MakeCovarianceMatrix.cpp][info] Throw 359600/1000000
[MakeCovarianceMatrix.cpp][info] Throw 359700/1000000
[MakeCovarianceMatrix.cpp][info] Throw 359800/1000000
[MakeCovarianceMatrix.cpp][info] Throw 359900/1000000
[MakeCovarianceMatrix.cpp][info] Throw 360000/1000000
[MakeCovarianceMatrix.cpp][info] Throw 360100/1000000
[MakeCovarianceMatrix.cpp][info] Throw 360200/1000000
[MakeCovarianceMatrix.cpp][info] Throw 360300/1000000
[MakeCovarianceMatrix.cpp][info] Throw 360400/1000000
[MakeCovarianceMatrix.cpp][info] Throw 360500/1000000
[MakeCovarianceMatrix.cpp][info] Throw 360600/1000000
[MakeCovarianceMatrix.cpp][info] Throw 360700/1000000
[MakeCovarianceMatrix.cpp][info] Throw 360800/1000000
[MakeCovarianceMatrix.cpp][info] Throw 360900/1000000
[MakeCovarianceMatrix.cpp][info] Throw 361000/1000000
[MakeCovarianceMatrix.cpp][info] Throw 361100/1000000
[MakeCovarianceMatrix.cpp][info] Throw 361200/1000000
[MakeCovarianceMatrix.cpp][info] Throw 361300/1000000
[MakeCovarianceMatrix.cpp][info] Throw 361400/1000000
[MakeCovarianceMatrix.cpp][info] Throw 361500/1000000
[MakeCovarianceMatrix.cpp][info] Throw 361600/1000000
[MakeCovarianceMatrix.cpp][info] Throw 361700/1000000
[MakeCovarianceMatrix.cpp][info] Throw 361800/1000000
[MakeCovarianceMatrix.cpp][info] Throw 361900/1000000
[MakeCovarianceMatrix.cpp][info] Throw 362000/1000000
[MakeCovarianceMatrix.cpp][info] Throw 362100/1000000
[MakeCovarianceMatrix.cpp][info] Throw 362200/1000000
[MakeCovarianceMatrix.cpp][info] Throw 362300/1000000
[MakeCovarianceMatrix.cpp][info] Throw 362400/1000000
[MakeCovarianceMatrix.cpp][info] Throw 362500/1000000
[MakeCovarianceMatrix.cpp][info] Throw 362600/1000000
[MakeCovarianceMatrix.cpp][info] Throw 362700/1000000
[MakeCovarianceMatrix.cpp][info] Throw 362800/1000000
[MakeCovarianceMatrix.cpp][info] Throw 362900/1000000
[MakeCovarianceMatrix.cpp][info] Throw 363000/1000000
[MakeCovarianceMatrix.cpp][info] Throw 363100/1000000
[MakeCovarianceMatrix.cpp][info] Throw 363200/1000000
[MakeCovarianceMatrix.cpp][info] Throw 363300/1000000
[MakeCovarianceMatrix.cpp][info] Throw 363400/1000000
[MakeCovarianceMatrix.cpp][info] Throw 363500/1000000
[MakeCovarianceMatrix.cpp][info] Throw 363600/1000000
[MakeCovarianceMatrix.cpp][info] Throw 363700/1000000
[MakeCovarianceMatrix.cpp][info] Throw 363800/1000000
[MakeCovarianceMatrix.cpp][info] Throw 363900/1000000
[MakeCovarianceMatrix.cpp][info] Throw 364000/1000000
[MakeCovarianceMatrix.cpp][info] Throw 364100/1000000
[MakeCovarianceMatrix.cpp][info] Throw 364200/1000000
[MakeCovarianceMatrix.cpp][info] Throw 364300/1000000
[MakeCovarianceMatrix.cpp][info] Throw 364400/1000000
[MakeCovarianceMatrix.cpp][info] Throw 364500/1000000
[MakeCovarianceMatrix.cpp][info] Throw 364600/1000000
[MakeCovarianceMatrix.cpp][info] Throw 364700/1000000
[MakeCovarianceMatrix.cpp][info] Throw 364800/1000000
[MakeCovarianceMatrix.cpp][info] Throw 364900/1000000
[MakeCovarianceMatrix.cpp][info] Throw 365000/1000000
[MakeCovarianceMatrix.cpp][info] Throw 365100/1000000
[MakeCovarianceMatrix.cpp][info] Throw 365200/1000000
[MakeCovarianceMatrix.cpp][info] Throw 365300/1000000
[MakeCovarianceMatrix.cpp][info] Throw 365400/1000000
[MakeCovarianceMatrix.cpp][info] Throw 365500/1000000
[MakeCovarianceMatrix.cpp][info] Throw 365600/1000000
[MakeCovarianceMatrix.cpp][info] Throw 365700/1000000
[MakeCovarianceMatrix.cpp][info] Throw 365800/1000000
[MakeCovarianceMatrix.cpp][info] Throw 365900/1000000
[MakeCovarianceMatrix.cpp][info] Throw 366000/1000000
[MakeCovarianceMatrix.cpp][info] Throw 366100/1000000
[MakeCovarianceMatrix.cpp][info] Throw 366200/1000000
[MakeCovarianceMatrix.cpp][info] Throw 366300/1000000
[MakeCovarianceMatrix.cpp][info] Throw 366400/1000000
[MakeCovarianceMatrix.cpp][info] Throw 366500/1000000
[MakeCovarianceMatrix.cpp][info] Throw 366600/1000000
[MakeCovarianceMatrix.cpp][info] Throw 366700/1000000
[MakeCovarianceMatrix.cpp][info] Throw 366800/1000000
[MakeCovarianceMatrix.cpp][info] Throw 366900/1000000
[MakeCovarianceMatrix.cpp][info] Throw 367000/1000000
[MakeCovarianceMatrix.cpp][info] Throw 367100/1000000
[MakeCovarianceMatrix.cpp][info] Throw 367200/1000000
[MakeCovarianceMatrix.cpp][info] Throw 367300/1000000
[MakeCovarianceMatrix.cpp][info] Throw 367400/1000000
[MakeCovarianceMatrix.cpp][info] Throw 367500/1000000
[MakeCovarianceMatrix.cpp][info] Throw 367600/1000000
[MakeCovarianceMatrix.cpp][info] Throw 367700/1000000
[MakeCovarianceMatrix.cpp][info] Throw 367800/1000000
[MakeCovarianceMatrix.cpp][info] Throw 367900/1000000
[MakeCovarianceMatrix.cpp][info] Throw 368000/1000000
[MakeCovarianceMatrix.cpp][info] Throw 368100/1000000
[MakeCovarianceMatrix.cpp][info] Throw 368200/1000000
[MakeCovarianceMatrix.cpp][info] Throw 368300/1000000
[MakeCovarianceMatrix.cpp][info] Throw 368400/1000000
[MakeCovarianceMatrix.cpp][info] Throw 368500/1000000
[MakeCovarianceMatrix.cpp][info] Throw 368600/1000000
[MakeCovarianceMatrix.cpp][info] Throw 368700/1000000
[MakeCovarianceMatrix.cpp][info] Throw 368800/1000000
[MakeCovarianceMatrix.cpp][info] Throw 368900/1000000
[MakeCovarianceMatrix.cpp][info] Throw 369000/1000000
[MakeCovarianceMatrix.cpp][info] Throw 369100/1000000
[MakeCovarianceMatrix.cpp][info] Throw 369200/1000000
[MakeCovarianceMatrix.cpp][info] Throw 369300/1000000
[MakeCovarianceMatrix.cpp][info] Throw 369400/1000000
[MakeCovarianceMatrix.cpp][info] Throw 369500/1000000
[MakeCovarianceMatrix.cpp][info] Throw 369600/1000000
[MakeCovarianceMatrix.cpp][info] Throw 369700/1000000
[MakeCovarianceMatrix.cpp][info] Throw 369800/1000000
[MakeCovarianceMatrix.cpp][info] Throw 369900/1000000
[MakeCovarianceMatrix.cpp][info] Throw 370000/1000000
[MakeCovarianceMatrix.cpp][info] Throw 370100/1000000
[MakeCovarianceMatrix.cpp][info] Throw 370200/1000000
[MakeCovarianceMatrix.cpp][info] Throw 370300/1000000
[MakeCovarianceMatrix.cpp][info] Throw 370400/1000000
[MakeCovarianceMatrix.cpp][info] Throw 370500/1000000
[MakeCovarianceMatrix.cpp][info] Throw 370600/1000000
[MakeCovarianceMatrix.cpp][info] Throw 370700/1000000
[MakeCovarianceMatrix.cpp][info] Throw 370800/1000000
[MakeCovarianceMatrix.cpp][info] Throw 370900/1000000
[MakeCovarianceMatrix.cpp][info] Throw 371000/1000000
[MakeCovarianceMatrix.cpp][info] Throw 371100/1000000
[MakeCovarianceMatrix.cpp][info] Throw 371200/1000000
[MakeCovarianceMatrix.cpp][info] Throw 371300/1000000
[MakeCovarianceMatrix.cpp][info] Throw 371400/1000000
[MakeCovarianceMatrix.cpp][info] Throw 371500/1000000
[MakeCovarianceMatrix.cpp][info] Throw 371600/1000000
[MakeCovarianceMatrix.cpp][info] Throw 371700/1000000
[MakeCovarianceMatrix.cpp][info] Throw 371800/1000000
[MakeCovarianceMatrix.cpp][info] Throw 371900/1000000
[MakeCovarianceMatrix.cpp][info] Throw 372000/1000000
[MakeCovarianceMatrix.cpp][info] Throw 372100/1000000
[MakeCovarianceMatrix.cpp][info] Throw 372200/1000000
[MakeCovarianceMatrix.cpp][info] Throw 372300/1000000
[MakeCovarianceMatrix.cpp][info] Throw 372400/1000000
[MakeCovarianceMatrix.cpp][info] Throw 372500/1000000
[MakeCovarianceMatrix.cpp][info] Throw 372600/1000000
[MakeCovarianceMatrix.cpp][info] Throw 372700/1000000
[MakeCovarianceMatrix.cpp][info] Throw 372800/1000000
[MakeCovarianceMatrix.cpp][info] Throw 372900/1000000
[MakeCovarianceMatrix.cpp][info] Throw 373000/1000000
[MakeCovarianceMatrix.cpp][info] Throw 373100/1000000
[MakeCovarianceMatrix.cpp][info] Throw 373200/1000000
[MakeCovarianceMatrix.cpp][info] Throw 373300/1000000
[MakeCovarianceMatrix.cpp][info] Throw 373400/1000000
[MakeCovarianceMatrix.cpp][info] Throw 373500/1000000
[MakeCovarianceMatrix.cpp][info] Throw 373600/1000000
[MakeCovarianceMatrix.cpp][info] Throw 373700/1000000
[MakeCovarianceMatrix.cpp][info] Throw 373800/1000000
[MakeCovarianceMatrix.cpp][info] Throw 373900/1000000
[MakeCovarianceMatrix.cpp][info] Throw 374000/1000000
[MakeCovarianceMatrix.cpp][info] Throw 374100/1000000
[MakeCovarianceMatrix.cpp][info] Throw 374200/1000000
[MakeCovarianceMatrix.cpp][info] Throw 374300/1000000
[MakeCovarianceMatrix.cpp][info] Throw 374400/1000000
[MakeCovarianceMatrix.cpp][info] Throw 374500/1000000
[MakeCovarianceMatrix.cpp][info] Throw 374600/1000000
[MakeCovarianceMatrix.cpp][info] Throw 374700/1000000
[MakeCovarianceMatrix.cpp][info] Throw 374800/1000000
[MakeCovarianceMatrix.cpp][info] Throw 374900/1000000
[MakeCovarianceMatrix.cpp][info] Throw 375000/1000000
[MakeCovarianceMatrix.cpp][info] Throw 375100/1000000
[MakeCovarianceMatrix.cpp][info] Throw 375200/1000000
[MakeCovarianceMatrix.cpp][info] Throw 375300/1000000
[MakeCovarianceMatrix.cpp][info] Throw 375400/1000000
[MakeCovarianceMatrix.cpp][info] Throw 375500/1000000
[MakeCovarianceMatrix.cpp][info] Throw 375600/1000000
[MakeCovarianceMatrix.cpp][info] Throw 375700/1000000
[MakeCovarianceMatrix.cpp][info] Throw 375800/1000000
[MakeCovarianceMatrix.cpp][info] Throw 375900/1000000
[MakeCovarianceMatrix.cpp][info] Throw 376000/1000000
[MakeCovarianceMatrix.cpp][info] Throw 376100/1000000
[MakeCovarianceMatrix.cpp][info] Throw 376200/1000000
[MakeCovarianceMatrix.cpp][info] Throw 376300/1000000
[MakeCovarianceMatrix.cpp][info] Throw 376400/1000000
[MakeCovarianceMatrix.cpp][info] Throw 376500/1000000
[MakeCovarianceMatrix.cpp][info] Throw 376600/1000000
[MakeCovarianceMatrix.cpp][info] Throw 376700/1000000
[MakeCovarianceMatrix.cpp][info] Throw 376800/1000000
[MakeCovarianceMatrix.cpp][info] Throw 376900/1000000
[MakeCovarianceMatrix.cpp][info] Throw 377000/1000000
[MakeCovarianceMatrix.cpp][info] Throw 377100/1000000
[MakeCovarianceMatrix.cpp][info] Throw 377200/1000000
[MakeCovarianceMatrix.cpp][info] Throw 377300/1000000
[MakeCovarianceMatrix.cpp][info] Throw 377400/1000000
[MakeCovarianceMatrix.cpp][info] Throw 377500/1000000
[MakeCovarianceMatrix.cpp][info] Throw 377600/1000000
[MakeCovarianceMatrix.cpp][info] Throw 377700/1000000
[MakeCovarianceMatrix.cpp][info] Throw 377800/1000000
[MakeCovarianceMatrix.cpp][info] Throw 377900/1000000
[MakeCovarianceMatrix.cpp][info] Throw 378000/1000000
[MakeCovarianceMatrix.cpp][info] Throw 378100/1000000
[MakeCovarianceMatrix.cpp][info] Throw 378200/1000000
[MakeCovarianceMatrix.cpp][info] Throw 378300/1000000
[MakeCovarianceMatrix.cpp][info] Throw 378400/1000000
[MakeCovarianceMatrix.cpp][info] Throw 378500/1000000
[MakeCovarianceMatrix.cpp][info] Throw 378600/1000000
[MakeCovarianceMatrix.cpp][info] Throw 378700/1000000
[MakeCovarianceMatrix.cpp][info] Throw 378800/1000000
[MakeCovarianceMatrix.cpp][info] Throw 378900/1000000
[MakeCovarianceMatrix.cpp][info] Throw 379000/1000000
[MakeCovarianceMatrix.cpp][info] Throw 379100/1000000
[MakeCovarianceMatrix.cpp][info] Throw 379200/1000000
[MakeCovarianceMatrix.cpp][info] Throw 379300/1000000
[MakeCovarianceMatrix.cpp][info] Throw 379400/1000000
[MakeCovarianceMatrix.cpp][info] Throw 379500/1000000
[MakeCovarianceMatrix.cpp][info] Throw 379600/1000000
[MakeCovarianceMatrix.cpp][info] Throw 379700/1000000
[MakeCovarianceMatrix.cpp][info] Throw 379800/1000000
[MakeCovarianceMatrix.cpp][info] Throw 379900/1000000
[MakeCovarianceMatrix.cpp][info] Throw 380000/1000000
[MakeCovarianceMatrix.cpp][info] Throw 380100/1000000
[MakeCovarianceMatrix.cpp][info] Throw 380200/1000000
[MakeCovarianceMatrix.cpp][info] Throw 380300/1000000
[MakeCovarianceMatrix.cpp][info] Throw 380400/1000000
[MakeCovarianceMatrix.cpp][info] Throw 380500/1000000
[MakeCovarianceMatrix.cpp][info] Throw 380600/1000000
[MakeCovarianceMatrix.cpp][info] Throw 380700/1000000
[MakeCovarianceMatrix.cpp][info] Throw 380800/1000000
[MakeCovarianceMatrix.cpp][info] Throw 380900/1000000
[MakeCovarianceMatrix.cpp][info] Throw 381000/1000000
[MakeCovarianceMatrix.cpp][info] Throw 381100/1000000
[MakeCovarianceMatrix.cpp][info] Throw 381200/1000000
[MakeCovarianceMatrix.cpp][info] Throw 381300/1000000
[MakeCovarianceMatrix.cpp][info] Throw 381400/1000000
[MakeCovarianceMatrix.cpp][info] Throw 381500/1000000
[MakeCovarianceMatrix.cpp][info] Throw 381600/1000000
[MakeCovarianceMatrix.cpp][info] Throw 381700/1000000
[MakeCovarianceMatrix.cpp][info] Throw 381800/1000000
[MakeCovarianceMatrix.cpp][info] Throw 381900/1000000
[MakeCovarianceMatrix.cpp][info] Throw 382000/1000000
[MakeCovarianceMatrix.cpp][info] Throw 382100/1000000
[MakeCovarianceMatrix.cpp][info] Throw 382200/1000000
[MakeCovarianceMatrix.cpp][info] Throw 382300/1000000
[MakeCovarianceMatrix.cpp][info] Throw 382400/1000000
[MakeCovarianceMatrix.cpp][info] Throw 382500/1000000
[MakeCovarianceMatrix.cpp][info] Throw 382600/1000000
[MakeCovarianceMatrix.cpp][info] Throw 382700/1000000
[MakeCovarianceMatrix.cpp][info] Throw 382800/1000000
[MakeCovarianceMatrix.cpp][info] Throw 382900/1000000
[MakeCovarianceMatrix.cpp][info] Throw 383000/1000000
[MakeCovarianceMatrix.cpp][info] Throw 383100/1000000
[MakeCovarianceMatrix.cpp][info] Throw 383200/1000000
[MakeCovarianceMatrix.cpp][info] Throw 383300/1000000
[MakeCovarianceMatrix.cpp][info] Throw 383400/1000000
[MakeCovarianceMatrix.cpp][info] Throw 383500/1000000
[MakeCovarianceMatrix.cpp][info] Throw 383600/1000000
[MakeCovarianceMatrix.cpp][info] Throw 383700/1000000
[MakeCovarianceMatrix.cpp][info] Throw 383800/1000000
[MakeCovarianceMatrix.cpp][info] Throw 383900/1000000
[MakeCovarianceMatrix.cpp][info] Throw 384000/1000000
[MakeCovarianceMatrix.cpp][info] Throw 384100/1000000
[MakeCovarianceMatrix.cpp][info] Throw 384200/1000000
[MakeCovarianceMatrix.cpp][info] Throw 384300/1000000
[MakeCovarianceMatrix.cpp][info] Throw 384400/1000000
[MakeCovarianceMatrix.cpp][info] Throw 384500/1000000
[MakeCovarianceMatrix.cpp][info] Throw 384600/1000000
[MakeCovarianceMatrix.cpp][info] Throw 384700/1000000
[MakeCovarianceMatrix.cpp][info] Throw 384800/1000000
[MakeCovarianceMatrix.cpp][info] Throw 384900/1000000
[MakeCovarianceMatrix.cpp][info] Throw 385000/1000000
[MakeCovarianceMatrix.cpp][info] Throw 385100/1000000
[MakeCovarianceMatrix.cpp][info] Throw 385200/1000000
[MakeCovarianceMatrix.cpp][info] Throw 385300/1000000
[MakeCovarianceMatrix.cpp][info] Throw 385400/1000000
[MakeCovarianceMatrix.cpp][info] Throw 385500/1000000
[MakeCovarianceMatrix.cpp][info] Throw 385600/1000000
[MakeCovarianceMatrix.cpp][info] Throw 385700/1000000
[MakeCovarianceMatrix.cpp][info] Throw 385800/1000000
[MakeCovarianceMatrix.cpp][info] Throw 385900/1000000
[MakeCovarianceMatrix.cpp][info] Throw 386000/1000000
[MakeCovarianceMatrix.cpp][info] Throw 386100/1000000
[MakeCovarianceMatrix.cpp][info] Throw 386200/1000000
[MakeCovarianceMatrix.cpp][info] Throw 386300/1000000
[MakeCovarianceMatrix.cpp][info] Throw 386400/1000000
[MakeCovarianceMatrix.cpp][info] Throw 386500/1000000
[MakeCovarianceMatrix.cpp][info] Throw 386600/1000000
[MakeCovarianceMatrix.cpp][info] Throw 386700/1000000
[MakeCovarianceMatrix.cpp][info] Throw 386800/1000000
[MakeCovarianceMatrix.cpp][info] Throw 386900/1000000
[MakeCovarianceMatrix.cpp][info] Throw 387000/1000000
[MakeCovarianceMatrix.cpp][info] Throw 387100/1000000
[MakeCovarianceMatrix.cpp][info] Throw 387200/1000000
[MakeCovarianceMatrix.cpp][info] Throw 387300/1000000
[MakeCovarianceMatrix.cpp][info] Throw 387400/1000000
[MakeCovarianceMatrix.cpp][info] Throw 387500/1000000
[MakeCovarianceMatrix.cpp][info] Throw 387600/1000000
[MakeCovarianceMatrix.cpp][info] Throw 387700/1000000
[MakeCovarianceMatrix.cpp][info] Throw 387800/1000000
[MakeCovarianceMatrix.cpp][info] Throw 387900/1000000
[MakeCovarianceMatrix.cpp][info] Throw 388000/1000000
[MakeCovarianceMatrix.cpp][info] Throw 388100/1000000
[MakeCovarianceMatrix.cpp][info] Throw 388200/1000000
[MakeCovarianceMatrix.cpp][info] Throw 388300/1000000
[MakeCovarianceMatrix.cpp][info] Throw 388400/1000000
[MakeCovarianceMatrix.cpp][info] Throw 388500/1000000
[MakeCovarianceMatrix.cpp][info] Throw 388600/1000000
[MakeCovarianceMatrix.cpp][info] Throw 388700/1000000
[MakeCovarianceMatrix.cpp][info] Throw 388800/1000000
[MakeCovarianceMatrix.cpp][info] Throw 388900/1000000
[MakeCovarianceMatrix.cpp][info] Throw 389000/1000000
[MakeCovarianceMatrix.cpp][info] Throw 389100/1000000
[MakeCovarianceMatrix.cpp][info] Throw 389200/1000000
[MakeCovarianceMatrix.cpp][info] Throw 389300/1000000
[MakeCovarianceMatrix.cpp][info] Throw 389400/1000000
[MakeCovarianceMatrix.cpp][info] Throw 389500/1000000
[MakeCovarianceMatrix.cpp][info] Throw 389600/1000000
[MakeCovarianceMatrix.cpp][info] Throw 389700/1000000
[MakeCovarianceMatrix.cpp][info] Throw 389800/1000000
[MakeCovarianceMatrix.cpp][info] Throw 389900/1000000
[MakeCovarianceMatrix.cpp][info] Throw 390000/1000000
[MakeCovarianceMatrix.cpp][info] Throw 390100/1000000
[MakeCovarianceMatrix.cpp][info] Throw 390200/1000000
[MakeCovarianceMatrix.cpp][info] Throw 390300/1000000
[MakeCovarianceMatrix.cpp][info] Throw 390400/1000000
[MakeCovarianceMatrix.cpp][info] Throw 390500/1000000
[MakeCovarianceMatrix.cpp][info] Throw 390600/1000000
[MakeCovarianceMatrix.cpp][info] Throw 390700/1000000
[MakeCovarianceMatrix.cpp][info] Throw 390800/1000000
[MakeCovarianceMatrix.cpp][info] Throw 390900/1000000
[MakeCovarianceMatrix.cpp][info] Throw 391000/1000000
[MakeCovarianceMatrix.cpp][info] Throw 391100/1000000
[MakeCovarianceMatrix.cpp][info] Throw 391200/1000000
[MakeCovarianceMatrix.cpp][info] Throw 391300/1000000
[MakeCovarianceMatrix.cpp][info] Throw 391400/1000000
[MakeCovarianceMatrix.cpp][info] Throw 391500/1000000
[MakeCovarianceMatrix.cpp][info] Throw 391600/1000000
[MakeCovarianceMatrix.cpp][info] Throw 391700/1000000
[MakeCovarianceMatrix.cpp][info] Throw 391800/1000000
[MakeCovarianceMatrix.cpp][info] Throw 391900/1000000
[MakeCovarianceMatrix.cpp][info] Throw 392000/1000000
[MakeCovarianceMatrix.cpp][info] Throw 392100/1000000
[MakeCovarianceMatrix.cpp][info] Throw 392200/1000000
[MakeCovarianceMatrix.cpp][info] Throw 392300/1000000
[MakeCovarianceMatrix.cpp][info] Throw 392400/1000000
[MakeCovarianceMatrix.cpp][info] Throw 392500/1000000
[MakeCovarianceMatrix.cpp][info] Throw 392600/1000000
[MakeCovarianceMatrix.cpp][info] Throw 392700/1000000
[MakeCovarianceMatrix.cpp][info] Throw 392800/1000000
[MakeCovarianceMatrix.cpp][info] Throw 392900/1000000
[MakeCovarianceMatrix.cpp][info] Throw 393000/1000000
[MakeCovarianceMatrix.cpp][info] Throw 393100/1000000
[MakeCovarianceMatrix.cpp][info] Throw 393200/1000000
[MakeCovarianceMatrix.cpp][info] Throw 393300/1000000
[MakeCovarianceMatrix.cpp][info] Throw 393400/1000000
[MakeCovarianceMatrix.cpp][info] Throw 393500/1000000
[MakeCovarianceMatrix.cpp][info] Throw 393600/1000000
[MakeCovarianceMatrix.cpp][info] Throw 393700/1000000
[MakeCovarianceMatrix.cpp][info] Throw 393800/1000000
[MakeCovarianceMatrix.cpp][info] Throw 393900/1000000
[MakeCovarianceMatrix.cpp][info] Throw 394000/1000000
[MakeCovarianceMatrix.cpp][info] Throw 394100/1000000
[MakeCovarianceMatrix.cpp][info] Throw 394200/1000000
[MakeCovarianceMatrix.cpp][info] Throw 394300/1000000
[MakeCovarianceMatrix.cpp][info] Throw 394400/1000000
[MakeCovarianceMatrix.cpp][info] Throw 394500/1000000
[MakeCovarianceMatrix.cpp][info] Throw 394600/1000000
[MakeCovarianceMatrix.cpp][info] Throw 394700/1000000
[MakeCovarianceMatrix.cpp][info] Throw 394800/1000000
[MakeCovarianceMatrix.cpp][info] Throw 394900/1000000
[MakeCovarianceMatrix.cpp][info] Throw 395000/1000000
[MakeCovarianceMatrix.cpp][info] Throw 395100/1000000
[MakeCovarianceMatrix.cpp][info] Throw 395200/1000000
[MakeCovarianceMatrix.cpp][info] Throw 395300/1000000
[MakeCovarianceMatrix.cpp][info] Throw 395400/1000000
[MakeCovarianceMatrix.cpp][info] Throw 395500/1000000
[MakeCovarianceMatrix.cpp][info] Throw 395600/1000000
[MakeCovarianceMatrix.cpp][info] Throw 395700/1000000
[MakeCovarianceMatrix.cpp][info] Throw 395800/1000000
[MakeCovarianceMatrix.cpp][info] Throw 395900/1000000
[MakeCovarianceMatrix.cpp][info] Throw 396000/1000000
[MakeCovarianceMatrix.cpp][info] Throw 396100/1000000
[MakeCovarianceMatrix.cpp][info] Throw 396200/1000000
[MakeCovarianceMatrix.cpp][info] Throw 396300/1000000
[MakeCovarianceMatrix.cpp][info] Throw 396400/1000000
[MakeCovarianceMatrix.cpp][info] Throw 396500/1000000
[MakeCovarianceMatrix.cpp][info] Throw 396600/1000000
[MakeCovarianceMatrix.cpp][info] Throw 396700/1000000
[MakeCovarianceMatrix.cpp][info] Throw 396800/1000000
[MakeCovarianceMatrix.cpp][info] Throw 396900/1000000
[MakeCovarianceMatrix.cpp][info] Throw 397000/1000000
[MakeCovarianceMatrix.cpp][info] Throw 397100/1000000
[MakeCovarianceMatrix.cpp][info] Throw 397200/1000000
[MakeCovarianceMatrix.cpp][info] Throw 397300/1000000
[MakeCovarianceMatrix.cpp][info] Throw 397400/1000000
[MakeCovarianceMatrix.cpp][info] Throw 397500/1000000
[MakeCovarianceMatrix.cpp][info] Throw 397600/1000000
[MakeCovarianceMatrix.cpp][info] Throw 397700/1000000
[MakeCovarianceMatrix.cpp][info] Throw 397800/1000000
[MakeCovarianceMatrix.cpp][info] Throw 397900/1000000
[MakeCovarianceMatrix.cpp][info] Throw 398000/1000000
[MakeCovarianceMatrix.cpp][info] Throw 398100/1000000
[MakeCovarianceMatrix.cpp][info] Throw 398200/1000000
[MakeCovarianceMatrix.cpp][info] Throw 398300/1000000
[MakeCovarianceMatrix.cpp][info] Throw 398400/1000000
[MakeCovarianceMatrix.cpp][info] Throw 398500/1000000
[MakeCovarianceMatrix.cpp][info] Throw 398600/1000000
[MakeCovarianceMatrix.cpp][info] Throw 398700/1000000
[MakeCovarianceMatrix.cpp][info] Throw 398800/1000000
[MakeCovarianceMatrix.cpp][info] Throw 398900/1000000
[MakeCovarianceMatrix.cpp][info] Throw 399000/1000000
[MakeCovarianceMatrix.cpp][info] Throw 399100/1000000
[MakeCovarianceMatrix.cpp][info] Throw 399200/1000000
[MakeCovarianceMatrix.cpp][info] Throw 399300/1000000
[MakeCovarianceMatrix.cpp][info] Throw 399400/1000000
[MakeCovarianceMatrix.cpp][info] Throw 399500/1000000
[MakeCovarianceMatrix.cpp][info] Throw 399600/1000000
[MakeCovarianceMatrix.cpp][info] Throw 399700/1000000
[MakeCovarianceMatrix.cpp][info] Throw 399800/1000000
[MakeCovarianceMatrix.cpp][info] Throw 399900/1000000
[MakeCovarianceMatrix.cpp][info] Throw 400000/1000000
[MakeCovarianceMatrix.cpp][info] Throw 400100/1000000
[MakeCovarianceMatrix.cpp][info] Throw 400200/1000000
[MakeCovarianceMatrix.cpp][info] Throw 400300/1000000
[MakeCovarianceMatrix.cpp][info] Throw 400400/1000000
[MakeCovarianceMatrix.cpp][info] Throw 400500/1000000
[MakeCovarianceMatrix.cpp][info] Throw 400600/1000000
[MakeCovarianceMatrix.cpp][info] Throw 400700/1000000
[MakeCovarianceMatrix.cpp][info] Throw 400800/1000000
[MakeCovarianceMatrix.cpp][info] Throw 400900/1000000
[MakeCovarianceMatrix.cpp][info] Throw 401000/1000000
[MakeCovarianceMatrix.cpp][info] Throw 401100/1000000
[MakeCovarianceMatrix.cpp][info] Throw 401200/1000000
[MakeCovarianceMatrix.cpp][info] Throw 401300/1000000
[MakeCovarianceMatrix.cpp][info] Throw 401400/1000000
[MakeCovarianceMatrix.cpp][info] Throw 401500/1000000
[MakeCovarianceMatrix.cpp][info] Throw 401600/1000000
[MakeCovarianceMatrix.cpp][info] Throw 401700/1000000
[MakeCovarianceMatrix.cpp][info] Throw 401800/1000000
[MakeCovarianceMatrix.cpp][info] Throw 401900/1000000
[MakeCovarianceMatrix.cpp][info] Throw 402000/1000000
[MakeCovarianceMatrix.cpp][info] Throw 402100/1000000
[MakeCovarianceMatrix.cpp][info] Throw 402200/1000000
[MakeCovarianceMatrix.cpp][info] Throw 402300/1000000
[MakeCovarianceMatrix.cpp][info] Throw 402400/1000000
[MakeCovarianceMatrix.cpp][info] Throw 402500/1000000
[MakeCovarianceMatrix.cpp][info] Throw 402600/1000000
[MakeCovarianceMatrix.cpp][info] Throw 402700/1000000
[MakeCovarianceMatrix.cpp][info] Throw 402800/1000000
[MakeCovarianceMatrix.cpp][info] Throw 402900/1000000
[MakeCovarianceMatrix.cpp][info] Throw 403000/1000000
[MakeCovarianceMatrix.cpp][info] Throw 403100/1000000
[MakeCovarianceMatrix.cpp][info] Throw 403200/1000000
[MakeCovarianceMatrix.cpp][info] Throw 403300/1000000
[MakeCovarianceMatrix.cpp][info] Throw 403400/1000000
[MakeCovarianceMatrix.cpp][info] Throw 403500/1000000
[MakeCovarianceMatrix.cpp][info] Throw 403600/1000000
[MakeCovarianceMatrix.cpp][info] Throw 403700/1000000
[MakeCovarianceMatrix.cpp][info] Throw 403800/1000000
[MakeCovarianceMatrix.cpp][info] Throw 403900/1000000
[MakeCovarianceMatrix.cpp][info] Throw 404000/1000000
[MakeCovarianceMatrix.cpp][info] Throw 404100/1000000
[MakeCovarianceMatrix.cpp][info] Throw 404200/1000000
[MakeCovarianceMatrix.cpp][info] Throw 404300/1000000
[MakeCovarianceMatrix.cpp][info] Throw 404400/1000000
[MakeCovarianceMatrix.cpp][info] Throw 404500/1000000
[MakeCovarianceMatrix.cpp][info] Throw 404600/1000000
[MakeCovarianceMatrix.cpp][info] Throw 404700/1000000
[MakeCovarianceMatrix.cpp][info] Throw 404800/1000000
[MakeCovarianceMatrix.cpp][info] Throw 404900/1000000
[MakeCovarianceMatrix.cpp][info] Throw 405000/1000000
[MakeCovarianceMatrix.cpp][info] Throw 405100/1000000
[MakeCovarianceMatrix.cpp][info] Throw 405200/1000000
[MakeCovarianceMatrix.cpp][info] Throw 405300/1000000
[MakeCovarianceMatrix.cpp][info] Throw 405400/1000000
[MakeCovarianceMatrix.cpp][info] Throw 405500/1000000
[MakeCovarianceMatrix.cpp][info] Throw 405600/1000000
[MakeCovarianceMatrix.cpp][info] Throw 405700/1000000
[MakeCovarianceMatrix.cpp][info] Throw 405800/1000000
[MakeCovarianceMatrix.cpp][info] Throw 405900/1000000
[MakeCovarianceMatrix.cpp][info] Throw 406000/1000000
[MakeCovarianceMatrix.cpp][info] Throw 406100/1000000
[MakeCovarianceMatrix.cpp][info] Throw 406200/1000000
[MakeCovarianceMatrix.cpp][info] Throw 406300/1000000
[MakeCovarianceMatrix.cpp][info] Throw 406400/1000000
[MakeCovarianceMatrix.cpp][info] Throw 406500/1000000
[MakeCovarianceMatrix.cpp][info] Throw 406600/1000000
[MakeCovarianceMatrix.cpp][info] Throw 406700/1000000
[MakeCovarianceMatrix.cpp][info] Throw 406800/1000000
[MakeCovarianceMatrix.cpp][info] Throw 406900/1000000
[MakeCovarianceMatrix.cpp][info] Throw 407000/1000000
[MakeCovarianceMatrix.cpp][info] Throw 407100/1000000
[MakeCovarianceMatrix.cpp][info] Throw 407200/1000000
[MakeCovarianceMatrix.cpp][info] Throw 407300/1000000
[MakeCovarianceMatrix.cpp][info] Throw 407400/1000000
[MakeCovarianceMatrix.cpp][info] Throw 407500/1000000
[MakeCovarianceMatrix.cpp][info] Throw 407600/1000000
[MakeCovarianceMatrix.cpp][info] Throw 407700/1000000
[MakeCovarianceMatrix.cpp][info] Throw 407800/1000000
[MakeCovarianceMatrix.cpp][info] Throw 407900/1000000
[MakeCovarianceMatrix.cpp][info] Throw 408000/1000000
[MakeCovarianceMatrix.cpp][info] Throw 408100/1000000
[MakeCovarianceMatrix.cpp][info] Throw 408200/1000000
[MakeCovarianceMatrix.cpp][info] Throw 408300/1000000
[MakeCovarianceMatrix.cpp][info] Throw 408400/1000000
[MakeCovarianceMatrix.cpp][info] Throw 408500/1000000
[MakeCovarianceMatrix.cpp][info] Throw 408600/1000000
[MakeCovarianceMatrix.cpp][info] Throw 408700/1000000
[MakeCovarianceMatrix.cpp][info] Throw 408800/1000000
[MakeCovarianceMatrix.cpp][info] Throw 408900/1000000
[MakeCovarianceMatrix.cpp][info] Throw 409000/1000000
[MakeCovarianceMatrix.cpp][info] Throw 409100/1000000
[MakeCovarianceMatrix.cpp][info] Throw 409200/1000000
[MakeCovarianceMatrix.cpp][info] Throw 409300/1000000
[MakeCovarianceMatrix.cpp][info] Throw 409400/1000000
[MakeCovarianceMatrix.cpp][info] Throw 409500/1000000
[MakeCovarianceMatrix.cpp][info] Throw 409600/1000000
[MakeCovarianceMatrix.cpp][info] Throw 409700/1000000
[MakeCovarianceMatrix.cpp][info] Throw 409800/1000000
[MakeCovarianceMatrix.cpp][info] Throw 409900/1000000
[MakeCovarianceMatrix.cpp][info] Throw 410000/1000000
[MakeCovarianceMatrix.cpp][info] Throw 410100/1000000
[MakeCovarianceMatrix.cpp][info] Throw 410200/1000000
[MakeCovarianceMatrix.cpp][info] Throw 410300/1000000
[MakeCovarianceMatrix.cpp][info] Throw 410400/1000000
[MakeCovarianceMatrix.cpp][info] Throw 410500/1000000
[MakeCovarianceMatrix.cpp][info] Throw 410600/1000000
[MakeCovarianceMatrix.cpp][info] Throw 410700/1000000
[MakeCovarianceMatrix.cpp][info] Throw 410800/1000000
[MakeCovarianceMatrix.cpp][info] Throw 410900/1000000
[MakeCovarianceMatrix.cpp][info] Throw 411000/1000000
[MakeCovarianceMatrix.cpp][info] Throw 411100/1000000
[MakeCovarianceMatrix.cpp][info] Throw 411200/1000000
[MakeCovarianceMatrix.cpp][info] Throw 411300/1000000
[MakeCovarianceMatrix.cpp][info] Throw 411400/1000000
[MakeCovarianceMatrix.cpp][info] Throw 411500/1000000
[MakeCovarianceMatrix.cpp][info] Throw 411600/1000000
[MakeCovarianceMatrix.cpp][info] Throw 411700/1000000
[MakeCovarianceMatrix.cpp][info] Throw 411800/1000000
[MakeCovarianceMatrix.cpp][info] Throw 411900/1000000
[MakeCovarianceMatrix.cpp][info] Throw 412000/1000000
[MakeCovarianceMatrix.cpp][info] Throw 412100/1000000
[MakeCovarianceMatrix.cpp][info] Throw 412200/1000000
[MakeCovarianceMatrix.cpp][info] Throw 412300/1000000
[MakeCovarianceMatrix.cpp][info] Throw 412400/1000000
[MakeCovarianceMatrix.cpp][info] Throw 412500/1000000
[MakeCovarianceMatrix.cpp][info] Throw 412600/1000000
[MakeCovarianceMatrix.cpp][info] Throw 412700/1000000
[MakeCovarianceMatrix.cpp][info] Throw 412800/1000000
[MakeCovarianceMatrix.cpp][info] Throw 412900/1000000
[MakeCovarianceMatrix.cpp][info] Throw 413000/1000000
[MakeCovarianceMatrix.cpp][info] Throw 413100/1000000
[MakeCovarianceMatrix.cpp][info] Throw 413200/1000000
[MakeCovarianceMatrix.cpp][info] Throw 413300/1000000
[MakeCovarianceMatrix.cpp][info] Throw 413400/1000000
[MakeCovarianceMatrix.cpp][info] Throw 413500/1000000
[MakeCovarianceMatrix.cpp][info] Throw 413600/1000000
[MakeCovarianceMatrix.cpp][info] Throw 413700/1000000
[MakeCovarianceMatrix.cpp][info] Throw 413800/1000000
[MakeCovarianceMatrix.cpp][info] Throw 413900/1000000
[MakeCovarianceMatrix.cpp][info] Throw 414000/1000000
[MakeCovarianceMatrix.cpp][info] Throw 414100/1000000
[MakeCovarianceMatrix.cpp][info] Throw 414200/1000000
[MakeCovarianceMatrix.cpp][info] Throw 414300/1000000
[MakeCovarianceMatrix.cpp][info] Throw 414400/1000000
[MakeCovarianceMatrix.cpp][info] Throw 414500/1000000
[MakeCovarianceMatrix.cpp][info] Throw 414600/1000000
[MakeCovarianceMatrix.cpp][info] Throw 414700/1000000
[MakeCovarianceMatrix.cpp][info] Throw 414800/1000000
[MakeCovarianceMatrix.cpp][info] Throw 414900/1000000
[MakeCovarianceMatrix.cpp][info] Throw 415000/1000000
[MakeCovarianceMatrix.cpp][info] Throw 415100/1000000
[MakeCovarianceMatrix.cpp][info] Throw 415200/1000000
[MakeCovarianceMatrix.cpp][info] Throw 415300/1000000
[MakeCovarianceMatrix.cpp][info] Throw 415400/1000000
[MakeCovarianceMatrix.cpp][info] Throw 415500/1000000
[MakeCovarianceMatrix.cpp][info] Throw 415600/1000000
[MakeCovarianceMatrix.cpp][info] Throw 415700/1000000
[MakeCovarianceMatrix.cpp][info] Throw 415800/1000000
[MakeCovarianceMatrix.cpp][info] Throw 415900/1000000
[MakeCovarianceMatrix.cpp][info] Throw 416000/1000000
[MakeCovarianceMatrix.cpp][info] Throw 416100/1000000
[MakeCovarianceMatrix.cpp][info] Throw 416200/1000000
[MakeCovarianceMatrix.cpp][info] Throw 416300/1000000
[MakeCovarianceMatrix.cpp][info] Throw 416400/1000000
[MakeCovarianceMatrix.cpp][info] Throw 416500/1000000
[MakeCovarianceMatrix.cpp][info] Throw 416600/1000000
[MakeCovarianceMatrix.cpp][info] Throw 416700/1000000
[MakeCovarianceMatrix.cpp][info] Throw 416800/1000000
[MakeCovarianceMatrix.cpp][info] Throw 416900/1000000
[MakeCovarianceMatrix.cpp][info] Throw 417000/1000000
[MakeCovarianceMatrix.cpp][info] Throw 417100/1000000
[MakeCovarianceMatrix.cpp][info] Throw 417200/1000000
[MakeCovarianceMatrix.cpp][info] Throw 417300/1000000
[MakeCovarianceMatrix.cpp][info] Throw 417400/1000000
[MakeCovarianceMatrix.cpp][info] Throw 417500/1000000
[MakeCovarianceMatrix.cpp][info] Throw 417600/1000000
[MakeCovarianceMatrix.cpp][info] Throw 417700/1000000
[MakeCovarianceMatrix.cpp][info] Throw 417800/1000000
[MakeCovarianceMatrix.cpp][info] Throw 417900/1000000
[MakeCovarianceMatrix.cpp][info] Throw 418000/1000000
[MakeCovarianceMatrix.cpp][info] Throw 418100/1000000
[MakeCovarianceMatrix.cpp][info] Throw 418200/1000000
[MakeCovarianceMatrix.cpp][info] Throw 418300/1000000
[MakeCovarianceMatrix.cpp][info] Throw 418400/1000000
[MakeCovarianceMatrix.cpp][info] Throw 418500/1000000
[MakeCovarianceMatrix.cpp][info] Throw 418600/1000000
[MakeCovarianceMatrix.cpp][info] Throw 418700/1000000
[MakeCovarianceMatrix.cpp][info] Throw 418800/1000000
[MakeCovarianceMatrix.cpp][info] Throw 418900/1000000
[MakeCovarianceMatrix.cpp][info] Throw 419000/1000000
[MakeCovarianceMatrix.cpp][info] Throw 419100/1000000
[MakeCovarianceMatrix.cpp][info] Throw 419200/1000000
[MakeCovarianceMatrix.cpp][info] Throw 419300/1000000
[MakeCovarianceMatrix.cpp][info] Throw 419400/1000000
[MakeCovarianceMatrix.cpp][info] Throw 419500/1000000
[MakeCovarianceMatrix.cpp][info] Throw 419600/1000000
[MakeCovarianceMatrix.cpp][info] Throw 419700/1000000
[MakeCovarianceMatrix.cpp][info] Throw 419800/1000000
[MakeCovarianceMatrix.cpp][info] Throw 419900/1000000
[MakeCovarianceMatrix.cpp][info] Throw 420000/1000000
[MakeCovarianceMatrix.cpp][info] Throw 420100/1000000
[MakeCovarianceMatrix.cpp][info] Throw 420200/1000000
[MakeCovarianceMatrix.cpp][info] Throw 420300/1000000
[MakeCovarianceMatrix.cpp][info] Throw 420400/1000000
[MakeCovarianceMatrix.cpp][info] Throw 420500/1000000
[MakeCovarianceMatrix.cpp][info] Throw 420600/1000000
[MakeCovarianceMatrix.cpp][info] Throw 420700/1000000
[MakeCovarianceMatrix.cpp][info] Throw 420800/1000000
[MakeCovarianceMatrix.cpp][info] Throw 420900/1000000
[MakeCovarianceMatrix.cpp][info] Throw 421000/1000000
[MakeCovarianceMatrix.cpp][info] Throw 421100/1000000
[MakeCovarianceMatrix.cpp][info] Throw 421200/1000000
[MakeCovarianceMatrix.cpp][info] Throw 421300/1000000
[MakeCovarianceMatrix.cpp][info] Throw 421400/1000000
[MakeCovarianceMatrix.cpp][info] Throw 421500/1000000
[MakeCovarianceMatrix.cpp][info] Throw 421600/1000000
[MakeCovarianceMatrix.cpp][info] Throw 421700/1000000
[MakeCovarianceMatrix.cpp][info] Throw 421800/1000000
[MakeCovarianceMatrix.cpp][info] Throw 421900/1000000
[MakeCovarianceMatrix.cpp][info] Throw 422000/1000000
[MakeCovarianceMatrix.cpp][info] Throw 422100/1000000
[MakeCovarianceMatrix.cpp][info] Throw 422200/1000000
[MakeCovarianceMatrix.cpp][info] Throw 422300/1000000
[MakeCovarianceMatrix.cpp][info] Throw 422400/1000000
[MakeCovarianceMatrix.cpp][info] Throw 422500/1000000
[MakeCovarianceMatrix.cpp][info] Throw 422600/1000000
[MakeCovarianceMatrix.cpp][info] Throw 422700/1000000
[MakeCovarianceMatrix.cpp][info] Throw 422800/1000000
[MakeCovarianceMatrix.cpp][info] Throw 422900/1000000
[MakeCovarianceMatrix.cpp][info] Throw 423000/1000000
[MakeCovarianceMatrix.cpp][info] Throw 423100/1000000
[MakeCovarianceMatrix.cpp][info] Throw 423200/1000000
[MakeCovarianceMatrix.cpp][info] Throw 423300/1000000
[MakeCovarianceMatrix.cpp][info] Throw 423400/1000000
[MakeCovarianceMatrix.cpp][info] Throw 423500/1000000
[MakeCovarianceMatrix.cpp][info] Throw 423600/1000000
[MakeCovarianceMatrix.cpp][info] Throw 423700/1000000
[MakeCovarianceMatrix.cpp][info] Throw 423800/1000000
[MakeCovarianceMatrix.cpp][info] Throw 423900/1000000
[MakeCovarianceMatrix.cpp][info] Throw 424000/1000000
[MakeCovarianceMatrix.cpp][info] Throw 424100/1000000
[MakeCovarianceMatrix.cpp][info] Throw 424200/1000000
[MakeCovarianceMatrix.cpp][info] Throw 424300/1000000
[MakeCovarianceMatrix.cpp][info] Throw 424400/1000000
[MakeCovarianceMatrix.cpp][info] Throw 424500/1000000
[MakeCovarianceMatrix.cpp][info] Throw 424600/1000000
[MakeCovarianceMatrix.cpp][info] Throw 424700/1000000
[MakeCovarianceMatrix.cpp][info] Throw 424800/1000000
[MakeCovarianceMatrix.cpp][info] Throw 424900/1000000
[MakeCovarianceMatrix.cpp][info] Throw 425000/1000000
[MakeCovarianceMatrix.cpp][info] Throw 425100/1000000
[MakeCovarianceMatrix.cpp][info] Throw 425200/1000000
[MakeCovarianceMatrix.cpp][info] Throw 425300/1000000
[MakeCovarianceMatrix.cpp][info] Throw 425400/1000000
[MakeCovarianceMatrix.cpp][info] Throw 425500/1000000
[MakeCovarianceMatrix.cpp][info] Throw 425600/1000000
[MakeCovarianceMatrix.cpp][info] Throw 425700/1000000
[MakeCovarianceMatrix.cpp][info] Throw 425800/1000000
[MakeCovarianceMatrix.cpp][info] Throw 425900/1000000
[MakeCovarianceMatrix.cpp][info] Throw 426000/1000000
[MakeCovarianceMatrix.cpp][info] Throw 426100/1000000
[MakeCovarianceMatrix.cpp][info] Throw 426200/1000000
[MakeCovarianceMatrix.cpp][info] Throw 426300/1000000
[MakeCovarianceMatrix.cpp][info] Throw 426400/1000000
[MakeCovarianceMatrix.cpp][info] Throw 426500/1000000
[MakeCovarianceMatrix.cpp][info] Throw 426600/1000000
[MakeCovarianceMatrix.cpp][info] Throw 426700/1000000
[MakeCovarianceMatrix.cpp][info] Throw 426800/1000000
[MakeCovarianceMatrix.cpp][info] Throw 426900/1000000
[MakeCovarianceMatrix.cpp][info] Throw 427000/1000000
[MakeCovarianceMatrix.cpp][info] Throw 427100/1000000
[MakeCovarianceMatrix.cpp][info] Throw 427200/1000000
[MakeCovarianceMatrix.cpp][info] Throw 427300/1000000
[MakeCovarianceMatrix.cpp][info] Throw 427400/1000000
[MakeCovarianceMatrix.cpp][info] Throw 427500/1000000
[MakeCovarianceMatrix.cpp][info] Throw 427600/1000000
[MakeCovarianceMatrix.cpp][info] Throw 427700/1000000
[MakeCovarianceMatrix.cpp][info] Throw 427800/1000000
[MakeCovarianceMatrix.cpp][info] Throw 427900/1000000
[MakeCovarianceMatrix.cpp][info] Throw 428000/1000000
[MakeCovarianceMatrix.cpp][info] Throw 428100/1000000
[MakeCovarianceMatrix.cpp][info] Throw 428200/1000000
[MakeCovarianceMatrix.cpp][info] Throw 428300/1000000
[MakeCovarianceMatrix.cpp][info] Throw 428400/1000000
[MakeCovarianceMatrix.cpp][info] Throw 428500/1000000
[MakeCovarianceMatrix.cpp][info] Throw 428600/1000000
[MakeCovarianceMatrix.cpp][info] Throw 428700/1000000
[MakeCovarianceMatrix.cpp][info] Throw 428800/1000000
[MakeCovarianceMatrix.cpp][info] Throw 428900/1000000
[MakeCovarianceMatrix.cpp][info] Throw 429000/1000000
[MakeCovarianceMatrix.cpp][info] Throw 429100/1000000
[MakeCovarianceMatrix.cpp][info] Throw 429200/1000000
[MakeCovarianceMatrix.cpp][info] Throw 429300/1000000
[MakeCovarianceMatrix.cpp][info] Throw 429400/1000000
[MakeCovarianceMatrix.cpp][info] Throw 429500/1000000
[MakeCovarianceMatrix.cpp][info] Throw 429600/1000000
[MakeCovarianceMatrix.cpp][info] Throw 429700/1000000
[MakeCovarianceMatrix.cpp][info] Throw 429800/1000000
[MakeCovarianceMatrix.cpp][info] Throw 429900/1000000
[MakeCovarianceMatrix.cpp][info] Throw 430000/1000000
[MakeCovarianceMatrix.cpp][info] Throw 430100/1000000
[MakeCovarianceMatrix.cpp][info] Throw 430200/1000000
[MakeCovarianceMatrix.cpp][info] Throw 430300/1000000
[MakeCovarianceMatrix.cpp][info] Throw 430400/1000000
[MakeCovarianceMatrix.cpp][info] Throw 430500/1000000
[MakeCovarianceMatrix.cpp][info] Throw 430600/1000000
[MakeCovarianceMatrix.cpp][info] Throw 430700/1000000
[MakeCovarianceMatrix.cpp][info] Throw 430800/1000000
[MakeCovarianceMatrix.cpp][info] Throw 430900/1000000
[MakeCovarianceMatrix.cpp][info] Throw 431000/1000000
[MakeCovarianceMatrix.cpp][info] Throw 431100/1000000
[MakeCovarianceMatrix.cpp][info] Throw 431200/1000000
[MakeCovarianceMatrix.cpp][info] Throw 431300/1000000
[MakeCovarianceMatrix.cpp][info] Throw 431400/1000000
[MakeCovarianceMatrix.cpp][info] Throw 431500/1000000
[MakeCovarianceMatrix.cpp][info] Throw 431600/1000000
[MakeCovarianceMatrix.cpp][info] Throw 431700/1000000
[MakeCovarianceMatrix.cpp][info] Throw 431800/1000000
[MakeCovarianceMatrix.cpp][info] Throw 431900/1000000
[MakeCovarianceMatrix.cpp][info] Throw 432000/1000000
[MakeCovarianceMatrix.cpp][info] Throw 432100/1000000
[MakeCovarianceMatrix.cpp][info] Throw 432200/1000000
[MakeCovarianceMatrix.cpp][info] Throw 432300/1000000
[MakeCovarianceMatrix.cpp][info] Throw 432400/1000000
[MakeCovarianceMatrix.cpp][info] Throw 432500/1000000
[MakeCovarianceMatrix.cpp][info] Throw 432600/1000000
[MakeCovarianceMatrix.cpp][info] Throw 432700/1000000
[MakeCovarianceMatrix.cpp][info] Throw 432800/1000000
[MakeCovarianceMatrix.cpp][info] Throw 432900/1000000
[MakeCovarianceMatrix.cpp][info] Throw 433000/1000000
[MakeCovarianceMatrix.cpp][info] Throw 433100/1000000
[MakeCovarianceMatrix.cpp][info] Throw 433200/1000000
[MakeCovarianceMatrix.cpp][info] Throw 433300/1000000
[MakeCovarianceMatrix.cpp][info] Throw 433400/1000000
[MakeCovarianceMatrix.cpp][info] Throw 433500/1000000
[MakeCovarianceMatrix.cpp][info] Throw 433600/1000000
[MakeCovarianceMatrix.cpp][info] Throw 433700/1000000
[MakeCovarianceMatrix.cpp][info] Throw 433800/1000000
[MakeCovarianceMatrix.cpp][info] Throw 433900/1000000
[MakeCovarianceMatrix.cpp][info] Throw 434000/1000000
[MakeCovarianceMatrix.cpp][info] Throw 434100/1000000
[MakeCovarianceMatrix.cpp][info] Throw 434200/1000000
[MakeCovarianceMatrix.cpp][info] Throw 434300/1000000
[MakeCovarianceMatrix.cpp][info] Throw 434400/1000000
[MakeCovarianceMatrix.cpp][info] Throw 434500/1000000
[MakeCovarianceMatrix.cpp][info] Throw 434600/1000000
[MakeCovarianceMatrix.cpp][info] Throw 434700/1000000
[MakeCovarianceMatrix.cpp][info] Throw 434800/1000000
[MakeCovarianceMatrix.cpp][info] Throw 434900/1000000
[MakeCovarianceMatrix.cpp][info] Throw 435000/1000000
[MakeCovarianceMatrix.cpp][info] Throw 435100/1000000
[MakeCovarianceMatrix.cpp][info] Throw 435200/1000000
[MakeCovarianceMatrix.cpp][info] Throw 435300/1000000
[MakeCovarianceMatrix.cpp][info] Throw 435400/1000000
[MakeCovarianceMatrix.cpp][info] Throw 435500/1000000
[MakeCovarianceMatrix.cpp][info] Throw 435600/1000000
[MakeCovarianceMatrix.cpp][info] Throw 435700/1000000
[MakeCovarianceMatrix.cpp][info] Throw 435800/1000000
[MakeCovarianceMatrix.cpp][info] Throw 435900/1000000
[MakeCovarianceMatrix.cpp][info] Throw 436000/1000000
[MakeCovarianceMatrix.cpp][info] Throw 436100/1000000
[MakeCovarianceMatrix.cpp][info] Throw 436200/1000000
[MakeCovarianceMatrix.cpp][info] Throw 436300/1000000
[MakeCovarianceMatrix.cpp][info] Throw 436400/1000000
[MakeCovarianceMatrix.cpp][info] Throw 436500/1000000
[MakeCovarianceMatrix.cpp][info] Throw 436600/1000000
[MakeCovarianceMatrix.cpp][info] Throw 436700/1000000
[MakeCovarianceMatrix.cpp][info] Throw 436800/1000000
[MakeCovarianceMatrix.cpp][info] Throw 436900/1000000
[MakeCovarianceMatrix.cpp][info] Throw 437000/1000000
[MakeCovarianceMatrix.cpp][info] Throw 437100/1000000
[MakeCovarianceMatrix.cpp][info] Throw 437200/1000000
[MakeCovarianceMatrix.cpp][info] Throw 437300/1000000
[MakeCovarianceMatrix.cpp][info] Throw 437400/1000000
[MakeCovarianceMatrix.cpp][info] Throw 437500/1000000
[MakeCovarianceMatrix.cpp][info] Throw 437600/1000000
[MakeCovarianceMatrix.cpp][info] Throw 437700/1000000
[MakeCovarianceMatrix.cpp][info] Throw 437800/1000000
[MakeCovarianceMatrix.cpp][info] Throw 437900/1000000
[MakeCovarianceMatrix.cpp][info] Throw 438000/1000000
[MakeCovarianceMatrix.cpp][info] Throw 438100/1000000
[MakeCovarianceMatrix.cpp][info] Throw 438200/1000000
[MakeCovarianceMatrix.cpp][info] Throw 438300/1000000
[MakeCovarianceMatrix.cpp][info] Throw 438400/1000000
[MakeCovarianceMatrix.cpp][info] Throw 438500/1000000
[MakeCovarianceMatrix.cpp][info] Throw 438600/1000000
[MakeCovarianceMatrix.cpp][info] Throw 438700/1000000
[MakeCovarianceMatrix.cpp][info] Throw 438800/1000000
[MakeCovarianceMatrix.cpp][info] Throw 438900/1000000
[MakeCovarianceMatrix.cpp][info] Throw 439000/1000000
[MakeCovarianceMatrix.cpp][info] Throw 439100/1000000
[MakeCovarianceMatrix.cpp][info] Throw 439200/1000000
[MakeCovarianceMatrix.cpp][info] Throw 439300/1000000
[MakeCovarianceMatrix.cpp][info] Throw 439400/1000000
[MakeCovarianceMatrix.cpp][info] Throw 439500/1000000
[MakeCovarianceMatrix.cpp][info] Throw 439600/1000000
[MakeCovarianceMatrix.cpp][info] Throw 439700/1000000
[MakeCovarianceMatrix.cpp][info] Throw 439800/1000000
[MakeCovarianceMatrix.cpp][info] Throw 439900/1000000
[MakeCovarianceMatrix.cpp][info] Throw 440000/1000000
[MakeCovarianceMatrix.cpp][info] Throw 440100/1000000
[MakeCovarianceMatrix.cpp][info] Throw 440200/1000000
[MakeCovarianceMatrix.cpp][info] Throw 440300/1000000
[MakeCovarianceMatrix.cpp][info] Throw 440400/1000000
[MakeCovarianceMatrix.cpp][info] Throw 440500/1000000
[MakeCovarianceMatrix.cpp][info] Throw 440600/1000000
[MakeCovarianceMatrix.cpp][info] Throw 440700/1000000
[MakeCovarianceMatrix.cpp][info] Throw 440800/1000000
[MakeCovarianceMatrix.cpp][info] Throw 440900/1000000
[MakeCovarianceMatrix.cpp][info] Throw 441000/1000000
[MakeCovarianceMatrix.cpp][info] Throw 441100/1000000
[MakeCovarianceMatrix.cpp][info] Throw 441200/1000000
[MakeCovarianceMatrix.cpp][info] Throw 441300/1000000
[MakeCovarianceMatrix.cpp][info] Throw 441400/1000000
[MakeCovarianceMatrix.cpp][info] Throw 441500/1000000
[MakeCovarianceMatrix.cpp][info] Throw 441600/1000000
[MakeCovarianceMatrix.cpp][info] Throw 441700/1000000
[MakeCovarianceMatrix.cpp][info] Throw 441800/1000000
[MakeCovarianceMatrix.cpp][info] Throw 441900/1000000
[MakeCovarianceMatrix.cpp][info] Throw 442000/1000000
[MakeCovarianceMatrix.cpp][info] Throw 442100/1000000
[MakeCovarianceMatrix.cpp][info] Throw 442200/1000000
[MakeCovarianceMatrix.cpp][info] Throw 442300/1000000
[MakeCovarianceMatrix.cpp][info] Throw 442400/1000000
[MakeCovarianceMatrix.cpp][info] Throw 442500/1000000
[MakeCovarianceMatrix.cpp][info] Throw 442600/1000000
[MakeCovarianceMatrix.cpp][info] Throw 442700/1000000
[MakeCovarianceMatrix.cpp][info] Throw 442800/1000000
[MakeCovarianceMatrix.cpp][info] Throw 442900/1000000
[MakeCovarianceMatrix.cpp][info] Throw 443000/1000000
[MakeCovarianceMatrix.cpp][info] Throw 443100/1000000
[MakeCovarianceMatrix.cpp][info] Throw 443200/1000000
[MakeCovarianceMatrix.cpp][info] Throw 443300/1000000
[MakeCovarianceMatrix.cpp][info] Throw 443400/1000000
[MakeCovarianceMatrix.cpp][info] Throw 443500/1000000
[MakeCovarianceMatrix.cpp][info] Throw 443600/1000000
[MakeCovarianceMatrix.cpp][info] Throw 443700/1000000
[MakeCovarianceMatrix.cpp][info] Throw 443800/1000000
[MakeCovarianceMatrix.cpp][info] Throw 443900/1000000
[MakeCovarianceMatrix.cpp][info] Throw 444000/1000000
[MakeCovarianceMatrix.cpp][info] Throw 444100/1000000
[MakeCovarianceMatrix.cpp][info] Throw 444200/1000000
[MakeCovarianceMatrix.cpp][info] Throw 444300/1000000
[MakeCovarianceMatrix.cpp][info] Throw 444400/1000000
[MakeCovarianceMatrix.cpp][info] Throw 444500/1000000
[MakeCovarianceMatrix.cpp][info] Throw 444600/1000000
[MakeCovarianceMatrix.cpp][info] Throw 444700/1000000
[MakeCovarianceMatrix.cpp][info] Throw 444800/1000000
[MakeCovarianceMatrix.cpp][info] Throw 444900/1000000
[MakeCovarianceMatrix.cpp][info] Throw 445000/1000000
[MakeCovarianceMatrix.cpp][info] Throw 445100/1000000
[MakeCovarianceMatrix.cpp][info] Throw 445200/1000000
[MakeCovarianceMatrix.cpp][info] Throw 445300/1000000
[MakeCovarianceMatrix.cpp][info] Throw 445400/1000000
[MakeCovarianceMatrix.cpp][info] Throw 445500/1000000
[MakeCovarianceMatrix.cpp][info] Throw 445600/1000000
[MakeCovarianceMatrix.cpp][info] Throw 445700/1000000
[MakeCovarianceMatrix.cpp][info] Throw 445800/1000000
[MakeCovarianceMatrix.cpp][info] Throw 445900/1000000
[MakeCovarianceMatrix.cpp][info] Throw 446000/1000000
[MakeCovarianceMatrix.cpp][info] Throw 446100/1000000
[MakeCovarianceMatrix.cpp][info] Throw 446200/1000000
[MakeCovarianceMatrix.cpp][info] Throw 446300/1000000
[MakeCovarianceMatrix.cpp][info] Throw 446400/1000000
[MakeCovarianceMatrix.cpp][info] Throw 446500/1000000
[MakeCovarianceMatrix.cpp][info] Throw 446600/1000000
[MakeCovarianceMatrix.cpp][info] Throw 446700/1000000
[MakeCovarianceMatrix.cpp][info] Throw 446800/1000000
[MakeCovarianceMatrix.cpp][info] Throw 446900/1000000
[MakeCovarianceMatrix.cpp][info] Throw 447000/1000000
[MakeCovarianceMatrix.cpp][info] Throw 447100/1000000
[MakeCovarianceMatrix.cpp][info] Throw 447200/1000000
[MakeCovarianceMatrix.cpp][info] Throw 447300/1000000
[MakeCovarianceMatrix.cpp][info] Throw 447400/1000000
[MakeCovarianceMatrix.cpp][info] Throw 447500/1000000
[MakeCovarianceMatrix.cpp][info] Throw 447600/1000000
[MakeCovarianceMatrix.cpp][info] Throw 447700/1000000
[MakeCovarianceMatrix.cpp][info] Throw 447800/1000000
[MakeCovarianceMatrix.cpp][info] Throw 447900/1000000
[MakeCovarianceMatrix.cpp][info] Throw 448000/1000000
[MakeCovarianceMatrix.cpp][info] Throw 448100/1000000
[MakeCovarianceMatrix.cpp][info] Throw 448200/1000000
[MakeCovarianceMatrix.cpp][info] Throw 448300/1000000
[MakeCovarianceMatrix.cpp][info] Throw 448400/1000000
[MakeCovarianceMatrix.cpp][info] Throw 448500/1000000
[MakeCovarianceMatrix.cpp][info] Throw 448600/1000000
[MakeCovarianceMatrix.cpp][info] Throw 448700/1000000
[MakeCovarianceMatrix.cpp][info] Throw 448800/1000000
[MakeCovarianceMatrix.cpp][info] Throw 448900/1000000
[MakeCovarianceMatrix.cpp][info] Throw 449000/1000000
[MakeCovarianceMatrix.cpp][info] Throw 449100/1000000
[MakeCovarianceMatrix.cpp][info] Throw 449200/1000000
[MakeCovarianceMatrix.cpp][info] Throw 449300/1000000
[MakeCovarianceMatrix.cpp][info] Throw 449400/1000000
[MakeCovarianceMatrix.cpp][info] Throw 449500/1000000
[MakeCovarianceMatrix.cpp][info] Throw 449600/1000000
[MakeCovarianceMatrix.cpp][info] Throw 449700/1000000
[MakeCovarianceMatrix.cpp][info] Throw 449800/1000000
[MakeCovarianceMatrix.cpp][info] Throw 449900/1000000
[MakeCovarianceMatrix.cpp][info] Throw 450000/1000000
[MakeCovarianceMatrix.cpp][info] Throw 450100/1000000
[MakeCovarianceMatrix.cpp][info] Throw 450200/1000000
[MakeCovarianceMatrix.cpp][info] Throw 450300/1000000
[MakeCovarianceMatrix.cpp][info] Throw 450400/1000000
[MakeCovarianceMatrix.cpp][info] Throw 450500/1000000
[MakeCovarianceMatrix.cpp][info] Throw 450600/1000000
[MakeCovarianceMatrix.cpp][info] Throw 450700/1000000
[MakeCovarianceMatrix.cpp][info] Throw 450800/1000000
[MakeCovarianceMatrix.cpp][info] Throw 450900/1000000
[MakeCovarianceMatrix.cpp][info] Throw 451000/1000000
[MakeCovarianceMatrix.cpp][info] Throw 451100/1000000
[MakeCovarianceMatrix.cpp][info] Throw 451200/1000000
[MakeCovarianceMatrix.cpp][info] Throw 451300/1000000
[MakeCovarianceMatrix.cpp][info] Throw 451400/1000000
[MakeCovarianceMatrix.cpp][info] Throw 451500/1000000
[MakeCovarianceMatrix.cpp][info] Throw 451600/1000000
[MakeCovarianceMatrix.cpp][info] Throw 451700/1000000
[MakeCovarianceMatrix.cpp][info] Throw 451800/1000000
[MakeCovarianceMatrix.cpp][info] Throw 451900/1000000
[MakeCovarianceMatrix.cpp][info] Throw 452000/1000000
[MakeCovarianceMatrix.cpp][info] Throw 452100/1000000
[MakeCovarianceMatrix.cpp][info] Throw 452200/1000000
[MakeCovarianceMatrix.cpp][info] Throw 452300/1000000
[MakeCovarianceMatrix.cpp][info] Throw 452400/1000000
[MakeCovarianceMatrix.cpp][info] Throw 452500/1000000
[MakeCovarianceMatrix.cpp][info] Throw 452600/1000000
[MakeCovarianceMatrix.cpp][info] Throw 452700/1000000
[MakeCovarianceMatrix.cpp][info] Throw 452800/1000000
[MakeCovarianceMatrix.cpp][info] Throw 452900/1000000
[MakeCovarianceMatrix.cpp][info] Throw 453000/1000000
[MakeCovarianceMatrix.cpp][info] Throw 453100/1000000
[MakeCovarianceMatrix.cpp][info] Throw 453200/1000000
[MakeCovarianceMatrix.cpp][info] Throw 453300/1000000
[MakeCovarianceMatrix.cpp][info] Throw 453400/1000000
[MakeCovarianceMatrix.cpp][info] Throw 453500/1000000
[MakeCovarianceMatrix.cpp][info] Throw 453600/1000000
[MakeCovarianceMatrix.cpp][info] Throw 453700/1000000
[MakeCovarianceMatrix.cpp][info] Throw 453800/1000000
[MakeCovarianceMatrix.cpp][info] Throw 453900/1000000
[MakeCovarianceMatrix.cpp][info] Throw 454000/1000000
[MakeCovarianceMatrix.cpp][info] Throw 454100/1000000
[MakeCovarianceMatrix.cpp][info] Throw 454200/1000000
[MakeCovarianceMatrix.cpp][info] Throw 454300/1000000
[MakeCovarianceMatrix.cpp][info] Throw 454400/1000000
[MakeCovarianceMatrix.cpp][info] Throw 454500/1000000
[MakeCovarianceMatrix.cpp][info] Throw 454600/1000000
[MakeCovarianceMatrix.cpp][info] Throw 454700/1000000
[MakeCovarianceMatrix.cpp][info] Throw 454800/1000000
[MakeCovarianceMatrix.cpp][info] Throw 454900/1000000
[MakeCovarianceMatrix.cpp][info] Throw 455000/1000000
[MakeCovarianceMatrix.cpp][info] Throw 455100/1000000
[MakeCovarianceMatrix.cpp][info] Throw 455200/1000000
[MakeCovarianceMatrix.cpp][info] Throw 455300/1000000
[MakeCovarianceMatrix.cpp][info] Throw 455400/1000000
[MakeCovarianceMatrix.cpp][info] Throw 455500/1000000
[MakeCovarianceMatrix.cpp][info] Throw 455600/1000000
[MakeCovarianceMatrix.cpp][info] Throw 455700/1000000
[MakeCovarianceMatrix.cpp][info] Throw 455800/1000000
[MakeCovarianceMatrix.cpp][info] Throw 455900/1000000
[MakeCovarianceMatrix.cpp][info] Throw 456000/1000000
[MakeCovarianceMatrix.cpp][info] Throw 456100/1000000
[MakeCovarianceMatrix.cpp][info] Throw 456200/1000000
[MakeCovarianceMatrix.cpp][info] Throw 456300/1000000
[MakeCovarianceMatrix.cpp][info] Throw 456400/1000000
[MakeCovarianceMatrix.cpp][info] Throw 456500/1000000
[MakeCovarianceMatrix.cpp][info] Throw 456600/1000000
[MakeCovarianceMatrix.cpp][info] Throw 456700/1000000
[MakeCovarianceMatrix.cpp][info] Throw 456800/1000000
[MakeCovarianceMatrix.cpp][info] Throw 456900/1000000
[MakeCovarianceMatrix.cpp][info] Throw 457000/1000000
[MakeCovarianceMatrix.cpp][info] Throw 457100/1000000
[MakeCovarianceMatrix.cpp][info] Throw 457200/1000000
[MakeCovarianceMatrix.cpp][info] Throw 457300/1000000
[MakeCovarianceMatrix.cpp][info] Throw 457400/1000000
[MakeCovarianceMatrix.cpp][info] Throw 457500/1000000
[MakeCovarianceMatrix.cpp][info] Throw 457600/1000000
[MakeCovarianceMatrix.cpp][info] Throw 457700/1000000
[MakeCovarianceMatrix.cpp][info] Throw 457800/1000000
[MakeCovarianceMatrix.cpp][info] Throw 457900/1000000
[MakeCovarianceMatrix.cpp][info] Throw 458000/1000000
[MakeCovarianceMatrix.cpp][info] Throw 458100/1000000
[MakeCovarianceMatrix.cpp][info] Throw 458200/1000000
[MakeCovarianceMatrix.cpp][info] Throw 458300/1000000
[MakeCovarianceMatrix.cpp][info] Throw 458400/1000000
[MakeCovarianceMatrix.cpp][info] Throw 458500/1000000
[MakeCovarianceMatrix.cpp][info] Throw 458600/1000000
[MakeCovarianceMatrix.cpp][info] Throw 458700/1000000
[MakeCovarianceMatrix.cpp][info] Throw 458800/1000000
[MakeCovarianceMatrix.cpp][info] Throw 458900/1000000
[MakeCovarianceMatrix.cpp][info] Throw 459000/1000000
[MakeCovarianceMatrix.cpp][info] Throw 459100/1000000
[MakeCovarianceMatrix.cpp][info] Throw 459200/1000000
[MakeCovarianceMatrix.cpp][info] Throw 459300/1000000
[MakeCovarianceMatrix.cpp][info] Throw 459400/1000000
[MakeCovarianceMatrix.cpp][info] Throw 459500/1000000
[MakeCovarianceMatrix.cpp][info] Throw 459600/1000000
[MakeCovarianceMatrix.cpp][info] Throw 459700/1000000
[MakeCovarianceMatrix.cpp][info] Throw 459800/1000000
[MakeCovarianceMatrix.cpp][info] Throw 459900/1000000
[MakeCovarianceMatrix.cpp][info] Throw 460000/1000000
[MakeCovarianceMatrix.cpp][info] Throw 460100/1000000
[MakeCovarianceMatrix.cpp][info] Throw 460200/1000000
[MakeCovarianceMatrix.cpp][info] Throw 460300/1000000
[MakeCovarianceMatrix.cpp][info] Throw 460400/1000000
[MakeCovarianceMatrix.cpp][info] Throw 460500/1000000
[MakeCovarianceMatrix.cpp][info] Throw 460600/1000000
[MakeCovarianceMatrix.cpp][info] Throw 460700/1000000
[MakeCovarianceMatrix.cpp][info] Throw 460800/1000000
[MakeCovarianceMatrix.cpp][info] Throw 460900/1000000
[MakeCovarianceMatrix.cpp][info] Throw 461000/1000000
[MakeCovarianceMatrix.cpp][info] Throw 461100/1000000
[MakeCovarianceMatrix.cpp][info] Throw 461200/1000000
[MakeCovarianceMatrix.cpp][info] Throw 461300/1000000
[MakeCovarianceMatrix.cpp][info] Throw 461400/1000000
[MakeCovarianceMatrix.cpp][info] Throw 461500/1000000
[MakeCovarianceMatrix.cpp][info] Throw 461600/1000000
[MakeCovarianceMatrix.cpp][info] Throw 461700/1000000
[MakeCovarianceMatrix.cpp][info] Throw 461800/1000000
[MakeCovarianceMatrix.cpp][info] Throw 461900/1000000
[MakeCovarianceMatrix.cpp][info] Throw 462000/1000000
[MakeCovarianceMatrix.cpp][info] Throw 462100/1000000
[MakeCovarianceMatrix.cpp][info] Throw 462200/1000000
[MakeCovarianceMatrix.cpp][info] Throw 462300/1000000
[MakeCovarianceMatrix.cpp][info] Throw 462400/1000000
[MakeCovarianceMatrix.cpp][info] Throw 462500/1000000
[MakeCovarianceMatrix.cpp][info] Throw 462600/1000000
[MakeCovarianceMatrix.cpp][info] Throw 462700/1000000
[MakeCovarianceMatrix.cpp][info] Throw 462800/1000000
[MakeCovarianceMatrix.cpp][info] Throw 462900/1000000
[MakeCovarianceMatrix.cpp][info] Throw 463000/1000000
[MakeCovarianceMatrix.cpp][info] Throw 463100/1000000
[MakeCovarianceMatrix.cpp][info] Throw 463200/1000000
[MakeCovarianceMatrix.cpp][info] Throw 463300/1000000
[MakeCovarianceMatrix.cpp][info] Throw 463400/1000000
[MakeCovarianceMatrix.cpp][info] Throw 463500/1000000
[MakeCovarianceMatrix.cpp][info] Throw 463600/1000000
[MakeCovarianceMatrix.cpp][info] Throw 463700/1000000
[MakeCovarianceMatrix.cpp][info] Throw 463800/1000000
[MakeCovarianceMatrix.cpp][info] Throw 463900/1000000
[MakeCovarianceMatrix.cpp][info] Throw 464000/1000000
[MakeCovarianceMatrix.cpp][info] Throw 464100/1000000
[MakeCovarianceMatrix.cpp][info] Throw 464200/1000000
[MakeCovarianceMatrix.cpp][info] Throw 464300/1000000
[MakeCovarianceMatrix.cpp][info] Throw 464400/1000000
[MakeCovarianceMatrix.cpp][info] Throw 464500/1000000
[MakeCovarianceMatrix.cpp][info] Throw 464600/1000000
[MakeCovarianceMatrix.cpp][info] Throw 464700/1000000
[MakeCovarianceMatrix.cpp][info] Throw 464800/1000000
[MakeCovarianceMatrix.cpp][info] Throw 464900/1000000
[MakeCovarianceMatrix.cpp][info] Throw 465000/1000000
[MakeCovarianceMatrix.cpp][info] Throw 465100/1000000
[MakeCovarianceMatrix.cpp][info] Throw 465200/1000000
[MakeCovarianceMatrix.cpp][info] Throw 465300/1000000
[MakeCovarianceMatrix.cpp][info] Throw 465400/1000000
[MakeCovarianceMatrix.cpp][info] Throw 465500/1000000
[MakeCovarianceMatrix.cpp][info] Throw 465600/1000000
[MakeCovarianceMatrix.cpp][info] Throw 465700/1000000
[MakeCovarianceMatrix.cpp][info] Throw 465800/1000000
[MakeCovarianceMatrix.cpp][info] Throw 465900/1000000
[MakeCovarianceMatrix.cpp][info] Throw 466000/1000000
[MakeCovarianceMatrix.cpp][info] Throw 466100/1000000
[MakeCovarianceMatrix.cpp][info] Throw 466200/1000000
[MakeCovarianceMatrix.cpp][info] Throw 466300/1000000
[MakeCovarianceMatrix.cpp][info] Throw 466400/1000000
[MakeCovarianceMatrix.cpp][info] Throw 466500/1000000
[MakeCovarianceMatrix.cpp][info] Throw 466600/1000000
[MakeCovarianceMatrix.cpp][info] Throw 466700/1000000
[MakeCovarianceMatrix.cpp][info] Throw 466800/1000000
[MakeCovarianceMatrix.cpp][info] Throw 466900/1000000
[MakeCovarianceMatrix.cpp][info] Throw 467000/1000000
[MakeCovarianceMatrix.cpp][info] Throw 467100/1000000
[MakeCovarianceMatrix.cpp][info] Throw 467200/1000000
[MakeCovarianceMatrix.cpp][info] Throw 467300/1000000
[MakeCovarianceMatrix.cpp][info] Throw 467400/1000000
[MakeCovarianceMatrix.cpp][info] Throw 467500/1000000
[MakeCovarianceMatrix.cpp][info] Throw 467600/1000000
[MakeCovarianceMatrix.cpp][info] Throw 467700/1000000
[MakeCovarianceMatrix.cpp][info] Throw 467800/1000000
[MakeCovarianceMatrix.cpp][info] Throw 467900/1000000
[MakeCovarianceMatrix.cpp][info] Throw 468000/1000000
[MakeCovarianceMatrix.cpp][info] Throw 468100/1000000
[MakeCovarianceMatrix.cpp][info] Throw 468200/1000000
[MakeCovarianceMatrix.cpp][info] Throw 468300/1000000
[MakeCovarianceMatrix.cpp][info] Throw 468400/1000000
[MakeCovarianceMatrix.cpp][info] Throw 468500/1000000
[MakeCovarianceMatrix.cpp][info] Throw 468600/1000000
[MakeCovarianceMatrix.cpp][info] Throw 468700/1000000
[MakeCovarianceMatrix.cpp][info] Throw 468800/1000000
[MakeCovarianceMatrix.cpp][info] Throw 468900/1000000
[MakeCovarianceMatrix.cpp][info] Throw 469000/1000000
[MakeCovarianceMatrix.cpp][info] Throw 469100/1000000
[MakeCovarianceMatrix.cpp][info] Throw 469200/1000000
[MakeCovarianceMatrix.cpp][info] Throw 469300/1000000
[MakeCovarianceMatrix.cpp][info] Throw 469400/1000000
[MakeCovarianceMatrix.cpp][info] Throw 469500/1000000
[MakeCovarianceMatrix.cpp][info] Throw 469600/1000000
[MakeCovarianceMatrix.cpp][info] Throw 469700/1000000
[MakeCovarianceMatrix.cpp][info] Throw 469800/1000000
[MakeCovarianceMatrix.cpp][info] Throw 469900/1000000
[MakeCovarianceMatrix.cpp][info] Throw 470000/1000000
[MakeCovarianceMatrix.cpp][info] Throw 470100/1000000
[MakeCovarianceMatrix.cpp][info] Throw 470200/1000000
[MakeCovarianceMatrix.cpp][info] Throw 470300/1000000
[MakeCovarianceMatrix.cpp][info] Throw 470400/1000000
[MakeCovarianceMatrix.cpp][info] Throw 470500/1000000
[MakeCovarianceMatrix.cpp][info] Throw 470600/1000000
[MakeCovarianceMatrix.cpp][info] Throw 470700/1000000
[MakeCovarianceMatrix.cpp][info] Throw 470800/1000000
[MakeCovarianceMatrix.cpp][info] Throw 470900/1000000
[MakeCovarianceMatrix.cpp][info] Throw 471000/1000000
[MakeCovarianceMatrix.cpp][info] Throw 471100/1000000
[MakeCovarianceMatrix.cpp][info] Throw 471200/1000000
[MakeCovarianceMatrix.cpp][info] Throw 471300/1000000
[MakeCovarianceMatrix.cpp][info] Throw 471400/1000000
[MakeCovarianceMatrix.cpp][info] Throw 471500/1000000
[MakeCovarianceMatrix.cpp][info] Throw 471600/1000000
[MakeCovarianceMatrix.cpp][info] Throw 471700/1000000
[MakeCovarianceMatrix.cpp][info] Throw 471800/1000000
[MakeCovarianceMatrix.cpp][info] Throw 471900/1000000
[MakeCovarianceMatrix.cpp][info] Throw 472000/1000000
[MakeCovarianceMatrix.cpp][info] Throw 472100/1000000
[MakeCovarianceMatrix.cpp][info] Throw 472200/1000000
[MakeCovarianceMatrix.cpp][info] Throw 472300/1000000
[MakeCovarianceMatrix.cpp][info] Throw 472400/1000000
[MakeCovarianceMatrix.cpp][info] Throw 472500/1000000
[MakeCovarianceMatrix.cpp][info] Throw 472600/1000000
[MakeCovarianceMatrix.cpp][info] Throw 472700/1000000
[MakeCovarianceMatrix.cpp][info] Throw 472800/1000000
[MakeCovarianceMatrix.cpp][info] Throw 472900/1000000
[MakeCovarianceMatrix.cpp][info] Throw 473000/1000000
[MakeCovarianceMatrix.cpp][info] Throw 473100/1000000
[MakeCovarianceMatrix.cpp][info] Throw 473200/1000000
[MakeCovarianceMatrix.cpp][info] Throw 473300/1000000
[MakeCovarianceMatrix.cpp][info] Throw 473400/1000000
[MakeCovarianceMatrix.cpp][info] Throw 473500/1000000
[MakeCovarianceMatrix.cpp][info] Throw 473600/1000000
[MakeCovarianceMatrix.cpp][info] Throw 473700/1000000
[MakeCovarianceMatrix.cpp][info] Throw 473800/1000000
[MakeCovarianceMatrix.cpp][info] Throw 473900/1000000
[MakeCovarianceMatrix.cpp][info] Throw 474000/1000000
[MakeCovarianceMatrix.cpp][info] Throw 474100/1000000
[MakeCovarianceMatrix.cpp][info] Throw 474200/1000000
[MakeCovarianceMatrix.cpp][info] Throw 474300/1000000
[MakeCovarianceMatrix.cpp][info] Throw 474400/1000000
[MakeCovarianceMatrix.cpp][info] Throw 474500/1000000
[MakeCovarianceMatrix.cpp][info] Throw 474600/1000000
[MakeCovarianceMatrix.cpp][info] Throw 474700/1000000
[MakeCovarianceMatrix.cpp][info] Throw 474800/1000000
[MakeCovarianceMatrix.cpp][info] Throw 474900/1000000
[MakeCovarianceMatrix.cpp][info] Throw 475000/1000000
[MakeCovarianceMatrix.cpp][info] Throw 475100/1000000
[MakeCovarianceMatrix.cpp][info] Throw 475200/1000000
[MakeCovarianceMatrix.cpp][info] Throw 475300/1000000
[MakeCovarianceMatrix.cpp][info] Throw 475400/1000000
[MakeCovarianceMatrix.cpp][info] Throw 475500/1000000
[MakeCovarianceMatrix.cpp][info] Throw 475600/1000000
[MakeCovarianceMatrix.cpp][info] Throw 475700/1000000
[MakeCovarianceMatrix.cpp][info] Throw 475800/1000000
[MakeCovarianceMatrix.cpp][info] Throw 475900/1000000
[MakeCovarianceMatrix.cpp][info] Throw 476000/1000000
[MakeCovarianceMatrix.cpp][info] Throw 476100/1000000
[MakeCovarianceMatrix.cpp][info] Throw 476200/1000000
[MakeCovarianceMatrix.cpp][info] Throw 476300/1000000
[MakeCovarianceMatrix.cpp][info] Throw 476400/1000000
[MakeCovarianceMatrix.cpp][info] Throw 476500/1000000
[MakeCovarianceMatrix.cpp][info] Throw 476600/1000000
[MakeCovarianceMatrix.cpp][info] Throw 476700/1000000
[MakeCovarianceMatrix.cpp][info] Throw 476800/1000000
[MakeCovarianceMatrix.cpp][info] Throw 476900/1000000
[MakeCovarianceMatrix.cpp][info] Throw 477000/1000000
[MakeCovarianceMatrix.cpp][info] Throw 477100/1000000
[MakeCovarianceMatrix.cpp][info] Throw 477200/1000000
[MakeCovarianceMatrix.cpp][info] Throw 477300/1000000
[MakeCovarianceMatrix.cpp][info] Throw 477400/1000000
[MakeCovarianceMatrix.cpp][info] Throw 477500/1000000
[MakeCovarianceMatrix.cpp][info] Throw 477600/1000000
[MakeCovarianceMatrix.cpp][info] Throw 477700/1000000
[MakeCovarianceMatrix.cpp][info] Throw 477800/1000000
[MakeCovarianceMatrix.cpp][info] Throw 477900/1000000
[MakeCovarianceMatrix.cpp][info] Throw 478000/1000000
[MakeCovarianceMatrix.cpp][info] Throw 478100/1000000
[MakeCovarianceMatrix.cpp][info] Throw 478200/1000000
[MakeCovarianceMatrix.cpp][info] Throw 478300/1000000
[MakeCovarianceMatrix.cpp][info] Throw 478400/1000000
[MakeCovarianceMatrix.cpp][info] Throw 478500/1000000
[MakeCovarianceMatrix.cpp][info] Throw 478600/1000000
[MakeCovarianceMatrix.cpp][info] Throw 478700/1000000
[MakeCovarianceMatrix.cpp][info] Throw 478800/1000000
[MakeCovarianceMatrix.cpp][info] Throw 478900/1000000
[MakeCovarianceMatrix.cpp][info] Throw 479000/1000000
[MakeCovarianceMatrix.cpp][info] Throw 479100/1000000
[MakeCovarianceMatrix.cpp][info] Throw 479200/1000000
[MakeCovarianceMatrix.cpp][info] Throw 479300/1000000
[MakeCovarianceMatrix.cpp][info] Throw 479400/1000000
[MakeCovarianceMatrix.cpp][info] Throw 479500/1000000
[MakeCovarianceMatrix.cpp][info] Throw 479600/1000000
[MakeCovarianceMatrix.cpp][info] Throw 479700/1000000
[MakeCovarianceMatrix.cpp][info] Throw 479800/1000000
[MakeCovarianceMatrix.cpp][info] Throw 479900/1000000
[MakeCovarianceMatrix.cpp][info] Throw 480000/1000000
[MakeCovarianceMatrix.cpp][info] Throw 480100/1000000
[MakeCovarianceMatrix.cpp][info] Throw 480200/1000000
[MakeCovarianceMatrix.cpp][info] Throw 480300/1000000
[MakeCovarianceMatrix.cpp][info] Throw 480400/1000000
[MakeCovarianceMatrix.cpp][info] Throw 480500/1000000
[MakeCovarianceMatrix.cpp][info] Throw 480600/1000000
[MakeCovarianceMatrix.cpp][info] Throw 480700/1000000
[MakeCovarianceMatrix.cpp][info] Throw 480800/1000000
[MakeCovarianceMatrix.cpp][info] Throw 480900/1000000
[MakeCovarianceMatrix.cpp][info] Throw 481000/1000000
[MakeCovarianceMatrix.cpp][info] Throw 481100/1000000
[MakeCovarianceMatrix.cpp][info] Throw 481200/1000000
[MakeCovarianceMatrix.cpp][info] Throw 481300/1000000
[MakeCovarianceMatrix.cpp][info] Throw 481400/1000000
[MakeCovarianceMatrix.cpp][info] Throw 481500/1000000
[MakeCovarianceMatrix.cpp][info] Throw 481600/1000000
[MakeCovarianceMatrix.cpp][info] Throw 481700/1000000
[MakeCovarianceMatrix.cpp][info] Throw 481800/1000000
[MakeCovarianceMatrix.cpp][info] Throw 481900/1000000
[MakeCovarianceMatrix.cpp][info] Throw 482000/1000000
[MakeCovarianceMatrix.cpp][info] Throw 482100/1000000
[MakeCovarianceMatrix.cpp][info] Throw 482200/1000000
[MakeCovarianceMatrix.cpp][info] Throw 482300/1000000
[MakeCovarianceMatrix.cpp][info] Throw 482400/1000000
[MakeCovarianceMatrix.cpp][info] Throw 482500/1000000
[MakeCovarianceMatrix.cpp][info] Throw 482600/1000000
[MakeCovarianceMatrix.cpp][info] Throw 482700/1000000
[MakeCovarianceMatrix.cpp][info] Throw 482800/1000000
[MakeCovarianceMatrix.cpp][info] Throw 482900/1000000
[MakeCovarianceMatrix.cpp][info] Throw 483000/1000000
[MakeCovarianceMatrix.cpp][info] Throw 483100/1000000
[MakeCovarianceMatrix.cpp][info] Throw 483200/1000000
[MakeCovarianceMatrix.cpp][info] Throw 483300/1000000
[MakeCovarianceMatrix.cpp][info] Throw 483400/1000000
[MakeCovarianceMatrix.cpp][info] Throw 483500/1000000
[MakeCovarianceMatrix.cpp][info] Throw 483600/1000000
[MakeCovarianceMatrix.cpp][info] Throw 483700/1000000
[MakeCovarianceMatrix.cpp][info] Throw 483800/1000000
[MakeCovarianceMatrix.cpp][info] Throw 483900/1000000
[MakeCovarianceMatrix.cpp][info] Throw 484000/1000000
[MakeCovarianceMatrix.cpp][info] Throw 484100/1000000
[MakeCovarianceMatrix.cpp][info] Throw 484200/1000000
[MakeCovarianceMatrix.cpp][info] Throw 484300/1000000
[MakeCovarianceMatrix.cpp][info] Throw 484400/1000000
[MakeCovarianceMatrix.cpp][info] Throw 484500/1000000
[MakeCovarianceMatrix.cpp][info] Throw 484600/1000000
[MakeCovarianceMatrix.cpp][info] Throw 484700/1000000
[MakeCovarianceMatrix.cpp][info] Throw 484800/1000000
[MakeCovarianceMatrix.cpp][info] Throw 484900/1000000
[MakeCovarianceMatrix.cpp][info] Throw 485000/1000000
[MakeCovarianceMatrix.cpp][info] Throw 485100/1000000
[MakeCovarianceMatrix.cpp][info] Throw 485200/1000000
[MakeCovarianceMatrix.cpp][info] Throw 485300/1000000
[MakeCovarianceMatrix.cpp][info] Throw 485400/1000000
[MakeCovarianceMatrix.cpp][info] Throw 485500/1000000
[MakeCovarianceMatrix.cpp][info] Throw 485600/1000000
[MakeCovarianceMatrix.cpp][info] Throw 485700/1000000
[MakeCovarianceMatrix.cpp][info] Throw 485800/1000000
[MakeCovarianceMatrix.cpp][info] Throw 485900/1000000
[MakeCovarianceMatrix.cpp][info] Throw 486000/1000000
[MakeCovarianceMatrix.cpp][info] Throw 486100/1000000
[MakeCovarianceMatrix.cpp][info] Throw 486200/1000000
[MakeCovarianceMatrix.cpp][info] Throw 486300/1000000
[MakeCovarianceMatrix.cpp][info] Throw 486400/1000000
[MakeCovarianceMatrix.cpp][info] Throw 486500/1000000
[MakeCovarianceMatrix.cpp][info] Throw 486600/1000000
[MakeCovarianceMatrix.cpp][info] Throw 486700/1000000
[MakeCovarianceMatrix.cpp][info] Throw 486800/1000000
[MakeCovarianceMatrix.cpp][info] Throw 486900/1000000
[MakeCovarianceMatrix.cpp][info] Throw 487000/1000000
[MakeCovarianceMatrix.cpp][info] Throw 487100/1000000
[MakeCovarianceMatrix.cpp][info] Throw 487200/1000000
[MakeCovarianceMatrix.cpp][info] Throw 487300/1000000
[MakeCovarianceMatrix.cpp][info] Throw 487400/1000000
[MakeCovarianceMatrix.cpp][info] Throw 487500/1000000
[MakeCovarianceMatrix.cpp][info] Throw 487600/1000000
[MakeCovarianceMatrix.cpp][info] Throw 487700/1000000
[MakeCovarianceMatrix.cpp][info] Throw 487800/1000000
[MakeCovarianceMatrix.cpp][info] Throw 487900/1000000
[MakeCovarianceMatrix.cpp][info] Throw 488000/1000000
[MakeCovarianceMatrix.cpp][info] Throw 488100/1000000
[MakeCovarianceMatrix.cpp][info] Throw 488200/1000000
[MakeCovarianceMatrix.cpp][info] Throw 488300/1000000
[MakeCovarianceMatrix.cpp][info] Throw 488400/1000000
[MakeCovarianceMatrix.cpp][info] Throw 488500/1000000
[MakeCovarianceMatrix.cpp][info] Throw 488600/1000000
[MakeCovarianceMatrix.cpp][info] Throw 488700/1000000
[MakeCovarianceMatrix.cpp][info] Throw 488800/1000000
[MakeCovarianceMatrix.cpp][info] Throw 488900/1000000
[MakeCovarianceMatrix.cpp][info] Throw 489000/1000000
[MakeCovarianceMatrix.cpp][info] Throw 489100/1000000
[MakeCovarianceMatrix.cpp][info] Throw 489200/1000000
[MakeCovarianceMatrix.cpp][info] Throw 489300/1000000
[MakeCovarianceMatrix.cpp][info] Throw 489400/1000000
[MakeCovarianceMatrix.cpp][info] Throw 489500/1000000
[MakeCovarianceMatrix.cpp][info] Throw 489600/1000000
[MakeCovarianceMatrix.cpp][info] Throw 489700/1000000
[MakeCovarianceMatrix.cpp][info] Throw 489800/1000000
[MakeCovarianceMatrix.cpp][info] Throw 489900/1000000
[MakeCovarianceMatrix.cpp][info] Throw 490000/1000000
[MakeCovarianceMatrix.cpp][info] Throw 490100/1000000
[MakeCovarianceMatrix.cpp][info] Throw 490200/1000000
[MakeCovarianceMatrix.cpp][info] Throw 490300/1000000
[MakeCovarianceMatrix.cpp][info] Throw 490400/1000000
[MakeCovarianceMatrix.cpp][info] Throw 490500/1000000
[MakeCovarianceMatrix.cpp][info] Throw 490600/1000000
[MakeCovarianceMatrix.cpp][info] Throw 490700/1000000
[MakeCovarianceMatrix.cpp][info] Throw 490800/1000000
[MakeCovarianceMatrix.cpp][info] Throw 490900/1000000
[MakeCovarianceMatrix.cpp][info] Throw 491000/1000000
[MakeCovarianceMatrix.cpp][info] Throw 491100/1000000
[MakeCovarianceMatrix.cpp][info] Throw 491200/1000000
[MakeCovarianceMatrix.cpp][info] Throw 491300/1000000
[MakeCovarianceMatrix.cpp][info] Throw 491400/1000000
[MakeCovarianceMatrix.cpp][info] Throw 491500/1000000
[MakeCovarianceMatrix.cpp][info] Throw 491600/1000000
[MakeCovarianceMatrix.cpp][info] Throw 491700/1000000
[MakeCovarianceMatrix.cpp][info] Throw 491800/1000000
[MakeCovarianceMatrix.cpp][info] Throw 491900/1000000
[MakeCovarianceMatrix.cpp][info] Throw 492000/1000000
[MakeCovarianceMatrix.cpp][info] Throw 492100/1000000
[MakeCovarianceMatrix.cpp][info] Throw 492200/1000000
[MakeCovarianceMatrix.cpp][info] Throw 492300/1000000
[MakeCovarianceMatrix.cpp][info] Throw 492400/1000000
[MakeCovarianceMatrix.cpp][info] Throw 492500/1000000
[MakeCovarianceMatrix.cpp][info] Throw 492600/1000000
[MakeCovarianceMatrix.cpp][info] Throw 492700/1000000
[MakeCovarianceMatrix.cpp][info] Throw 492800/1000000
[MakeCovarianceMatrix.cpp][info] Throw 492900/1000000
[MakeCovarianceMatrix.cpp][info] Throw 493000/1000000
[MakeCovarianceMatrix.cpp][info] Throw 493100/1000000
[MakeCovarianceMatrix.cpp][info] Throw 493200/1000000
[MakeCovarianceMatrix.cpp][info] Throw 493300/1000000
[MakeCovarianceMatrix.cpp][info] Throw 493400/1000000
[MakeCovarianceMatrix.cpp][info] Throw 493500/1000000
[MakeCovarianceMatrix.cpp][info] Throw 493600/1000000
[MakeCovarianceMatrix.cpp][info] Throw 493700/1000000
[MakeCovarianceMatrix.cpp][info] Throw 493800/1000000
[MakeCovarianceMatrix.cpp][info] Throw 493900/1000000
[MakeCovarianceMatrix.cpp][info] Throw 494000/1000000
[MakeCovarianceMatrix.cpp][info] Throw 494100/1000000
[MakeCovarianceMatrix.cpp][info] Throw 494200/1000000
[MakeCovarianceMatrix.cpp][info] Throw 494300/1000000
[MakeCovarianceMatrix.cpp][info] Throw 494400/1000000
[MakeCovarianceMatrix.cpp][info] Throw 494500/1000000
[MakeCovarianceMatrix.cpp][info] Throw 494600/1000000
[MakeCovarianceMatrix.cpp][info] Throw 494700/1000000
[MakeCovarianceMatrix.cpp][info] Throw 494800/1000000
[MakeCovarianceMatrix.cpp][info] Throw 494900/1000000
[MakeCovarianceMatrix.cpp][info] Throw 495000/1000000
[MakeCovarianceMatrix.cpp][info] Throw 495100/1000000
[MakeCovarianceMatrix.cpp][info] Throw 495200/1000000
[MakeCovarianceMatrix.cpp][info] Throw 495300/1000000
[MakeCovarianceMatrix.cpp][info] Throw 495400/1000000
[MakeCovarianceMatrix.cpp][info] Throw 495500/1000000
[MakeCovarianceMatrix.cpp][info] Throw 495600/1000000
[MakeCovarianceMatrix.cpp][info] Throw 495700/1000000
[MakeCovarianceMatrix.cpp][info] Throw 495800/1000000
[MakeCovarianceMatrix.cpp][info] Throw 495900/1000000
[MakeCovarianceMatrix.cpp][info] Throw 496000/1000000
[MakeCovarianceMatrix.cpp][info] Throw 496100/1000000
[MakeCovarianceMatrix.cpp][info] Throw 496200/1000000
[MakeCovarianceMatrix.cpp][info] Throw 496300/1000000
[MakeCovarianceMatrix.cpp][info] Throw 496400/1000000
[MakeCovarianceMatrix.cpp][info] Throw 496500/1000000
[MakeCovarianceMatrix.cpp][info] Throw 496600/1000000
[MakeCovarianceMatrix.cpp][info] Throw 496700/1000000
[MakeCovarianceMatrix.cpp][info] Throw 496800/1000000
[MakeCovarianceMatrix.cpp][info] Throw 496900/1000000
[MakeCovarianceMatrix.cpp][info] Throw 497000/1000000
[MakeCovarianceMatrix.cpp][info] Throw 497100/1000000
[MakeCovarianceMatrix.cpp][info] Throw 497200/1000000
[MakeCovarianceMatrix.cpp][info] Throw 497300/1000000
[MakeCovarianceMatrix.cpp][info] Throw 497400/1000000
[MakeCovarianceMatrix.cpp][info] Throw 497500/1000000
[MakeCovarianceMatrix.cpp][info] Throw 497600/1000000
[MakeCovarianceMatrix.cpp][info] Throw 497700/1000000
[MakeCovarianceMatrix.cpp][info] Throw 497800/1000000
[MakeCovarianceMatrix.cpp][info] Throw 497900/1000000
[MakeCovarianceMatrix.cpp][info] Throw 498000/1000000
[MakeCovarianceMatrix.cpp][info] Throw 498100/1000000
[MakeCovarianceMatrix.cpp][info] Throw 498200/1000000
[MakeCovarianceMatrix.cpp][info] Throw 498300/1000000
[MakeCovarianceMatrix.cpp][info] Throw 498400/1000000
[MakeCovarianceMatrix.cpp][info] Throw 498500/1000000
[MakeCovarianceMatrix.cpp][info] Throw 498600/1000000
[MakeCovarianceMatrix.cpp][info] Throw 498700/1000000
[MakeCovarianceMatrix.cpp][info] Throw 498800/1000000
[MakeCovarianceMatrix.cpp][info] Throw 498900/1000000
[MakeCovarianceMatrix.cpp][info] Throw 499000/1000000
[MakeCovarianceMatrix.cpp][info] Throw 499100/1000000
[MakeCovarianceMatrix.cpp][info] Throw 499200/1000000
[MakeCovarianceMatrix.cpp][info] Throw 499300/1000000
[MakeCovarianceMatrix.cpp][info] Throw 499400/1000000
[MakeCovarianceMatrix.cpp][info] Throw 499500/1000000
[MakeCovarianceMatrix.cpp][info] Throw 499600/1000000
[MakeCovarianceMatrix.cpp][info] Throw 499700/1000000
[MakeCovarianceMatrix.cpp][info] Throw 499800/1000000
[MakeCovarianceMatrix.cpp][info] Throw 499900/1000000
[MakeCovarianceMatrix.cpp][info] Throw 500000/1000000
[MakeCovarianceMatrix.cpp][info] Throw 500100/1000000
[MakeCovarianceMatrix.cpp][info] Throw 500200/1000000
[MakeCovarianceMatrix.cpp][info] Throw 500300/1000000
[MakeCovarianceMatrix.cpp][info] Throw 500400/1000000
[MakeCovarianceMatrix.cpp][info] Throw 500500/1000000
[MakeCovarianceMatrix.cpp][info] Throw 500600/1000000
[MakeCovarianceMatrix.cpp][info] Throw 500700/1000000
[MakeCovarianceMatrix.cpp][info] Throw 500800/1000000
[MakeCovarianceMatrix.cpp][info] Throw 500900/1000000
[MakeCovarianceMatrix.cpp][info] Throw 501000/1000000
[MakeCovarianceMatrix.cpp][info] Throw 501100/1000000
[MakeCovarianceMatrix.cpp][info] Throw 501200/1000000
[MakeCovarianceMatrix.cpp][info] Throw 501300/1000000
[MakeCovarianceMatrix.cpp][info] Throw 501400/1000000
[MakeCovarianceMatrix.cpp][info] Throw 501500/1000000
[MakeCovarianceMatrix.cpp][info] Throw 501600/1000000
[MakeCovarianceMatrix.cpp][info] Throw 501700/1000000
[MakeCovarianceMatrix.cpp][info] Throw 501800/1000000
[MakeCovarianceMatrix.cpp][info] Throw 501900/1000000
[MakeCovarianceMatrix.cpp][info] Throw 502000/1000000
[MakeCovarianceMatrix.cpp][info] Throw 502100/1000000
[MakeCovarianceMatrix.cpp][info] Throw 502200/1000000
[MakeCovarianceMatrix.cpp][info] Throw 502300/1000000
[MakeCovarianceMatrix.cpp][info] Throw 502400/1000000
[MakeCovarianceMatrix.cpp][info] Throw 502500/1000000
[MakeCovarianceMatrix.cpp][info] Throw 502600/1000000
[MakeCovarianceMatrix.cpp][info] Throw 502700/1000000
[MakeCovarianceMatrix.cpp][info] Throw 502800/1000000
[MakeCovarianceMatrix.cpp][info] Throw 502900/1000000
[MakeCovarianceMatrix.cpp][info] Throw 503000/1000000
[MakeCovarianceMatrix.cpp][info] Throw 503100/1000000
[MakeCovarianceMatrix.cpp][info] Throw 503200/1000000
[MakeCovarianceMatrix.cpp][info] Throw 503300/1000000
[MakeCovarianceMatrix.cpp][info] Throw 503400/1000000
[MakeCovarianceMatrix.cpp][info] Throw 503500/1000000
[MakeCovarianceMatrix.cpp][info] Throw 503600/1000000
[MakeCovarianceMatrix.cpp][info] Throw 503700/1000000
[MakeCovarianceMatrix.cpp][info] Throw 503800/1000000
[MakeCovarianceMatrix.cpp][info] Throw 503900/1000000
[MakeCovarianceMatrix.cpp][info] Throw 504000/1000000
[MakeCovarianceMatrix.cpp][info] Throw 504100/1000000
[MakeCovarianceMatrix.cpp][info] Throw 504200/1000000
[MakeCovarianceMatrix.cpp][info] Throw 504300/1000000
[MakeCovarianceMatrix.cpp][info] Throw 504400/1000000
[MakeCovarianceMatrix.cpp][info] Throw 504500/1000000
[MakeCovarianceMatrix.cpp][info] Throw 504600/1000000
[MakeCovarianceMatrix.cpp][info] Throw 504700/1000000
[MakeCovarianceMatrix.cpp][info] Throw 504800/1000000
[MakeCovarianceMatrix.cpp][info] Throw 504900/1000000
[MakeCovarianceMatrix.cpp][info] Throw 505000/1000000
[MakeCovarianceMatrix.cpp][info] Throw 505100/1000000
[MakeCovarianceMatrix.cpp][info] Throw 505200/1000000
[MakeCovarianceMatrix.cpp][info] Throw 505300/1000000
[MakeCovarianceMatrix.cpp][info] Throw 505400/1000000
[MakeCovarianceMatrix.cpp][info] Throw 505500/1000000
[MakeCovarianceMatrix.cpp][info] Throw 505600/1000000
[MakeCovarianceMatrix.cpp][info] Throw 505700/1000000
[MakeCovarianceMatrix.cpp][info] Throw 505800/1000000
[MakeCovarianceMatrix.cpp][info] Throw 505900/1000000
[MakeCovarianceMatrix.cpp][info] Throw 506000/1000000
[MakeCovarianceMatrix.cpp][info] Throw 506100/1000000
[MakeCovarianceMatrix.cpp][info] Throw 506200/1000000
[MakeCovarianceMatrix.cpp][info] Throw 506300/1000000
[MakeCovarianceMatrix.cpp][info] Throw 506400/1000000
[MakeCovarianceMatrix.cpp][info] Throw 506500/1000000
[MakeCovarianceMatrix.cpp][info] Throw 506600/1000000
[MakeCovarianceMatrix.cpp][info] Throw 506700/1000000
[MakeCovarianceMatrix.cpp][info] Throw 506800/1000000
[MakeCovarianceMatrix.cpp][info] Throw 506900/1000000
[MakeCovarianceMatrix.cpp][info] Throw 507000/1000000
[MakeCovarianceMatrix.cpp][info] Throw 507100/1000000
[MakeCovarianceMatrix.cpp][info] Throw 507200/1000000
[MakeCovarianceMatrix.cpp][info] Throw 507300/1000000
[MakeCovarianceMatrix.cpp][info] Throw 507400/1000000
[MakeCovarianceMatrix.cpp][info] Throw 507500/1000000
[MakeCovarianceMatrix.cpp][info] Throw 507600/1000000
[MakeCovarianceMatrix.cpp][info] Throw 507700/1000000
[MakeCovarianceMatrix.cpp][info] Throw 507800/1000000
[MakeCovarianceMatrix.cpp][info] Throw 507900/1000000
[MakeCovarianceMatrix.cpp][info] Throw 508000/1000000
[MakeCovarianceMatrix.cpp][info] Throw 508100/1000000
[MakeCovarianceMatrix.cpp][info] Throw 508200/1000000
[MakeCovarianceMatrix.cpp][info] Throw 508300/1000000
[MakeCovarianceMatrix.cpp][info] Throw 508400/1000000
[MakeCovarianceMatrix.cpp][info] Throw 508500/1000000
[MakeCovarianceMatrix.cpp][info] Throw 508600/1000000
[MakeCovarianceMatrix.cpp][info] Throw 508700/1000000
[MakeCovarianceMatrix.cpp][info] Throw 508800/1000000
[MakeCovarianceMatrix.cpp][info] Throw 508900/1000000
[MakeCovarianceMatrix.cpp][info] Throw 509000/1000000
[MakeCovarianceMatrix.cpp][info] Throw 509100/1000000
[MakeCovarianceMatrix.cpp][info] Throw 509200/1000000
[MakeCovarianceMatrix.cpp][info] Throw 509300/1000000
[MakeCovarianceMatrix.cpp][info] Throw 509400/1000000
[MakeCovarianceMatrix.cpp][info] Throw 509500/1000000
[MakeCovarianceMatrix.cpp][info] Throw 509600/1000000
[MakeCovarianceMatrix.cpp][info] Throw 509700/1000000
[MakeCovarianceMatrix.cpp][info] Throw 509800/1000000
[MakeCovarianceMatrix.cpp][info] Throw 509900/1000000
[MakeCovarianceMatrix.cpp][info] Throw 510000/1000000
[MakeCovarianceMatrix.cpp][info] Throw 510100/1000000
[MakeCovarianceMatrix.cpp][info] Throw 510200/1000000
[MakeCovarianceMatrix.cpp][info] Throw 510300/1000000
[MakeCovarianceMatrix.cpp][info] Throw 510400/1000000
[MakeCovarianceMatrix.cpp][info] Throw 510500/1000000
[MakeCovarianceMatrix.cpp][info] Throw 510600/1000000
[MakeCovarianceMatrix.cpp][info] Throw 510700/1000000
[MakeCovarianceMatrix.cpp][info] Throw 510800/1000000
[MakeCovarianceMatrix.cpp][info] Throw 510900/1000000
[MakeCovarianceMatrix.cpp][info] Throw 511000/1000000
[MakeCovarianceMatrix.cpp][info] Throw 511100/1000000
[MakeCovarianceMatrix.cpp][info] Throw 511200/1000000
[MakeCovarianceMatrix.cpp][info] Throw 511300/1000000
[MakeCovarianceMatrix.cpp][info] Throw 511400/1000000
[MakeCovarianceMatrix.cpp][info] Throw 511500/1000000
[MakeCovarianceMatrix.cpp][info] Throw 511600/1000000
[MakeCovarianceMatrix.cpp][info] Throw 511700/1000000
[MakeCovarianceMatrix.cpp][info] Throw 511800/1000000
[MakeCovarianceMatrix.cpp][info] Throw 511900/1000000
[MakeCovarianceMatrix.cpp][info] Throw 512000/1000000
[MakeCovarianceMatrix.cpp][info] Throw 512100/1000000
[MakeCovarianceMatrix.cpp][info] Throw 512200/1000000
[MakeCovarianceMatrix.cpp][info] Throw 512300/1000000
[MakeCovarianceMatrix.cpp][info] Throw 512400/1000000
[MakeCovarianceMatrix.cpp][info] Throw 512500/1000000
[MakeCovarianceMatrix.cpp][info] Throw 512600/1000000
[MakeCovarianceMatrix.cpp][info] Throw 512700/1000000
[MakeCovarianceMatrix.cpp][info] Throw 512800/1000000
[MakeCovarianceMatrix.cpp][info] Throw 512900/1000000
[MakeCovarianceMatrix.cpp][info] Throw 513000/1000000
[MakeCovarianceMatrix.cpp][info] Throw 513100/1000000
[MakeCovarianceMatrix.cpp][info] Throw 513200/1000000
[MakeCovarianceMatrix.cpp][info] Throw 513300/1000000
[MakeCovarianceMatrix.cpp][info] Throw 513400/1000000
[MakeCovarianceMatrix.cpp][info] Throw 513500/1000000
[MakeCovarianceMatrix.cpp][info] Throw 513600/1000000
[MakeCovarianceMatrix.cpp][info] Throw 513700/1000000
[MakeCovarianceMatrix.cpp][info] Throw 513800/1000000
[MakeCovarianceMatrix.cpp][info] Throw 513900/1000000
[MakeCovarianceMatrix.cpp][info] Throw 514000/1000000
[MakeCovarianceMatrix.cpp][info] Throw 514100/1000000
[MakeCovarianceMatrix.cpp][info] Throw 514200/1000000
[MakeCovarianceMatrix.cpp][info] Throw 514300/1000000
[MakeCovarianceMatrix.cpp][info] Throw 514400/1000000
[MakeCovarianceMatrix.cpp][info] Throw 514500/1000000
[MakeCovarianceMatrix.cpp][info] Throw 514600/1000000
[MakeCovarianceMatrix.cpp][info] Throw 514700/1000000
[MakeCovarianceMatrix.cpp][info] Throw 514800/1000000
[MakeCovarianceMatrix.cpp][info] Throw 514900/1000000
[MakeCovarianceMatrix.cpp][info] Throw 515000/1000000
[MakeCovarianceMatrix.cpp][info] Throw 515100/1000000
[MakeCovarianceMatrix.cpp][info] Throw 515200/1000000
[MakeCovarianceMatrix.cpp][info] Throw 515300/1000000
[MakeCovarianceMatrix.cpp][info] Throw 515400/1000000
[MakeCovarianceMatrix.cpp][info] Throw 515500/1000000
[MakeCovarianceMatrix.cpp][info] Throw 515600/1000000
[MakeCovarianceMatrix.cpp][info] Throw 515700/1000000
[MakeCovarianceMatrix.cpp][info] Throw 515800/1000000
[MakeCovarianceMatrix.cpp][info] Throw 515900/1000000
[MakeCovarianceMatrix.cpp][info] Throw 516000/1000000
[MakeCovarianceMatrix.cpp][info] Throw 516100/1000000
[MakeCovarianceMatrix.cpp][info] Throw 516200/1000000
[MakeCovarianceMatrix.cpp][info] Throw 516300/1000000
[MakeCovarianceMatrix.cpp][info] Throw 516400/1000000
[MakeCovarianceMatrix.cpp][info] Throw 516500/1000000
[MakeCovarianceMatrix.cpp][info] Throw 516600/1000000
[MakeCovarianceMatrix.cpp][info] Throw 516700/1000000
[MakeCovarianceMatrix.cpp][info] Throw 516800/1000000
[MakeCovarianceMatrix.cpp][info] Throw 516900/1000000
[MakeCovarianceMatrix.cpp][info] Throw 517000/1000000
[MakeCovarianceMatrix.cpp][info] Throw 517100/1000000
[MakeCovarianceMatrix.cpp][info] Throw 517200/1000000
[MakeCovarianceMatrix.cpp][info] Throw 517300/1000000
[MakeCovarianceMatrix.cpp][info] Throw 517400/1000000
[MakeCovarianceMatrix.cpp][info] Throw 517500/1000000
[MakeCovarianceMatrix.cpp][info] Throw 517600/1000000
[MakeCovarianceMatrix.cpp][info] Throw 517700/1000000
[MakeCovarianceMatrix.cpp][info] Throw 517800/1000000
[MakeCovarianceMatrix.cpp][info] Throw 517900/1000000
[MakeCovarianceMatrix.cpp][info] Throw 518000/1000000
[MakeCovarianceMatrix.cpp][info] Throw 518100/1000000
[MakeCovarianceMatrix.cpp][info] Throw 518200/1000000
[MakeCovarianceMatrix.cpp][info] Throw 518300/1000000
[MakeCovarianceMatrix.cpp][info] Throw 518400/1000000
[MakeCovarianceMatrix.cpp][info] Throw 518500/1000000
[MakeCovarianceMatrix.cpp][info] Throw 518600/1000000
[MakeCovarianceMatrix.cpp][info] Throw 518700/1000000
[MakeCovarianceMatrix.cpp][info] Throw 518800/1000000
[MakeCovarianceMatrix.cpp][info] Throw 518900/1000000
[MakeCovarianceMatrix.cpp][info] Throw 519000/1000000
[MakeCovarianceMatrix.cpp][info] Throw 519100/1000000
[MakeCovarianceMatrix.cpp][info] Throw 519200/1000000
[MakeCovarianceMatrix.cpp][info] Throw 519300/1000000
[MakeCovarianceMatrix.cpp][info] Throw 519400/1000000
[MakeCovarianceMatrix.cpp][info] Throw 519500/1000000
[MakeCovarianceMatrix.cpp][info] Throw 519600/1000000
[MakeCovarianceMatrix.cpp][info] Throw 519700/1000000
[MakeCovarianceMatrix.cpp][info] Throw 519800/1000000
[MakeCovarianceMatrix.cpp][info] Throw 519900/1000000
[MakeCovarianceMatrix.cpp][info] Throw 520000/1000000
[MakeCovarianceMatrix.cpp][info] Throw 520100/1000000
[MakeCovarianceMatrix.cpp][info] Throw 520200/1000000
[MakeCovarianceMatrix.cpp][info] Throw 520300/1000000
[MakeCovarianceMatrix.cpp][info] Throw 520400/1000000
[MakeCovarianceMatrix.cpp][info] Throw 520500/1000000
[MakeCovarianceMatrix.cpp][info] Throw 520600/1000000
[MakeCovarianceMatrix.cpp][info] Throw 520700/1000000
[MakeCovarianceMatrix.cpp][info] Throw 520800/1000000
[MakeCovarianceMatrix.cpp][info] Throw 520900/1000000
[MakeCovarianceMatrix.cpp][info] Throw 521000/1000000
[MakeCovarianceMatrix.cpp][info] Throw 521100/1000000
[MakeCovarianceMatrix.cpp][info] Throw 521200/1000000
[MakeCovarianceMatrix.cpp][info] Throw 521300/1000000
[MakeCovarianceMatrix.cpp][info] Throw 521400/1000000
[MakeCovarianceMatrix.cpp][info] Throw 521500/1000000
[MakeCovarianceMatrix.cpp][info] Throw 521600/1000000
[MakeCovarianceMatrix.cpp][info] Throw 521700/1000000
[MakeCovarianceMatrix.cpp][info] Throw 521800/1000000
[MakeCovarianceMatrix.cpp][info] Throw 521900/1000000
[MakeCovarianceMatrix.cpp][info] Throw 522000/1000000
[MakeCovarianceMatrix.cpp][info] Throw 522100/1000000
[MakeCovarianceMatrix.cpp][info] Throw 522200/1000000
[MakeCovarianceMatrix.cpp][info] Throw 522300/1000000
[MakeCovarianceMatrix.cpp][info] Throw 522400/1000000
[MakeCovarianceMatrix.cpp][info] Throw 522500/1000000
[MakeCovarianceMatrix.cpp][info] Throw 522600/1000000
[MakeCovarianceMatrix.cpp][info] Throw 522700/1000000
[MakeCovarianceMatrix.cpp][info] Throw 522800/1000000
[MakeCovarianceMatrix.cpp][info] Throw 522900/1000000
[MakeCovarianceMatrix.cpp][info] Throw 523000/1000000
[MakeCovarianceMatrix.cpp][info] Throw 523100/1000000
[MakeCovarianceMatrix.cpp][info] Throw 523200/1000000
[MakeCovarianceMatrix.cpp][info] Throw 523300/1000000
[MakeCovarianceMatrix.cpp][info] Throw 523400/1000000
[MakeCovarianceMatrix.cpp][info] Throw 523500/1000000
[MakeCovarianceMatrix.cpp][info] Throw 523600/1000000
[MakeCovarianceMatrix.cpp][info] Throw 523700/1000000
[MakeCovarianceMatrix.cpp][info] Throw 523800/1000000
[MakeCovarianceMatrix.cpp][info] Throw 523900/1000000
[MakeCovarianceMatrix.cpp][info] Throw 524000/1000000
[MakeCovarianceMatrix.cpp][info] Throw 524100/1000000
[MakeCovarianceMatrix.cpp][info] Throw 524200/1000000
[MakeCovarianceMatrix.cpp][info] Throw 524300/1000000
[MakeCovarianceMatrix.cpp][info] Throw 524400/1000000
[MakeCovarianceMatrix.cpp][info] Throw 524500/1000000
[MakeCovarianceMatrix.cpp][info] Throw 524600/1000000
[MakeCovarianceMatrix.cpp][info] Throw 524700/1000000
[MakeCovarianceMatrix.cpp][info] Throw 524800/1000000
[MakeCovarianceMatrix.cpp][info] Throw 524900/1000000
[MakeCovarianceMatrix.cpp][info] Throw 525000/1000000
[MakeCovarianceMatrix.cpp][info] Throw 525100/1000000
[MakeCovarianceMatrix.cpp][info] Throw 525200/1000000
[MakeCovarianceMatrix.cpp][info] Throw 525300/1000000
[MakeCovarianceMatrix.cpp][info] Throw 525400/1000000
[MakeCovarianceMatrix.cpp][info] Throw 525500/1000000
[MakeCovarianceMatrix.cpp][info] Throw 525600/1000000
[MakeCovarianceMatrix.cpp][info] Throw 525700/1000000
[MakeCovarianceMatrix.cpp][info] Throw 525800/1000000
[MakeCovarianceMatrix.cpp][info] Throw 525900/1000000
[MakeCovarianceMatrix.cpp][info] Throw 526000/1000000
[MakeCovarianceMatrix.cpp][info] Throw 526100/1000000
[MakeCovarianceMatrix.cpp][info] Throw 526200/1000000
[MakeCovarianceMatrix.cpp][info] Throw 526300/1000000
[MakeCovarianceMatrix.cpp][info] Throw 526400/1000000
[MakeCovarianceMatrix.cpp][info] Throw 526500/1000000
[MakeCovarianceMatrix.cpp][info] Throw 526600/1000000
[MakeCovarianceMatrix.cpp][info] Throw 526700/1000000
[MakeCovarianceMatrix.cpp][info] Throw 526800/1000000
[MakeCovarianceMatrix.cpp][info] Throw 526900/1000000
[MakeCovarianceMatrix.cpp][info] Throw 527000/1000000
[MakeCovarianceMatrix.cpp][info] Throw 527100/1000000
[MakeCovarianceMatrix.cpp][info] Throw 527200/1000000
[MakeCovarianceMatrix.cpp][info] Throw 527300/1000000
[MakeCovarianceMatrix.cpp][info] Throw 527400/1000000
[MakeCovarianceMatrix.cpp][info] Throw 527500/1000000
[MakeCovarianceMatrix.cpp][info] Throw 527600/1000000
[MakeCovarianceMatrix.cpp][info] Throw 527700/1000000
[MakeCovarianceMatrix.cpp][info] Throw 527800/1000000
[MakeCovarianceMatrix.cpp][info] Throw 527900/1000000
[MakeCovarianceMatrix.cpp][info] Throw 528000/1000000
[MakeCovarianceMatrix.cpp][info] Throw 528100/1000000
[MakeCovarianceMatrix.cpp][info] Throw 528200/1000000
[MakeCovarianceMatrix.cpp][info] Throw 528300/1000000
[MakeCovarianceMatrix.cpp][info] Throw 528400/1000000
[MakeCovarianceMatrix.cpp][info] Throw 528500/1000000
[MakeCovarianceMatrix.cpp][info] Throw 528600/1000000
[MakeCovarianceMatrix.cpp][info] Throw 528700/1000000
[MakeCovarianceMatrix.cpp][info] Throw 528800/1000000
[MakeCovarianceMatrix.cpp][info] Throw 528900/1000000
[MakeCovarianceMatrix.cpp][info] Throw 529000/1000000
[MakeCovarianceMatrix.cpp][info] Throw 529100/1000000
[MakeCovarianceMatrix.cpp][info] Throw 529200/1000000
[MakeCovarianceMatrix.cpp][info] Throw 529300/1000000
[MakeCovarianceMatrix.cpp][info] Throw 529400/1000000
[MakeCovarianceMatrix.cpp][info] Throw 529500/1000000
[MakeCovarianceMatrix.cpp][info] Throw 529600/1000000
[MakeCovarianceMatrix.cpp][info] Throw 529700/1000000
[MakeCovarianceMatrix.cpp][info] Throw 529800/1000000
[MakeCovarianceMatrix.cpp][info] Throw 529900/1000000
[MakeCovarianceMatrix.cpp][info] Throw 530000/1000000
[MakeCovarianceMatrix.cpp][info] Throw 530100/1000000
[MakeCovarianceMatrix.cpp][info] Throw 530200/1000000
[MakeCovarianceMatrix.cpp][info] Throw 530300/1000000
[MakeCovarianceMatrix.cpp][info] Throw 530400/1000000
[MakeCovarianceMatrix.cpp][info] Throw 530500/1000000
[MakeCovarianceMatrix.cpp][info] Throw 530600/1000000
[MakeCovarianceMatrix.cpp][info] Throw 530700/1000000
[MakeCovarianceMatrix.cpp][info] Throw 530800/1000000
[MakeCovarianceMatrix.cpp][info] Throw 530900/1000000
[MakeCovarianceMatrix.cpp][info] Throw 531000/1000000
[MakeCovarianceMatrix.cpp][info] Throw 531100/1000000
[MakeCovarianceMatrix.cpp][info] Throw 531200/1000000
[MakeCovarianceMatrix.cpp][info] Throw 531300/1000000
[MakeCovarianceMatrix.cpp][info] Throw 531400/1000000
[MakeCovarianceMatrix.cpp][info] Throw 531500/1000000
[MakeCovarianceMatrix.cpp][info] Throw 531600/1000000
[MakeCovarianceMatrix.cpp][info] Throw 531700/1000000
[MakeCovarianceMatrix.cpp][info] Throw 531800/1000000
[MakeCovarianceMatrix.cpp][info] Throw 531900/1000000
[MakeCovarianceMatrix.cpp][info] Throw 532000/1000000
[MakeCovarianceMatrix.cpp][info] Throw 532100/1000000
[MakeCovarianceMatrix.cpp][info] Throw 532200/1000000
[MakeCovarianceMatrix.cpp][info] Throw 532300/1000000
[MakeCovarianceMatrix.cpp][info] Throw 532400/1000000
[MakeCovarianceMatrix.cpp][info] Throw 532500/1000000
[MakeCovarianceMatrix.cpp][info] Throw 532600/1000000
[MakeCovarianceMatrix.cpp][info] Throw 532700/1000000
[MakeCovarianceMatrix.cpp][info] Throw 532800/1000000
[MakeCovarianceMatrix.cpp][info] Throw 532900/1000000
[MakeCovarianceMatrix.cpp][info] Throw 533000/1000000
[MakeCovarianceMatrix.cpp][info] Throw 533100/1000000
[MakeCovarianceMatrix.cpp][info] Throw 533200/1000000
[MakeCovarianceMatrix.cpp][info] Throw 533300/1000000
[MakeCovarianceMatrix.cpp][info] Throw 533400/1000000
[MakeCovarianceMatrix.cpp][info] Throw 533500/1000000
[MakeCovarianceMatrix.cpp][info] Throw 533600/1000000
[MakeCovarianceMatrix.cpp][info] Throw 533700/1000000
[MakeCovarianceMatrix.cpp][info] Throw 533800/1000000
[MakeCovarianceMatrix.cpp][info] Throw 533900/1000000
[MakeCovarianceMatrix.cpp][info] Throw 534000/1000000
[MakeCovarianceMatrix.cpp][info] Throw 534100/1000000
[MakeCovarianceMatrix.cpp][info] Throw 534200/1000000
[MakeCovarianceMatrix.cpp][info] Throw 534300/1000000
[MakeCovarianceMatrix.cpp][info] Throw 534400/1000000
[MakeCovarianceMatrix.cpp][info] Throw 534500/1000000
[MakeCovarianceMatrix.cpp][info] Throw 534600/1000000
[MakeCovarianceMatrix.cpp][info] Throw 534700/1000000
[MakeCovarianceMatrix.cpp][info] Throw 534800/1000000
[MakeCovarianceMatrix.cpp][info] Throw 534900/1000000
[MakeCovarianceMatrix.cpp][info] Throw 535000/1000000
[MakeCovarianceMatrix.cpp][info] Throw 535100/1000000
[MakeCovarianceMatrix.cpp][info] Throw 535200/1000000
[MakeCovarianceMatrix.cpp][info] Throw 535300/1000000
[MakeCovarianceMatrix.cpp][info] Throw 535400/1000000
[MakeCovarianceMatrix.cpp][info] Throw 535500/1000000
[MakeCovarianceMatrix.cpp][info] Throw 535600/1000000
[MakeCovarianceMatrix.cpp][info] Throw 535700/1000000
[MakeCovarianceMatrix.cpp][info] Throw 535800/1000000
[MakeCovarianceMatrix.cpp][info] Throw 535900/1000000
[MakeCovarianceMatrix.cpp][info] Throw 536000/1000000
[MakeCovarianceMatrix.cpp][info] Throw 536100/1000000
[MakeCovarianceMatrix.cpp][info] Throw 536200/1000000
[MakeCovarianceMatrix.cpp][info] Throw 536300/1000000
[MakeCovarianceMatrix.cpp][info] Throw 536400/1000000
[MakeCovarianceMatrix.cpp][info] Throw 536500/1000000
[MakeCovarianceMatrix.cpp][info] Throw 536600/1000000
[MakeCovarianceMatrix.cpp][info] Throw 536700/1000000
[MakeCovarianceMatrix.cpp][info] Throw 536800/1000000
[MakeCovarianceMatrix.cpp][info] Throw 536900/1000000
[MakeCovarianceMatrix.cpp][info] Throw 537000/1000000
[MakeCovarianceMatrix.cpp][info] Throw 537100/1000000
[MakeCovarianceMatrix.cpp][info] Throw 537200/1000000
[MakeCovarianceMatrix.cpp][info] Throw 537300/1000000
[MakeCovarianceMatrix.cpp][info] Throw 537400/1000000
[MakeCovarianceMatrix.cpp][info] Throw 537500/1000000
[MakeCovarianceMatrix.cpp][info] Throw 537600/1000000
[MakeCovarianceMatrix.cpp][info] Throw 537700/1000000
[MakeCovarianceMatrix.cpp][info] Throw 537800/1000000
[MakeCovarianceMatrix.cpp][info] Throw 537900/1000000
[MakeCovarianceMatrix.cpp][info] Throw 538000/1000000
[MakeCovarianceMatrix.cpp][info] Throw 538100/1000000
[MakeCovarianceMatrix.cpp][info] Throw 538200/1000000
[MakeCovarianceMatrix.cpp][info] Throw 538300/1000000
[MakeCovarianceMatrix.cpp][info] Throw 538400/1000000
[MakeCovarianceMatrix.cpp][info] Throw 538500/1000000
[MakeCovarianceMatrix.cpp][info] Throw 538600/1000000
[MakeCovarianceMatrix.cpp][info] Throw 538700/1000000
[MakeCovarianceMatrix.cpp][info] Throw 538800/1000000
[MakeCovarianceMatrix.cpp][info] Throw 538900/1000000
[MakeCovarianceMatrix.cpp][info] Throw 539000/1000000
[MakeCovarianceMatrix.cpp][info] Throw 539100/1000000
[MakeCovarianceMatrix.cpp][info] Throw 539200/1000000
[MakeCovarianceMatrix.cpp][info] Throw 539300/1000000
[MakeCovarianceMatrix.cpp][info] Throw 539400/1000000
[MakeCovarianceMatrix.cpp][info] Throw 539500/1000000
[MakeCovarianceMatrix.cpp][info] Throw 539600/1000000
[MakeCovarianceMatrix.cpp][info] Throw 539700/1000000
[MakeCovarianceMatrix.cpp][info] Throw 539800/1000000
[MakeCovarianceMatrix.cpp][info] Throw 539900/1000000
[MakeCovarianceMatrix.cpp][info] Throw 540000/1000000
[MakeCovarianceMatrix.cpp][info] Throw 540100/1000000
[MakeCovarianceMatrix.cpp][info] Throw 540200/1000000
[MakeCovarianceMatrix.cpp][info] Throw 540300/1000000
[MakeCovarianceMatrix.cpp][info] Throw 540400/1000000
[MakeCovarianceMatrix.cpp][info] Throw 540500/1000000
[MakeCovarianceMatrix.cpp][info] Throw 540600/1000000
[MakeCovarianceMatrix.cpp][info] Throw 540700/1000000
[MakeCovarianceMatrix.cpp][info] Throw 540800/1000000
[MakeCovarianceMatrix.cpp][info] Throw 540900/1000000
[MakeCovarianceMatrix.cpp][info] Throw 541000/1000000
[MakeCovarianceMatrix.cpp][info] Throw 541100/1000000
[MakeCovarianceMatrix.cpp][info] Throw 541200/1000000
[MakeCovarianceMatrix.cpp][info] Throw 541300/1000000
[MakeCovarianceMatrix.cpp][info] Throw 541400/1000000
[MakeCovarianceMatrix.cpp][info] Throw 541500/1000000
[MakeCovarianceMatrix.cpp][info] Throw 541600/1000000
[MakeCovarianceMatrix.cpp][info] Throw 541700/1000000
[MakeCovarianceMatrix.cpp][info] Throw 541800/1000000
[MakeCovarianceMatrix.cpp][info] Throw 541900/1000000
[MakeCovarianceMatrix.cpp][info] Throw 542000/1000000
[MakeCovarianceMatrix.cpp][info] Throw 542100/1000000
[MakeCovarianceMatrix.cpp][info] Throw 542200/1000000
[MakeCovarianceMatrix.cpp][info] Throw 542300/1000000
[MakeCovarianceMatrix.cpp][info] Throw 542400/1000000
[MakeCovarianceMatrix.cpp][info] Throw 542500/1000000
[MakeCovarianceMatrix.cpp][info] Throw 542600/1000000
[MakeCovarianceMatrix.cpp][info] Throw 542700/1000000
[MakeCovarianceMatrix.cpp][info] Throw 542800/1000000
[MakeCovarianceMatrix.cpp][info] Throw 542900/1000000
[MakeCovarianceMatrix.cpp][info] Throw 543000/1000000
[MakeCovarianceMatrix.cpp][info] Throw 543100/1000000
[MakeCovarianceMatrix.cpp][info] Throw 543200/1000000
[MakeCovarianceMatrix.cpp][info] Throw 543300/1000000
[MakeCovarianceMatrix.cpp][info] Throw 543400/1000000
[MakeCovarianceMatrix.cpp][info] Throw 543500/1000000
[MakeCovarianceMatrix.cpp][info] Throw 543600/1000000
[MakeCovarianceMatrix.cpp][info] Throw 543700/1000000
[MakeCovarianceMatrix.cpp][info] Throw 543800/1000000
[MakeCovarianceMatrix.cpp][info] Throw 543900/1000000
[MakeCovarianceMatrix.cpp][info] Throw 544000/1000000
[MakeCovarianceMatrix.cpp][info] Throw 544100/1000000
[MakeCovarianceMatrix.cpp][info] Throw 544200/1000000
[MakeCovarianceMatrix.cpp][info] Throw 544300/1000000
[MakeCovarianceMatrix.cpp][info] Throw 544400/1000000
[MakeCovarianceMatrix.cpp][info] Throw 544500/1000000
[MakeCovarianceMatrix.cpp][info] Throw 544600/1000000
[MakeCovarianceMatrix.cpp][info] Throw 544700/1000000
[MakeCovarianceMatrix.cpp][info] Throw 544800/1000000
[MakeCovarianceMatrix.cpp][info] Throw 544900/1000000
[MakeCovarianceMatrix.cpp][info] Throw 545000/1000000
[MakeCovarianceMatrix.cpp][info] Throw 545100/1000000
[MakeCovarianceMatrix.cpp][info] Throw 545200/1000000
[MakeCovarianceMatrix.cpp][info] Throw 545300/1000000
[MakeCovarianceMatrix.cpp][info] Throw 545400/1000000
[MakeCovarianceMatrix.cpp][info] Throw 545500/1000000
[MakeCovarianceMatrix.cpp][info] Throw 545600/1000000
[MakeCovarianceMatrix.cpp][info] Throw 545700/1000000
[MakeCovarianceMatrix.cpp][info] Throw 545800/1000000
[MakeCovarianceMatrix.cpp][info] Throw 545900/1000000
[MakeCovarianceMatrix.cpp][info] Throw 546000/1000000
[MakeCovarianceMatrix.cpp][info] Throw 546100/1000000
[MakeCovarianceMatrix.cpp][info] Throw 546200/1000000
[MakeCovarianceMatrix.cpp][info] Throw 546300/1000000
[MakeCovarianceMatrix.cpp][info] Throw 546400/1000000
[MakeCovarianceMatrix.cpp][info] Throw 546500/1000000
[MakeCovarianceMatrix.cpp][info] Throw 546600/1000000
[MakeCovarianceMatrix.cpp][info] Throw 546700/1000000
[MakeCovarianceMatrix.cpp][info] Throw 546800/1000000
[MakeCovarianceMatrix.cpp][info] Throw 546900/1000000
[MakeCovarianceMatrix.cpp][info] Throw 547000/1000000
[MakeCovarianceMatrix.cpp][info] Throw 547100/1000000
[MakeCovarianceMatrix.cpp][info] Throw 547200/1000000
[MakeCovarianceMatrix.cpp][info] Throw 547300/1000000
[MakeCovarianceMatrix.cpp][info] Throw 547400/1000000
[MakeCovarianceMatrix.cpp][info] Throw 547500/1000000
[MakeCovarianceMatrix.cpp][info] Throw 547600/1000000
[MakeCovarianceMatrix.cpp][info] Throw 547700/1000000
[MakeCovarianceMatrix.cpp][info] Throw 547800/1000000
[MakeCovarianceMatrix.cpp][info] Throw 547900/1000000
[MakeCovarianceMatrix.cpp][info] Throw 548000/1000000
[MakeCovarianceMatrix.cpp][info] Throw 548100/1000000
[MakeCovarianceMatrix.cpp][info] Throw 548200/1000000
[MakeCovarianceMatrix.cpp][info] Throw 548300/1000000
[MakeCovarianceMatrix.cpp][info] Throw 548400/1000000
[MakeCovarianceMatrix.cpp][info] Throw 548500/1000000
[MakeCovarianceMatrix.cpp][info] Throw 548600/1000000
[MakeCovarianceMatrix.cpp][info] Throw 548700/1000000
[MakeCovarianceMatrix.cpp][info] Throw 548800/1000000
[MakeCovarianceMatrix.cpp][info] Throw 548900/1000000
[MakeCovarianceMatrix.cpp][info] Throw 549000/1000000
[MakeCovarianceMatrix.cpp][info] Throw 549100/1000000
[MakeCovarianceMatrix.cpp][info] Throw 549200/1000000
[MakeCovarianceMatrix.cpp][info] Throw 549300/1000000
[MakeCovarianceMatrix.cpp][info] Throw 549400/1000000
[MakeCovarianceMatrix.cpp][info] Throw 549500/1000000
[MakeCovarianceMatrix.cpp][info] Throw 549600/1000000
[MakeCovarianceMatrix.cpp][info] Throw 549700/1000000
[MakeCovarianceMatrix.cpp][info] Throw 549800/1000000
[MakeCovarianceMatrix.cpp][info] Throw 549900/1000000
[MakeCovarianceMatrix.cpp][info] Throw 550000/1000000
[MakeCovarianceMatrix.cpp][info] Throw 550100/1000000
[MakeCovarianceMatrix.cpp][info] Throw 550200/1000000
[MakeCovarianceMatrix.cpp][info] Throw 550300/1000000
[MakeCovarianceMatrix.cpp][info] Throw 550400/1000000
[MakeCovarianceMatrix.cpp][info] Throw 550500/1000000
[MakeCovarianceMatrix.cpp][info] Throw 550600/1000000
[MakeCovarianceMatrix.cpp][info] Throw 550700/1000000
[MakeCovarianceMatrix.cpp][info] Throw 550800/1000000
[MakeCovarianceMatrix.cpp][info] Throw 550900/1000000
[MakeCovarianceMatrix.cpp][info] Throw 551000/1000000
[MakeCovarianceMatrix.cpp][info] Throw 551100/1000000
[MakeCovarianceMatrix.cpp][info] Throw 551200/1000000
[MakeCovarianceMatrix.cpp][info] Throw 551300/1000000
[MakeCovarianceMatrix.cpp][info] Throw 551400/1000000
[MakeCovarianceMatrix.cpp][info] Throw 551500/1000000
[MakeCovarianceMatrix.cpp][info] Throw 551600/1000000
[MakeCovarianceMatrix.cpp][info] Throw 551700/1000000
[MakeCovarianceMatrix.cpp][info] Throw 551800/1000000
[MakeCovarianceMatrix.cpp][info] Throw 551900/1000000
[MakeCovarianceMatrix.cpp][info] Throw 552000/1000000
[MakeCovarianceMatrix.cpp][info] Throw 552100/1000000
[MakeCovarianceMatrix.cpp][info] Throw 552200/1000000
[MakeCovarianceMatrix.cpp][info] Throw 552300/1000000
[MakeCovarianceMatrix.cpp][info] Throw 552400/1000000
[MakeCovarianceMatrix.cpp][info] Throw 552500/1000000
[MakeCovarianceMatrix.cpp][info] Throw 552600/1000000
[MakeCovarianceMatrix.cpp][info] Throw 552700/1000000
[MakeCovarianceMatrix.cpp][info] Throw 552800/1000000
[MakeCovarianceMatrix.cpp][info] Throw 552900/1000000
[MakeCovarianceMatrix.cpp][info] Throw 553000/1000000
[MakeCovarianceMatrix.cpp][info] Throw 553100/1000000
[MakeCovarianceMatrix.cpp][info] Throw 553200/1000000
[MakeCovarianceMatrix.cpp][info] Throw 553300/1000000
[MakeCovarianceMatrix.cpp][info] Throw 553400/1000000
[MakeCovarianceMatrix.cpp][info] Throw 553500/1000000
[MakeCovarianceMatrix.cpp][info] Throw 553600/1000000
[MakeCovarianceMatrix.cpp][info] Throw 553700/1000000
[MakeCovarianceMatrix.cpp][info] Throw 553800/1000000
[MakeCovarianceMatrix.cpp][info] Throw 553900/1000000
[MakeCovarianceMatrix.cpp][info] Throw 554000/1000000
[MakeCovarianceMatrix.cpp][info] Throw 554100/1000000
[MakeCovarianceMatrix.cpp][info] Throw 554200/1000000
[MakeCovarianceMatrix.cpp][info] Throw 554300/1000000
[MakeCovarianceMatrix.cpp][info] Throw 554400/1000000
[MakeCovarianceMatrix.cpp][info] Throw 554500/1000000
[MakeCovarianceMatrix.cpp][info] Throw 554600/1000000
[MakeCovarianceMatrix.cpp][info] Throw 554700/1000000
[MakeCovarianceMatrix.cpp][info] Throw 554800/1000000
[MakeCovarianceMatrix.cpp][info] Throw 554900/1000000
[MakeCovarianceMatrix.cpp][info] Throw 555000/1000000
[MakeCovarianceMatrix.cpp][info] Throw 555100/1000000
[MakeCovarianceMatrix.cpp][info] Throw 555200/1000000
[MakeCovarianceMatrix.cpp][info] Throw 555300/1000000
[MakeCovarianceMatrix.cpp][info] Throw 555400/1000000
[MakeCovarianceMatrix.cpp][info] Throw 555500/1000000
[MakeCovarianceMatrix.cpp][info] Throw 555600/1000000
[MakeCovarianceMatrix.cpp][info] Throw 555700/1000000
[MakeCovarianceMatrix.cpp][info] Throw 555800/1000000
[MakeCovarianceMatrix.cpp][info] Throw 555900/1000000
[MakeCovarianceMatrix.cpp][info] Throw 556000/1000000
[MakeCovarianceMatrix.cpp][info] Throw 556100/1000000
[MakeCovarianceMatrix.cpp][info] Throw 556200/1000000
[MakeCovarianceMatrix.cpp][info] Throw 556300/1000000
[MakeCovarianceMatrix.cpp][info] Throw 556400/1000000
[MakeCovarianceMatrix.cpp][info] Throw 556500/1000000
[MakeCovarianceMatrix.cpp][info] Throw 556600/1000000
[MakeCovarianceMatrix.cpp][info] Throw 556700/1000000
[MakeCovarianceMatrix.cpp][info] Throw 556800/1000000
[MakeCovarianceMatrix.cpp][info] Throw 556900/1000000
[MakeCovarianceMatrix.cpp][info] Throw 557000/1000000
[MakeCovarianceMatrix.cpp][info] Throw 557100/1000000
[MakeCovarianceMatrix.cpp][info] Throw 557200/1000000
[MakeCovarianceMatrix.cpp][info] Throw 557300/1000000
[MakeCovarianceMatrix.cpp][info] Throw 557400/1000000
[MakeCovarianceMatrix.cpp][info] Throw 557500/1000000
[MakeCovarianceMatrix.cpp][info] Throw 557600/1000000
[MakeCovarianceMatrix.cpp][info] Throw 557700/1000000
[MakeCovarianceMatrix.cpp][info] Throw 557800/1000000
[MakeCovarianceMatrix.cpp][info] Throw 557900/1000000
[MakeCovarianceMatrix.cpp][info] Throw 558000/1000000
[MakeCovarianceMatrix.cpp][info] Throw 558100/1000000
[MakeCovarianceMatrix.cpp][info] Throw 558200/1000000
[MakeCovarianceMatrix.cpp][info] Throw 558300/1000000
[MakeCovarianceMatrix.cpp][info] Throw 558400/1000000
[MakeCovarianceMatrix.cpp][info] Throw 558500/1000000
[MakeCovarianceMatrix.cpp][info] Throw 558600/1000000
[MakeCovarianceMatrix.cpp][info] Throw 558700/1000000
[MakeCovarianceMatrix.cpp][info] Throw 558800/1000000
[MakeCovarianceMatrix.cpp][info] Throw 558900/1000000
[MakeCovarianceMatrix.cpp][info] Throw 559000/1000000
[MakeCovarianceMatrix.cpp][info] Throw 559100/1000000
[MakeCovarianceMatrix.cpp][info] Throw 559200/1000000
[MakeCovarianceMatrix.cpp][info] Throw 559300/1000000
[MakeCovarianceMatrix.cpp][info] Throw 559400/1000000
[MakeCovarianceMatrix.cpp][info] Throw 559500/1000000
[MakeCovarianceMatrix.cpp][info] Throw 559600/1000000
[MakeCovarianceMatrix.cpp][info] Throw 559700/1000000
[MakeCovarianceMatrix.cpp][info] Throw 559800/1000000
[MakeCovarianceMatrix.cpp][info] Throw 559900/1000000
[MakeCovarianceMatrix.cpp][info] Throw 560000/1000000
[MakeCovarianceMatrix.cpp][info] Throw 560100/1000000
[MakeCovarianceMatrix.cpp][info] Throw 560200/1000000
[MakeCovarianceMatrix.cpp][info] Throw 560300/1000000
[MakeCovarianceMatrix.cpp][info] Throw 560400/1000000
[MakeCovarianceMatrix.cpp][info] Throw 560500/1000000
[MakeCovarianceMatrix.cpp][info] Throw 560600/1000000
[MakeCovarianceMatrix.cpp][info] Throw 560700/1000000
[MakeCovarianceMatrix.cpp][info] Throw 560800/1000000
[MakeCovarianceMatrix.cpp][info] Throw 560900/1000000
[MakeCovarianceMatrix.cpp][info] Throw 561000/1000000
[MakeCovarianceMatrix.cpp][info] Throw 561100/1000000
[MakeCovarianceMatrix.cpp][info] Throw 561200/1000000
[MakeCovarianceMatrix.cpp][info] Throw 561300/1000000
[MakeCovarianceMatrix.cpp][info] Throw 561400/1000000
[MakeCovarianceMatrix.cpp][info] Throw 561500/1000000
[MakeCovarianceMatrix.cpp][info] Throw 561600/1000000
[MakeCovarianceMatrix.cpp][info] Throw 561700/1000000
[MakeCovarianceMatrix.cpp][info] Throw 561800/1000000
[MakeCovarianceMatrix.cpp][info] Throw 561900/1000000
[MakeCovarianceMatrix.cpp][info] Throw 562000/1000000
[MakeCovarianceMatrix.cpp][info] Throw 562100/1000000
[MakeCovarianceMatrix.cpp][info] Throw 562200/1000000
[MakeCovarianceMatrix.cpp][info] Throw 562300/1000000
[MakeCovarianceMatrix.cpp][info] Throw 562400/1000000
[MakeCovarianceMatrix.cpp][info] Throw 562500/1000000
[MakeCovarianceMatrix.cpp][info] Throw 562600/1000000
[MakeCovarianceMatrix.cpp][info] Throw 562700/1000000
[MakeCovarianceMatrix.cpp][info] Throw 562800/1000000
[MakeCovarianceMatrix.cpp][info] Throw 562900/1000000
[MakeCovarianceMatrix.cpp][info] Throw 563000/1000000
[MakeCovarianceMatrix.cpp][info] Throw 563100/1000000
[MakeCovarianceMatrix.cpp][info] Throw 563200/1000000
[MakeCovarianceMatrix.cpp][info] Throw 563300/1000000
[MakeCovarianceMatrix.cpp][info] Throw 563400/1000000
[MakeCovarianceMatrix.cpp][info] Throw 563500/1000000
[MakeCovarianceMatrix.cpp][info] Throw 563600/1000000
[MakeCovarianceMatrix.cpp][info] Throw 563700/1000000
[MakeCovarianceMatrix.cpp][info] Throw 563800/1000000
[MakeCovarianceMatrix.cpp][info] Throw 563900/1000000
[MakeCovarianceMatrix.cpp][info] Throw 564000/1000000
[MakeCovarianceMatrix.cpp][info] Throw 564100/1000000
[MakeCovarianceMatrix.cpp][info] Throw 564200/1000000
[MakeCovarianceMatrix.cpp][info] Throw 564300/1000000
[MakeCovarianceMatrix.cpp][info] Throw 564400/1000000
[MakeCovarianceMatrix.cpp][info] Throw 564500/1000000
[MakeCovarianceMatrix.cpp][info] Throw 564600/1000000
[MakeCovarianceMatrix.cpp][info] Throw 564700/1000000
[MakeCovarianceMatrix.cpp][info] Throw 564800/1000000
[MakeCovarianceMatrix.cpp][info] Throw 564900/1000000
[MakeCovarianceMatrix.cpp][info] Throw 565000/1000000
[MakeCovarianceMatrix.cpp][info] Throw 565100/1000000
[MakeCovarianceMatrix.cpp][info] Throw 565200/1000000
[MakeCovarianceMatrix.cpp][info] Throw 565300/1000000
[MakeCovarianceMatrix.cpp][info] Throw 565400/1000000
[MakeCovarianceMatrix.cpp][info] Throw 565500/1000000
[MakeCovarianceMatrix.cpp][info] Throw 565600/1000000
[MakeCovarianceMatrix.cpp][info] Throw 565700/1000000
[MakeCovarianceMatrix.cpp][info] Throw 565800/1000000
[MakeCovarianceMatrix.cpp][info] Throw 565900/1000000
[MakeCovarianceMatrix.cpp][info] Throw 566000/1000000
[MakeCovarianceMatrix.cpp][info] Throw 566100/1000000
[MakeCovarianceMatrix.cpp][info] Throw 566200/1000000
[MakeCovarianceMatrix.cpp][info] Throw 566300/1000000
[MakeCovarianceMatrix.cpp][info] Throw 566400/1000000
[MakeCovarianceMatrix.cpp][info] Throw 566500/1000000
[MakeCovarianceMatrix.cpp][info] Throw 566600/1000000
[MakeCovarianceMatrix.cpp][info] Throw 566700/1000000
[MakeCovarianceMatrix.cpp][info] Throw 566800/1000000
[MakeCovarianceMatrix.cpp][info] Throw 566900/1000000
[MakeCovarianceMatrix.cpp][info] Throw 567000/1000000
[MakeCovarianceMatrix.cpp][info] Throw 567100/1000000
[MakeCovarianceMatrix.cpp][info] Throw 567200/1000000
[MakeCovarianceMatrix.cpp][info] Throw 567300/1000000
[MakeCovarianceMatrix.cpp][info] Throw 567400/1000000
[MakeCovarianceMatrix.cpp][info] Throw 567500/1000000
[MakeCovarianceMatrix.cpp][info] Throw 567600/1000000
[MakeCovarianceMatrix.cpp][info] Throw 567700/1000000
[MakeCovarianceMatrix.cpp][info] Throw 567800/1000000
[MakeCovarianceMatrix.cpp][info] Throw 567900/1000000
[MakeCovarianceMatrix.cpp][info] Throw 568000/1000000
[MakeCovarianceMatrix.cpp][info] Throw 568100/1000000
[MakeCovarianceMatrix.cpp][info] Throw 568200/1000000
[MakeCovarianceMatrix.cpp][info] Throw 568300/1000000
[MakeCovarianceMatrix.cpp][info] Throw 568400/1000000
[MakeCovarianceMatrix.cpp][info] Throw 568500/1000000
[MakeCovarianceMatrix.cpp][info] Throw 568600/1000000
[MakeCovarianceMatrix.cpp][info] Throw 568700/1000000
[MakeCovarianceMatrix.cpp][info] Throw 568800/1000000
[MakeCovarianceMatrix.cpp][info] Throw 568900/1000000
[MakeCovarianceMatrix.cpp][info] Throw 569000/1000000
[MakeCovarianceMatrix.cpp][info] Throw 569100/1000000
[MakeCovarianceMatrix.cpp][info] Throw 569200/1000000
[MakeCovarianceMatrix.cpp][info] Throw 569300/1000000
[MakeCovarianceMatrix.cpp][info] Throw 569400/1000000
[MakeCovarianceMatrix.cpp][info] Throw 569500/1000000
[MakeCovarianceMatrix.cpp][info] Throw 569600/1000000
[MakeCovarianceMatrix.cpp][info] Throw 569700/1000000
[MakeCovarianceMatrix.cpp][info] Throw 569800/1000000
[MakeCovarianceMatrix.cpp][info] Throw 569900/1000000
[MakeCovarianceMatrix.cpp][info] Throw 570000/1000000
[MakeCovarianceMatrix.cpp][info] Throw 570100/1000000
[MakeCovarianceMatrix.cpp][info] Throw 570200/1000000
[MakeCovarianceMatrix.cpp][info] Throw 570300/1000000
[MakeCovarianceMatrix.cpp][info] Throw 570400/1000000
[MakeCovarianceMatrix.cpp][info] Throw 570500/1000000
[MakeCovarianceMatrix.cpp][info] Throw 570600/1000000
[MakeCovarianceMatrix.cpp][info] Throw 570700/1000000
[MakeCovarianceMatrix.cpp][info] Throw 570800/1000000
[MakeCovarianceMatrix.cpp][info] Throw 570900/1000000
[MakeCovarianceMatrix.cpp][info] Throw 571000/1000000
[MakeCovarianceMatrix.cpp][info] Throw 571100/1000000
[MakeCovarianceMatrix.cpp][info] Throw 571200/1000000
[MakeCovarianceMatrix.cpp][info] Throw 571300/1000000
[MakeCovarianceMatrix.cpp][info] Throw 571400/1000000
[MakeCovarianceMatrix.cpp][info] Throw 571500/1000000
[MakeCovarianceMatrix.cpp][info] Throw 571600/1000000
[MakeCovarianceMatrix.cpp][info] Throw 571700/1000000
[MakeCovarianceMatrix.cpp][info] Throw 571800/1000000
[MakeCovarianceMatrix.cpp][info] Throw 571900/1000000
[MakeCovarianceMatrix.cpp][info] Throw 572000/1000000
[MakeCovarianceMatrix.cpp][info] Throw 572100/1000000
[MakeCovarianceMatrix.cpp][info] Throw 572200/1000000
[MakeCovarianceMatrix.cpp][info] Throw 572300/1000000
[MakeCovarianceMatrix.cpp][info] Throw 572400/1000000
[MakeCovarianceMatrix.cpp][info] Throw 572500/1000000
[MakeCovarianceMatrix.cpp][info] Throw 572600/1000000
[MakeCovarianceMatrix.cpp][info] Throw 572700/1000000
[MakeCovarianceMatrix.cpp][info] Throw 572800/1000000
[MakeCovarianceMatrix.cpp][info] Throw 572900/1000000
[MakeCovarianceMatrix.cpp][info] Throw 573000/1000000
[MakeCovarianceMatrix.cpp][info] Throw 573100/1000000
[MakeCovarianceMatrix.cpp][info] Throw 573200/1000000
[MakeCovarianceMatrix.cpp][info] Throw 573300/1000000
[MakeCovarianceMatrix.cpp][info] Throw 573400/1000000
[MakeCovarianceMatrix.cpp][info] Throw 573500/1000000
[MakeCovarianceMatrix.cpp][info] Throw 573600/1000000
[MakeCovarianceMatrix.cpp][info] Throw 573700/1000000
[MakeCovarianceMatrix.cpp][info] Throw 573800/1000000
[MakeCovarianceMatrix.cpp][info] Throw 573900/1000000
[MakeCovarianceMatrix.cpp][info] Throw 574000/1000000
[MakeCovarianceMatrix.cpp][info] Throw 574100/1000000
[MakeCovarianceMatrix.cpp][info] Throw 574200/1000000
[MakeCovarianceMatrix.cpp][info] Throw 574300/1000000
[MakeCovarianceMatrix.cpp][info] Throw 574400/1000000
[MakeCovarianceMatrix.cpp][info] Throw 574500/1000000
[MakeCovarianceMatrix.cpp][info] Throw 574600/1000000
[MakeCovarianceMatrix.cpp][info] Throw 574700/1000000
[MakeCovarianceMatrix.cpp][info] Throw 574800/1000000
[MakeCovarianceMatrix.cpp][info] Throw 574900/1000000
[MakeCovarianceMatrix.cpp][info] Throw 575000/1000000
[MakeCovarianceMatrix.cpp][info] Throw 575100/1000000
[MakeCovarianceMatrix.cpp][info] Throw 575200/1000000
[MakeCovarianceMatrix.cpp][info] Throw 575300/1000000
[MakeCovarianceMatrix.cpp][info] Throw 575400/1000000
[MakeCovarianceMatrix.cpp][info] Throw 575500/1000000
[MakeCovarianceMatrix.cpp][info] Throw 575600/1000000
[MakeCovarianceMatrix.cpp][info] Throw 575700/1000000
[MakeCovarianceMatrix.cpp][info] Throw 575800/1000000
[MakeCovarianceMatrix.cpp][info] Throw 575900/1000000
[MakeCovarianceMatrix.cpp][info] Throw 576000/1000000
[MakeCovarianceMatrix.cpp][info] Throw 576100/1000000
[MakeCovarianceMatrix.cpp][info] Throw 576200/1000000
[MakeCovarianceMatrix.cpp][info] Throw 576300/1000000
[MakeCovarianceMatrix.cpp][info] Throw 576400/1000000
[MakeCovarianceMatrix.cpp][info] Throw 576500/1000000
[MakeCovarianceMatrix.cpp][info] Throw 576600/1000000
[MakeCovarianceMatrix.cpp][info] Throw 576700/1000000
[MakeCovarianceMatrix.cpp][info] Throw 576800/1000000
[MakeCovarianceMatrix.cpp][info] Throw 576900/1000000
[MakeCovarianceMatrix.cpp][info] Throw 577000/1000000
[MakeCovarianceMatrix.cpp][info] Throw 577100/1000000
[MakeCovarianceMatrix.cpp][info] Throw 577200/1000000
[MakeCovarianceMatrix.cpp][info] Throw 577300/1000000
[MakeCovarianceMatrix.cpp][info] Throw 577400/1000000
[MakeCovarianceMatrix.cpp][info] Throw 577500/1000000
[MakeCovarianceMatrix.cpp][info] Throw 577600/1000000
[MakeCovarianceMatrix.cpp][info] Throw 577700/1000000
[MakeCovarianceMatrix.cpp][info] Throw 577800/1000000
[MakeCovarianceMatrix.cpp][info] Throw 577900/1000000
[MakeCovarianceMatrix.cpp][info] Throw 578000/1000000
[MakeCovarianceMatrix.cpp][info] Throw 578100/1000000
[MakeCovarianceMatrix.cpp][info] Throw 578200/1000000
[MakeCovarianceMatrix.cpp][info] Throw 578300/1000000
[MakeCovarianceMatrix.cpp][info] Throw 578400/1000000
[MakeCovarianceMatrix.cpp][info] Throw 578500/1000000
[MakeCovarianceMatrix.cpp][info] Throw 578600/1000000
[MakeCovarianceMatrix.cpp][info] Throw 578700/1000000
[MakeCovarianceMatrix.cpp][info] Throw 578800/1000000
[MakeCovarianceMatrix.cpp][info] Throw 578900/1000000
[MakeCovarianceMatrix.cpp][info] Throw 579000/1000000
[MakeCovarianceMatrix.cpp][info] Throw 579100/1000000
[MakeCovarianceMatrix.cpp][info] Throw 579200/1000000
[MakeCovarianceMatrix.cpp][info] Throw 579300/1000000
[MakeCovarianceMatrix.cpp][info] Throw 579400/1000000
[MakeCovarianceMatrix.cpp][info] Throw 579500/1000000
[MakeCovarianceMatrix.cpp][info] Throw 579600/1000000
[MakeCovarianceMatrix.cpp][info] Throw 579700/1000000
[MakeCovarianceMatrix.cpp][info] Throw 579800/1000000
[MakeCovarianceMatrix.cpp][info] Throw 579900/1000000
[MakeCovarianceMatrix.cpp][info] Throw 580000/1000000
[MakeCovarianceMatrix.cpp][info] Throw 580100/1000000
[MakeCovarianceMatrix.cpp][info] Throw 580200/1000000
[MakeCovarianceMatrix.cpp][info] Throw 580300/1000000
[MakeCovarianceMatrix.cpp][info] Throw 580400/1000000
[MakeCovarianceMatrix.cpp][info] Throw 580500/1000000
[MakeCovarianceMatrix.cpp][info] Throw 580600/1000000
[MakeCovarianceMatrix.cpp][info] Throw 580700/1000000
[MakeCovarianceMatrix.cpp][info] Throw 580800/1000000
[MakeCovarianceMatrix.cpp][info] Throw 580900/1000000
[MakeCovarianceMatrix.cpp][info] Throw 581000/1000000
[MakeCovarianceMatrix.cpp][info] Throw 581100/1000000
[MakeCovarianceMatrix.cpp][info] Throw 581200/1000000
[MakeCovarianceMatrix.cpp][info] Throw 581300/1000000
[MakeCovarianceMatrix.cpp][info] Throw 581400/1000000
[MakeCovarianceMatrix.cpp][info] Throw 581500/1000000
[MakeCovarianceMatrix.cpp][info] Throw 581600/1000000
[MakeCovarianceMatrix.cpp][info] Throw 581700/1000000
[MakeCovarianceMatrix.cpp][info] Throw 581800/1000000
[MakeCovarianceMatrix.cpp][info] Throw 581900/1000000
[MakeCovarianceMatrix.cpp][info] Throw 582000/1000000
[MakeCovarianceMatrix.cpp][info] Throw 582100/1000000
[MakeCovarianceMatrix.cpp][info] Throw 582200/1000000
[MakeCovarianceMatrix.cpp][info] Throw 582300/1000000
[MakeCovarianceMatrix.cpp][info] Throw 582400/1000000
[MakeCovarianceMatrix.cpp][info] Throw 582500/1000000
[MakeCovarianceMatrix.cpp][info] Throw 582600/1000000
[MakeCovarianceMatrix.cpp][info] Throw 582700/1000000
[MakeCovarianceMatrix.cpp][info] Throw 582800/1000000
[MakeCovarianceMatrix.cpp][info] Throw 582900/1000000
[MakeCovarianceMatrix.cpp][info] Throw 583000/1000000
[MakeCovarianceMatrix.cpp][info] Throw 583100/1000000
[MakeCovarianceMatrix.cpp][info] Throw 583200/1000000
[MakeCovarianceMatrix.cpp][info] Throw 583300/1000000
[MakeCovarianceMatrix.cpp][info] Throw 583400/1000000
[MakeCovarianceMatrix.cpp][info] Throw 583500/1000000
[MakeCovarianceMatrix.cpp][info] Throw 583600/1000000
[MakeCovarianceMatrix.cpp][info] Throw 583700/1000000
[MakeCovarianceMatrix.cpp][info] Throw 583800/1000000
[MakeCovarianceMatrix.cpp][info] Throw 583900/1000000
[MakeCovarianceMatrix.cpp][info] Throw 584000/1000000
[MakeCovarianceMatrix.cpp][info] Throw 584100/1000000
[MakeCovarianceMatrix.cpp][info] Throw 584200/1000000
[MakeCovarianceMatrix.cpp][info] Throw 584300/1000000
[MakeCovarianceMatrix.cpp][info] Throw 584400/1000000
[MakeCovarianceMatrix.cpp][info] Throw 584500/1000000
[MakeCovarianceMatrix.cpp][info] Throw 584600/1000000
[MakeCovarianceMatrix.cpp][info] Throw 584700/1000000
[MakeCovarianceMatrix.cpp][info] Throw 584800/1000000
[MakeCovarianceMatrix.cpp][info] Throw 584900/1000000
[MakeCovarianceMatrix.cpp][info] Throw 585000/1000000
[MakeCovarianceMatrix.cpp][info] Throw 585100/1000000
[MakeCovarianceMatrix.cpp][info] Throw 585200/1000000
[MakeCovarianceMatrix.cpp][info] Throw 585300/1000000
[MakeCovarianceMatrix.cpp][info] Throw 585400/1000000
[MakeCovarianceMatrix.cpp][info] Throw 585500/1000000
[MakeCovarianceMatrix.cpp][info] Throw 585600/1000000
[MakeCovarianceMatrix.cpp][info] Throw 585700/1000000
[MakeCovarianceMatrix.cpp][info] Throw 585800/1000000
[MakeCovarianceMatrix.cpp][info] Throw 585900/1000000
[MakeCovarianceMatrix.cpp][info] Throw 586000/1000000
[MakeCovarianceMatrix.cpp][info] Throw 586100/1000000
[MakeCovarianceMatrix.cpp][info] Throw 586200/1000000
[MakeCovarianceMatrix.cpp][info] Throw 586300/1000000
[MakeCovarianceMatrix.cpp][info] Throw 586400/1000000
[MakeCovarianceMatrix.cpp][info] Throw 586500/1000000
[MakeCovarianceMatrix.cpp][info] Throw 586600/1000000
[MakeCovarianceMatrix.cpp][info] Throw 586700/1000000
[MakeCovarianceMatrix.cpp][info] Throw 586800/1000000
[MakeCovarianceMatrix.cpp][info] Throw 586900/1000000
[MakeCovarianceMatrix.cpp][info] Throw 587000/1000000
[MakeCovarianceMatrix.cpp][info] Throw 587100/1000000
[MakeCovarianceMatrix.cpp][info] Throw 587200/1000000
[MakeCovarianceMatrix.cpp][info] Throw 587300/1000000
[MakeCovarianceMatrix.cpp][info] Throw 587400/1000000
[MakeCovarianceMatrix.cpp][info] Throw 587500/1000000
[MakeCovarianceMatrix.cpp][info] Throw 587600/1000000
[MakeCovarianceMatrix.cpp][info] Throw 587700/1000000
[MakeCovarianceMatrix.cpp][info] Throw 587800/1000000
[MakeCovarianceMatrix.cpp][info] Throw 587900/1000000
[MakeCovarianceMatrix.cpp][info] Throw 588000/1000000
[MakeCovarianceMatrix.cpp][info] Throw 588100/1000000
[MakeCovarianceMatrix.cpp][info] Throw 588200/1000000
[MakeCovarianceMatrix.cpp][info] Throw 588300/1000000
[MakeCovarianceMatrix.cpp][info] Throw 588400/1000000
[MakeCovarianceMatrix.cpp][info] Throw 588500/1000000
[MakeCovarianceMatrix.cpp][info] Throw 588600/1000000
[MakeCovarianceMatrix.cpp][info] Throw 588700/1000000
[MakeCovarianceMatrix.cpp][info] Throw 588800/1000000
[MakeCovarianceMatrix.cpp][info] Throw 588900/1000000
[MakeCovarianceMatrix.cpp][info] Throw 589000/1000000
[MakeCovarianceMatrix.cpp][info] Throw 589100/1000000
[MakeCovarianceMatrix.cpp][info] Throw 589200/1000000
[MakeCovarianceMatrix.cpp][info] Throw 589300/1000000
[MakeCovarianceMatrix.cpp][info] Throw 589400/1000000
[MakeCovarianceMatrix.cpp][info] Throw 589500/1000000
[MakeCovarianceMatrix.cpp][info] Throw 589600/1000000
[MakeCovarianceMatrix.cpp][info] Throw 589700/1000000
[MakeCovarianceMatrix.cpp][info] Throw 589800/1000000
[MakeCovarianceMatrix.cpp][info] Throw 589900/1000000
[MakeCovarianceMatrix.cpp][info] Throw 590000/1000000
[MakeCovarianceMatrix.cpp][info] Throw 590100/1000000
[MakeCovarianceMatrix.cpp][info] Throw 590200/1000000
[MakeCovarianceMatrix.cpp][info] Throw 590300/1000000
[MakeCovarianceMatrix.cpp][info] Throw 590400/1000000
[MakeCovarianceMatrix.cpp][info] Throw 590500/1000000
[MakeCovarianceMatrix.cpp][info] Throw 590600/1000000
[MakeCovarianceMatrix.cpp][info] Throw 590700/1000000
[MakeCovarianceMatrix.cpp][info] Throw 590800/1000000
[MakeCovarianceMatrix.cpp][info] Throw 590900/1000000
[MakeCovarianceMatrix.cpp][info] Throw 591000/1000000
[MakeCovarianceMatrix.cpp][info] Throw 591100/1000000
[MakeCovarianceMatrix.cpp][info] Throw 591200/1000000
[MakeCovarianceMatrix.cpp][info] Throw 591300/1000000
[MakeCovarianceMatrix.cpp][info] Throw 591400/1000000
[MakeCovarianceMatrix.cpp][info] Throw 591500/1000000
[MakeCovarianceMatrix.cpp][info] Throw 591600/1000000
[MakeCovarianceMatrix.cpp][info] Throw 591700/1000000
[MakeCovarianceMatrix.cpp][info] Throw 591800/1000000
[MakeCovarianceMatrix.cpp][info] Throw 591900/1000000
[MakeCovarianceMatrix.cpp][info] Throw 592000/1000000
[MakeCovarianceMatrix.cpp][info] Throw 592100/1000000
[MakeCovarianceMatrix.cpp][info] Throw 592200/1000000
[MakeCovarianceMatrix.cpp][info] Throw 592300/1000000
[MakeCovarianceMatrix.cpp][info] Throw 592400/1000000
[MakeCovarianceMatrix.cpp][info] Throw 592500/1000000
[MakeCovarianceMatrix.cpp][info] Throw 592600/1000000
[MakeCovarianceMatrix.cpp][info] Throw 592700/1000000
[MakeCovarianceMatrix.cpp][info] Throw 592800/1000000
[MakeCovarianceMatrix.cpp][info] Throw 592900/1000000
[MakeCovarianceMatrix.cpp][info] Throw 593000/1000000
[MakeCovarianceMatrix.cpp][info] Throw 593100/1000000
[MakeCovarianceMatrix.cpp][info] Throw 593200/1000000
[MakeCovarianceMatrix.cpp][info] Throw 593300/1000000
[MakeCovarianceMatrix.cpp][info] Throw 593400/1000000
[MakeCovarianceMatrix.cpp][info] Throw 593500/1000000
[MakeCovarianceMatrix.cpp][info] Throw 593600/1000000
[MakeCovarianceMatrix.cpp][info] Throw 593700/1000000
[MakeCovarianceMatrix.cpp][info] Throw 593800/1000000
[MakeCovarianceMatrix.cpp][info] Throw 593900/1000000
[MakeCovarianceMatrix.cpp][info] Throw 594000/1000000
[MakeCovarianceMatrix.cpp][info] Throw 594100/1000000
[MakeCovarianceMatrix.cpp][info] Throw 594200/1000000
[MakeCovarianceMatrix.cpp][info] Throw 594300/1000000
[MakeCovarianceMatrix.cpp][info] Throw 594400/1000000
[MakeCovarianceMatrix.cpp][info] Throw 594500/1000000
[MakeCovarianceMatrix.cpp][info] Throw 594600/1000000
[MakeCovarianceMatrix.cpp][info] Throw 594700/1000000
[MakeCovarianceMatrix.cpp][info] Throw 594800/1000000
[MakeCovarianceMatrix.cpp][info] Throw 594900/1000000
[MakeCovarianceMatrix.cpp][info] Throw 595000/1000000
[MakeCovarianceMatrix.cpp][info] Throw 595100/1000000
[MakeCovarianceMatrix.cpp][info] Throw 595200/1000000
[MakeCovarianceMatrix.cpp][info] Throw 595300/1000000
[MakeCovarianceMatrix.cpp][info] Throw 595400/1000000
[MakeCovarianceMatrix.cpp][info] Throw 595500/1000000
[MakeCovarianceMatrix.cpp][info] Throw 595600/1000000
[MakeCovarianceMatrix.cpp][info] Throw 595700/1000000
[MakeCovarianceMatrix.cpp][info] Throw 595800/1000000
[MakeCovarianceMatrix.cpp][info] Throw 595900/1000000
[MakeCovarianceMatrix.cpp][info] Throw 596000/1000000
[MakeCovarianceMatrix.cpp][info] Throw 596100/1000000
[MakeCovarianceMatrix.cpp][info] Throw 596200/1000000
[MakeCovarianceMatrix.cpp][info] Throw 596300/1000000
[MakeCovarianceMatrix.cpp][info] Throw 596400/1000000
[MakeCovarianceMatrix.cpp][info] Throw 596500/1000000
[MakeCovarianceMatrix.cpp][info] Throw 596600/1000000
[MakeCovarianceMatrix.cpp][info] Throw 596700/1000000
[MakeCovarianceMatrix.cpp][info] Throw 596800/1000000
[MakeCovarianceMatrix.cpp][info] Throw 596900/1000000
[MakeCovarianceMatrix.cpp][info] Throw 597000/1000000
[MakeCovarianceMatrix.cpp][info] Throw 597100/1000000
[MakeCovarianceMatrix.cpp][info] Throw 597200/1000000
[MakeCovarianceMatrix.cpp][info] Throw 597300/1000000
[MakeCovarianceMatrix.cpp][info] Throw 597400/1000000
[MakeCovarianceMatrix.cpp][info] Throw 597500/1000000
[MakeCovarianceMatrix.cpp][info] Throw 597600/1000000
[MakeCovarianceMatrix.cpp][info] Throw 597700/1000000
[MakeCovarianceMatrix.cpp][info] Throw 597800/1000000
[MakeCovarianceMatrix.cpp][info] Throw 597900/1000000
[MakeCovarianceMatrix.cpp][info] Throw 598000/1000000
[MakeCovarianceMatrix.cpp][info] Throw 598100/1000000
[MakeCovarianceMatrix.cpp][info] Throw 598200/1000000
[MakeCovarianceMatrix.cpp][info] Throw 598300/1000000
[MakeCovarianceMatrix.cpp][info] Throw 598400/1000000
[MakeCovarianceMatrix.cpp][info] Throw 598500/1000000
[MakeCovarianceMatrix.cpp][info] Throw 598600/1000000
[MakeCovarianceMatrix.cpp][info] Throw 598700/1000000
[MakeCovarianceMatrix.cpp][info] Throw 598800/1000000
[MakeCovarianceMatrix.cpp][info] Throw 598900/1000000
[MakeCovarianceMatrix.cpp][info] Throw 599000/1000000
[MakeCovarianceMatrix.cpp][info] Throw 599100/1000000
[MakeCovarianceMatrix.cpp][info] Throw 599200/1000000
[MakeCovarianceMatrix.cpp][info] Throw 599300/1000000
[MakeCovarianceMatrix.cpp][info] Throw 599400/1000000
[MakeCovarianceMatrix.cpp][info] Throw 599500/1000000
[MakeCovarianceMatrix.cpp][info] Throw 599600/1000000
[MakeCovarianceMatrix.cpp][info] Throw 599700/1000000
[MakeCovarianceMatrix.cpp][info] Throw 599800/1000000
[MakeCovarianceMatrix.cpp][info] Throw 599900/1000000
[MakeCovarianceMatrix.cpp][info] Throw 600000/1000000
[MakeCovarianceMatrix.cpp][info] Throw 600100/1000000
[MakeCovarianceMatrix.cpp][info] Throw 600200/1000000
[MakeCovarianceMatrix.cpp][info] Throw 600300/1000000
[MakeCovarianceMatrix.cpp][info] Throw 600400/1000000
[MakeCovarianceMatrix.cpp][info] Throw 600500/1000000
[MakeCovarianceMatrix.cpp][info] Throw 600600/1000000
[MakeCovarianceMatrix.cpp][info] Throw 600700/1000000
[MakeCovarianceMatrix.cpp][info] Throw 600800/1000000
[MakeCovarianceMatrix.cpp][info] Throw 600900/1000000
[MakeCovarianceMatrix.cpp][info] Throw 601000/1000000
[MakeCovarianceMatrix.cpp][info] Throw 601100/1000000
[MakeCovarianceMatrix.cpp][info] Throw 601200/1000000
[MakeCovarianceMatrix.cpp][info] Throw 601300/1000000
[MakeCovarianceMatrix.cpp][info] Throw 601400/1000000
[MakeCovarianceMatrix.cpp][info] Throw 601500/1000000
[MakeCovarianceMatrix.cpp][info] Throw 601600/1000000
[MakeCovarianceMatrix.cpp][info] Throw 601700/1000000
[MakeCovarianceMatrix.cpp][info] Throw 601800/1000000
[MakeCovarianceMatrix.cpp][info] Throw 601900/1000000
[MakeCovarianceMatrix.cpp][info] Throw 602000/1000000
[MakeCovarianceMatrix.cpp][info] Throw 602100/1000000
[MakeCovarianceMatrix.cpp][info] Throw 602200/1000000
[MakeCovarianceMatrix.cpp][info] Throw 602300/1000000
[MakeCovarianceMatrix.cpp][info] Throw 602400/1000000
[MakeCovarianceMatrix.cpp][info] Throw 602500/1000000
[MakeCovarianceMatrix.cpp][info] Throw 602600/1000000
[MakeCovarianceMatrix.cpp][info] Throw 602700/1000000
[MakeCovarianceMatrix.cpp][info] Throw 602800/1000000
[MakeCovarianceMatrix.cpp][info] Throw 602900/1000000
[MakeCovarianceMatrix.cpp][info] Throw 603000/1000000
[MakeCovarianceMatrix.cpp][info] Throw 603100/1000000
[MakeCovarianceMatrix.cpp][info] Throw 603200/1000000
[MakeCovarianceMatrix.cpp][info] Throw 603300/1000000
[MakeCovarianceMatrix.cpp][info] Throw 603400/1000000
[MakeCovarianceMatrix.cpp][info] Throw 603500/1000000
[MakeCovarianceMatrix.cpp][info] Throw 603600/1000000
[MakeCovarianceMatrix.cpp][info] Throw 603700/1000000
[MakeCovarianceMatrix.cpp][info] Throw 603800/1000000
[MakeCovarianceMatrix.cpp][info] Throw 603900/1000000
[MakeCovarianceMatrix.cpp][info] Throw 604000/1000000
[MakeCovarianceMatrix.cpp][info] Throw 604100/1000000
[MakeCovarianceMatrix.cpp][info] Throw 604200/1000000
[MakeCovarianceMatrix.cpp][info] Throw 604300/1000000
[MakeCovarianceMatrix.cpp][info] Throw 604400/1000000
[MakeCovarianceMatrix.cpp][info] Throw 604500/1000000
[MakeCovarianceMatrix.cpp][info] Throw 604600/1000000
[MakeCovarianceMatrix.cpp][info] Throw 604700/1000000
[MakeCovarianceMatrix.cpp][info] Throw 604800/1000000
[MakeCovarianceMatrix.cpp][info] Throw 604900/1000000
[MakeCovarianceMatrix.cpp][info] Throw 605000/1000000
[MakeCovarianceMatrix.cpp][info] Throw 605100/1000000
[MakeCovarianceMatrix.cpp][info] Throw 605200/1000000
[MakeCovarianceMatrix.cpp][info] Throw 605300/1000000
[MakeCovarianceMatrix.cpp][info] Throw 605400/1000000
[MakeCovarianceMatrix.cpp][info] Throw 605500/1000000
[MakeCovarianceMatrix.cpp][info] Throw 605600/1000000
[MakeCovarianceMatrix.cpp][info] Throw 605700/1000000
[MakeCovarianceMatrix.cpp][info] Throw 605800/1000000
[MakeCovarianceMatrix.cpp][info] Throw 605900/1000000
[MakeCovarianceMatrix.cpp][info] Throw 606000/1000000
[MakeCovarianceMatrix.cpp][info] Throw 606100/1000000
[MakeCovarianceMatrix.cpp][info] Throw 606200/1000000
[MakeCovarianceMatrix.cpp][info] Throw 606300/1000000
[MakeCovarianceMatrix.cpp][info] Throw 606400/1000000
[MakeCovarianceMatrix.cpp][info] Throw 606500/1000000
[MakeCovarianceMatrix.cpp][info] Throw 606600/1000000
[MakeCovarianceMatrix.cpp][info] Throw 606700/1000000
[MakeCovarianceMatrix.cpp][info] Throw 606800/1000000
[MakeCovarianceMatrix.cpp][info] Throw 606900/1000000
[MakeCovarianceMatrix.cpp][info] Throw 607000/1000000
[MakeCovarianceMatrix.cpp][info] Throw 607100/1000000
[MakeCovarianceMatrix.cpp][info] Throw 607200/1000000
[MakeCovarianceMatrix.cpp][info] Throw 607300/1000000
[MakeCovarianceMatrix.cpp][info] Throw 607400/1000000
[MakeCovarianceMatrix.cpp][info] Throw 607500/1000000
[MakeCovarianceMatrix.cpp][info] Throw 607600/1000000
[MakeCovarianceMatrix.cpp][info] Throw 607700/1000000
[MakeCovarianceMatrix.cpp][info] Throw 607800/1000000
[MakeCovarianceMatrix.cpp][info] Throw 607900/1000000
[MakeCovarianceMatrix.cpp][info] Throw 608000/1000000
[MakeCovarianceMatrix.cpp][info] Throw 608100/1000000
[MakeCovarianceMatrix.cpp][info] Throw 608200/1000000
[MakeCovarianceMatrix.cpp][info] Throw 608300/1000000
[MakeCovarianceMatrix.cpp][info] Throw 608400/1000000
[MakeCovarianceMatrix.cpp][info] Throw 608500/1000000
[MakeCovarianceMatrix.cpp][info] Throw 608600/1000000
[MakeCovarianceMatrix.cpp][info] Throw 608700/1000000
[MakeCovarianceMatrix.cpp][info] Throw 608800/1000000
[MakeCovarianceMatrix.cpp][info] Throw 608900/1000000
[MakeCovarianceMatrix.cpp][info] Throw 609000/1000000
[MakeCovarianceMatrix.cpp][info] Throw 609100/1000000
[MakeCovarianceMatrix.cpp][info] Throw 609200/1000000
[MakeCovarianceMatrix.cpp][info] Throw 609300/1000000
[MakeCovarianceMatrix.cpp][info] Throw 609400/1000000
[MakeCovarianceMatrix.cpp][info] Throw 609500/1000000
[MakeCovarianceMatrix.cpp][info] Throw 609600/1000000
[MakeCovarianceMatrix.cpp][info] Throw 609700/1000000
[MakeCovarianceMatrix.cpp][info] Throw 609800/1000000
[MakeCovarianceMatrix.cpp][info] Throw 609900/1000000
[MakeCovarianceMatrix.cpp][info] Throw 610000/1000000
[MakeCovarianceMatrix.cpp][info] Throw 610100/1000000
[MakeCovarianceMatrix.cpp][info] Throw 610200/1000000
[MakeCovarianceMatrix.cpp][info] Throw 610300/1000000
[MakeCovarianceMatrix.cpp][info] Throw 610400/1000000
[MakeCovarianceMatrix.cpp][info] Throw 610500/1000000
[MakeCovarianceMatrix.cpp][info] Throw 610600/1000000
[MakeCovarianceMatrix.cpp][info] Throw 610700/1000000
[MakeCovarianceMatrix.cpp][info] Throw 610800/1000000
[MakeCovarianceMatrix.cpp][info] Throw 610900/1000000
[MakeCovarianceMatrix.cpp][info] Throw 611000/1000000
[MakeCovarianceMatrix.cpp][info] Throw 611100/1000000
[MakeCovarianceMatrix.cpp][info] Throw 611200/1000000
[MakeCovarianceMatrix.cpp][info] Throw 611300/1000000
[MakeCovarianceMatrix.cpp][info] Throw 611400/1000000
[MakeCovarianceMatrix.cpp][info] Throw 611500/1000000
[MakeCovarianceMatrix.cpp][info] Throw 611600/1000000
[MakeCovarianceMatrix.cpp][info] Throw 611700/1000000
[MakeCovarianceMatrix.cpp][info] Throw 611800/1000000
[MakeCovarianceMatrix.cpp][info] Throw 611900/1000000
[MakeCovarianceMatrix.cpp][info] Throw 612000/1000000
[MakeCovarianceMatrix.cpp][info] Throw 612100/1000000
[MakeCovarianceMatrix.cpp][info] Throw 612200/1000000
[MakeCovarianceMatrix.cpp][info] Throw 612300/1000000
[MakeCovarianceMatrix.cpp][info] Throw 612400/1000000
[MakeCovarianceMatrix.cpp][info] Throw 612500/1000000
[MakeCovarianceMatrix.cpp][info] Throw 612600/1000000
[MakeCovarianceMatrix.cpp][info] Throw 612700/1000000
[MakeCovarianceMatrix.cpp][info] Throw 612800/1000000
[MakeCovarianceMatrix.cpp][info] Throw 612900/1000000
[MakeCovarianceMatrix.cpp][info] Throw 613000/1000000
[MakeCovarianceMatrix.cpp][info] Throw 613100/1000000
[MakeCovarianceMatrix.cpp][info] Throw 613200/1000000
[MakeCovarianceMatrix.cpp][info] Throw 613300/1000000
[MakeCovarianceMatrix.cpp][info] Throw 613400/1000000
[MakeCovarianceMatrix.cpp][info] Throw 613500/1000000
[MakeCovarianceMatrix.cpp][info] Throw 613600/1000000
[MakeCovarianceMatrix.cpp][info] Throw 613700/1000000
[MakeCovarianceMatrix.cpp][info] Throw 613800/1000000
[MakeCovarianceMatrix.cpp][info] Throw 613900/1000000
[MakeCovarianceMatrix.cpp][info] Throw 614000/1000000
[MakeCovarianceMatrix.cpp][info] Throw 614100/1000000
[MakeCovarianceMatrix.cpp][info] Throw 614200/1000000
[MakeCovarianceMatrix.cpp][info] Throw 614300/1000000
[MakeCovarianceMatrix.cpp][info] Throw 614400/1000000
[MakeCovarianceMatrix.cpp][info] Throw 614500/1000000
[MakeCovarianceMatrix.cpp][info] Throw 614600/1000000
[MakeCovarianceMatrix.cpp][info] Throw 614700/1000000
[MakeCovarianceMatrix.cpp][info] Throw 614800/1000000
[MakeCovarianceMatrix.cpp][info] Throw 614900/1000000
[MakeCovarianceMatrix.cpp][info] Throw 615000/1000000
[MakeCovarianceMatrix.cpp][info] Throw 615100/1000000
[MakeCovarianceMatrix.cpp][info] Throw 615200/1000000
[MakeCovarianceMatrix.cpp][info] Throw 615300/1000000
[MakeCovarianceMatrix.cpp][info] Throw 615400/1000000
[MakeCovarianceMatrix.cpp][info] Throw 615500/1000000
[MakeCovarianceMatrix.cpp][info] Throw 615600/1000000
[MakeCovarianceMatrix.cpp][info] Throw 615700/1000000
[MakeCovarianceMatrix.cpp][info] Throw 615800/1000000
[MakeCovarianceMatrix.cpp][info] Throw 615900/1000000
[MakeCovarianceMatrix.cpp][info] Throw 616000/1000000
[MakeCovarianceMatrix.cpp][info] Throw 616100/1000000
[MakeCovarianceMatrix.cpp][info] Throw 616200/1000000
[MakeCovarianceMatrix.cpp][info] Throw 616300/1000000
[MakeCovarianceMatrix.cpp][info] Throw 616400/1000000
[MakeCovarianceMatrix.cpp][info] Throw 616500/1000000
[MakeCovarianceMatrix.cpp][info] Throw 616600/1000000
[MakeCovarianceMatrix.cpp][info] Throw 616700/1000000
[MakeCovarianceMatrix.cpp][info] Throw 616800/1000000
[MakeCovarianceMatrix.cpp][info] Throw 616900/1000000
[MakeCovarianceMatrix.cpp][info] Throw 617000/1000000
[MakeCovarianceMatrix.cpp][info] Throw 617100/1000000
[MakeCovarianceMatrix.cpp][info] Throw 617200/1000000
[MakeCovarianceMatrix.cpp][info] Throw 617300/1000000
[MakeCovarianceMatrix.cpp][info] Throw 617400/1000000
[MakeCovarianceMatrix.cpp][info] Throw 617500/1000000
[MakeCovarianceMatrix.cpp][info] Throw 617600/1000000
[MakeCovarianceMatrix.cpp][info] Throw 617700/1000000
[MakeCovarianceMatrix.cpp][info] Throw 617800/1000000
[MakeCovarianceMatrix.cpp][info] Throw 617900/1000000
[MakeCovarianceMatrix.cpp][info] Throw 618000/1000000
[MakeCovarianceMatrix.cpp][info] Throw 618100/1000000
[MakeCovarianceMatrix.cpp][info] Throw 618200/1000000
[MakeCovarianceMatrix.cpp][info] Throw 618300/1000000
[MakeCovarianceMatrix.cpp][info] Throw 618400/1000000
[MakeCovarianceMatrix.cpp][info] Throw 618500/1000000
[MakeCovarianceMatrix.cpp][info] Throw 618600/1000000
[MakeCovarianceMatrix.cpp][info] Throw 618700/1000000
[MakeCovarianceMatrix.cpp][info] Throw 618800/1000000
[MakeCovarianceMatrix.cpp][info] Throw 618900/1000000
[MakeCovarianceMatrix.cpp][info] Throw 619000/1000000
[MakeCovarianceMatrix.cpp][info] Throw 619100/1000000
[MakeCovarianceMatrix.cpp][info] Throw 619200/1000000
[MakeCovarianceMatrix.cpp][info] Throw 619300/1000000
[MakeCovarianceMatrix.cpp][info] Throw 619400/1000000
[MakeCovarianceMatrix.cpp][info] Throw 619500/1000000
[MakeCovarianceMatrix.cpp][info] Throw 619600/1000000
[MakeCovarianceMatrix.cpp][info] Throw 619700/1000000
[MakeCovarianceMatrix.cpp][info] Throw 619800/1000000
[MakeCovarianceMatrix.cpp][info] Throw 619900/1000000
[MakeCovarianceMatrix.cpp][info] Throw 620000/1000000
[MakeCovarianceMatrix.cpp][info] Throw 620100/1000000
[MakeCovarianceMatrix.cpp][info] Throw 620200/1000000
[MakeCovarianceMatrix.cpp][info] Throw 620300/1000000
[MakeCovarianceMatrix.cpp][info] Throw 620400/1000000
[MakeCovarianceMatrix.cpp][info] Throw 620500/1000000
[MakeCovarianceMatrix.cpp][info] Throw 620600/1000000
[MakeCovarianceMatrix.cpp][info] Throw 620700/1000000
[MakeCovarianceMatrix.cpp][info] Throw 620800/1000000
[MakeCovarianceMatrix.cpp][info] Throw 620900/1000000
[MakeCovarianceMatrix.cpp][info] Throw 621000/1000000
[MakeCovarianceMatrix.cpp][info] Throw 621100/1000000
[MakeCovarianceMatrix.cpp][info] Throw 621200/1000000
[MakeCovarianceMatrix.cpp][info] Throw 621300/1000000
[MakeCovarianceMatrix.cpp][info] Throw 621400/1000000
[MakeCovarianceMatrix.cpp][info] Throw 621500/1000000
[MakeCovarianceMatrix.cpp][info] Throw 621600/1000000
[MakeCovarianceMatrix.cpp][info] Throw 621700/1000000
[MakeCovarianceMatrix.cpp][info] Throw 621800/1000000
[MakeCovarianceMatrix.cpp][info] Throw 621900/1000000
[MakeCovarianceMatrix.cpp][info] Throw 622000/1000000
[MakeCovarianceMatrix.cpp][info] Throw 622100/1000000
[MakeCovarianceMatrix.cpp][info] Throw 622200/1000000
[MakeCovarianceMatrix.cpp][info] Throw 622300/1000000
[MakeCovarianceMatrix.cpp][info] Throw 622400/1000000
[MakeCovarianceMatrix.cpp][info] Throw 622500/1000000
[MakeCovarianceMatrix.cpp][info] Throw 622600/1000000
[MakeCovarianceMatrix.cpp][info] Throw 622700/1000000
[MakeCovarianceMatrix.cpp][info] Throw 622800/1000000
[MakeCovarianceMatrix.cpp][info] Throw 622900/1000000
[MakeCovarianceMatrix.cpp][info] Throw 623000/1000000
[MakeCovarianceMatrix.cpp][info] Throw 623100/1000000
[MakeCovarianceMatrix.cpp][info] Throw 623200/1000000
[MakeCovarianceMatrix.cpp][info] Throw 623300/1000000
[MakeCovarianceMatrix.cpp][info] Throw 623400/1000000
[MakeCovarianceMatrix.cpp][info] Throw 623500/1000000
[MakeCovarianceMatrix.cpp][info] Throw 623600/1000000
[MakeCovarianceMatrix.cpp][info] Throw 623700/1000000
[MakeCovarianceMatrix.cpp][info] Throw 623800/1000000
[MakeCovarianceMatrix.cpp][info] Throw 623900/1000000
[MakeCovarianceMatrix.cpp][info] Throw 624000/1000000
[MakeCovarianceMatrix.cpp][info] Throw 624100/1000000
[MakeCovarianceMatrix.cpp][info] Throw 624200/1000000
[MakeCovarianceMatrix.cpp][info] Throw 624300/1000000
[MakeCovarianceMatrix.cpp][info] Throw 624400/1000000
[MakeCovarianceMatrix.cpp][info] Throw 624500/1000000
[MakeCovarianceMatrix.cpp][info] Throw 624600/1000000
[MakeCovarianceMatrix.cpp][info] Throw 624700/1000000
[MakeCovarianceMatrix.cpp][info] Throw 624800/1000000
[MakeCovarianceMatrix.cpp][info] Throw 624900/1000000
[MakeCovarianceMatrix.cpp][info] Throw 625000/1000000
[MakeCovarianceMatrix.cpp][info] Throw 625100/1000000
[MakeCovarianceMatrix.cpp][info] Throw 625200/1000000
[MakeCovarianceMatrix.cpp][info] Throw 625300/1000000
[MakeCovarianceMatrix.cpp][info] Throw 625400/1000000
[MakeCovarianceMatrix.cpp][info] Throw 625500/1000000
[MakeCovarianceMatrix.cpp][info] Throw 625600/1000000
[MakeCovarianceMatrix.cpp][info] Throw 625700/1000000
[MakeCovarianceMatrix.cpp][info] Throw 625800/1000000
[MakeCovarianceMatrix.cpp][info] Throw 625900/1000000
[MakeCovarianceMatrix.cpp][info] Throw 626000/1000000
[MakeCovarianceMatrix.cpp][info] Throw 626100/1000000
[MakeCovarianceMatrix.cpp][info] Throw 626200/1000000
[MakeCovarianceMatrix.cpp][info] Throw 626300/1000000
[MakeCovarianceMatrix.cpp][info] Throw 626400/1000000
[MakeCovarianceMatrix.cpp][info] Throw 626500/1000000
[MakeCovarianceMatrix.cpp][info] Throw 626600/1000000
[MakeCovarianceMatrix.cpp][info] Throw 626700/1000000
[MakeCovarianceMatrix.cpp][info] Throw 626800/1000000
[MakeCovarianceMatrix.cpp][info] Throw 626900/1000000
[MakeCovarianceMatrix.cpp][info] Throw 627000/1000000
[MakeCovarianceMatrix.cpp][info] Throw 627100/1000000
[MakeCovarianceMatrix.cpp][info] Throw 627200/1000000
[MakeCovarianceMatrix.cpp][info] Throw 627300/1000000
[MakeCovarianceMatrix.cpp][info] Throw 627400/1000000
[MakeCovarianceMatrix.cpp][info] Throw 627500/1000000
[MakeCovarianceMatrix.cpp][info] Throw 627600/1000000
[MakeCovarianceMatrix.cpp][info] Throw 627700/1000000
[MakeCovarianceMatrix.cpp][info] Throw 627800/1000000
[MakeCovarianceMatrix.cpp][info] Throw 627900/1000000
[MakeCovarianceMatrix.cpp][info] Throw 628000/1000000
[MakeCovarianceMatrix.cpp][info] Throw 628100/1000000
[MakeCovarianceMatrix.cpp][info] Throw 628200/1000000
[MakeCovarianceMatrix.cpp][info] Throw 628300/1000000
[MakeCovarianceMatrix.cpp][info] Throw 628400/1000000
[MakeCovarianceMatrix.cpp][info] Throw 628500/1000000
[MakeCovarianceMatrix.cpp][info] Throw 628600/1000000
[MakeCovarianceMatrix.cpp][info] Throw 628700/1000000
[MakeCovarianceMatrix.cpp][info] Throw 628800/1000000
[MakeCovarianceMatrix.cpp][info] Throw 628900/1000000
[MakeCovarianceMatrix.cpp][info] Throw 629000/1000000
[MakeCovarianceMatrix.cpp][info] Throw 629100/1000000
[MakeCovarianceMatrix.cpp][info] Throw 629200/1000000
[MakeCovarianceMatrix.cpp][info] Throw 629300/1000000
[MakeCovarianceMatrix.cpp][info] Throw 629400/1000000
[MakeCovarianceMatrix.cpp][info] Throw 629500/1000000
[MakeCovarianceMatrix.cpp][info] Throw 629600/1000000
[MakeCovarianceMatrix.cpp][info] Throw 629700/1000000
[MakeCovarianceMatrix.cpp][info] Throw 629800/1000000
[MakeCovarianceMatrix.cpp][info] Throw 629900/1000000
[MakeCovarianceMatrix.cpp][info] Throw 630000/1000000
[MakeCovarianceMatrix.cpp][info] Throw 630100/1000000
[MakeCovarianceMatrix.cpp][info] Throw 630200/1000000
[MakeCovarianceMatrix.cpp][info] Throw 630300/1000000
[MakeCovarianceMatrix.cpp][info] Throw 630400/1000000
[MakeCovarianceMatrix.cpp][info] Throw 630500/1000000
[MakeCovarianceMatrix.cpp][info] Throw 630600/1000000
[MakeCovarianceMatrix.cpp][info] Throw 630700/1000000
[MakeCovarianceMatrix.cpp][info] Throw 630800/1000000
[MakeCovarianceMatrix.cpp][info] Throw 630900/1000000
[MakeCovarianceMatrix.cpp][info] Throw 631000/1000000
[MakeCovarianceMatrix.cpp][info] Throw 631100/1000000
[MakeCovarianceMatrix.cpp][info] Throw 631200/1000000
[MakeCovarianceMatrix.cpp][info] Throw 631300/1000000
[MakeCovarianceMatrix.cpp][info] Throw 631400/1000000
[MakeCovarianceMatrix.cpp][info] Throw 631500/1000000
[MakeCovarianceMatrix.cpp][info] Throw 631600/1000000
[MakeCovarianceMatrix.cpp][info] Throw 631700/1000000
[MakeCovarianceMatrix.cpp][info] Throw 631800/1000000
[MakeCovarianceMatrix.cpp][info] Throw 631900/1000000
[MakeCovarianceMatrix.cpp][info] Throw 632000/1000000
[MakeCovarianceMatrix.cpp][info] Throw 632100/1000000
[MakeCovarianceMatrix.cpp][info] Throw 632200/1000000
[MakeCovarianceMatrix.cpp][info] Throw 632300/1000000
[MakeCovarianceMatrix.cpp][info] Throw 632400/1000000
[MakeCovarianceMatrix.cpp][info] Throw 632500/1000000
[MakeCovarianceMatrix.cpp][info] Throw 632600/1000000
[MakeCovarianceMatrix.cpp][info] Throw 632700/1000000
[MakeCovarianceMatrix.cpp][info] Throw 632800/1000000
[MakeCovarianceMatrix.cpp][info] Throw 632900/1000000
[MakeCovarianceMatrix.cpp][info] Throw 633000/1000000
[MakeCovarianceMatrix.cpp][info] Throw 633100/1000000
[MakeCovarianceMatrix.cpp][info] Throw 633200/1000000
[MakeCovarianceMatrix.cpp][info] Throw 633300/1000000
[MakeCovarianceMatrix.cpp][info] Throw 633400/1000000
[MakeCovarianceMatrix.cpp][info] Throw 633500/1000000
[MakeCovarianceMatrix.cpp][info] Throw 633600/1000000
[MakeCovarianceMatrix.cpp][info] Throw 633700/1000000
[MakeCovarianceMatrix.cpp][info] Throw 633800/1000000
[MakeCovarianceMatrix.cpp][info] Throw 633900/1000000
[MakeCovarianceMatrix.cpp][info] Throw 634000/1000000
[MakeCovarianceMatrix.cpp][info] Throw 634100/1000000
[MakeCovarianceMatrix.cpp][info] Throw 634200/1000000
[MakeCovarianceMatrix.cpp][info] Throw 634300/1000000
[MakeCovarianceMatrix.cpp][info] Throw 634400/1000000
[MakeCovarianceMatrix.cpp][info] Throw 634500/1000000
[MakeCovarianceMatrix.cpp][info] Throw 634600/1000000
[MakeCovarianceMatrix.cpp][info] Throw 634700/1000000
[MakeCovarianceMatrix.cpp][info] Throw 634800/1000000
[MakeCovarianceMatrix.cpp][info] Throw 634900/1000000
[MakeCovarianceMatrix.cpp][info] Throw 635000/1000000
[MakeCovarianceMatrix.cpp][info] Throw 635100/1000000
[MakeCovarianceMatrix.cpp][info] Throw 635200/1000000
[MakeCovarianceMatrix.cpp][info] Throw 635300/1000000
[MakeCovarianceMatrix.cpp][info] Throw 635400/1000000
[MakeCovarianceMatrix.cpp][info] Throw 635500/1000000
[MakeCovarianceMatrix.cpp][info] Throw 635600/1000000
[MakeCovarianceMatrix.cpp][info] Throw 635700/1000000
[MakeCovarianceMatrix.cpp][info] Throw 635800/1000000
[MakeCovarianceMatrix.cpp][info] Throw 635900/1000000
[MakeCovarianceMatrix.cpp][info] Throw 636000/1000000
[MakeCovarianceMatrix.cpp][info] Throw 636100/1000000
[MakeCovarianceMatrix.cpp][info] Throw 636200/1000000
[MakeCovarianceMatrix.cpp][info] Throw 636300/1000000
[MakeCovarianceMatrix.cpp][info] Throw 636400/1000000
[MakeCovarianceMatrix.cpp][info] Throw 636500/1000000
[MakeCovarianceMatrix.cpp][info] Throw 636600/1000000
[MakeCovarianceMatrix.cpp][info] Throw 636700/1000000
[MakeCovarianceMatrix.cpp][info] Throw 636800/1000000
[MakeCovarianceMatrix.cpp][info] Throw 636900/1000000
[MakeCovarianceMatrix.cpp][info] Throw 637000/1000000
[MakeCovarianceMatrix.cpp][info] Throw 637100/1000000
[MakeCovarianceMatrix.cpp][info] Throw 637200/1000000
[MakeCovarianceMatrix.cpp][info] Throw 637300/1000000
[MakeCovarianceMatrix.cpp][info] Throw 637400/1000000
[MakeCovarianceMatrix.cpp][info] Throw 637500/1000000
[MakeCovarianceMatrix.cpp][info] Throw 637600/1000000
[MakeCovarianceMatrix.cpp][info] Throw 637700/1000000
[MakeCovarianceMatrix.cpp][info] Throw 637800/1000000
[MakeCovarianceMatrix.cpp][info] Throw 637900/1000000
[MakeCovarianceMatrix.cpp][info] Throw 638000/1000000
[MakeCovarianceMatrix.cpp][info] Throw 638100/1000000
[MakeCovarianceMatrix.cpp][info] Throw 638200/1000000
[MakeCovarianceMatrix.cpp][info] Throw 638300/1000000
[MakeCovarianceMatrix.cpp][info] Throw 638400/1000000
[MakeCovarianceMatrix.cpp][info] Throw 638500/1000000
[MakeCovarianceMatrix.cpp][info] Throw 638600/1000000
[MakeCovarianceMatrix.cpp][info] Throw 638700/1000000
[MakeCovarianceMatrix.cpp][info] Throw 638800/1000000
[MakeCovarianceMatrix.cpp][info] Throw 638900/1000000
[MakeCovarianceMatrix.cpp][info] Throw 639000/1000000
[MakeCovarianceMatrix.cpp][info] Throw 639100/1000000
[MakeCovarianceMatrix.cpp][info] Throw 639200/1000000
[MakeCovarianceMatrix.cpp][info] Throw 639300/1000000
[MakeCovarianceMatrix.cpp][info] Throw 639400/1000000
[MakeCovarianceMatrix.cpp][info] Throw 639500/1000000
[MakeCovarianceMatrix.cpp][info] Throw 639600/1000000
[MakeCovarianceMatrix.cpp][info] Throw 639700/1000000
[MakeCovarianceMatrix.cpp][info] Throw 639800/1000000
[MakeCovarianceMatrix.cpp][info] Throw 639900/1000000
[MakeCovarianceMatrix.cpp][info] Throw 640000/1000000
[MakeCovarianceMatrix.cpp][info] Throw 640100/1000000
[MakeCovarianceMatrix.cpp][info] Throw 640200/1000000
[MakeCovarianceMatrix.cpp][info] Throw 640300/1000000
[MakeCovarianceMatrix.cpp][info] Throw 640400/1000000
[MakeCovarianceMatrix.cpp][info] Throw 640500/1000000
[MakeCovarianceMatrix.cpp][info] Throw 640600/1000000
[MakeCovarianceMatrix.cpp][info] Throw 640700/1000000
[MakeCovarianceMatrix.cpp][info] Throw 640800/1000000
[MakeCovarianceMatrix.cpp][info] Throw 640900/1000000
[MakeCovarianceMatrix.cpp][info] Throw 641000/1000000
[MakeCovarianceMatrix.cpp][info] Throw 641100/1000000
[MakeCovarianceMatrix.cpp][info] Throw 641200/1000000
[MakeCovarianceMatrix.cpp][info] Throw 641300/1000000
[MakeCovarianceMatrix.cpp][info] Throw 641400/1000000
[MakeCovarianceMatrix.cpp][info] Throw 641500/1000000
[MakeCovarianceMatrix.cpp][info] Throw 641600/1000000
[MakeCovarianceMatrix.cpp][info] Throw 641700/1000000
[MakeCovarianceMatrix.cpp][info] Throw 641800/1000000
[MakeCovarianceMatrix.cpp][info] Throw 641900/1000000
[MakeCovarianceMatrix.cpp][info] Throw 642000/1000000
[MakeCovarianceMatrix.cpp][info] Throw 642100/1000000
[MakeCovarianceMatrix.cpp][info] Throw 642200/1000000
[MakeCovarianceMatrix.cpp][info] Throw 642300/1000000
[MakeCovarianceMatrix.cpp][info] Throw 642400/1000000
[MakeCovarianceMatrix.cpp][info] Throw 642500/1000000
[MakeCovarianceMatrix.cpp][info] Throw 642600/1000000
[MakeCovarianceMatrix.cpp][info] Throw 642700/1000000
[MakeCovarianceMatrix.cpp][info] Throw 642800/1000000
[MakeCovarianceMatrix.cpp][info] Throw 642900/1000000
[MakeCovarianceMatrix.cpp][info] Throw 643000/1000000
[MakeCovarianceMatrix.cpp][info] Throw 643100/1000000
[MakeCovarianceMatrix.cpp][info] Throw 643200/1000000
[MakeCovarianceMatrix.cpp][info] Throw 643300/1000000
[MakeCovarianceMatrix.cpp][info] Throw 643400/1000000
[MakeCovarianceMatrix.cpp][info] Throw 643500/1000000
[MakeCovarianceMatrix.cpp][info] Throw 643600/1000000
[MakeCovarianceMatrix.cpp][info] Throw 643700/1000000
[MakeCovarianceMatrix.cpp][info] Throw 643800/1000000
[MakeCovarianceMatrix.cpp][info] Throw 643900/1000000
[MakeCovarianceMatrix.cpp][info] Throw 644000/1000000
[MakeCovarianceMatrix.cpp][info] Throw 644100/1000000
[MakeCovarianceMatrix.cpp][info] Throw 644200/1000000
[MakeCovarianceMatrix.cpp][info] Throw 644300/1000000
[MakeCovarianceMatrix.cpp][info] Throw 644400/1000000
[MakeCovarianceMatrix.cpp][info] Throw 644500/1000000
[MakeCovarianceMatrix.cpp][info] Throw 644600/1000000
[MakeCovarianceMatrix.cpp][info] Throw 644700/1000000
[MakeCovarianceMatrix.cpp][info] Throw 644800/1000000
[MakeCovarianceMatrix.cpp][info] Throw 644900/1000000
[MakeCovarianceMatrix.cpp][info] Throw 645000/1000000
[MakeCovarianceMatrix.cpp][info] Throw 645100/1000000
[MakeCovarianceMatrix.cpp][info] Throw 645200/1000000
[MakeCovarianceMatrix.cpp][info] Throw 645300/1000000
[MakeCovarianceMatrix.cpp][info] Throw 645400/1000000
[MakeCovarianceMatrix.cpp][info] Throw 645500/1000000
[MakeCovarianceMatrix.cpp][info] Throw 645600/1000000
[MakeCovarianceMatrix.cpp][info] Throw 645700/1000000
[MakeCovarianceMatrix.cpp][info] Throw 645800/1000000
[MakeCovarianceMatrix.cpp][info] Throw 645900/1000000
[MakeCovarianceMatrix.cpp][info] Throw 646000/1000000
[MakeCovarianceMatrix.cpp][info] Throw 646100/1000000
[MakeCovarianceMatrix.cpp][info] Throw 646200/1000000
[MakeCovarianceMatrix.cpp][info] Throw 646300/1000000
[MakeCovarianceMatrix.cpp][info] Throw 646400/1000000
[MakeCovarianceMatrix.cpp][info] Throw 646500/1000000
[MakeCovarianceMatrix.cpp][info] Throw 646600/1000000
[MakeCovarianceMatrix.cpp][info] Throw 646700/1000000
[MakeCovarianceMatrix.cpp][info] Throw 646800/1000000
[MakeCovarianceMatrix.cpp][info] Throw 646900/1000000
[MakeCovarianceMatrix.cpp][info] Throw 647000/1000000
[MakeCovarianceMatrix.cpp][info] Throw 647100/1000000
[MakeCovarianceMatrix.cpp][info] Throw 647200/1000000
[MakeCovarianceMatrix.cpp][info] Throw 647300/1000000
[MakeCovarianceMatrix.cpp][info] Throw 647400/1000000
[MakeCovarianceMatrix.cpp][info] Throw 647500/1000000
[MakeCovarianceMatrix.cpp][info] Throw 647600/1000000
[MakeCovarianceMatrix.cpp][info] Throw 647700/1000000
[MakeCovarianceMatrix.cpp][info] Throw 647800/1000000
[MakeCovarianceMatrix.cpp][info] Throw 647900/1000000
[MakeCovarianceMatrix.cpp][info] Throw 648000/1000000
[MakeCovarianceMatrix.cpp][info] Throw 648100/1000000
[MakeCovarianceMatrix.cpp][info] Throw 648200/1000000
[MakeCovarianceMatrix.cpp][info] Throw 648300/1000000
[MakeCovarianceMatrix.cpp][info] Throw 648400/1000000
[MakeCovarianceMatrix.cpp][info] Throw 648500/1000000
[MakeCovarianceMatrix.cpp][info] Throw 648600/1000000
[MakeCovarianceMatrix.cpp][info] Throw 648700/1000000
[MakeCovarianceMatrix.cpp][info] Throw 648800/1000000
[MakeCovarianceMatrix.cpp][info] Throw 648900/1000000
[MakeCovarianceMatrix.cpp][info] Throw 649000/1000000
[MakeCovarianceMatrix.cpp][info] Throw 649100/1000000
[MakeCovarianceMatrix.cpp][info] Throw 649200/1000000
[MakeCovarianceMatrix.cpp][info] Throw 649300/1000000
[MakeCovarianceMatrix.cpp][info] Throw 649400/1000000
[MakeCovarianceMatrix.cpp][info] Throw 649500/1000000
[MakeCovarianceMatrix.cpp][info] Throw 649600/1000000
[MakeCovarianceMatrix.cpp][info] Throw 649700/1000000
[MakeCovarianceMatrix.cpp][info] Throw 649800/1000000
[MakeCovarianceMatrix.cpp][info] Throw 649900/1000000
[MakeCovarianceMatrix.cpp][info] Throw 650000/1000000
[MakeCovarianceMatrix.cpp][info] Throw 650100/1000000
[MakeCovarianceMatrix.cpp][info] Throw 650200/1000000
[MakeCovarianceMatrix.cpp][info] Throw 650300/1000000
[MakeCovarianceMatrix.cpp][info] Throw 650400/1000000
[MakeCovarianceMatrix.cpp][info] Throw 650500/1000000
[MakeCovarianceMatrix.cpp][info] Throw 650600/1000000
[MakeCovarianceMatrix.cpp][info] Throw 650700/1000000
[MakeCovarianceMatrix.cpp][info] Throw 650800/1000000
[MakeCovarianceMatrix.cpp][info] Throw 650900/1000000
[MakeCovarianceMatrix.cpp][info] Throw 651000/1000000
[MakeCovarianceMatrix.cpp][info] Throw 651100/1000000
[MakeCovarianceMatrix.cpp][info] Throw 651200/1000000
[MakeCovarianceMatrix.cpp][info] Throw 651300/1000000
[MakeCovarianceMatrix.cpp][info] Throw 651400/1000000
[MakeCovarianceMatrix.cpp][info] Throw 651500/1000000
[MakeCovarianceMatrix.cpp][info] Throw 651600/1000000
[MakeCovarianceMatrix.cpp][info] Throw 651700/1000000
[MakeCovarianceMatrix.cpp][info] Throw 651800/1000000
[MakeCovarianceMatrix.cpp][info] Throw 651900/1000000
[MakeCovarianceMatrix.cpp][info] Throw 652000/1000000
[MakeCovarianceMatrix.cpp][info] Throw 652100/1000000
[MakeCovarianceMatrix.cpp][info] Throw 652200/1000000
[MakeCovarianceMatrix.cpp][info] Throw 652300/1000000
[MakeCovarianceMatrix.cpp][info] Throw 652400/1000000
[MakeCovarianceMatrix.cpp][info] Throw 652500/1000000
[MakeCovarianceMatrix.cpp][info] Throw 652600/1000000
[MakeCovarianceMatrix.cpp][info] Throw 652700/1000000
[MakeCovarianceMatrix.cpp][info] Throw 652800/1000000
[MakeCovarianceMatrix.cpp][info] Throw 652900/1000000
[MakeCovarianceMatrix.cpp][info] Throw 653000/1000000
[MakeCovarianceMatrix.cpp][info] Throw 653100/1000000
[MakeCovarianceMatrix.cpp][info] Throw 653200/1000000
[MakeCovarianceMatrix.cpp][info] Throw 653300/1000000
[MakeCovarianceMatrix.cpp][info] Throw 653400/1000000
[MakeCovarianceMatrix.cpp][info] Throw 653500/1000000
[MakeCovarianceMatrix.cpp][info] Throw 653600/1000000
[MakeCovarianceMatrix.cpp][info] Throw 653700/1000000
[MakeCovarianceMatrix.cpp][info] Throw 653800/1000000
[MakeCovarianceMatrix.cpp][info] Throw 653900/1000000
[MakeCovarianceMatrix.cpp][info] Throw 654000/1000000
[MakeCovarianceMatrix.cpp][info] Throw 654100/1000000
[MakeCovarianceMatrix.cpp][info] Throw 654200/1000000
[MakeCovarianceMatrix.cpp][info] Throw 654300/1000000
[MakeCovarianceMatrix.cpp][info] Throw 654400/1000000
[MakeCovarianceMatrix.cpp][info] Throw 654500/1000000
[MakeCovarianceMatrix.cpp][info] Throw 654600/1000000
[MakeCovarianceMatrix.cpp][info] Throw 654700/1000000
[MakeCovarianceMatrix.cpp][info] Throw 654800/1000000
[MakeCovarianceMatrix.cpp][info] Throw 654900/1000000
[MakeCovarianceMatrix.cpp][info] Throw 655000/1000000
[MakeCovarianceMatrix.cpp][info] Throw 655100/1000000
[MakeCovarianceMatrix.cpp][info] Throw 655200/1000000
[MakeCovarianceMatrix.cpp][info] Throw 655300/1000000
[MakeCovarianceMatrix.cpp][info] Throw 655400/1000000
[MakeCovarianceMatrix.cpp][info] Throw 655500/1000000
[MakeCovarianceMatrix.cpp][info] Throw 655600/1000000
[MakeCovarianceMatrix.cpp][info] Throw 655700/1000000
[MakeCovarianceMatrix.cpp][info] Throw 655800/1000000
[MakeCovarianceMatrix.cpp][info] Throw 655900/1000000
[MakeCovarianceMatrix.cpp][info] Throw 656000/1000000
[MakeCovarianceMatrix.cpp][info] Throw 656100/1000000
[MakeCovarianceMatrix.cpp][info] Throw 656200/1000000
[MakeCovarianceMatrix.cpp][info] Throw 656300/1000000
[MakeCovarianceMatrix.cpp][info] Throw 656400/1000000
[MakeCovarianceMatrix.cpp][info] Throw 656500/1000000
[MakeCovarianceMatrix.cpp][info] Throw 656600/1000000
[MakeCovarianceMatrix.cpp][info] Throw 656700/1000000
[MakeCovarianceMatrix.cpp][info] Throw 656800/1000000
[MakeCovarianceMatrix.cpp][info] Throw 656900/1000000
[MakeCovarianceMatrix.cpp][info] Throw 657000/1000000
[MakeCovarianceMatrix.cpp][info] Throw 657100/1000000
[MakeCovarianceMatrix.cpp][info] Throw 657200/1000000
[MakeCovarianceMatrix.cpp][info] Throw 657300/1000000
[MakeCovarianceMatrix.cpp][info] Throw 657400/1000000
[MakeCovarianceMatrix.cpp][info] Throw 657500/1000000
[MakeCovarianceMatrix.cpp][info] Throw 657600/1000000
[MakeCovarianceMatrix.cpp][info] Throw 657700/1000000
[MakeCovarianceMatrix.cpp][info] Throw 657800/1000000
[MakeCovarianceMatrix.cpp][info] Throw 657900/1000000
[MakeCovarianceMatrix.cpp][info] Throw 658000/1000000
[MakeCovarianceMatrix.cpp][info] Throw 658100/1000000
[MakeCovarianceMatrix.cpp][info] Throw 658200/1000000
[MakeCovarianceMatrix.cpp][info] Throw 658300/1000000
[MakeCovarianceMatrix.cpp][info] Throw 658400/1000000
[MakeCovarianceMatrix.cpp][info] Throw 658500/1000000
[MakeCovarianceMatrix.cpp][info] Throw 658600/1000000
[MakeCovarianceMatrix.cpp][info] Throw 658700/1000000
[MakeCovarianceMatrix.cpp][info] Throw 658800/1000000
[MakeCovarianceMatrix.cpp][info] Throw 658900/1000000
[MakeCovarianceMatrix.cpp][info] Throw 659000/1000000
[MakeCovarianceMatrix.cpp][info] Throw 659100/1000000
[MakeCovarianceMatrix.cpp][info] Throw 659200/1000000
[MakeCovarianceMatrix.cpp][info] Throw 659300/1000000
[MakeCovarianceMatrix.cpp][info] Throw 659400/1000000
[MakeCovarianceMatrix.cpp][info] Throw 659500/1000000
[MakeCovarianceMatrix.cpp][info] Throw 659600/1000000
[MakeCovarianceMatrix.cpp][info] Throw 659700/1000000
[MakeCovarianceMatrix.cpp][info] Throw 659800/1000000
[MakeCovarianceMatrix.cpp][info] Throw 659900/1000000
[MakeCovarianceMatrix.cpp][info] Throw 660000/1000000
[MakeCovarianceMatrix.cpp][info] Throw 660100/1000000
[MakeCovarianceMatrix.cpp][info] Throw 660200/1000000
[MakeCovarianceMatrix.cpp][info] Throw 660300/1000000
[MakeCovarianceMatrix.cpp][info] Throw 660400/1000000
[MakeCovarianceMatrix.cpp][info] Throw 660500/1000000
[MakeCovarianceMatrix.cpp][info] Throw 660600/1000000
[MakeCovarianceMatrix.cpp][info] Throw 660700/1000000
[MakeCovarianceMatrix.cpp][info] Throw 660800/1000000
[MakeCovarianceMatrix.cpp][info] Throw 660900/1000000
[MakeCovarianceMatrix.cpp][info] Throw 661000/1000000
[MakeCovarianceMatrix.cpp][info] Throw 661100/1000000
[MakeCovarianceMatrix.cpp][info] Throw 661200/1000000
[MakeCovarianceMatrix.cpp][info] Throw 661300/1000000
[MakeCovarianceMatrix.cpp][info] Throw 661400/1000000
[MakeCovarianceMatrix.cpp][info] Throw 661500/1000000
[MakeCovarianceMatrix.cpp][info] Throw 661600/1000000
[MakeCovarianceMatrix.cpp][info] Throw 661700/1000000
[MakeCovarianceMatrix.cpp][info] Throw 661800/1000000
[MakeCovarianceMatrix.cpp][info] Throw 661900/1000000
[MakeCovarianceMatrix.cpp][info] Throw 662000/1000000
[MakeCovarianceMatrix.cpp][info] Throw 662100/1000000
[MakeCovarianceMatrix.cpp][info] Throw 662200/1000000
[MakeCovarianceMatrix.cpp][info] Throw 662300/1000000
[MakeCovarianceMatrix.cpp][info] Throw 662400/1000000
[MakeCovarianceMatrix.cpp][info] Throw 662500/1000000
[MakeCovarianceMatrix.cpp][info] Throw 662600/1000000
[MakeCovarianceMatrix.cpp][info] Throw 662700/1000000
[MakeCovarianceMatrix.cpp][info] Throw 662800/1000000
[MakeCovarianceMatrix.cpp][info] Throw 662900/1000000
[MakeCovarianceMatrix.cpp][info] Throw 663000/1000000
[MakeCovarianceMatrix.cpp][info] Throw 663100/1000000
[MakeCovarianceMatrix.cpp][info] Throw 663200/1000000
[MakeCovarianceMatrix.cpp][info] Throw 663300/1000000
[MakeCovarianceMatrix.cpp][info] Throw 663400/1000000
[MakeCovarianceMatrix.cpp][info] Throw 663500/1000000
[MakeCovarianceMatrix.cpp][info] Throw 663600/1000000
[MakeCovarianceMatrix.cpp][info] Throw 663700/1000000
[MakeCovarianceMatrix.cpp][info] Throw 663800/1000000
[MakeCovarianceMatrix.cpp][info] Throw 663900/1000000
[MakeCovarianceMatrix.cpp][info] Throw 664000/1000000
[MakeCovarianceMatrix.cpp][info] Throw 664100/1000000
[MakeCovarianceMatrix.cpp][info] Throw 664200/1000000
[MakeCovarianceMatrix.cpp][info] Throw 664300/1000000
[MakeCovarianceMatrix.cpp][info] Throw 664400/1000000
[MakeCovarianceMatrix.cpp][info] Throw 664500/1000000
[MakeCovarianceMatrix.cpp][info] Throw 664600/1000000
[MakeCovarianceMatrix.cpp][info] Throw 664700/1000000
[MakeCovarianceMatrix.cpp][info] Throw 664800/1000000
[MakeCovarianceMatrix.cpp][info] Throw 664900/1000000
[MakeCovarianceMatrix.cpp][info] Throw 665000/1000000
[MakeCovarianceMatrix.cpp][info] Throw 665100/1000000
[MakeCovarianceMatrix.cpp][info] Throw 665200/1000000
[MakeCovarianceMatrix.cpp][info] Throw 665300/1000000
[MakeCovarianceMatrix.cpp][info] Throw 665400/1000000
[MakeCovarianceMatrix.cpp][info] Throw 665500/1000000
[MakeCovarianceMatrix.cpp][info] Throw 665600/1000000
[MakeCovarianceMatrix.cpp][info] Throw 665700/1000000
[MakeCovarianceMatrix.cpp][info] Throw 665800/1000000
[MakeCovarianceMatrix.cpp][info] Throw 665900/1000000
[MakeCovarianceMatrix.cpp][info] Throw 666000/1000000
[MakeCovarianceMatrix.cpp][info] Throw 666100/1000000
[MakeCovarianceMatrix.cpp][info] Throw 666200/1000000
[MakeCovarianceMatrix.cpp][info] Throw 666300/1000000
[MakeCovarianceMatrix.cpp][info] Throw 666400/1000000
[MakeCovarianceMatrix.cpp][info] Throw 666500/1000000
[MakeCovarianceMatrix.cpp][info] Throw 666600/1000000
[MakeCovarianceMatrix.cpp][info] Throw 666700/1000000
[MakeCovarianceMatrix.cpp][info] Throw 666800/1000000
[MakeCovarianceMatrix.cpp][info] Throw 666900/1000000
[MakeCovarianceMatrix.cpp][info] Throw 667000/1000000
[MakeCovarianceMatrix.cpp][info] Throw 667100/1000000
[MakeCovarianceMatrix.cpp][info] Throw 667200/1000000
[MakeCovarianceMatrix.cpp][info] Throw 667300/1000000
[MakeCovarianceMatrix.cpp][info] Throw 667400/1000000
[MakeCovarianceMatrix.cpp][info] Throw 667500/1000000
[MakeCovarianceMatrix.cpp][info] Throw 667600/1000000
[MakeCovarianceMatrix.cpp][info] Throw 667700/1000000
[MakeCovarianceMatrix.cpp][info] Throw 667800/1000000
[MakeCovarianceMatrix.cpp][info] Throw 667900/1000000
[MakeCovarianceMatrix.cpp][info] Throw 668000/1000000
[MakeCovarianceMatrix.cpp][info] Throw 668100/1000000
[MakeCovarianceMatrix.cpp][info] Throw 668200/1000000
[MakeCovarianceMatrix.cpp][info] Throw 668300/1000000
[MakeCovarianceMatrix.cpp][info] Throw 668400/1000000
[MakeCovarianceMatrix.cpp][info] Throw 668500/1000000
[MakeCovarianceMatrix.cpp][info] Throw 668600/1000000
[MakeCovarianceMatrix.cpp][info] Throw 668700/1000000
[MakeCovarianceMatrix.cpp][info] Throw 668800/1000000
[MakeCovarianceMatrix.cpp][info] Throw 668900/1000000
[MakeCovarianceMatrix.cpp][info] Throw 669000/1000000
[MakeCovarianceMatrix.cpp][info] Throw 669100/1000000
[MakeCovarianceMatrix.cpp][info] Throw 669200/1000000
[MakeCovarianceMatrix.cpp][info] Throw 669300/1000000
[MakeCovarianceMatrix.cpp][info] Throw 669400/1000000
[MakeCovarianceMatrix.cpp][info] Throw 669500/1000000
[MakeCovarianceMatrix.cpp][info] Throw 669600/1000000
[MakeCovarianceMatrix.cpp][info] Throw 669700/1000000
[MakeCovarianceMatrix.cpp][info] Throw 669800/1000000
[MakeCovarianceMatrix.cpp][info] Throw 669900/1000000
[MakeCovarianceMatrix.cpp][info] Throw 670000/1000000
[MakeCovarianceMatrix.cpp][info] Throw 670100/1000000
[MakeCovarianceMatrix.cpp][info] Throw 670200/1000000
[MakeCovarianceMatrix.cpp][info] Throw 670300/1000000
[MakeCovarianceMatrix.cpp][info] Throw 670400/1000000
[MakeCovarianceMatrix.cpp][info] Throw 670500/1000000
[MakeCovarianceMatrix.cpp][info] Throw 670600/1000000
[MakeCovarianceMatrix.cpp][info] Throw 670700/1000000
[MakeCovarianceMatrix.cpp][info] Throw 670800/1000000
[MakeCovarianceMatrix.cpp][info] Throw 670900/1000000
[MakeCovarianceMatrix.cpp][info] Throw 671000/1000000
[MakeCovarianceMatrix.cpp][info] Throw 671100/1000000
[MakeCovarianceMatrix.cpp][info] Throw 671200/1000000
[MakeCovarianceMatrix.cpp][info] Throw 671300/1000000
[MakeCovarianceMatrix.cpp][info] Throw 671400/1000000
[MakeCovarianceMatrix.cpp][info] Throw 671500/1000000
[MakeCovarianceMatrix.cpp][info] Throw 671600/1000000
[MakeCovarianceMatrix.cpp][info] Throw 671700/1000000
[MakeCovarianceMatrix.cpp][info] Throw 671800/1000000
[MakeCovarianceMatrix.cpp][info] Throw 671900/1000000
[MakeCovarianceMatrix.cpp][info] Throw 672000/1000000
[MakeCovarianceMatrix.cpp][info] Throw 672100/1000000
[MakeCovarianceMatrix.cpp][info] Throw 672200/1000000
[MakeCovarianceMatrix.cpp][info] Throw 672300/1000000
[MakeCovarianceMatrix.cpp][info] Throw 672400/1000000
[MakeCovarianceMatrix.cpp][info] Throw 672500/1000000
[MakeCovarianceMatrix.cpp][info] Throw 672600/1000000
[MakeCovarianceMatrix.cpp][info] Throw 672700/1000000
[MakeCovarianceMatrix.cpp][info] Throw 672800/1000000
[MakeCovarianceMatrix.cpp][info] Throw 672900/1000000
[MakeCovarianceMatrix.cpp][info] Throw 673000/1000000
[MakeCovarianceMatrix.cpp][info] Throw 673100/1000000
[MakeCovarianceMatrix.cpp][info] Throw 673200/1000000
[MakeCovarianceMatrix.cpp][info] Throw 673300/1000000
[MakeCovarianceMatrix.cpp][info] Throw 673400/1000000
[MakeCovarianceMatrix.cpp][info] Throw 673500/1000000
[MakeCovarianceMatrix.cpp][info] Throw 673600/1000000
[MakeCovarianceMatrix.cpp][info] Throw 673700/1000000
[MakeCovarianceMatrix.cpp][info] Throw 673800/1000000
[MakeCovarianceMatrix.cpp][info] Throw 673900/1000000
[MakeCovarianceMatrix.cpp][info] Throw 674000/1000000
[MakeCovarianceMatrix.cpp][info] Throw 674100/1000000
[MakeCovarianceMatrix.cpp][info] Throw 674200/1000000
[MakeCovarianceMatrix.cpp][info] Throw 674300/1000000
[MakeCovarianceMatrix.cpp][info] Throw 674400/1000000
[MakeCovarianceMatrix.cpp][info] Throw 674500/1000000
[MakeCovarianceMatrix.cpp][info] Throw 674600/1000000
[MakeCovarianceMatrix.cpp][info] Throw 674700/1000000
[MakeCovarianceMatrix.cpp][info] Throw 674800/1000000
[MakeCovarianceMatrix.cpp][info] Throw 674900/1000000
[MakeCovarianceMatrix.cpp][info] Throw 675000/1000000
[MakeCovarianceMatrix.cpp][info] Throw 675100/1000000
[MakeCovarianceMatrix.cpp][info] Throw 675200/1000000
[MakeCovarianceMatrix.cpp][info] Throw 675300/1000000
[MakeCovarianceMatrix.cpp][info] Throw 675400/1000000
[MakeCovarianceMatrix.cpp][info] Throw 675500/1000000
[MakeCovarianceMatrix.cpp][info] Throw 675600/1000000
[MakeCovarianceMatrix.cpp][info] Throw 675700/1000000
[MakeCovarianceMatrix.cpp][info] Throw 675800/1000000
[MakeCovarianceMatrix.cpp][info] Throw 675900/1000000
[MakeCovarianceMatrix.cpp][info] Throw 676000/1000000
[MakeCovarianceMatrix.cpp][info] Throw 676100/1000000
[MakeCovarianceMatrix.cpp][info] Throw 676200/1000000
[MakeCovarianceMatrix.cpp][info] Throw 676300/1000000
[MakeCovarianceMatrix.cpp][info] Throw 676400/1000000
[MakeCovarianceMatrix.cpp][info] Throw 676500/1000000
[MakeCovarianceMatrix.cpp][info] Throw 676600/1000000
[MakeCovarianceMatrix.cpp][info] Throw 676700/1000000
[MakeCovarianceMatrix.cpp][info] Throw 676800/1000000
[MakeCovarianceMatrix.cpp][info] Throw 676900/1000000
[MakeCovarianceMatrix.cpp][info] Throw 677000/1000000
[MakeCovarianceMatrix.cpp][info] Throw 677100/1000000
[MakeCovarianceMatrix.cpp][info] Throw 677200/1000000
[MakeCovarianceMatrix.cpp][info] Throw 677300/1000000
[MakeCovarianceMatrix.cpp][info] Throw 677400/1000000
[MakeCovarianceMatrix.cpp][info] Throw 677500/1000000
[MakeCovarianceMatrix.cpp][info] Throw 677600/1000000
[MakeCovarianceMatrix.cpp][info] Throw 677700/1000000
[MakeCovarianceMatrix.cpp][info] Throw 677800/1000000
[MakeCovarianceMatrix.cpp][info] Throw 677900/1000000
[MakeCovarianceMatrix.cpp][info] Throw 678000/1000000
[MakeCovarianceMatrix.cpp][info] Throw 678100/1000000
[MakeCovarianceMatrix.cpp][info] Throw 678200/1000000
[MakeCovarianceMatrix.cpp][info] Throw 678300/1000000
[MakeCovarianceMatrix.cpp][info] Throw 678400/1000000
[MakeCovarianceMatrix.cpp][info] Throw 678500/1000000
[MakeCovarianceMatrix.cpp][info] Throw 678600/1000000
[MakeCovarianceMatrix.cpp][info] Throw 678700/1000000
[MakeCovarianceMatrix.cpp][info] Throw 678800/1000000
[MakeCovarianceMatrix.cpp][info] Throw 678900/1000000
[MakeCovarianceMatrix.cpp][info] Throw 679000/1000000
[MakeCovarianceMatrix.cpp][info] Throw 679100/1000000
[MakeCovarianceMatrix.cpp][info] Throw 679200/1000000
[MakeCovarianceMatrix.cpp][info] Throw 679300/1000000
[MakeCovarianceMatrix.cpp][info] Throw 679400/1000000
[MakeCovarianceMatrix.cpp][info] Throw 679500/1000000
[MakeCovarianceMatrix.cpp][info] Throw 679600/1000000
[MakeCovarianceMatrix.cpp][info] Throw 679700/1000000
[MakeCovarianceMatrix.cpp][info] Throw 679800/1000000
[MakeCovarianceMatrix.cpp][info] Throw 679900/1000000
[MakeCovarianceMatrix.cpp][info] Throw 680000/1000000
[MakeCovarianceMatrix.cpp][info] Throw 680100/1000000
[MakeCovarianceMatrix.cpp][info] Throw 680200/1000000
[MakeCovarianceMatrix.cpp][info] Throw 680300/1000000
[MakeCovarianceMatrix.cpp][info] Throw 680400/1000000
[MakeCovarianceMatrix.cpp][info] Throw 680500/1000000
[MakeCovarianceMatrix.cpp][info] Throw 680600/1000000
[MakeCovarianceMatrix.cpp][info] Throw 680700/1000000
[MakeCovarianceMatrix.cpp][info] Throw 680800/1000000
[MakeCovarianceMatrix.cpp][info] Throw 680900/1000000
[MakeCovarianceMatrix.cpp][info] Throw 681000/1000000
[MakeCovarianceMatrix.cpp][info] Throw 681100/1000000
[MakeCovarianceMatrix.cpp][info] Throw 681200/1000000
[MakeCovarianceMatrix.cpp][info] Throw 681300/1000000
[MakeCovarianceMatrix.cpp][info] Throw 681400/1000000
[MakeCovarianceMatrix.cpp][info] Throw 681500/1000000
[MakeCovarianceMatrix.cpp][info] Throw 681600/1000000
[MakeCovarianceMatrix.cpp][info] Throw 681700/1000000
[MakeCovarianceMatrix.cpp][info] Throw 681800/1000000
[MakeCovarianceMatrix.cpp][info] Throw 681900/1000000
[MakeCovarianceMatrix.cpp][info] Throw 682000/1000000
[MakeCovarianceMatrix.cpp][info] Throw 682100/1000000
[MakeCovarianceMatrix.cpp][info] Throw 682200/1000000
[MakeCovarianceMatrix.cpp][info] Throw 682300/1000000
[MakeCovarianceMatrix.cpp][info] Throw 682400/1000000
[MakeCovarianceMatrix.cpp][info] Throw 682500/1000000
[MakeCovarianceMatrix.cpp][info] Throw 682600/1000000
[MakeCovarianceMatrix.cpp][info] Throw 682700/1000000
[MakeCovarianceMatrix.cpp][info] Throw 682800/1000000
[MakeCovarianceMatrix.cpp][info] Throw 682900/1000000
[MakeCovarianceMatrix.cpp][info] Throw 683000/1000000
[MakeCovarianceMatrix.cpp][info] Throw 683100/1000000
[MakeCovarianceMatrix.cpp][info] Throw 683200/1000000
[MakeCovarianceMatrix.cpp][info] Throw 683300/1000000
[MakeCovarianceMatrix.cpp][info] Throw 683400/1000000
[MakeCovarianceMatrix.cpp][info] Throw 683500/1000000
[MakeCovarianceMatrix.cpp][info] Throw 683600/1000000
[MakeCovarianceMatrix.cpp][info] Throw 683700/1000000
[MakeCovarianceMatrix.cpp][info] Throw 683800/1000000
[MakeCovarianceMatrix.cpp][info] Throw 683900/1000000
[MakeCovarianceMatrix.cpp][info] Throw 684000/1000000
[MakeCovarianceMatrix.cpp][info] Throw 684100/1000000
[MakeCovarianceMatrix.cpp][info] Throw 684200/1000000
[MakeCovarianceMatrix.cpp][info] Throw 684300/1000000
[MakeCovarianceMatrix.cpp][info] Throw 684400/1000000
[MakeCovarianceMatrix.cpp][info] Throw 684500/1000000
[MakeCovarianceMatrix.cpp][info] Throw 684600/1000000
[MakeCovarianceMatrix.cpp][info] Throw 684700/1000000
[MakeCovarianceMatrix.cpp][info] Throw 684800/1000000
[MakeCovarianceMatrix.cpp][info] Throw 684900/1000000
[MakeCovarianceMatrix.cpp][info] Throw 685000/1000000
[MakeCovarianceMatrix.cpp][info] Throw 685100/1000000
[MakeCovarianceMatrix.cpp][info] Throw 685200/1000000
[MakeCovarianceMatrix.cpp][info] Throw 685300/1000000
[MakeCovarianceMatrix.cpp][info] Throw 685400/1000000
[MakeCovarianceMatrix.cpp][info] Throw 685500/1000000
[MakeCovarianceMatrix.cpp][info] Throw 685600/1000000
[MakeCovarianceMatrix.cpp][info] Throw 685700/1000000
[MakeCovarianceMatrix.cpp][info] Throw 685800/1000000
[MakeCovarianceMatrix.cpp][info] Throw 685900/1000000
[MakeCovarianceMatrix.cpp][info] Throw 686000/1000000
[MakeCovarianceMatrix.cpp][info] Throw 686100/1000000
[MakeCovarianceMatrix.cpp][info] Throw 686200/1000000
[MakeCovarianceMatrix.cpp][info] Throw 686300/1000000
[MakeCovarianceMatrix.cpp][info] Throw 686400/1000000
[MakeCovarianceMatrix.cpp][info] Throw 686500/1000000
[MakeCovarianceMatrix.cpp][info] Throw 686600/1000000
[MakeCovarianceMatrix.cpp][info] Throw 686700/1000000
[MakeCovarianceMatrix.cpp][info] Throw 686800/1000000
[MakeCovarianceMatrix.cpp][info] Throw 686900/1000000
[MakeCovarianceMatrix.cpp][info] Throw 687000/1000000
[MakeCovarianceMatrix.cpp][info] Throw 687100/1000000
[MakeCovarianceMatrix.cpp][info] Throw 687200/1000000
[MakeCovarianceMatrix.cpp][info] Throw 687300/1000000
[MakeCovarianceMatrix.cpp][info] Throw 687400/1000000
[MakeCovarianceMatrix.cpp][info] Throw 687500/1000000
[MakeCovarianceMatrix.cpp][info] Throw 687600/1000000
[MakeCovarianceMatrix.cpp][info] Throw 687700/1000000
[MakeCovarianceMatrix.cpp][info] Throw 687800/1000000
[MakeCovarianceMatrix.cpp][info] Throw 687900/1000000
[MakeCovarianceMatrix.cpp][info] Throw 688000/1000000
[MakeCovarianceMatrix.cpp][info] Throw 688100/1000000
[MakeCovarianceMatrix.cpp][info] Throw 688200/1000000
[MakeCovarianceMatrix.cpp][info] Throw 688300/1000000
[MakeCovarianceMatrix.cpp][info] Throw 688400/1000000
[MakeCovarianceMatrix.cpp][info] Throw 688500/1000000
[MakeCovarianceMatrix.cpp][info] Throw 688600/1000000
[MakeCovarianceMatrix.cpp][info] Throw 688700/1000000
[MakeCovarianceMatrix.cpp][info] Throw 688800/1000000
[MakeCovarianceMatrix.cpp][info] Throw 688900/1000000
[MakeCovarianceMatrix.cpp][info] Throw 689000/1000000
[MakeCovarianceMatrix.cpp][info] Throw 689100/1000000
[MakeCovarianceMatrix.cpp][info] Throw 689200/1000000
[MakeCovarianceMatrix.cpp][info] Throw 689300/1000000
[MakeCovarianceMatrix.cpp][info] Throw 689400/1000000
[MakeCovarianceMatrix.cpp][info] Throw 689500/1000000
[MakeCovarianceMatrix.cpp][info] Throw 689600/1000000
[MakeCovarianceMatrix.cpp][info] Throw 689700/1000000
[MakeCovarianceMatrix.cpp][info] Throw 689800/1000000
[MakeCovarianceMatrix.cpp][info] Throw 689900/1000000
[MakeCovarianceMatrix.cpp][info] Throw 690000/1000000
[MakeCovarianceMatrix.cpp][info] Throw 690100/1000000
[MakeCovarianceMatrix.cpp][info] Throw 690200/1000000
[MakeCovarianceMatrix.cpp][info] Throw 690300/1000000
[MakeCovarianceMatrix.cpp][info] Throw 690400/1000000
[MakeCovarianceMatrix.cpp][info] Throw 690500/1000000
[MakeCovarianceMatrix.cpp][info] Throw 690600/1000000
[MakeCovarianceMatrix.cpp][info] Throw 690700/1000000
[MakeCovarianceMatrix.cpp][info] Throw 690800/1000000
[MakeCovarianceMatrix.cpp][info] Throw 690900/1000000
[MakeCovarianceMatrix.cpp][info] Throw 691000/1000000
[MakeCovarianceMatrix.cpp][info] Throw 691100/1000000
[MakeCovarianceMatrix.cpp][info] Throw 691200/1000000
[MakeCovarianceMatrix.cpp][info] Throw 691300/1000000
[MakeCovarianceMatrix.cpp][info] Throw 691400/1000000
[MakeCovarianceMatrix.cpp][info] Throw 691500/1000000
[MakeCovarianceMatrix.cpp][info] Throw 691600/1000000
[MakeCovarianceMatrix.cpp][info] Throw 691700/1000000
[MakeCovarianceMatrix.cpp][info] Throw 691800/1000000
[MakeCovarianceMatrix.cpp][info] Throw 691900/1000000
[MakeCovarianceMatrix.cpp][info] Throw 692000/1000000
[MakeCovarianceMatrix.cpp][info] Throw 692100/1000000
[MakeCovarianceMatrix.cpp][info] Throw 692200/1000000
[MakeCovarianceMatrix.cpp][info] Throw 692300/1000000
[MakeCovarianceMatrix.cpp][info] Throw 692400/1000000
[MakeCovarianceMatrix.cpp][info] Throw 692500/1000000
[MakeCovarianceMatrix.cpp][info] Throw 692600/1000000
[MakeCovarianceMatrix.cpp][info] Throw 692700/1000000
[MakeCovarianceMatrix.cpp][info] Throw 692800/1000000
[MakeCovarianceMatrix.cpp][info] Throw 692900/1000000
[MakeCovarianceMatrix.cpp][info] Throw 693000/1000000
[MakeCovarianceMatrix.cpp][info] Throw 693100/1000000
[MakeCovarianceMatrix.cpp][info] Throw 693200/1000000
[MakeCovarianceMatrix.cpp][info] Throw 693300/1000000
[MakeCovarianceMatrix.cpp][info] Throw 693400/1000000
[MakeCovarianceMatrix.cpp][info] Throw 693500/1000000
[MakeCovarianceMatrix.cpp][info] Throw 693600/1000000
[MakeCovarianceMatrix.cpp][info] Throw 693700/1000000
[MakeCovarianceMatrix.cpp][info] Throw 693800/1000000
[MakeCovarianceMatrix.cpp][info] Throw 693900/1000000
[MakeCovarianceMatrix.cpp][info] Throw 694000/1000000
[MakeCovarianceMatrix.cpp][info] Throw 694100/1000000
[MakeCovarianceMatrix.cpp][info] Throw 694200/1000000
[MakeCovarianceMatrix.cpp][info] Throw 694300/1000000
[MakeCovarianceMatrix.cpp][info] Throw 694400/1000000
[MakeCovarianceMatrix.cpp][info] Throw 694500/1000000
[MakeCovarianceMatrix.cpp][info] Throw 694600/1000000
[MakeCovarianceMatrix.cpp][info] Throw 694700/1000000
[MakeCovarianceMatrix.cpp][info] Throw 694800/1000000
[MakeCovarianceMatrix.cpp][info] Throw 694900/1000000
[MakeCovarianceMatrix.cpp][info] Throw 695000/1000000
[MakeCovarianceMatrix.cpp][info] Throw 695100/1000000
[MakeCovarianceMatrix.cpp][info] Throw 695200/1000000
[MakeCovarianceMatrix.cpp][info] Throw 695300/1000000
[MakeCovarianceMatrix.cpp][info] Throw 695400/1000000
[MakeCovarianceMatrix.cpp][info] Throw 695500/1000000
[MakeCovarianceMatrix.cpp][info] Throw 695600/1000000
[MakeCovarianceMatrix.cpp][info] Throw 695700/1000000
[MakeCovarianceMatrix.cpp][info] Throw 695800/1000000
[MakeCovarianceMatrix.cpp][info] Throw 695900/1000000
[MakeCovarianceMatrix.cpp][info] Throw 696000/1000000
[MakeCovarianceMatrix.cpp][info] Throw 696100/1000000
[MakeCovarianceMatrix.cpp][info] Throw 696200/1000000
[MakeCovarianceMatrix.cpp][info] Throw 696300/1000000
[MakeCovarianceMatrix.cpp][info] Throw 696400/1000000
[MakeCovarianceMatrix.cpp][info] Throw 696500/1000000
[MakeCovarianceMatrix.cpp][info] Throw 696600/1000000
[MakeCovarianceMatrix.cpp][info] Throw 696700/1000000
[MakeCovarianceMatrix.cpp][info] Throw 696800/1000000
[MakeCovarianceMatrix.cpp][info] Throw 696900/1000000
[MakeCovarianceMatrix.cpp][info] Throw 697000/1000000
[MakeCovarianceMatrix.cpp][info] Throw 697100/1000000
[MakeCovarianceMatrix.cpp][info] Throw 697200/1000000
[MakeCovarianceMatrix.cpp][info] Throw 697300/1000000
[MakeCovarianceMatrix.cpp][info] Throw 697400/1000000
[MakeCovarianceMatrix.cpp][info] Throw 697500/1000000
[MakeCovarianceMatrix.cpp][info] Throw 697600/1000000
[MakeCovarianceMatrix.cpp][info] Throw 697700/1000000
[MakeCovarianceMatrix.cpp][info] Throw 697800/1000000
[MakeCovarianceMatrix.cpp][info] Throw 697900/1000000
[MakeCovarianceMatrix.cpp][info] Throw 698000/1000000
[MakeCovarianceMatrix.cpp][info] Throw 698100/1000000
[MakeCovarianceMatrix.cpp][info] Throw 698200/1000000
[MakeCovarianceMatrix.cpp][info] Throw 698300/1000000
[MakeCovarianceMatrix.cpp][info] Throw 698400/1000000
[MakeCovarianceMatrix.cpp][info] Throw 698500/1000000
[MakeCovarianceMatrix.cpp][info] Throw 698600/1000000
[MakeCovarianceMatrix.cpp][info] Throw 698700/1000000
[MakeCovarianceMatrix.cpp][info] Throw 698800/1000000
[MakeCovarianceMatrix.cpp][info] Throw 698900/1000000
[MakeCovarianceMatrix.cpp][info] Throw 699000/1000000
[MakeCovarianceMatrix.cpp][info] Throw 699100/1000000
[MakeCovarianceMatrix.cpp][info] Throw 699200/1000000
[MakeCovarianceMatrix.cpp][info] Throw 699300/1000000
[MakeCovarianceMatrix.cpp][info] Throw 699400/1000000
[MakeCovarianceMatrix.cpp][info] Throw 699500/1000000
[MakeCovarianceMatrix.cpp][info] Throw 699600/1000000
[MakeCovarianceMatrix.cpp][info] Throw 699700/1000000
[MakeCovarianceMatrix.cpp][info] Throw 699800/1000000
[MakeCovarianceMatrix.cpp][info] Throw 699900/1000000
[MakeCovarianceMatrix.cpp][info] Throw 700000/1000000
[MakeCovarianceMatrix.cpp][info] Throw 700100/1000000
[MakeCovarianceMatrix.cpp][info] Throw 700200/1000000
[MakeCovarianceMatrix.cpp][info] Throw 700300/1000000
[MakeCovarianceMatrix.cpp][info] Throw 700400/1000000
[MakeCovarianceMatrix.cpp][info] Throw 700500/1000000
[MakeCovarianceMatrix.cpp][info] Throw 700600/1000000
[MakeCovarianceMatrix.cpp][info] Throw 700700/1000000
[MakeCovarianceMatrix.cpp][info] Throw 700800/1000000
[MakeCovarianceMatrix.cpp][info] Throw 700900/1000000
[MakeCovarianceMatrix.cpp][info] Throw 701000/1000000
[MakeCovarianceMatrix.cpp][info] Throw 701100/1000000
[MakeCovarianceMatrix.cpp][info] Throw 701200/1000000
[MakeCovarianceMatrix.cpp][info] Throw 701300/1000000
[MakeCovarianceMatrix.cpp][info] Throw 701400/1000000
[MakeCovarianceMatrix.cpp][info] Throw 701500/1000000
[MakeCovarianceMatrix.cpp][info] Throw 701600/1000000
[MakeCovarianceMatrix.cpp][info] Throw 701700/1000000
[MakeCovarianceMatrix.cpp][info] Throw 701800/1000000
[MakeCovarianceMatrix.cpp][info] Throw 701900/1000000
[MakeCovarianceMatrix.cpp][info] Throw 702000/1000000
[MakeCovarianceMatrix.cpp][info] Throw 702100/1000000
[MakeCovarianceMatrix.cpp][info] Throw 702200/1000000
[MakeCovarianceMatrix.cpp][info] Throw 702300/1000000
[MakeCovarianceMatrix.cpp][info] Throw 702400/1000000
[MakeCovarianceMatrix.cpp][info] Throw 702500/1000000
[MakeCovarianceMatrix.cpp][info] Throw 702600/1000000
[MakeCovarianceMatrix.cpp][info] Throw 702700/1000000
[MakeCovarianceMatrix.cpp][info] Throw 702800/1000000
[MakeCovarianceMatrix.cpp][info] Throw 702900/1000000
[MakeCovarianceMatrix.cpp][info] Throw 703000/1000000
[MakeCovarianceMatrix.cpp][info] Throw 703100/1000000
[MakeCovarianceMatrix.cpp][info] Throw 703200/1000000
[MakeCovarianceMatrix.cpp][info] Throw 703300/1000000
[MakeCovarianceMatrix.cpp][info] Throw 703400/1000000
[MakeCovarianceMatrix.cpp][info] Throw 703500/1000000
[MakeCovarianceMatrix.cpp][info] Throw 703600/1000000
[MakeCovarianceMatrix.cpp][info] Throw 703700/1000000
[MakeCovarianceMatrix.cpp][info] Throw 703800/1000000
[MakeCovarianceMatrix.cpp][info] Throw 703900/1000000
[MakeCovarianceMatrix.cpp][info] Throw 704000/1000000
[MakeCovarianceMatrix.cpp][info] Throw 704100/1000000
[MakeCovarianceMatrix.cpp][info] Throw 704200/1000000
[MakeCovarianceMatrix.cpp][info] Throw 704300/1000000
[MakeCovarianceMatrix.cpp][info] Throw 704400/1000000
[MakeCovarianceMatrix.cpp][info] Throw 704500/1000000
[MakeCovarianceMatrix.cpp][info] Throw 704600/1000000
[MakeCovarianceMatrix.cpp][info] Throw 704700/1000000
[MakeCovarianceMatrix.cpp][info] Throw 704800/1000000
[MakeCovarianceMatrix.cpp][info] Throw 704900/1000000
[MakeCovarianceMatrix.cpp][info] Throw 705000/1000000
[MakeCovarianceMatrix.cpp][info] Throw 705100/1000000
[MakeCovarianceMatrix.cpp][info] Throw 705200/1000000
[MakeCovarianceMatrix.cpp][info] Throw 705300/1000000
[MakeCovarianceMatrix.cpp][info] Throw 705400/1000000
[MakeCovarianceMatrix.cpp][info] Throw 705500/1000000
[MakeCovarianceMatrix.cpp][info] Throw 705600/1000000
[MakeCovarianceMatrix.cpp][info] Throw 705700/1000000
[MakeCovarianceMatrix.cpp][info] Throw 705800/1000000
[MakeCovarianceMatrix.cpp][info] Throw 705900/1000000
[MakeCovarianceMatrix.cpp][info] Throw 706000/1000000
[MakeCovarianceMatrix.cpp][info] Throw 706100/1000000
[MakeCovarianceMatrix.cpp][info] Throw 706200/1000000
[MakeCovarianceMatrix.cpp][info] Throw 706300/1000000
[MakeCovarianceMatrix.cpp][info] Throw 706400/1000000
[MakeCovarianceMatrix.cpp][info] Throw 706500/1000000
[MakeCovarianceMatrix.cpp][info] Throw 706600/1000000
[MakeCovarianceMatrix.cpp][info] Throw 706700/1000000
[MakeCovarianceMatrix.cpp][info] Throw 706800/1000000
[MakeCovarianceMatrix.cpp][info] Throw 706900/1000000
[MakeCovarianceMatrix.cpp][info] Throw 707000/1000000
[MakeCovarianceMatrix.cpp][info] Throw 707100/1000000
[MakeCovarianceMatrix.cpp][info] Throw 707200/1000000
[MakeCovarianceMatrix.cpp][info] Throw 707300/1000000
[MakeCovarianceMatrix.cpp][info] Throw 707400/1000000
[MakeCovarianceMatrix.cpp][info] Throw 707500/1000000
[MakeCovarianceMatrix.cpp][info] Throw 707600/1000000
[MakeCovarianceMatrix.cpp][info] Throw 707700/1000000
[MakeCovarianceMatrix.cpp][info] Throw 707800/1000000
[MakeCovarianceMatrix.cpp][info] Throw 707900/1000000
[MakeCovarianceMatrix.cpp][info] Throw 708000/1000000
[MakeCovarianceMatrix.cpp][info] Throw 708100/1000000
[MakeCovarianceMatrix.cpp][info] Throw 708200/1000000
[MakeCovarianceMatrix.cpp][info] Throw 708300/1000000
[MakeCovarianceMatrix.cpp][info] Throw 708400/1000000
[MakeCovarianceMatrix.cpp][info] Throw 708500/1000000
[MakeCovarianceMatrix.cpp][info] Throw 708600/1000000
[MakeCovarianceMatrix.cpp][info] Throw 708700/1000000
[MakeCovarianceMatrix.cpp][info] Throw 708800/1000000
[MakeCovarianceMatrix.cpp][info] Throw 708900/1000000
[MakeCovarianceMatrix.cpp][info] Throw 709000/1000000
[MakeCovarianceMatrix.cpp][info] Throw 709100/1000000
[MakeCovarianceMatrix.cpp][info] Throw 709200/1000000
[MakeCovarianceMatrix.cpp][info] Throw 709300/1000000
[MakeCovarianceMatrix.cpp][info] Throw 709400/1000000
[MakeCovarianceMatrix.cpp][info] Throw 709500/1000000
[MakeCovarianceMatrix.cpp][info] Throw 709600/1000000
[MakeCovarianceMatrix.cpp][info] Throw 709700/1000000
[MakeCovarianceMatrix.cpp][info] Throw 709800/1000000
[MakeCovarianceMatrix.cpp][info] Throw 709900/1000000
[MakeCovarianceMatrix.cpp][info] Throw 710000/1000000
[MakeCovarianceMatrix.cpp][info] Throw 710100/1000000
[MakeCovarianceMatrix.cpp][info] Throw 710200/1000000
[MakeCovarianceMatrix.cpp][info] Throw 710300/1000000
[MakeCovarianceMatrix.cpp][info] Throw 710400/1000000
[MakeCovarianceMatrix.cpp][info] Throw 710500/1000000
[MakeCovarianceMatrix.cpp][info] Throw 710600/1000000
[MakeCovarianceMatrix.cpp][info] Throw 710700/1000000
[MakeCovarianceMatrix.cpp][info] Throw 710800/1000000
[MakeCovarianceMatrix.cpp][info] Throw 710900/1000000
[MakeCovarianceMatrix.cpp][info] Throw 711000/1000000
[MakeCovarianceMatrix.cpp][info] Throw 711100/1000000
[MakeCovarianceMatrix.cpp][info] Throw 711200/1000000
[MakeCovarianceMatrix.cpp][info] Throw 711300/1000000
[MakeCovarianceMatrix.cpp][info] Throw 711400/1000000
[MakeCovarianceMatrix.cpp][info] Throw 711500/1000000
[MakeCovarianceMatrix.cpp][info] Throw 711600/1000000
[MakeCovarianceMatrix.cpp][info] Throw 711700/1000000
[MakeCovarianceMatrix.cpp][info] Throw 711800/1000000
[MakeCovarianceMatrix.cpp][info] Throw 711900/1000000
[MakeCovarianceMatrix.cpp][info] Throw 712000/1000000
[MakeCovarianceMatrix.cpp][info] Throw 712100/1000000
[MakeCovarianceMatrix.cpp][info] Throw 712200/1000000
[MakeCovarianceMatrix.cpp][info] Throw 712300/1000000
[MakeCovarianceMatrix.cpp][info] Throw 712400/1000000
[MakeCovarianceMatrix.cpp][info] Throw 712500/1000000
[MakeCovarianceMatrix.cpp][info] Throw 712600/1000000
[MakeCovarianceMatrix.cpp][info] Throw 712700/1000000
[MakeCovarianceMatrix.cpp][info] Throw 712800/1000000
[MakeCovarianceMatrix.cpp][info] Throw 712900/1000000
[MakeCovarianceMatrix.cpp][info] Throw 713000/1000000
[MakeCovarianceMatrix.cpp][info] Throw 713100/1000000
[MakeCovarianceMatrix.cpp][info] Throw 713200/1000000
[MakeCovarianceMatrix.cpp][info] Throw 713300/1000000
[MakeCovarianceMatrix.cpp][info] Throw 713400/1000000
[MakeCovarianceMatrix.cpp][info] Throw 713500/1000000
[MakeCovarianceMatrix.cpp][info] Throw 713600/1000000
[MakeCovarianceMatrix.cpp][info] Throw 713700/1000000
[MakeCovarianceMatrix.cpp][info] Throw 713800/1000000
[MakeCovarianceMatrix.cpp][info] Throw 713900/1000000
[MakeCovarianceMatrix.cpp][info] Throw 714000/1000000
[MakeCovarianceMatrix.cpp][info] Throw 714100/1000000
[MakeCovarianceMatrix.cpp][info] Throw 714200/1000000
[MakeCovarianceMatrix.cpp][info] Throw 714300/1000000
[MakeCovarianceMatrix.cpp][info] Throw 714400/1000000
[MakeCovarianceMatrix.cpp][info] Throw 714500/1000000
[MakeCovarianceMatrix.cpp][info] Throw 714600/1000000
[MakeCovarianceMatrix.cpp][info] Throw 714700/1000000
[MakeCovarianceMatrix.cpp][info] Throw 714800/1000000
[MakeCovarianceMatrix.cpp][info] Throw 714900/1000000
[MakeCovarianceMatrix.cpp][info] Throw 715000/1000000
[MakeCovarianceMatrix.cpp][info] Throw 715100/1000000
[MakeCovarianceMatrix.cpp][info] Throw 715200/1000000
[MakeCovarianceMatrix.cpp][info] Throw 715300/1000000
[MakeCovarianceMatrix.cpp][info] Throw 715400/1000000
[MakeCovarianceMatrix.cpp][info] Throw 715500/1000000
[MakeCovarianceMatrix.cpp][info] Throw 715600/1000000
[MakeCovarianceMatrix.cpp][info] Throw 715700/1000000
[MakeCovarianceMatrix.cpp][info] Throw 715800/1000000
[MakeCovarianceMatrix.cpp][info] Throw 715900/1000000
[MakeCovarianceMatrix.cpp][info] Throw 716000/1000000
[MakeCovarianceMatrix.cpp][info] Throw 716100/1000000
[MakeCovarianceMatrix.cpp][info] Throw 716200/1000000
[MakeCovarianceMatrix.cpp][info] Throw 716300/1000000
[MakeCovarianceMatrix.cpp][info] Throw 716400/1000000
[MakeCovarianceMatrix.cpp][info] Throw 716500/1000000
[MakeCovarianceMatrix.cpp][info] Throw 716600/1000000
[MakeCovarianceMatrix.cpp][info] Throw 716700/1000000
[MakeCovarianceMatrix.cpp][info] Throw 716800/1000000
[MakeCovarianceMatrix.cpp][info] Throw 716900/1000000
[MakeCovarianceMatrix.cpp][info] Throw 717000/1000000
[MakeCovarianceMatrix.cpp][info] Throw 717100/1000000
[MakeCovarianceMatrix.cpp][info] Throw 717200/1000000
[MakeCovarianceMatrix.cpp][info] Throw 717300/1000000
[MakeCovarianceMatrix.cpp][info] Throw 717400/1000000
[MakeCovarianceMatrix.cpp][info] Throw 717500/1000000
[MakeCovarianceMatrix.cpp][info] Throw 717600/1000000
[MakeCovarianceMatrix.cpp][info] Throw 717700/1000000
[MakeCovarianceMatrix.cpp][info] Throw 717800/1000000
[MakeCovarianceMatrix.cpp][info] Throw 717900/1000000
[MakeCovarianceMatrix.cpp][info] Throw 718000/1000000
[MakeCovarianceMatrix.cpp][info] Throw 718100/1000000
[MakeCovarianceMatrix.cpp][info] Throw 718200/1000000
[MakeCovarianceMatrix.cpp][info] Throw 718300/1000000
[MakeCovarianceMatrix.cpp][info] Throw 718400/1000000
[MakeCovarianceMatrix.cpp][info] Throw 718500/1000000
[MakeCovarianceMatrix.cpp][info] Throw 718600/1000000
[MakeCovarianceMatrix.cpp][info] Throw 718700/1000000
[MakeCovarianceMatrix.cpp][info] Throw 718800/1000000
[MakeCovarianceMatrix.cpp][info] Throw 718900/1000000
[MakeCovarianceMatrix.cpp][info] Throw 719000/1000000
[MakeCovarianceMatrix.cpp][info] Throw 719100/1000000
[MakeCovarianceMatrix.cpp][info] Throw 719200/1000000
[MakeCovarianceMatrix.cpp][info] Throw 719300/1000000
[MakeCovarianceMatrix.cpp][info] Throw 719400/1000000
[MakeCovarianceMatrix.cpp][info] Throw 719500/1000000
[MakeCovarianceMatrix.cpp][info] Throw 719600/1000000
[MakeCovarianceMatrix.cpp][info] Throw 719700/1000000
[MakeCovarianceMatrix.cpp][info] Throw 719800/1000000
[MakeCovarianceMatrix.cpp][info] Throw 719900/1000000
[MakeCovarianceMatrix.cpp][info] Throw 720000/1000000
[MakeCovarianceMatrix.cpp][info] Throw 720100/1000000
[MakeCovarianceMatrix.cpp][info] Throw 720200/1000000
[MakeCovarianceMatrix.cpp][info] Throw 720300/1000000
[MakeCovarianceMatrix.cpp][info] Throw 720400/1000000
[MakeCovarianceMatrix.cpp][info] Throw 720500/1000000
[MakeCovarianceMatrix.cpp][info] Throw 720600/1000000
[MakeCovarianceMatrix.cpp][info] Throw 720700/1000000
[MakeCovarianceMatrix.cpp][info] Throw 720800/1000000
[MakeCovarianceMatrix.cpp][info] Throw 720900/1000000
[MakeCovarianceMatrix.cpp][info] Throw 721000/1000000
[MakeCovarianceMatrix.cpp][info] Throw 721100/1000000
[MakeCovarianceMatrix.cpp][info] Throw 721200/1000000
[MakeCovarianceMatrix.cpp][info] Throw 721300/1000000
[MakeCovarianceMatrix.cpp][info] Throw 721400/1000000
[MakeCovarianceMatrix.cpp][info] Throw 721500/1000000
[MakeCovarianceMatrix.cpp][info] Throw 721600/1000000
[MakeCovarianceMatrix.cpp][info] Throw 721700/1000000
[MakeCovarianceMatrix.cpp][info] Throw 721800/1000000
[MakeCovarianceMatrix.cpp][info] Throw 721900/1000000
[MakeCovarianceMatrix.cpp][info] Throw 722000/1000000
[MakeCovarianceMatrix.cpp][info] Throw 722100/1000000
[MakeCovarianceMatrix.cpp][info] Throw 722200/1000000
[MakeCovarianceMatrix.cpp][info] Throw 722300/1000000
[MakeCovarianceMatrix.cpp][info] Throw 722400/1000000
[MakeCovarianceMatrix.cpp][info] Throw 722500/1000000
[MakeCovarianceMatrix.cpp][info] Throw 722600/1000000
[MakeCovarianceMatrix.cpp][info] Throw 722700/1000000
[MakeCovarianceMatrix.cpp][info] Throw 722800/1000000
[MakeCovarianceMatrix.cpp][info] Throw 722900/1000000
[MakeCovarianceMatrix.cpp][info] Throw 723000/1000000
[MakeCovarianceMatrix.cpp][info] Throw 723100/1000000
[MakeCovarianceMatrix.cpp][info] Throw 723200/1000000
[MakeCovarianceMatrix.cpp][info] Throw 723300/1000000
[MakeCovarianceMatrix.cpp][info] Throw 723400/1000000
[MakeCovarianceMatrix.cpp][info] Throw 723500/1000000
[MakeCovarianceMatrix.cpp][info] Throw 723600/1000000
[MakeCovarianceMatrix.cpp][info] Throw 723700/1000000
[MakeCovarianceMatrix.cpp][info] Throw 723800/1000000
[MakeCovarianceMatrix.cpp][info] Throw 723900/1000000
[MakeCovarianceMatrix.cpp][info] Throw 724000/1000000
[MakeCovarianceMatrix.cpp][info] Throw 724100/1000000
[MakeCovarianceMatrix.cpp][info] Throw 724200/1000000
[MakeCovarianceMatrix.cpp][info] Throw 724300/1000000
[MakeCovarianceMatrix.cpp][info] Throw 724400/1000000
[MakeCovarianceMatrix.cpp][info] Throw 724500/1000000
[MakeCovarianceMatrix.cpp][info] Throw 724600/1000000
[MakeCovarianceMatrix.cpp][info] Throw 724700/1000000
[MakeCovarianceMatrix.cpp][info] Throw 724800/1000000
[MakeCovarianceMatrix.cpp][info] Throw 724900/1000000
[MakeCovarianceMatrix.cpp][info] Throw 725000/1000000
[MakeCovarianceMatrix.cpp][info] Throw 725100/1000000
[MakeCovarianceMatrix.cpp][info] Throw 725200/1000000
[MakeCovarianceMatrix.cpp][info] Throw 725300/1000000
[MakeCovarianceMatrix.cpp][info] Throw 725400/1000000
[MakeCovarianceMatrix.cpp][info] Throw 725500/1000000
[MakeCovarianceMatrix.cpp][info] Throw 725600/1000000
[MakeCovarianceMatrix.cpp][info] Throw 725700/1000000
[MakeCovarianceMatrix.cpp][info] Throw 725800/1000000
[MakeCovarianceMatrix.cpp][info] Throw 725900/1000000
[MakeCovarianceMatrix.cpp][info] Throw 726000/1000000
[MakeCovarianceMatrix.cpp][info] Throw 726100/1000000
[MakeCovarianceMatrix.cpp][info] Throw 726200/1000000
[MakeCovarianceMatrix.cpp][info] Throw 726300/1000000
[MakeCovarianceMatrix.cpp][info] Throw 726400/1000000
[MakeCovarianceMatrix.cpp][info] Throw 726500/1000000
[MakeCovarianceMatrix.cpp][info] Throw 726600/1000000
[MakeCovarianceMatrix.cpp][info] Throw 726700/1000000
[MakeCovarianceMatrix.cpp][info] Throw 726800/1000000
[MakeCovarianceMatrix.cpp][info] Throw 726900/1000000
[MakeCovarianceMatrix.cpp][info] Throw 727000/1000000
[MakeCovarianceMatrix.cpp][info] Throw 727100/1000000
[MakeCovarianceMatrix.cpp][info] Throw 727200/1000000
[MakeCovarianceMatrix.cpp][info] Throw 727300/1000000
[MakeCovarianceMatrix.cpp][info] Throw 727400/1000000
[MakeCovarianceMatrix.cpp][info] Throw 727500/1000000
[MakeCovarianceMatrix.cpp][info] Throw 727600/1000000
[MakeCovarianceMatrix.cpp][info] Throw 727700/1000000
[MakeCovarianceMatrix.cpp][info] Throw 727800/1000000
[MakeCovarianceMatrix.cpp][info] Throw 727900/1000000
[MakeCovarianceMatrix.cpp][info] Throw 728000/1000000
[MakeCovarianceMatrix.cpp][info] Throw 728100/1000000
[MakeCovarianceMatrix.cpp][info] Throw 728200/1000000
[MakeCovarianceMatrix.cpp][info] Throw 728300/1000000
[MakeCovarianceMatrix.cpp][info] Throw 728400/1000000
[MakeCovarianceMatrix.cpp][info] Throw 728500/1000000
[MakeCovarianceMatrix.cpp][info] Throw 728600/1000000
[MakeCovarianceMatrix.cpp][info] Throw 728700/1000000
[MakeCovarianceMatrix.cpp][info] Throw 728800/1000000
[MakeCovarianceMatrix.cpp][info] Throw 728900/1000000
[MakeCovarianceMatrix.cpp][info] Throw 729000/1000000
[MakeCovarianceMatrix.cpp][info] Throw 729100/1000000
[MakeCovarianceMatrix.cpp][info] Throw 729200/1000000
[MakeCovarianceMatrix.cpp][info] Throw 729300/1000000
[MakeCovarianceMatrix.cpp][info] Throw 729400/1000000
[MakeCovarianceMatrix.cpp][info] Throw 729500/1000000
[MakeCovarianceMatrix.cpp][info] Throw 729600/1000000
[MakeCovarianceMatrix.cpp][info] Throw 729700/1000000
[MakeCovarianceMatrix.cpp][info] Throw 729800/1000000
[MakeCovarianceMatrix.cpp][info] Throw 729900/1000000
[MakeCovarianceMatrix.cpp][info] Throw 730000/1000000
[MakeCovarianceMatrix.cpp][info] Throw 730100/1000000
[MakeCovarianceMatrix.cpp][info] Throw 730200/1000000
[MakeCovarianceMatrix.cpp][info] Throw 730300/1000000
[MakeCovarianceMatrix.cpp][info] Throw 730400/1000000
[MakeCovarianceMatrix.cpp][info] Throw 730500/1000000
[MakeCovarianceMatrix.cpp][info] Throw 730600/1000000
[MakeCovarianceMatrix.cpp][info] Throw 730700/1000000
[MakeCovarianceMatrix.cpp][info] Throw 730800/1000000
[MakeCovarianceMatrix.cpp][info] Throw 730900/1000000
[MakeCovarianceMatrix.cpp][info] Throw 731000/1000000
[MakeCovarianceMatrix.cpp][info] Throw 731100/1000000
[MakeCovarianceMatrix.cpp][info] Throw 731200/1000000
[MakeCovarianceMatrix.cpp][info] Throw 731300/1000000
[MakeCovarianceMatrix.cpp][info] Throw 731400/1000000
[MakeCovarianceMatrix.cpp][info] Throw 731500/1000000
[MakeCovarianceMatrix.cpp][info] Throw 731600/1000000
[MakeCovarianceMatrix.cpp][info] Throw 731700/1000000
[MakeCovarianceMatrix.cpp][info] Throw 731800/1000000
[MakeCovarianceMatrix.cpp][info] Throw 731900/1000000
[MakeCovarianceMatrix.cpp][info] Throw 732000/1000000
[MakeCovarianceMatrix.cpp][info] Throw 732100/1000000
[MakeCovarianceMatrix.cpp][info] Throw 732200/1000000
[MakeCovarianceMatrix.cpp][info] Throw 732300/1000000
[MakeCovarianceMatrix.cpp][info] Throw 732400/1000000
[MakeCovarianceMatrix.cpp][info] Throw 732500/1000000
[MakeCovarianceMatrix.cpp][info] Throw 732600/1000000
[MakeCovarianceMatrix.cpp][info] Throw 732700/1000000
[MakeCovarianceMatrix.cpp][info] Throw 732800/1000000
[MakeCovarianceMatrix.cpp][info] Throw 732900/1000000
[MakeCovarianceMatrix.cpp][info] Throw 733000/1000000
[MakeCovarianceMatrix.cpp][info] Throw 733100/1000000
[MakeCovarianceMatrix.cpp][info] Throw 733200/1000000
[MakeCovarianceMatrix.cpp][info] Throw 733300/1000000
[MakeCovarianceMatrix.cpp][info] Throw 733400/1000000
[MakeCovarianceMatrix.cpp][info] Throw 733500/1000000
[MakeCovarianceMatrix.cpp][info] Throw 733600/1000000
[MakeCovarianceMatrix.cpp][info] Throw 733700/1000000
[MakeCovarianceMatrix.cpp][info] Throw 733800/1000000
[MakeCovarianceMatrix.cpp][info] Throw 733900/1000000
[MakeCovarianceMatrix.cpp][info] Throw 734000/1000000
[MakeCovarianceMatrix.cpp][info] Throw 734100/1000000
[MakeCovarianceMatrix.cpp][info] Throw 734200/1000000
[MakeCovarianceMatrix.cpp][info] Throw 734300/1000000
[MakeCovarianceMatrix.cpp][info] Throw 734400/1000000
[MakeCovarianceMatrix.cpp][info] Throw 734500/1000000
[MakeCovarianceMatrix.cpp][info] Throw 734600/1000000
[MakeCovarianceMatrix.cpp][info] Throw 734700/1000000
[MakeCovarianceMatrix.cpp][info] Throw 734800/1000000
[MakeCovarianceMatrix.cpp][info] Throw 734900/1000000
[MakeCovarianceMatrix.cpp][info] Throw 735000/1000000
[MakeCovarianceMatrix.cpp][info] Throw 735100/1000000
[MakeCovarianceMatrix.cpp][info] Throw 735200/1000000
[MakeCovarianceMatrix.cpp][info] Throw 735300/1000000
[MakeCovarianceMatrix.cpp][info] Throw 735400/1000000
[MakeCovarianceMatrix.cpp][info] Throw 735500/1000000
[MakeCovarianceMatrix.cpp][info] Throw 735600/1000000
[MakeCovarianceMatrix.cpp][info] Throw 735700/1000000
[MakeCovarianceMatrix.cpp][info] Throw 735800/1000000
[MakeCovarianceMatrix.cpp][info] Throw 735900/1000000
[MakeCovarianceMatrix.cpp][info] Throw 736000/1000000
[MakeCovarianceMatrix.cpp][info] Throw 736100/1000000
[MakeCovarianceMatrix.cpp][info] Throw 736200/1000000
[MakeCovarianceMatrix.cpp][info] Throw 736300/1000000
[MakeCovarianceMatrix.cpp][info] Throw 736400/1000000
[MakeCovarianceMatrix.cpp][info] Throw 736500/1000000
[MakeCovarianceMatrix.cpp][info] Throw 736600/1000000
[MakeCovarianceMatrix.cpp][info] Throw 736700/1000000
[MakeCovarianceMatrix.cpp][info] Throw 736800/1000000
[MakeCovarianceMatrix.cpp][info] Throw 736900/1000000
[MakeCovarianceMatrix.cpp][info] Throw 737000/1000000
[MakeCovarianceMatrix.cpp][info] Throw 737100/1000000
[MakeCovarianceMatrix.cpp][info] Throw 737200/1000000
[MakeCovarianceMatrix.cpp][info] Throw 737300/1000000
[MakeCovarianceMatrix.cpp][info] Throw 737400/1000000
[MakeCovarianceMatrix.cpp][info] Throw 737500/1000000
[MakeCovarianceMatrix.cpp][info] Throw 737600/1000000
[MakeCovarianceMatrix.cpp][info] Throw 737700/1000000
[MakeCovarianceMatrix.cpp][info] Throw 737800/1000000
[MakeCovarianceMatrix.cpp][info] Throw 737900/1000000
[MakeCovarianceMatrix.cpp][info] Throw 738000/1000000
[MakeCovarianceMatrix.cpp][info] Throw 738100/1000000
[MakeCovarianceMatrix.cpp][info] Throw 738200/1000000
[MakeCovarianceMatrix.cpp][info] Throw 738300/1000000
[MakeCovarianceMatrix.cpp][info] Throw 738400/1000000
[MakeCovarianceMatrix.cpp][info] Throw 738500/1000000
[MakeCovarianceMatrix.cpp][info] Throw 738600/1000000
[MakeCovarianceMatrix.cpp][info] Throw 738700/1000000
[MakeCovarianceMatrix.cpp][info] Throw 738800/1000000
[MakeCovarianceMatrix.cpp][info] Throw 738900/1000000
[MakeCovarianceMatrix.cpp][info] Throw 739000/1000000
[MakeCovarianceMatrix.cpp][info] Throw 739100/1000000
[MakeCovarianceMatrix.cpp][info] Throw 739200/1000000
[MakeCovarianceMatrix.cpp][info] Throw 739300/1000000
[MakeCovarianceMatrix.cpp][info] Throw 739400/1000000
[MakeCovarianceMatrix.cpp][info] Throw 739500/1000000
[MakeCovarianceMatrix.cpp][info] Throw 739600/1000000
[MakeCovarianceMatrix.cpp][info] Throw 739700/1000000
[MakeCovarianceMatrix.cpp][info] Throw 739800/1000000
[MakeCovarianceMatrix.cpp][info] Throw 739900/1000000
[MakeCovarianceMatrix.cpp][info] Throw 740000/1000000
[MakeCovarianceMatrix.cpp][info] Throw 740100/1000000
[MakeCovarianceMatrix.cpp][info] Throw 740200/1000000
[MakeCovarianceMatrix.cpp][info] Throw 740300/1000000
[MakeCovarianceMatrix.cpp][info] Throw 740400/1000000
[MakeCovarianceMatrix.cpp][info] Throw 740500/1000000
[MakeCovarianceMatrix.cpp][info] Throw 740600/1000000
[MakeCovarianceMatrix.cpp][info] Throw 740700/1000000
[MakeCovarianceMatrix.cpp][info] Throw 740800/1000000
[MakeCovarianceMatrix.cpp][info] Throw 740900/1000000
[MakeCovarianceMatrix.cpp][info] Throw 741000/1000000
[MakeCovarianceMatrix.cpp][info] Throw 741100/1000000
[MakeCovarianceMatrix.cpp][info] Throw 741200/1000000
[MakeCovarianceMatrix.cpp][info] Throw 741300/1000000
[MakeCovarianceMatrix.cpp][info] Throw 741400/1000000
[MakeCovarianceMatrix.cpp][info] Throw 741500/1000000
[MakeCovarianceMatrix.cpp][info] Throw 741600/1000000
[MakeCovarianceMatrix.cpp][info] Throw 741700/1000000
[MakeCovarianceMatrix.cpp][info] Throw 741800/1000000
[MakeCovarianceMatrix.cpp][info] Throw 741900/1000000
[MakeCovarianceMatrix.cpp][info] Throw 742000/1000000
[MakeCovarianceMatrix.cpp][info] Throw 742100/1000000
[MakeCovarianceMatrix.cpp][info] Throw 742200/1000000
[MakeCovarianceMatrix.cpp][info] Throw 742300/1000000
[MakeCovarianceMatrix.cpp][info] Throw 742400/1000000
[MakeCovarianceMatrix.cpp][info] Throw 742500/1000000
[MakeCovarianceMatrix.cpp][info] Throw 742600/1000000
[MakeCovarianceMatrix.cpp][info] Throw 742700/1000000
[MakeCovarianceMatrix.cpp][info] Throw 742800/1000000
[MakeCovarianceMatrix.cpp][info] Throw 742900/1000000
[MakeCovarianceMatrix.cpp][info] Throw 743000/1000000
[MakeCovarianceMatrix.cpp][info] Throw 743100/1000000
[MakeCovarianceMatrix.cpp][info] Throw 743200/1000000
[MakeCovarianceMatrix.cpp][info] Throw 743300/1000000
[MakeCovarianceMatrix.cpp][info] Throw 743400/1000000
[MakeCovarianceMatrix.cpp][info] Throw 743500/1000000
[MakeCovarianceMatrix.cpp][info] Throw 743600/1000000
[MakeCovarianceMatrix.cpp][info] Throw 743700/1000000
[MakeCovarianceMatrix.cpp][info] Throw 743800/1000000
[MakeCovarianceMatrix.cpp][info] Throw 743900/1000000
[MakeCovarianceMatrix.cpp][info] Throw 744000/1000000
[MakeCovarianceMatrix.cpp][info] Throw 744100/1000000
[MakeCovarianceMatrix.cpp][info] Throw 744200/1000000
[MakeCovarianceMatrix.cpp][info] Throw 744300/1000000
[MakeCovarianceMatrix.cpp][info] Throw 744400/1000000
[MakeCovarianceMatrix.cpp][info] Throw 744500/1000000
[MakeCovarianceMatrix.cpp][info] Throw 744600/1000000
[MakeCovarianceMatrix.cpp][info] Throw 744700/1000000
[MakeCovarianceMatrix.cpp][info] Throw 744800/1000000
[MakeCovarianceMatrix.cpp][info] Throw 744900/1000000
[MakeCovarianceMatrix.cpp][info] Throw 745000/1000000
[MakeCovarianceMatrix.cpp][info] Throw 745100/1000000
[MakeCovarianceMatrix.cpp][info] Throw 745200/1000000
[MakeCovarianceMatrix.cpp][info] Throw 745300/1000000
[MakeCovarianceMatrix.cpp][info] Throw 745400/1000000
[MakeCovarianceMatrix.cpp][info] Throw 745500/1000000
[MakeCovarianceMatrix.cpp][info] Throw 745600/1000000
[MakeCovarianceMatrix.cpp][info] Throw 745700/1000000
[MakeCovarianceMatrix.cpp][info] Throw 745800/1000000
[MakeCovarianceMatrix.cpp][info] Throw 745900/1000000
[MakeCovarianceMatrix.cpp][info] Throw 746000/1000000
[MakeCovarianceMatrix.cpp][info] Throw 746100/1000000
[MakeCovarianceMatrix.cpp][info] Throw 746200/1000000
[MakeCovarianceMatrix.cpp][info] Throw 746300/1000000
[MakeCovarianceMatrix.cpp][info] Throw 746400/1000000
[MakeCovarianceMatrix.cpp][info] Throw 746500/1000000
[MakeCovarianceMatrix.cpp][info] Throw 746600/1000000
[MakeCovarianceMatrix.cpp][info] Throw 746700/1000000
[MakeCovarianceMatrix.cpp][info] Throw 746800/1000000
[MakeCovarianceMatrix.cpp][info] Throw 746900/1000000
[MakeCovarianceMatrix.cpp][info] Throw 747000/1000000
[MakeCovarianceMatrix.cpp][info] Throw 747100/1000000
[MakeCovarianceMatrix.cpp][info] Throw 747200/1000000
[MakeCovarianceMatrix.cpp][info] Throw 747300/1000000
[MakeCovarianceMatrix.cpp][info] Throw 747400/1000000
[MakeCovarianceMatrix.cpp][info] Throw 747500/1000000
[MakeCovarianceMatrix.cpp][info] Throw 747600/1000000
[MakeCovarianceMatrix.cpp][info] Throw 747700/1000000
[MakeCovarianceMatrix.cpp][info] Throw 747800/1000000
[MakeCovarianceMatrix.cpp][info] Throw 747900/1000000
[MakeCovarianceMatrix.cpp][info] Throw 748000/1000000
[MakeCovarianceMatrix.cpp][info] Throw 748100/1000000
[MakeCovarianceMatrix.cpp][info] Throw 748200/1000000
[MakeCovarianceMatrix.cpp][info] Throw 748300/1000000
[MakeCovarianceMatrix.cpp][info] Throw 748400/1000000
[MakeCovarianceMatrix.cpp][info] Throw 748500/1000000
[MakeCovarianceMatrix.cpp][info] Throw 748600/1000000
[MakeCovarianceMatrix.cpp][info] Throw 748700/1000000
[MakeCovarianceMatrix.cpp][info] Throw 748800/1000000
[MakeCovarianceMatrix.cpp][info] Throw 748900/1000000
[MakeCovarianceMatrix.cpp][info] Throw 749000/1000000
[MakeCovarianceMatrix.cpp][info] Throw 749100/1000000
[MakeCovarianceMatrix.cpp][info] Throw 749200/1000000
[MakeCovarianceMatrix.cpp][info] Throw 749300/1000000
[MakeCovarianceMatrix.cpp][info] Throw 749400/1000000
[MakeCovarianceMatrix.cpp][info] Throw 749500/1000000
[MakeCovarianceMatrix.cpp][info] Throw 749600/1000000
[MakeCovarianceMatrix.cpp][info] Throw 749700/1000000
[MakeCovarianceMatrix.cpp][info] Throw 749800/1000000
[MakeCovarianceMatrix.cpp][info] Throw 749900/1000000
[MakeCovarianceMatrix.cpp][info] Throw 750000/1000000
[MakeCovarianceMatrix.cpp][info] Throw 750100/1000000
[MakeCovarianceMatrix.cpp][info] Throw 750200/1000000
[MakeCovarianceMatrix.cpp][info] Throw 750300/1000000
[MakeCovarianceMatrix.cpp][info] Throw 750400/1000000
[MakeCovarianceMatrix.cpp][info] Throw 750500/1000000
[MakeCovarianceMatrix.cpp][info] Throw 750600/1000000
[MakeCovarianceMatrix.cpp][info] Throw 750700/1000000
[MakeCovarianceMatrix.cpp][info] Throw 750800/1000000
[MakeCovarianceMatrix.cpp][info] Throw 750900/1000000
[MakeCovarianceMatrix.cpp][info] Throw 751000/1000000
[MakeCovarianceMatrix.cpp][info] Throw 751100/1000000
[MakeCovarianceMatrix.cpp][info] Throw 751200/1000000
[MakeCovarianceMatrix.cpp][info] Throw 751300/1000000
[MakeCovarianceMatrix.cpp][info] Throw 751400/1000000
[MakeCovarianceMatrix.cpp][info] Throw 751500/1000000
[MakeCovarianceMatrix.cpp][info] Throw 751600/1000000
[MakeCovarianceMatrix.cpp][info] Throw 751700/1000000
[MakeCovarianceMatrix.cpp][info] Throw 751800/1000000
[MakeCovarianceMatrix.cpp][info] Throw 751900/1000000
[MakeCovarianceMatrix.cpp][info] Throw 752000/1000000
[MakeCovarianceMatrix.cpp][info] Throw 752100/1000000
[MakeCovarianceMatrix.cpp][info] Throw 752200/1000000
[MakeCovarianceMatrix.cpp][info] Throw 752300/1000000
[MakeCovarianceMatrix.cpp][info] Throw 752400/1000000
[MakeCovarianceMatrix.cpp][info] Throw 752500/1000000
[MakeCovarianceMatrix.cpp][info] Throw 752600/1000000
[MakeCovarianceMatrix.cpp][info] Throw 752700/1000000
[MakeCovarianceMatrix.cpp][info] Throw 752800/1000000
[MakeCovarianceMatrix.cpp][info] Throw 752900/1000000
[MakeCovarianceMatrix.cpp][info] Throw 753000/1000000
[MakeCovarianceMatrix.cpp][info] Throw 753100/1000000
[MakeCovarianceMatrix.cpp][info] Throw 753200/1000000
[MakeCovarianceMatrix.cpp][info] Throw 753300/1000000
[MakeCovarianceMatrix.cpp][info] Throw 753400/1000000
[MakeCovarianceMatrix.cpp][info] Throw 753500/1000000
[MakeCovarianceMatrix.cpp][info] Throw 753600/1000000
[MakeCovarianceMatrix.cpp][info] Throw 753700/1000000
[MakeCovarianceMatrix.cpp][info] Throw 753800/1000000
[MakeCovarianceMatrix.cpp][info] Throw 753900/1000000
[MakeCovarianceMatrix.cpp][info] Throw 754000/1000000
[MakeCovarianceMatrix.cpp][info] Throw 754100/1000000
[MakeCovarianceMatrix.cpp][info] Throw 754200/1000000
[MakeCovarianceMatrix.cpp][info] Throw 754300/1000000
[MakeCovarianceMatrix.cpp][info] Throw 754400/1000000
[MakeCovarianceMatrix.cpp][info] Throw 754500/1000000
[MakeCovarianceMatrix.cpp][info] Throw 754600/1000000
[MakeCovarianceMatrix.cpp][info] Throw 754700/1000000
[MakeCovarianceMatrix.cpp][info] Throw 754800/1000000
[MakeCovarianceMatrix.cpp][info] Throw 754900/1000000
[MakeCovarianceMatrix.cpp][info] Throw 755000/1000000
[MakeCovarianceMatrix.cpp][info] Throw 755100/1000000
[MakeCovarianceMatrix.cpp][info] Throw 755200/1000000
[MakeCovarianceMatrix.cpp][info] Throw 755300/1000000
[MakeCovarianceMatrix.cpp][info] Throw 755400/1000000
[MakeCovarianceMatrix.cpp][info] Throw 755500/1000000
[MakeCovarianceMatrix.cpp][info] Throw 755600/1000000
[MakeCovarianceMatrix.cpp][info] Throw 755700/1000000
[MakeCovarianceMatrix.cpp][info] Throw 755800/1000000
[MakeCovarianceMatrix.cpp][info] Throw 755900/1000000
[MakeCovarianceMatrix.cpp][info] Throw 756000/1000000
[MakeCovarianceMatrix.cpp][info] Throw 756100/1000000
[MakeCovarianceMatrix.cpp][info] Throw 756200/1000000
[MakeCovarianceMatrix.cpp][info] Throw 756300/1000000
[MakeCovarianceMatrix.cpp][info] Throw 756400/1000000
[MakeCovarianceMatrix.cpp][info] Throw 756500/1000000
[MakeCovarianceMatrix.cpp][info] Throw 756600/1000000
[MakeCovarianceMatrix.cpp][info] Throw 756700/1000000
[MakeCovarianceMatrix.cpp][info] Throw 756800/1000000
[MakeCovarianceMatrix.cpp][info] Throw 756900/1000000
[MakeCovarianceMatrix.cpp][info] Throw 757000/1000000
[MakeCovarianceMatrix.cpp][info] Throw 757100/1000000
[MakeCovarianceMatrix.cpp][info] Throw 757200/1000000
[MakeCovarianceMatrix.cpp][info] Throw 757300/1000000
[MakeCovarianceMatrix.cpp][info] Throw 757400/1000000
[MakeCovarianceMatrix.cpp][info] Throw 757500/1000000
[MakeCovarianceMatrix.cpp][info] Throw 757600/1000000
[MakeCovarianceMatrix.cpp][info] Throw 757700/1000000
[MakeCovarianceMatrix.cpp][info] Throw 757800/1000000
[MakeCovarianceMatrix.cpp][info] Throw 757900/1000000
[MakeCovarianceMatrix.cpp][info] Throw 758000/1000000
[MakeCovarianceMatrix.cpp][info] Throw 758100/1000000
[MakeCovarianceMatrix.cpp][info] Throw 758200/1000000
[MakeCovarianceMatrix.cpp][info] Throw 758300/1000000
[MakeCovarianceMatrix.cpp][info] Throw 758400/1000000
[MakeCovarianceMatrix.cpp][info] Throw 758500/1000000
[MakeCovarianceMatrix.cpp][info] Throw 758600/1000000
[MakeCovarianceMatrix.cpp][info] Throw 758700/1000000
[MakeCovarianceMatrix.cpp][info] Throw 758800/1000000
[MakeCovarianceMatrix.cpp][info] Throw 758900/1000000
[MakeCovarianceMatrix.cpp][info] Throw 759000/1000000
[MakeCovarianceMatrix.cpp][info] Throw 759100/1000000
[MakeCovarianceMatrix.cpp][info] Throw 759200/1000000
[MakeCovarianceMatrix.cpp][info] Throw 759300/1000000
[MakeCovarianceMatrix.cpp][info] Throw 759400/1000000
[MakeCovarianceMatrix.cpp][info] Throw 759500/1000000
[MakeCovarianceMatrix.cpp][info] Throw 759600/1000000
[MakeCovarianceMatrix.cpp][info] Throw 759700/1000000
[MakeCovarianceMatrix.cpp][info] Throw 759800/1000000
[MakeCovarianceMatrix.cpp][info] Throw 759900/1000000
[MakeCovarianceMatrix.cpp][info] Throw 760000/1000000
[MakeCovarianceMatrix.cpp][info] Throw 760100/1000000
[MakeCovarianceMatrix.cpp][info] Throw 760200/1000000
[MakeCovarianceMatrix.cpp][info] Throw 760300/1000000
[MakeCovarianceMatrix.cpp][info] Throw 760400/1000000
[MakeCovarianceMatrix.cpp][info] Throw 760500/1000000
[MakeCovarianceMatrix.cpp][info] Throw 760600/1000000
[MakeCovarianceMatrix.cpp][info] Throw 760700/1000000
[MakeCovarianceMatrix.cpp][info] Throw 760800/1000000
[MakeCovarianceMatrix.cpp][info] Throw 760900/1000000
[MakeCovarianceMatrix.cpp][info] Throw 761000/1000000
[MakeCovarianceMatrix.cpp][info] Throw 761100/1000000
[MakeCovarianceMatrix.cpp][info] Throw 761200/1000000
[MakeCovarianceMatrix.cpp][info] Throw 761300/1000000
[MakeCovarianceMatrix.cpp][info] Throw 761400/1000000
[MakeCovarianceMatrix.cpp][info] Throw 761500/1000000
[MakeCovarianceMatrix.cpp][info] Throw 761600/1000000
[MakeCovarianceMatrix.cpp][info] Throw 761700/1000000
[MakeCovarianceMatrix.cpp][info] Throw 761800/1000000
[MakeCovarianceMatrix.cpp][info] Throw 761900/1000000
[MakeCovarianceMatrix.cpp][info] Throw 762000/1000000
[MakeCovarianceMatrix.cpp][info] Throw 762100/1000000
[MakeCovarianceMatrix.cpp][info] Throw 762200/1000000
[MakeCovarianceMatrix.cpp][info] Throw 762300/1000000
[MakeCovarianceMatrix.cpp][info] Throw 762400/1000000
[MakeCovarianceMatrix.cpp][info] Throw 762500/1000000
[MakeCovarianceMatrix.cpp][info] Throw 762600/1000000
[MakeCovarianceMatrix.cpp][info] Throw 762700/1000000
[MakeCovarianceMatrix.cpp][info] Throw 762800/1000000
[MakeCovarianceMatrix.cpp][info] Throw 762900/1000000
[MakeCovarianceMatrix.cpp][info] Throw 763000/1000000
[MakeCovarianceMatrix.cpp][info] Throw 763100/1000000
[MakeCovarianceMatrix.cpp][info] Throw 763200/1000000
[MakeCovarianceMatrix.cpp][info] Throw 763300/1000000
[MakeCovarianceMatrix.cpp][info] Throw 763400/1000000
[MakeCovarianceMatrix.cpp][info] Throw 763500/1000000
[MakeCovarianceMatrix.cpp][info] Throw 763600/1000000
[MakeCovarianceMatrix.cpp][info] Throw 763700/1000000
[MakeCovarianceMatrix.cpp][info] Throw 763800/1000000
[MakeCovarianceMatrix.cpp][info] Throw 763900/1000000
[MakeCovarianceMatrix.cpp][info] Throw 764000/1000000
[MakeCovarianceMatrix.cpp][info] Throw 764100/1000000
[MakeCovarianceMatrix.cpp][info] Throw 764200/1000000
[MakeCovarianceMatrix.cpp][info] Throw 764300/1000000
[MakeCovarianceMatrix.cpp][info] Throw 764400/1000000
[MakeCovarianceMatrix.cpp][info] Throw 764500/1000000
[MakeCovarianceMatrix.cpp][info] Throw 764600/1000000
[MakeCovarianceMatrix.cpp][info] Throw 764700/1000000
[MakeCovarianceMatrix.cpp][info] Throw 764800/1000000
[MakeCovarianceMatrix.cpp][info] Throw 764900/1000000
[MakeCovarianceMatrix.cpp][info] Throw 765000/1000000
[MakeCovarianceMatrix.cpp][info] Throw 765100/1000000
[MakeCovarianceMatrix.cpp][info] Throw 765200/1000000
[MakeCovarianceMatrix.cpp][info] Throw 765300/1000000
[MakeCovarianceMatrix.cpp][info] Throw 765400/1000000
[MakeCovarianceMatrix.cpp][info] Throw 765500/1000000
[MakeCovarianceMatrix.cpp][info] Throw 765600/1000000
[MakeCovarianceMatrix.cpp][info] Throw 765700/1000000
[MakeCovarianceMatrix.cpp][info] Throw 765800/1000000
[MakeCovarianceMatrix.cpp][info] Throw 765900/1000000
[MakeCovarianceMatrix.cpp][info] Throw 766000/1000000
[MakeCovarianceMatrix.cpp][info] Throw 766100/1000000
[MakeCovarianceMatrix.cpp][info] Throw 766200/1000000
[MakeCovarianceMatrix.cpp][info] Throw 766300/1000000
[MakeCovarianceMatrix.cpp][info] Throw 766400/1000000
[MakeCovarianceMatrix.cpp][info] Throw 766500/1000000
[MakeCovarianceMatrix.cpp][info] Throw 766600/1000000
[MakeCovarianceMatrix.cpp][info] Throw 766700/1000000
[MakeCovarianceMatrix.cpp][info] Throw 766800/1000000
[MakeCovarianceMatrix.cpp][info] Throw 766900/1000000
[MakeCovarianceMatrix.cpp][info] Throw 767000/1000000
[MakeCovarianceMatrix.cpp][info] Throw 767100/1000000
[MakeCovarianceMatrix.cpp][info] Throw 767200/1000000
[MakeCovarianceMatrix.cpp][info] Throw 767300/1000000
[MakeCovarianceMatrix.cpp][info] Throw 767400/1000000
[MakeCovarianceMatrix.cpp][info] Throw 767500/1000000
[MakeCovarianceMatrix.cpp][info] Throw 767600/1000000
[MakeCovarianceMatrix.cpp][info] Throw 767700/1000000
[MakeCovarianceMatrix.cpp][info] Throw 767800/1000000
[MakeCovarianceMatrix.cpp][info] Throw 767900/1000000
[MakeCovarianceMatrix.cpp][info] Throw 768000/1000000
[MakeCovarianceMatrix.cpp][info] Throw 768100/1000000
[MakeCovarianceMatrix.cpp][info] Throw 768200/1000000
[MakeCovarianceMatrix.cpp][info] Throw 768300/1000000
[MakeCovarianceMatrix.cpp][info] Throw 768400/1000000
[MakeCovarianceMatrix.cpp][info] Throw 768500/1000000
[MakeCovarianceMatrix.cpp][info] Throw 768600/1000000
[MakeCovarianceMatrix.cpp][info] Throw 768700/1000000
[MakeCovarianceMatrix.cpp][info] Throw 768800/1000000
[MakeCovarianceMatrix.cpp][info] Throw 768900/1000000
[MakeCovarianceMatrix.cpp][info] Throw 769000/1000000
[MakeCovarianceMatrix.cpp][info] Throw 769100/1000000
[MakeCovarianceMatrix.cpp][info] Throw 769200/1000000
[MakeCovarianceMatrix.cpp][info] Throw 769300/1000000
[MakeCovarianceMatrix.cpp][info] Throw 769400/1000000
[MakeCovarianceMatrix.cpp][info] Throw 769500/1000000
[MakeCovarianceMatrix.cpp][info] Throw 769600/1000000
[MakeCovarianceMatrix.cpp][info] Throw 769700/1000000
[MakeCovarianceMatrix.cpp][info] Throw 769800/1000000
[MakeCovarianceMatrix.cpp][info] Throw 769900/1000000
[MakeCovarianceMatrix.cpp][info] Throw 770000/1000000
[MakeCovarianceMatrix.cpp][info] Throw 770100/1000000
[MakeCovarianceMatrix.cpp][info] Throw 770200/1000000
[MakeCovarianceMatrix.cpp][info] Throw 770300/1000000
[MakeCovarianceMatrix.cpp][info] Throw 770400/1000000
[MakeCovarianceMatrix.cpp][info] Throw 770500/1000000
[MakeCovarianceMatrix.cpp][info] Throw 770600/1000000
[MakeCovarianceMatrix.cpp][info] Throw 770700/1000000
[MakeCovarianceMatrix.cpp][info] Throw 770800/1000000
[MakeCovarianceMatrix.cpp][info] Throw 770900/1000000
[MakeCovarianceMatrix.cpp][info] Throw 771000/1000000
[MakeCovarianceMatrix.cpp][info] Throw 771100/1000000
[MakeCovarianceMatrix.cpp][info] Throw 771200/1000000
[MakeCovarianceMatrix.cpp][info] Throw 771300/1000000
[MakeCovarianceMatrix.cpp][info] Throw 771400/1000000
[MakeCovarianceMatrix.cpp][info] Throw 771500/1000000
[MakeCovarianceMatrix.cpp][info] Throw 771600/1000000
[MakeCovarianceMatrix.cpp][info] Throw 771700/1000000
[MakeCovarianceMatrix.cpp][info] Throw 771800/1000000
[MakeCovarianceMatrix.cpp][info] Throw 771900/1000000
[MakeCovarianceMatrix.cpp][info] Throw 772000/1000000
[MakeCovarianceMatrix.cpp][info] Throw 772100/1000000
[MakeCovarianceMatrix.cpp][info] Throw 772200/1000000
[MakeCovarianceMatrix.cpp][info] Throw 772300/1000000
[MakeCovarianceMatrix.cpp][info] Throw 772400/1000000
[MakeCovarianceMatrix.cpp][info] Throw 772500/1000000
[MakeCovarianceMatrix.cpp][info] Throw 772600/1000000
[MakeCovarianceMatrix.cpp][info] Throw 772700/1000000
[MakeCovarianceMatrix.cpp][info] Throw 772800/1000000
[MakeCovarianceMatrix.cpp][info] Throw 772900/1000000
[MakeCovarianceMatrix.cpp][info] Throw 773000/1000000
[MakeCovarianceMatrix.cpp][info] Throw 773100/1000000
[MakeCovarianceMatrix.cpp][info] Throw 773200/1000000
[MakeCovarianceMatrix.cpp][info] Throw 773300/1000000
[MakeCovarianceMatrix.cpp][info] Throw 773400/1000000
[MakeCovarianceMatrix.cpp][info] Throw 773500/1000000
[MakeCovarianceMatrix.cpp][info] Throw 773600/1000000
[MakeCovarianceMatrix.cpp][info] Throw 773700/1000000
[MakeCovarianceMatrix.cpp][info] Throw 773800/1000000
[MakeCovarianceMatrix.cpp][info] Throw 773900/1000000
[MakeCovarianceMatrix.cpp][info] Throw 774000/1000000
[MakeCovarianceMatrix.cpp][info] Throw 774100/1000000
[MakeCovarianceMatrix.cpp][info] Throw 774200/1000000
[MakeCovarianceMatrix.cpp][info] Throw 774300/1000000
[MakeCovarianceMatrix.cpp][info] Throw 774400/1000000
[MakeCovarianceMatrix.cpp][info] Throw 774500/1000000
[MakeCovarianceMatrix.cpp][info] Throw 774600/1000000
[MakeCovarianceMatrix.cpp][info] Throw 774700/1000000
[MakeCovarianceMatrix.cpp][info] Throw 774800/1000000
[MakeCovarianceMatrix.cpp][info] Throw 774900/1000000
[MakeCovarianceMatrix.cpp][info] Throw 775000/1000000
[MakeCovarianceMatrix.cpp][info] Throw 775100/1000000
[MakeCovarianceMatrix.cpp][info] Throw 775200/1000000
[MakeCovarianceMatrix.cpp][info] Throw 775300/1000000
[MakeCovarianceMatrix.cpp][info] Throw 775400/1000000
[MakeCovarianceMatrix.cpp][info] Throw 775500/1000000
[MakeCovarianceMatrix.cpp][info] Throw 775600/1000000
[MakeCovarianceMatrix.cpp][info] Throw 775700/1000000
[MakeCovarianceMatrix.cpp][info] Throw 775800/1000000
[MakeCovarianceMatrix.cpp][info] Throw 775900/1000000
[MakeCovarianceMatrix.cpp][info] Throw 776000/1000000
[MakeCovarianceMatrix.cpp][info] Throw 776100/1000000
[MakeCovarianceMatrix.cpp][info] Throw 776200/1000000
[MakeCovarianceMatrix.cpp][info] Throw 776300/1000000
[MakeCovarianceMatrix.cpp][info] Throw 776400/1000000
[MakeCovarianceMatrix.cpp][info] Throw 776500/1000000
[MakeCovarianceMatrix.cpp][info] Throw 776600/1000000
[MakeCovarianceMatrix.cpp][info] Throw 776700/1000000
[MakeCovarianceMatrix.cpp][info] Throw 776800/1000000
[MakeCovarianceMatrix.cpp][info] Throw 776900/1000000
[MakeCovarianceMatrix.cpp][info] Throw 777000/1000000
[MakeCovarianceMatrix.cpp][info] Throw 777100/1000000
[MakeCovarianceMatrix.cpp][info] Throw 777200/1000000
[MakeCovarianceMatrix.cpp][info] Throw 777300/1000000
[MakeCovarianceMatrix.cpp][info] Throw 777400/1000000
[MakeCovarianceMatrix.cpp][info] Throw 777500/1000000
[MakeCovarianceMatrix.cpp][info] Throw 777600/1000000
[MakeCovarianceMatrix.cpp][info] Throw 777700/1000000
[MakeCovarianceMatrix.cpp][info] Throw 777800/1000000
[MakeCovarianceMatrix.cpp][info] Throw 777900/1000000
[MakeCovarianceMatrix.cpp][info] Throw 778000/1000000
[MakeCovarianceMatrix.cpp][info] Throw 778100/1000000
[MakeCovarianceMatrix.cpp][info] Throw 778200/1000000
[MakeCovarianceMatrix.cpp][info] Throw 778300/1000000
[MakeCovarianceMatrix.cpp][info] Throw 778400/1000000
[MakeCovarianceMatrix.cpp][info] Throw 778500/1000000
[MakeCovarianceMatrix.cpp][info] Throw 778600/1000000
[MakeCovarianceMatrix.cpp][info] Throw 778700/1000000
[MakeCovarianceMatrix.cpp][info] Throw 778800/1000000
[MakeCovarianceMatrix.cpp][info] Throw 778900/1000000
[MakeCovarianceMatrix.cpp][info] Throw 779000/1000000
[MakeCovarianceMatrix.cpp][info] Throw 779100/1000000
[MakeCovarianceMatrix.cpp][info] Throw 779200/1000000
[MakeCovarianceMatrix.cpp][info] Throw 779300/1000000
[MakeCovarianceMatrix.cpp][info] Throw 779400/1000000
[MakeCovarianceMatrix.cpp][info] Throw 779500/1000000
[MakeCovarianceMatrix.cpp][info] Throw 779600/1000000
[MakeCovarianceMatrix.cpp][info] Throw 779700/1000000
[MakeCovarianceMatrix.cpp][info] Throw 779800/1000000
[MakeCovarianceMatrix.cpp][info] Throw 779900/1000000
[MakeCovarianceMatrix.cpp][info] Throw 780000/1000000
[MakeCovarianceMatrix.cpp][info] Throw 780100/1000000
[MakeCovarianceMatrix.cpp][info] Throw 780200/1000000
[MakeCovarianceMatrix.cpp][info] Throw 780300/1000000
[MakeCovarianceMatrix.cpp][info] Throw 780400/1000000
[MakeCovarianceMatrix.cpp][info] Throw 780500/1000000
[MakeCovarianceMatrix.cpp][info] Throw 780600/1000000
[MakeCovarianceMatrix.cpp][info] Throw 780700/1000000
[MakeCovarianceMatrix.cpp][info] Throw 780800/1000000
[MakeCovarianceMatrix.cpp][info] Throw 780900/1000000
[MakeCovarianceMatrix.cpp][info] Throw 781000/1000000
[MakeCovarianceMatrix.cpp][info] Throw 781100/1000000
[MakeCovarianceMatrix.cpp][info] Throw 781200/1000000
[MakeCovarianceMatrix.cpp][info] Throw 781300/1000000
[MakeCovarianceMatrix.cpp][info] Throw 781400/1000000
[MakeCovarianceMatrix.cpp][info] Throw 781500/1000000
[MakeCovarianceMatrix.cpp][info] Throw 781600/1000000
[MakeCovarianceMatrix.cpp][info] Throw 781700/1000000
[MakeCovarianceMatrix.cpp][info] Throw 781800/1000000
[MakeCovarianceMatrix.cpp][info] Throw 781900/1000000
[MakeCovarianceMatrix.cpp][info] Throw 782000/1000000
[MakeCovarianceMatrix.cpp][info] Throw 782100/1000000
[MakeCovarianceMatrix.cpp][info] Throw 782200/1000000
[MakeCovarianceMatrix.cpp][info] Throw 782300/1000000
[MakeCovarianceMatrix.cpp][info] Throw 782400/1000000
[MakeCovarianceMatrix.cpp][info] Throw 782500/1000000
[MakeCovarianceMatrix.cpp][info] Throw 782600/1000000
[MakeCovarianceMatrix.cpp][info] Throw 782700/1000000
[MakeCovarianceMatrix.cpp][info] Throw 782800/1000000
[MakeCovarianceMatrix.cpp][info] Throw 782900/1000000
[MakeCovarianceMatrix.cpp][info] Throw 783000/1000000
[MakeCovarianceMatrix.cpp][info] Throw 783100/1000000
[MakeCovarianceMatrix.cpp][info] Throw 783200/1000000
[MakeCovarianceMatrix.cpp][info] Throw 783300/1000000
[MakeCovarianceMatrix.cpp][info] Throw 783400/1000000
[MakeCovarianceMatrix.cpp][info] Throw 783500/1000000
[MakeCovarianceMatrix.cpp][info] Throw 783600/1000000
[MakeCovarianceMatrix.cpp][info] Throw 783700/1000000
[MakeCovarianceMatrix.cpp][info] Throw 783800/1000000
[MakeCovarianceMatrix.cpp][info] Throw 783900/1000000
[MakeCovarianceMatrix.cpp][info] Throw 784000/1000000
[MakeCovarianceMatrix.cpp][info] Throw 784100/1000000
[MakeCovarianceMatrix.cpp][info] Throw 784200/1000000
[MakeCovarianceMatrix.cpp][info] Throw 784300/1000000
[MakeCovarianceMatrix.cpp][info] Throw 784400/1000000
[MakeCovarianceMatrix.cpp][info] Throw 784500/1000000
[MakeCovarianceMatrix.cpp][info] Throw 784600/1000000
[MakeCovarianceMatrix.cpp][info] Throw 784700/1000000
[MakeCovarianceMatrix.cpp][info] Throw 784800/1000000
[MakeCovarianceMatrix.cpp][info] Throw 784900/1000000
[MakeCovarianceMatrix.cpp][info] Throw 785000/1000000
[MakeCovarianceMatrix.cpp][info] Throw 785100/1000000
[MakeCovarianceMatrix.cpp][info] Throw 785200/1000000
[MakeCovarianceMatrix.cpp][info] Throw 785300/1000000
[MakeCovarianceMatrix.cpp][info] Throw 785400/1000000
[MakeCovarianceMatrix.cpp][info] Throw 785500/1000000
[MakeCovarianceMatrix.cpp][info] Throw 785600/1000000
[MakeCovarianceMatrix.cpp][info] Throw 785700/1000000
[MakeCovarianceMatrix.cpp][info] Throw 785800/1000000
[MakeCovarianceMatrix.cpp][info] Throw 785900/1000000
[MakeCovarianceMatrix.cpp][info] Throw 786000/1000000
[MakeCovarianceMatrix.cpp][info] Throw 786100/1000000
[MakeCovarianceMatrix.cpp][info] Throw 786200/1000000
[MakeCovarianceMatrix.cpp][info] Throw 786300/1000000
[MakeCovarianceMatrix.cpp][info] Throw 786400/1000000
[MakeCovarianceMatrix.cpp][info] Throw 786500/1000000
[MakeCovarianceMatrix.cpp][info] Throw 786600/1000000
[MakeCovarianceMatrix.cpp][info] Throw 786700/1000000
[MakeCovarianceMatrix.cpp][info] Throw 786800/1000000
[MakeCovarianceMatrix.cpp][info] Throw 786900/1000000
[MakeCovarianceMatrix.cpp][info] Throw 787000/1000000
[MakeCovarianceMatrix.cpp][info] Throw 787100/1000000
[MakeCovarianceMatrix.cpp][info] Throw 787200/1000000
[MakeCovarianceMatrix.cpp][info] Throw 787300/1000000
[MakeCovarianceMatrix.cpp][info] Throw 787400/1000000
[MakeCovarianceMatrix.cpp][info] Throw 787500/1000000
[MakeCovarianceMatrix.cpp][info] Throw 787600/1000000
[MakeCovarianceMatrix.cpp][info] Throw 787700/1000000
[MakeCovarianceMatrix.cpp][info] Throw 787800/1000000
[MakeCovarianceMatrix.cpp][info] Throw 787900/1000000
[MakeCovarianceMatrix.cpp][info] Throw 788000/1000000
[MakeCovarianceMatrix.cpp][info] Throw 788100/1000000
[MakeCovarianceMatrix.cpp][info] Throw 788200/1000000
[MakeCovarianceMatrix.cpp][info] Throw 788300/1000000
[MakeCovarianceMatrix.cpp][info] Throw 788400/1000000
[MakeCovarianceMatrix.cpp][info] Throw 788500/1000000
[MakeCovarianceMatrix.cpp][info] Throw 788600/1000000
[MakeCovarianceMatrix.cpp][info] Throw 788700/1000000
[MakeCovarianceMatrix.cpp][info] Throw 788800/1000000
[MakeCovarianceMatrix.cpp][info] Throw 788900/1000000
[MakeCovarianceMatrix.cpp][info] Throw 789000/1000000
[MakeCovarianceMatrix.cpp][info] Throw 789100/1000000
[MakeCovarianceMatrix.cpp][info] Throw 789200/1000000
[MakeCovarianceMatrix.cpp][info] Throw 789300/1000000
[MakeCovarianceMatrix.cpp][info] Throw 789400/1000000
[MakeCovarianceMatrix.cpp][info] Throw 789500/1000000
[MakeCovarianceMatrix.cpp][info] Throw 789600/1000000
[MakeCovarianceMatrix.cpp][info] Throw 789700/1000000
[MakeCovarianceMatrix.cpp][info] Throw 789800/1000000
[MakeCovarianceMatrix.cpp][info] Throw 789900/1000000
[MakeCovarianceMatrix.cpp][info] Throw 790000/1000000
[MakeCovarianceMatrix.cpp][info] Throw 790100/1000000
[MakeCovarianceMatrix.cpp][info] Throw 790200/1000000
[MakeCovarianceMatrix.cpp][info] Throw 790300/1000000
[MakeCovarianceMatrix.cpp][info] Throw 790400/1000000
[MakeCovarianceMatrix.cpp][info] Throw 790500/1000000
[MakeCovarianceMatrix.cpp][info] Throw 790600/1000000
[MakeCovarianceMatrix.cpp][info] Throw 790700/1000000
[MakeCovarianceMatrix.cpp][info] Throw 790800/1000000
[MakeCovarianceMatrix.cpp][info] Throw 790900/1000000
[MakeCovarianceMatrix.cpp][info] Throw 791000/1000000
[MakeCovarianceMatrix.cpp][info] Throw 791100/1000000
[MakeCovarianceMatrix.cpp][info] Throw 791200/1000000
[MakeCovarianceMatrix.cpp][info] Throw 791300/1000000
[MakeCovarianceMatrix.cpp][info] Throw 791400/1000000
[MakeCovarianceMatrix.cpp][info] Throw 791500/1000000
[MakeCovarianceMatrix.cpp][info] Throw 791600/1000000
[MakeCovarianceMatrix.cpp][info] Throw 791700/1000000
[MakeCovarianceMatrix.cpp][info] Throw 791800/1000000
[MakeCovarianceMatrix.cpp][info] Throw 791900/1000000
[MakeCovarianceMatrix.cpp][info] Throw 792000/1000000
[MakeCovarianceMatrix.cpp][info] Throw 792100/1000000
[MakeCovarianceMatrix.cpp][info] Throw 792200/1000000
[MakeCovarianceMatrix.cpp][info] Throw 792300/1000000
[MakeCovarianceMatrix.cpp][info] Throw 792400/1000000
[MakeCovarianceMatrix.cpp][info] Throw 792500/1000000
[MakeCovarianceMatrix.cpp][info] Throw 792600/1000000
[MakeCovarianceMatrix.cpp][info] Throw 792700/1000000
[MakeCovarianceMatrix.cpp][info] Throw 792800/1000000
[MakeCovarianceMatrix.cpp][info] Throw 792900/1000000
[MakeCovarianceMatrix.cpp][info] Throw 793000/1000000
[MakeCovarianceMatrix.cpp][info] Throw 793100/1000000
[MakeCovarianceMatrix.cpp][info] Throw 793200/1000000
[MakeCovarianceMatrix.cpp][info] Throw 793300/1000000
[MakeCovarianceMatrix.cpp][info] Throw 793400/1000000
[MakeCovarianceMatrix.cpp][info] Throw 793500/1000000
[MakeCovarianceMatrix.cpp][info] Throw 793600/1000000
[MakeCovarianceMatrix.cpp][info] Throw 793700/1000000
[MakeCovarianceMatrix.cpp][info] Throw 793800/1000000
[MakeCovarianceMatrix.cpp][info] Throw 793900/1000000
[MakeCovarianceMatrix.cpp][info] Throw 794000/1000000
[MakeCovarianceMatrix.cpp][info] Throw 794100/1000000
[MakeCovarianceMatrix.cpp][info] Throw 794200/1000000
[MakeCovarianceMatrix.cpp][info] Throw 794300/1000000
[MakeCovarianceMatrix.cpp][info] Throw 794400/1000000
[MakeCovarianceMatrix.cpp][info] Throw 794500/1000000
[MakeCovarianceMatrix.cpp][info] Throw 794600/1000000
[MakeCovarianceMatrix.cpp][info] Throw 794700/1000000
[MakeCovarianceMatrix.cpp][info] Throw 794800/1000000
[MakeCovarianceMatrix.cpp][info] Throw 794900/1000000
[MakeCovarianceMatrix.cpp][info] Throw 795000/1000000
[MakeCovarianceMatrix.cpp][info] Throw 795100/1000000
[MakeCovarianceMatrix.cpp][info] Throw 795200/1000000
[MakeCovarianceMatrix.cpp][info] Throw 795300/1000000
[MakeCovarianceMatrix.cpp][info] Throw 795400/1000000
[MakeCovarianceMatrix.cpp][info] Throw 795500/1000000
[MakeCovarianceMatrix.cpp][info] Throw 795600/1000000
[MakeCovarianceMatrix.cpp][info] Throw 795700/1000000
[MakeCovarianceMatrix.cpp][info] Throw 795800/1000000
[MakeCovarianceMatrix.cpp][info] Throw 795900/1000000
[MakeCovarianceMatrix.cpp][info] Throw 796000/1000000
[MakeCovarianceMatrix.cpp][info] Throw 796100/1000000
[MakeCovarianceMatrix.cpp][info] Throw 796200/1000000
[MakeCovarianceMatrix.cpp][info] Throw 796300/1000000
[MakeCovarianceMatrix.cpp][info] Throw 796400/1000000
[MakeCovarianceMatrix.cpp][info] Throw 796500/1000000
[MakeCovarianceMatrix.cpp][info] Throw 796600/1000000
[MakeCovarianceMatrix.cpp][info] Throw 796700/1000000
[MakeCovarianceMatrix.cpp][info] Throw 796800/1000000
[MakeCovarianceMatrix.cpp][info] Throw 796900/1000000
[MakeCovarianceMatrix.cpp][info] Throw 797000/1000000
[MakeCovarianceMatrix.cpp][info] Throw 797100/1000000
[MakeCovarianceMatrix.cpp][info] Throw 797200/1000000
[MakeCovarianceMatrix.cpp][info] Throw 797300/1000000
[MakeCovarianceMatrix.cpp][info] Throw 797400/1000000
[MakeCovarianceMatrix.cpp][info] Throw 797500/1000000
[MakeCovarianceMatrix.cpp][info] Throw 797600/1000000
[MakeCovarianceMatrix.cpp][info] Throw 797700/1000000
[MakeCovarianceMatrix.cpp][info] Throw 797800/1000000
[MakeCovarianceMatrix.cpp][info] Throw 797900/1000000
[MakeCovarianceMatrix.cpp][info] Throw 798000/1000000
[MakeCovarianceMatrix.cpp][info] Throw 798100/1000000
[MakeCovarianceMatrix.cpp][info] Throw 798200/1000000
[MakeCovarianceMatrix.cpp][info] Throw 798300/1000000
[MakeCovarianceMatrix.cpp][info] Throw 798400/1000000
[MakeCovarianceMatrix.cpp][info] Throw 798500/1000000
[MakeCovarianceMatrix.cpp][info] Throw 798600/1000000
[MakeCovarianceMatrix.cpp][info] Throw 798700/1000000
[MakeCovarianceMatrix.cpp][info] Throw 798800/1000000
[MakeCovarianceMatrix.cpp][info] Throw 798900/1000000
[MakeCovarianceMatrix.cpp][info] Throw 799000/1000000
[MakeCovarianceMatrix.cpp][info] Throw 799100/1000000
[MakeCovarianceMatrix.cpp][info] Throw 799200/1000000
[MakeCovarianceMatrix.cpp][info] Throw 799300/1000000
[MakeCovarianceMatrix.cpp][info] Throw 799400/1000000
[MakeCovarianceMatrix.cpp][info] Throw 799500/1000000
[MakeCovarianceMatrix.cpp][info] Throw 799600/1000000
[MakeCovarianceMatrix.cpp][info] Throw 799700/1000000
[MakeCovarianceMatrix.cpp][info] Throw 799800/1000000
[MakeCovarianceMatrix.cpp][info] Throw 799900/1000000
[MakeCovarianceMatrix.cpp][info] Throw 800000/1000000
[MakeCovarianceMatrix.cpp][info] Throw 800100/1000000
[MakeCovarianceMatrix.cpp][info] Throw 800200/1000000
[MakeCovarianceMatrix.cpp][info] Throw 800300/1000000
[MakeCovarianceMatrix.cpp][info] Throw 800400/1000000
[MakeCovarianceMatrix.cpp][info] Throw 800500/1000000
[MakeCovarianceMatrix.cpp][info] Throw 800600/1000000
[MakeCovarianceMatrix.cpp][info] Throw 800700/1000000
[MakeCovarianceMatrix.cpp][info] Throw 800800/1000000
[MakeCovarianceMatrix.cpp][info] Throw 800900/1000000
[MakeCovarianceMatrix.cpp][info] Throw 801000/1000000
[MakeCovarianceMatrix.cpp][info] Throw 801100/1000000
[MakeCovarianceMatrix.cpp][info] Throw 801200/1000000
[MakeCovarianceMatrix.cpp][info] Throw 801300/1000000
[MakeCovarianceMatrix.cpp][info] Throw 801400/1000000
[MakeCovarianceMatrix.cpp][info] Throw 801500/1000000
[MakeCovarianceMatrix.cpp][info] Throw 801600/1000000
[MakeCovarianceMatrix.cpp][info] Throw 801700/1000000
[MakeCovarianceMatrix.cpp][info] Throw 801800/1000000
[MakeCovarianceMatrix.cpp][info] Throw 801900/1000000
[MakeCovarianceMatrix.cpp][info] Throw 802000/1000000
[MakeCovarianceMatrix.cpp][info] Throw 802100/1000000
[MakeCovarianceMatrix.cpp][info] Throw 802200/1000000
[MakeCovarianceMatrix.cpp][info] Throw 802300/1000000
[MakeCovarianceMatrix.cpp][info] Throw 802400/1000000
[MakeCovarianceMatrix.cpp][info] Throw 802500/1000000
[MakeCovarianceMatrix.cpp][info] Throw 802600/1000000
[MakeCovarianceMatrix.cpp][info] Throw 802700/1000000
[MakeCovarianceMatrix.cpp][info] Throw 802800/1000000
[MakeCovarianceMatrix.cpp][info] Throw 802900/1000000
[MakeCovarianceMatrix.cpp][info] Throw 803000/1000000
[MakeCovarianceMatrix.cpp][info] Throw 803100/1000000
[MakeCovarianceMatrix.cpp][info] Throw 803200/1000000
[MakeCovarianceMatrix.cpp][info] Throw 803300/1000000
[MakeCovarianceMatrix.cpp][info] Throw 803400/1000000
[MakeCovarianceMatrix.cpp][info] Throw 803500/1000000
[MakeCovarianceMatrix.cpp][info] Throw 803600/1000000
[MakeCovarianceMatrix.cpp][info] Throw 803700/1000000
[MakeCovarianceMatrix.cpp][info] Throw 803800/1000000
[MakeCovarianceMatrix.cpp][info] Throw 803900/1000000
[MakeCovarianceMatrix.cpp][info] Throw 804000/1000000
[MakeCovarianceMatrix.cpp][info] Throw 804100/1000000
[MakeCovarianceMatrix.cpp][info] Throw 804200/1000000
[MakeCovarianceMatrix.cpp][info] Throw 804300/1000000
[MakeCovarianceMatrix.cpp][info] Throw 804400/1000000
[MakeCovarianceMatrix.cpp][info] Throw 804500/1000000
[MakeCovarianceMatrix.cpp][info] Throw 804600/1000000
[MakeCovarianceMatrix.cpp][info] Throw 804700/1000000
[MakeCovarianceMatrix.cpp][info] Throw 804800/1000000
[MakeCovarianceMatrix.cpp][info] Throw 804900/1000000
[MakeCovarianceMatrix.cpp][info] Throw 805000/1000000
[MakeCovarianceMatrix.cpp][info] Throw 805100/1000000
[MakeCovarianceMatrix.cpp][info] Throw 805200/1000000
[MakeCovarianceMatrix.cpp][info] Throw 805300/1000000
[MakeCovarianceMatrix.cpp][info] Throw 805400/1000000
[MakeCovarianceMatrix.cpp][info] Throw 805500/1000000
[MakeCovarianceMatrix.cpp][info] Throw 805600/1000000
[MakeCovarianceMatrix.cpp][info] Throw 805700/1000000
[MakeCovarianceMatrix.cpp][info] Throw 805800/1000000
[MakeCovarianceMatrix.cpp][info] Throw 805900/1000000
[MakeCovarianceMatrix.cpp][info] Throw 806000/1000000
[MakeCovarianceMatrix.cpp][info] Throw 806100/1000000
[MakeCovarianceMatrix.cpp][info] Throw 806200/1000000
[MakeCovarianceMatrix.cpp][info] Throw 806300/1000000
[MakeCovarianceMatrix.cpp][info] Throw 806400/1000000
[MakeCovarianceMatrix.cpp][info] Throw 806500/1000000
[MakeCovarianceMatrix.cpp][info] Throw 806600/1000000
[MakeCovarianceMatrix.cpp][info] Throw 806700/1000000
[MakeCovarianceMatrix.cpp][info] Throw 806800/1000000
[MakeCovarianceMatrix.cpp][info] Throw 806900/1000000
[MakeCovarianceMatrix.cpp][info] Throw 807000/1000000
[MakeCovarianceMatrix.cpp][info] Throw 807100/1000000
[MakeCovarianceMatrix.cpp][info] Throw 807200/1000000
[MakeCovarianceMatrix.cpp][info] Throw 807300/1000000
[MakeCovarianceMatrix.cpp][info] Throw 807400/1000000
[MakeCovarianceMatrix.cpp][info] Throw 807500/1000000
[MakeCovarianceMatrix.cpp][info] Throw 807600/1000000
[MakeCovarianceMatrix.cpp][info] Throw 807700/1000000
[MakeCovarianceMatrix.cpp][info] Throw 807800/1000000
[MakeCovarianceMatrix.cpp][info] Throw 807900/1000000
[MakeCovarianceMatrix.cpp][info] Throw 808000/1000000
[MakeCovarianceMatrix.cpp][info] Throw 808100/1000000
[MakeCovarianceMatrix.cpp][info] Throw 808200/1000000
[MakeCovarianceMatrix.cpp][info] Throw 808300/1000000
[MakeCovarianceMatrix.cpp][info] Throw 808400/1000000
[MakeCovarianceMatrix.cpp][info] Throw 808500/1000000
[MakeCovarianceMatrix.cpp][info] Throw 808600/1000000
[MakeCovarianceMatrix.cpp][info] Throw 808700/1000000
[MakeCovarianceMatrix.cpp][info] Throw 808800/1000000
[MakeCovarianceMatrix.cpp][info] Throw 808900/1000000
[MakeCovarianceMatrix.cpp][info] Throw 809000/1000000
[MakeCovarianceMatrix.cpp][info] Throw 809100/1000000
[MakeCovarianceMatrix.cpp][info] Throw 809200/1000000
[MakeCovarianceMatrix.cpp][info] Throw 809300/1000000
[MakeCovarianceMatrix.cpp][info] Throw 809400/1000000
[MakeCovarianceMatrix.cpp][info] Throw 809500/1000000
[MakeCovarianceMatrix.cpp][info] Throw 809600/1000000
[MakeCovarianceMatrix.cpp][info] Throw 809700/1000000
[MakeCovarianceMatrix.cpp][info] Throw 809800/1000000
[MakeCovarianceMatrix.cpp][info] Throw 809900/1000000
[MakeCovarianceMatrix.cpp][info] Throw 810000/1000000
[MakeCovarianceMatrix.cpp][info] Throw 810100/1000000
[MakeCovarianceMatrix.cpp][info] Throw 810200/1000000
[MakeCovarianceMatrix.cpp][info] Throw 810300/1000000
[MakeCovarianceMatrix.cpp][info] Throw 810400/1000000
[MakeCovarianceMatrix.cpp][info] Throw 810500/1000000
[MakeCovarianceMatrix.cpp][info] Throw 810600/1000000
[MakeCovarianceMatrix.cpp][info] Throw 810700/1000000
[MakeCovarianceMatrix.cpp][info] Throw 810800/1000000
[MakeCovarianceMatrix.cpp][info] Throw 810900/1000000
[MakeCovarianceMatrix.cpp][info] Throw 811000/1000000
[MakeCovarianceMatrix.cpp][info] Throw 811100/1000000
[MakeCovarianceMatrix.cpp][info] Throw 811200/1000000
[MakeCovarianceMatrix.cpp][info] Throw 811300/1000000
[MakeCovarianceMatrix.cpp][info] Throw 811400/1000000
[MakeCovarianceMatrix.cpp][info] Throw 811500/1000000
[MakeCovarianceMatrix.cpp][info] Throw 811600/1000000
[MakeCovarianceMatrix.cpp][info] Throw 811700/1000000
[MakeCovarianceMatrix.cpp][info] Throw 811800/1000000
[MakeCovarianceMatrix.cpp][info] Throw 811900/1000000
[MakeCovarianceMatrix.cpp][info] Throw 812000/1000000
[MakeCovarianceMatrix.cpp][info] Throw 812100/1000000
[MakeCovarianceMatrix.cpp][info] Throw 812200/1000000
[MakeCovarianceMatrix.cpp][info] Throw 812300/1000000
[MakeCovarianceMatrix.cpp][info] Throw 812400/1000000
[MakeCovarianceMatrix.cpp][info] Throw 812500/1000000
[MakeCovarianceMatrix.cpp][info] Throw 812600/1000000
[MakeCovarianceMatrix.cpp][info] Throw 812700/1000000
[MakeCovarianceMatrix.cpp][info] Throw 812800/1000000
[MakeCovarianceMatrix.cpp][info] Throw 812900/1000000
[MakeCovarianceMatrix.cpp][info] Throw 813000/1000000
[MakeCovarianceMatrix.cpp][info] Throw 813100/1000000
[MakeCovarianceMatrix.cpp][info] Throw 813200/1000000
[MakeCovarianceMatrix.cpp][info] Throw 813300/1000000
[MakeCovarianceMatrix.cpp][info] Throw 813400/1000000
[MakeCovarianceMatrix.cpp][info] Throw 813500/1000000
[MakeCovarianceMatrix.cpp][info] Throw 813600/1000000
[MakeCovarianceMatrix.cpp][info] Throw 813700/1000000
[MakeCovarianceMatrix.cpp][info] Throw 813800/1000000
[MakeCovarianceMatrix.cpp][info] Throw 813900/1000000
[MakeCovarianceMatrix.cpp][info] Throw 814000/1000000
[MakeCovarianceMatrix.cpp][info] Throw 814100/1000000
[MakeCovarianceMatrix.cpp][info] Throw 814200/1000000
[MakeCovarianceMatrix.cpp][info] Throw 814300/1000000
[MakeCovarianceMatrix.cpp][info] Throw 814400/1000000
[MakeCovarianceMatrix.cpp][info] Throw 814500/1000000
[MakeCovarianceMatrix.cpp][info] Throw 814600/1000000
[MakeCovarianceMatrix.cpp][info] Throw 814700/1000000
[MakeCovarianceMatrix.cpp][info] Throw 814800/1000000
[MakeCovarianceMatrix.cpp][info] Throw 814900/1000000
[MakeCovarianceMatrix.cpp][info] Throw 815000/1000000
[MakeCovarianceMatrix.cpp][info] Throw 815100/1000000
[MakeCovarianceMatrix.cpp][info] Throw 815200/1000000
[MakeCovarianceMatrix.cpp][info] Throw 815300/1000000
[MakeCovarianceMatrix.cpp][info] Throw 815400/1000000
[MakeCovarianceMatrix.cpp][info] Throw 815500/1000000
[MakeCovarianceMatrix.cpp][info] Throw 815600/1000000
[MakeCovarianceMatrix.cpp][info] Throw 815700/1000000
[MakeCovarianceMatrix.cpp][info] Throw 815800/1000000
[MakeCovarianceMatrix.cpp][info] Throw 815900/1000000
[MakeCovarianceMatrix.cpp][info] Throw 816000/1000000
[MakeCovarianceMatrix.cpp][info] Throw 816100/1000000
[MakeCovarianceMatrix.cpp][info] Throw 816200/1000000
[MakeCovarianceMatrix.cpp][info] Throw 816300/1000000
[MakeCovarianceMatrix.cpp][info] Throw 816400/1000000
[MakeCovarianceMatrix.cpp][info] Throw 816500/1000000
[MakeCovarianceMatrix.cpp][info] Throw 816600/1000000
[MakeCovarianceMatrix.cpp][info] Throw 816700/1000000
[MakeCovarianceMatrix.cpp][info] Throw 816800/1000000
[MakeCovarianceMatrix.cpp][info] Throw 816900/1000000
[MakeCovarianceMatrix.cpp][info] Throw 817000/1000000
[MakeCovarianceMatrix.cpp][info] Throw 817100/1000000
[MakeCovarianceMatrix.cpp][info] Throw 817200/1000000
[MakeCovarianceMatrix.cpp][info] Throw 817300/1000000
[MakeCovarianceMatrix.cpp][info] Throw 817400/1000000
[MakeCovarianceMatrix.cpp][info] Throw 817500/1000000
[MakeCovarianceMatrix.cpp][info] Throw 817600/1000000
[MakeCovarianceMatrix.cpp][info] Throw 817700/1000000
[MakeCovarianceMatrix.cpp][info] Throw 817800/1000000
[MakeCovarianceMatrix.cpp][info] Throw 817900/1000000
[MakeCovarianceMatrix.cpp][info] Throw 818000/1000000
[MakeCovarianceMatrix.cpp][info] Throw 818100/1000000
[MakeCovarianceMatrix.cpp][info] Throw 818200/1000000
[MakeCovarianceMatrix.cpp][info] Throw 818300/1000000
[MakeCovarianceMatrix.cpp][info] Throw 818400/1000000
[MakeCovarianceMatrix.cpp][info] Throw 818500/1000000
[MakeCovarianceMatrix.cpp][info] Throw 818600/1000000
[MakeCovarianceMatrix.cpp][info] Throw 818700/1000000
[MakeCovarianceMatrix.cpp][info] Throw 818800/1000000
[MakeCovarianceMatrix.cpp][info] Throw 818900/1000000
[MakeCovarianceMatrix.cpp][info] Throw 819000/1000000
[MakeCovarianceMatrix.cpp][info] Throw 819100/1000000
[MakeCovarianceMatrix.cpp][info] Throw 819200/1000000
[MakeCovarianceMatrix.cpp][info] Throw 819300/1000000
[MakeCovarianceMatrix.cpp][info] Throw 819400/1000000
[MakeCovarianceMatrix.cpp][info] Throw 819500/1000000
[MakeCovarianceMatrix.cpp][info] Throw 819600/1000000
[MakeCovarianceMatrix.cpp][info] Throw 819700/1000000
[MakeCovarianceMatrix.cpp][info] Throw 819800/1000000
[MakeCovarianceMatrix.cpp][info] Throw 819900/1000000
[MakeCovarianceMatrix.cpp][info] Throw 820000/1000000
[MakeCovarianceMatrix.cpp][info] Throw 820100/1000000
[MakeCovarianceMatrix.cpp][info] Throw 820200/1000000
[MakeCovarianceMatrix.cpp][info] Throw 820300/1000000
[MakeCovarianceMatrix.cpp][info] Throw 820400/1000000
[MakeCovarianceMatrix.cpp][info] Throw 820500/1000000
[MakeCovarianceMatrix.cpp][info] Throw 820600/1000000
[MakeCovarianceMatrix.cpp][info] Throw 820700/1000000
[MakeCovarianceMatrix.cpp][info] Throw 820800/1000000
[MakeCovarianceMatrix.cpp][info] Throw 820900/1000000
[MakeCovarianceMatrix.cpp][info] Throw 821000/1000000
[MakeCovarianceMatrix.cpp][info] Throw 821100/1000000
[MakeCovarianceMatrix.cpp][info] Throw 821200/1000000
[MakeCovarianceMatrix.cpp][info] Throw 821300/1000000
[MakeCovarianceMatrix.cpp][info] Throw 821400/1000000
[MakeCovarianceMatrix.cpp][info] Throw 821500/1000000
[MakeCovarianceMatrix.cpp][info] Throw 821600/1000000
[MakeCovarianceMatrix.cpp][info] Throw 821700/1000000
[MakeCovarianceMatrix.cpp][info] Throw 821800/1000000
[MakeCovarianceMatrix.cpp][info] Throw 821900/1000000
[MakeCovarianceMatrix.cpp][info] Throw 822000/1000000
[MakeCovarianceMatrix.cpp][info] Throw 822100/1000000
[MakeCovarianceMatrix.cpp][info] Throw 822200/1000000
[MakeCovarianceMatrix.cpp][info] Throw 822300/1000000
[MakeCovarianceMatrix.cpp][info] Throw 822400/1000000
[MakeCovarianceMatrix.cpp][info] Throw 822500/1000000
[MakeCovarianceMatrix.cpp][info] Throw 822600/1000000
[MakeCovarianceMatrix.cpp][info] Throw 822700/1000000
[MakeCovarianceMatrix.cpp][info] Throw 822800/1000000
[MakeCovarianceMatrix.cpp][info] Throw 822900/1000000
[MakeCovarianceMatrix.cpp][info] Throw 823000/1000000
[MakeCovarianceMatrix.cpp][info] Throw 823100/1000000
[MakeCovarianceMatrix.cpp][info] Throw 823200/1000000
[MakeCovarianceMatrix.cpp][info] Throw 823300/1000000
[MakeCovarianceMatrix.cpp][info] Throw 823400/1000000
[MakeCovarianceMatrix.cpp][info] Throw 823500/1000000
[MakeCovarianceMatrix.cpp][info] Throw 823600/1000000
[MakeCovarianceMatrix.cpp][info] Throw 823700/1000000
[MakeCovarianceMatrix.cpp][info] Throw 823800/1000000
[MakeCovarianceMatrix.cpp][info] Throw 823900/1000000
[MakeCovarianceMatrix.cpp][info] Throw 824000/1000000
[MakeCovarianceMatrix.cpp][info] Throw 824100/1000000
[MakeCovarianceMatrix.cpp][info] Throw 824200/1000000
[MakeCovarianceMatrix.cpp][info] Throw 824300/1000000
[MakeCovarianceMatrix.cpp][info] Throw 824400/1000000
[MakeCovarianceMatrix.cpp][info] Throw 824500/1000000
[MakeCovarianceMatrix.cpp][info] Throw 824600/1000000
[MakeCovarianceMatrix.cpp][info] Throw 824700/1000000
[MakeCovarianceMatrix.cpp][info] Throw 824800/1000000
[MakeCovarianceMatrix.cpp][info] Throw 824900/1000000
[MakeCovarianceMatrix.cpp][info] Throw 825000/1000000
[MakeCovarianceMatrix.cpp][info] Throw 825100/1000000
[MakeCovarianceMatrix.cpp][info] Throw 825200/1000000
[MakeCovarianceMatrix.cpp][info] Throw 825300/1000000
[MakeCovarianceMatrix.cpp][info] Throw 825400/1000000
[MakeCovarianceMatrix.cpp][info] Throw 825500/1000000
[MakeCovarianceMatrix.cpp][info] Throw 825600/1000000
[MakeCovarianceMatrix.cpp][info] Throw 825700/1000000
[MakeCovarianceMatrix.cpp][info] Throw 825800/1000000
[MakeCovarianceMatrix.cpp][info] Throw 825900/1000000
[MakeCovarianceMatrix.cpp][info] Throw 826000/1000000
[MakeCovarianceMatrix.cpp][info] Throw 826100/1000000
[MakeCovarianceMatrix.cpp][info] Throw 826200/1000000
[MakeCovarianceMatrix.cpp][info] Throw 826300/1000000
[MakeCovarianceMatrix.cpp][info] Throw 826400/1000000
[MakeCovarianceMatrix.cpp][info] Throw 826500/1000000
[MakeCovarianceMatrix.cpp][info] Throw 826600/1000000
[MakeCovarianceMatrix.cpp][info] Throw 826700/1000000
[MakeCovarianceMatrix.cpp][info] Throw 826800/1000000
[MakeCovarianceMatrix.cpp][info] Throw 826900/1000000
[MakeCovarianceMatrix.cpp][info] Throw 827000/1000000
[MakeCovarianceMatrix.cpp][info] Throw 827100/1000000
[MakeCovarianceMatrix.cpp][info] Throw 827200/1000000
[MakeCovarianceMatrix.cpp][info] Throw 827300/1000000
[MakeCovarianceMatrix.cpp][info] Throw 827400/1000000
[MakeCovarianceMatrix.cpp][info] Throw 827500/1000000
[MakeCovarianceMatrix.cpp][info] Throw 827600/1000000
[MakeCovarianceMatrix.cpp][info] Throw 827700/1000000
[MakeCovarianceMatrix.cpp][info] Throw 827800/1000000
[MakeCovarianceMatrix.cpp][info] Throw 827900/1000000
[MakeCovarianceMatrix.cpp][info] Throw 828000/1000000
[MakeCovarianceMatrix.cpp][info] Throw 828100/1000000
[MakeCovarianceMatrix.cpp][info] Throw 828200/1000000
[MakeCovarianceMatrix.cpp][info] Throw 828300/1000000
[MakeCovarianceMatrix.cpp][info] Throw 828400/1000000
[MakeCovarianceMatrix.cpp][info] Throw 828500/1000000
[MakeCovarianceMatrix.cpp][info] Throw 828600/1000000
[MakeCovarianceMatrix.cpp][info] Throw 828700/1000000
[MakeCovarianceMatrix.cpp][info] Throw 828800/1000000
[MakeCovarianceMatrix.cpp][info] Throw 828900/1000000
[MakeCovarianceMatrix.cpp][info] Throw 829000/1000000
[MakeCovarianceMatrix.cpp][info] Throw 829100/1000000
[MakeCovarianceMatrix.cpp][info] Throw 829200/1000000
[MakeCovarianceMatrix.cpp][info] Throw 829300/1000000
[MakeCovarianceMatrix.cpp][info] Throw 829400/1000000
[MakeCovarianceMatrix.cpp][info] Throw 829500/1000000
[MakeCovarianceMatrix.cpp][info] Throw 829600/1000000
[MakeCovarianceMatrix.cpp][info] Throw 829700/1000000
[MakeCovarianceMatrix.cpp][info] Throw 829800/1000000
[MakeCovarianceMatrix.cpp][info] Throw 829900/1000000
[MakeCovarianceMatrix.cpp][info] Throw 830000/1000000
[MakeCovarianceMatrix.cpp][info] Throw 830100/1000000
[MakeCovarianceMatrix.cpp][info] Throw 830200/1000000
[MakeCovarianceMatrix.cpp][info] Throw 830300/1000000
[MakeCovarianceMatrix.cpp][info] Throw 830400/1000000
[MakeCovarianceMatrix.cpp][info] Throw 830500/1000000
[MakeCovarianceMatrix.cpp][info] Throw 830600/1000000
[MakeCovarianceMatrix.cpp][info] Throw 830700/1000000
[MakeCovarianceMatrix.cpp][info] Throw 830800/1000000
[MakeCovarianceMatrix.cpp][info] Throw 830900/1000000
[MakeCovarianceMatrix.cpp][info] Throw 831000/1000000
[MakeCovarianceMatrix.cpp][info] Throw 831100/1000000
[MakeCovarianceMatrix.cpp][info] Throw 831200/1000000
[MakeCovarianceMatrix.cpp][info] Throw 831300/1000000
[MakeCovarianceMatrix.cpp][info] Throw 831400/1000000
[MakeCovarianceMatrix.cpp][info] Throw 831500/1000000
[MakeCovarianceMatrix.cpp][info] Throw 831600/1000000
[MakeCovarianceMatrix.cpp][info] Throw 831700/1000000
[MakeCovarianceMatrix.cpp][info] Throw 831800/1000000
[MakeCovarianceMatrix.cpp][info] Throw 831900/1000000
[MakeCovarianceMatrix.cpp][info] Throw 832000/1000000
[MakeCovarianceMatrix.cpp][info] Throw 832100/1000000
[MakeCovarianceMatrix.cpp][info] Throw 832200/1000000
[MakeCovarianceMatrix.cpp][info] Throw 832300/1000000
[MakeCovarianceMatrix.cpp][info] Throw 832400/1000000
[MakeCovarianceMatrix.cpp][info] Throw 832500/1000000
[MakeCovarianceMatrix.cpp][info] Throw 832600/1000000
[MakeCovarianceMatrix.cpp][info] Throw 832700/1000000
[MakeCovarianceMatrix.cpp][info] Throw 832800/1000000
[MakeCovarianceMatrix.cpp][info] Throw 832900/1000000
[MakeCovarianceMatrix.cpp][info] Throw 833000/1000000
[MakeCovarianceMatrix.cpp][info] Throw 833100/1000000
[MakeCovarianceMatrix.cpp][info] Throw 833200/1000000
[MakeCovarianceMatrix.cpp][info] Throw 833300/1000000
[MakeCovarianceMatrix.cpp][info] Throw 833400/1000000
[MakeCovarianceMatrix.cpp][info] Throw 833500/1000000
[MakeCovarianceMatrix.cpp][info] Throw 833600/1000000
[MakeCovarianceMatrix.cpp][info] Throw 833700/1000000
[MakeCovarianceMatrix.cpp][info] Throw 833800/1000000
[MakeCovarianceMatrix.cpp][info] Throw 833900/1000000
[MakeCovarianceMatrix.cpp][info] Throw 834000/1000000
[MakeCovarianceMatrix.cpp][info] Throw 834100/1000000
[MakeCovarianceMatrix.cpp][info] Throw 834200/1000000
[MakeCovarianceMatrix.cpp][info] Throw 834300/1000000
[MakeCovarianceMatrix.cpp][info] Throw 834400/1000000
[MakeCovarianceMatrix.cpp][info] Throw 834500/1000000
[MakeCovarianceMatrix.cpp][info] Throw 834600/1000000
[MakeCovarianceMatrix.cpp][info] Throw 834700/1000000
[MakeCovarianceMatrix.cpp][info] Throw 834800/1000000
[MakeCovarianceMatrix.cpp][info] Throw 834900/1000000
[MakeCovarianceMatrix.cpp][info] Throw 835000/1000000
[MakeCovarianceMatrix.cpp][info] Throw 835100/1000000
[MakeCovarianceMatrix.cpp][info] Throw 835200/1000000
[MakeCovarianceMatrix.cpp][info] Throw 835300/1000000
[MakeCovarianceMatrix.cpp][info] Throw 835400/1000000
[MakeCovarianceMatrix.cpp][info] Throw 835500/1000000
[MakeCovarianceMatrix.cpp][info] Throw 835600/1000000
[MakeCovarianceMatrix.cpp][info] Throw 835700/1000000
[MakeCovarianceMatrix.cpp][info] Throw 835800/1000000
[MakeCovarianceMatrix.cpp][info] Throw 835900/1000000
[MakeCovarianceMatrix.cpp][info] Throw 836000/1000000
[MakeCovarianceMatrix.cpp][info] Throw 836100/1000000
[MakeCovarianceMatrix.cpp][info] Throw 836200/1000000
[MakeCovarianceMatrix.cpp][info] Throw 836300/1000000
[MakeCovarianceMatrix.cpp][info] Throw 836400/1000000
[MakeCovarianceMatrix.cpp][info] Throw 836500/1000000
[MakeCovarianceMatrix.cpp][info] Throw 836600/1000000
[MakeCovarianceMatrix.cpp][info] Throw 836700/1000000
[MakeCovarianceMatrix.cpp][info] Throw 836800/1000000
[MakeCovarianceMatrix.cpp][info] Throw 836900/1000000
[MakeCovarianceMatrix.cpp][info] Throw 837000/1000000
[MakeCovarianceMatrix.cpp][info] Throw 837100/1000000
[MakeCovarianceMatrix.cpp][info] Throw 837200/1000000
[MakeCovarianceMatrix.cpp][info] Throw 837300/1000000
[MakeCovarianceMatrix.cpp][info] Throw 837400/1000000
[MakeCovarianceMatrix.cpp][info] Throw 837500/1000000
[MakeCovarianceMatrix.cpp][info] Throw 837600/1000000
[MakeCovarianceMatrix.cpp][info] Throw 837700/1000000
[MakeCovarianceMatrix.cpp][info] Throw 837800/1000000
[MakeCovarianceMatrix.cpp][info] Throw 837900/1000000
[MakeCovarianceMatrix.cpp][info] Throw 838000/1000000
[MakeCovarianceMatrix.cpp][info] Throw 838100/1000000
[MakeCovarianceMatrix.cpp][info] Throw 838200/1000000
[MakeCovarianceMatrix.cpp][info] Throw 838300/1000000
[MakeCovarianceMatrix.cpp][info] Throw 838400/1000000
[MakeCovarianceMatrix.cpp][info] Throw 838500/1000000
[MakeCovarianceMatrix.cpp][info] Throw 838600/1000000
[MakeCovarianceMatrix.cpp][info] Throw 838700/1000000
[MakeCovarianceMatrix.cpp][info] Throw 838800/1000000
[MakeCovarianceMatrix.cpp][info] Throw 838900/1000000
[MakeCovarianceMatrix.cpp][info] Throw 839000/1000000
[MakeCovarianceMatrix.cpp][info] Throw 839100/1000000
[MakeCovarianceMatrix.cpp][info] Throw 839200/1000000
[MakeCovarianceMatrix.cpp][info] Throw 839300/1000000
[MakeCovarianceMatrix.cpp][info] Throw 839400/1000000
[MakeCovarianceMatrix.cpp][info] Throw 839500/1000000
[MakeCovarianceMatrix.cpp][info] Throw 839600/1000000
[MakeCovarianceMatrix.cpp][info] Throw 839700/1000000
[MakeCovarianceMatrix.cpp][info] Throw 839800/1000000
[MakeCovarianceMatrix.cpp][info] Throw 839900/1000000
[MakeCovarianceMatrix.cpp][info] Throw 840000/1000000
[MakeCovarianceMatrix.cpp][info] Throw 840100/1000000
[MakeCovarianceMatrix.cpp][info] Throw 840200/1000000
[MakeCovarianceMatrix.cpp][info] Throw 840300/1000000
[MakeCovarianceMatrix.cpp][info] Throw 840400/1000000
[MakeCovarianceMatrix.cpp][info] Throw 840500/1000000
[MakeCovarianceMatrix.cpp][info] Throw 840600/1000000
[MakeCovarianceMatrix.cpp][info] Throw 840700/1000000
[MakeCovarianceMatrix.cpp][info] Throw 840800/1000000
[MakeCovarianceMatrix.cpp][info] Throw 840900/1000000
[MakeCovarianceMatrix.cpp][info] Throw 841000/1000000
[MakeCovarianceMatrix.cpp][info] Throw 841100/1000000
[MakeCovarianceMatrix.cpp][info] Throw 841200/1000000
[MakeCovarianceMatrix.cpp][info] Throw 841300/1000000
[MakeCovarianceMatrix.cpp][info] Throw 841400/1000000
[MakeCovarianceMatrix.cpp][info] Throw 841500/1000000
[MakeCovarianceMatrix.cpp][info] Throw 841600/1000000
[MakeCovarianceMatrix.cpp][info] Throw 841700/1000000
[MakeCovarianceMatrix.cpp][info] Throw 841800/1000000
[MakeCovarianceMatrix.cpp][info] Throw 841900/1000000
[MakeCovarianceMatrix.cpp][info] Throw 842000/1000000
[MakeCovarianceMatrix.cpp][info] Throw 842100/1000000
[MakeCovarianceMatrix.cpp][info] Throw 842200/1000000
[MakeCovarianceMatrix.cpp][info] Throw 842300/1000000
[MakeCovarianceMatrix.cpp][info] Throw 842400/1000000
[MakeCovarianceMatrix.cpp][info] Throw 842500/1000000
[MakeCovarianceMatrix.cpp][info] Throw 842600/1000000
[MakeCovarianceMatrix.cpp][info] Throw 842700/1000000
[MakeCovarianceMatrix.cpp][info] Throw 842800/1000000
[MakeCovarianceMatrix.cpp][info] Throw 842900/1000000
[MakeCovarianceMatrix.cpp][info] Throw 843000/1000000
[MakeCovarianceMatrix.cpp][info] Throw 843100/1000000
[MakeCovarianceMatrix.cpp][info] Throw 843200/1000000
[MakeCovarianceMatrix.cpp][info] Throw 843300/1000000
[MakeCovarianceMatrix.cpp][info] Throw 843400/1000000
[MakeCovarianceMatrix.cpp][info] Throw 843500/1000000
[MakeCovarianceMatrix.cpp][info] Throw 843600/1000000
[MakeCovarianceMatrix.cpp][info] Throw 843700/1000000
[MakeCovarianceMatrix.cpp][info] Throw 843800/1000000
[MakeCovarianceMatrix.cpp][info] Throw 843900/1000000
[MakeCovarianceMatrix.cpp][info] Throw 844000/1000000
[MakeCovarianceMatrix.cpp][info] Throw 844100/1000000
[MakeCovarianceMatrix.cpp][info] Throw 844200/1000000
[MakeCovarianceMatrix.cpp][info] Throw 844300/1000000
[MakeCovarianceMatrix.cpp][info] Throw 844400/1000000
[MakeCovarianceMatrix.cpp][info] Throw 844500/1000000
[MakeCovarianceMatrix.cpp][info] Throw 844600/1000000
[MakeCovarianceMatrix.cpp][info] Throw 844700/1000000
[MakeCovarianceMatrix.cpp][info] Throw 844800/1000000
[MakeCovarianceMatrix.cpp][info] Throw 844900/1000000
[MakeCovarianceMatrix.cpp][info] Throw 845000/1000000
[MakeCovarianceMatrix.cpp][info] Throw 845100/1000000
[MakeCovarianceMatrix.cpp][info] Throw 845200/1000000
[MakeCovarianceMatrix.cpp][info] Throw 845300/1000000
[MakeCovarianceMatrix.cpp][info] Throw 845400/1000000
[MakeCovarianceMatrix.cpp][info] Throw 845500/1000000
[MakeCovarianceMatrix.cpp][info] Throw 845600/1000000
[MakeCovarianceMatrix.cpp][info] Throw 845700/1000000
[MakeCovarianceMatrix.cpp][info] Throw 845800/1000000
[MakeCovarianceMatrix.cpp][info] Throw 845900/1000000
[MakeCovarianceMatrix.cpp][info] Throw 846000/1000000
[MakeCovarianceMatrix.cpp][info] Throw 846100/1000000
[MakeCovarianceMatrix.cpp][info] Throw 846200/1000000
[MakeCovarianceMatrix.cpp][info] Throw 846300/1000000
[MakeCovarianceMatrix.cpp][info] Throw 846400/1000000
[MakeCovarianceMatrix.cpp][info] Throw 846500/1000000
[MakeCovarianceMatrix.cpp][info] Throw 846600/1000000
[MakeCovarianceMatrix.cpp][info] Throw 846700/1000000
[MakeCovarianceMatrix.cpp][info] Throw 846800/1000000
[MakeCovarianceMatrix.cpp][info] Throw 846900/1000000
[MakeCovarianceMatrix.cpp][info] Throw 847000/1000000
[MakeCovarianceMatrix.cpp][info] Throw 847100/1000000
[MakeCovarianceMatrix.cpp][info] Throw 847200/1000000
[MakeCovarianceMatrix.cpp][info] Throw 847300/1000000
[MakeCovarianceMatrix.cpp][info] Throw 847400/1000000
[MakeCovarianceMatrix.cpp][info] Throw 847500/1000000
[MakeCovarianceMatrix.cpp][info] Throw 847600/1000000
[MakeCovarianceMatrix.cpp][info] Throw 847700/1000000
[MakeCovarianceMatrix.cpp][info] Throw 847800/1000000
[MakeCovarianceMatrix.cpp][info] Throw 847900/1000000
[MakeCovarianceMatrix.cpp][info] Throw 848000/1000000
[MakeCovarianceMatrix.cpp][info] Throw 848100/1000000
[MakeCovarianceMatrix.cpp][info] Throw 848200/1000000
[MakeCovarianceMatrix.cpp][info] Throw 848300/1000000
[MakeCovarianceMatrix.cpp][info] Throw 848400/1000000
[MakeCovarianceMatrix.cpp][info] Throw 848500/1000000
[MakeCovarianceMatrix.cpp][info] Throw 848600/1000000
[MakeCovarianceMatrix.cpp][info] Throw 848700/1000000
[MakeCovarianceMatrix.cpp][info] Throw 848800/1000000
[MakeCovarianceMatrix.cpp][info] Throw 848900/1000000
[MakeCovarianceMatrix.cpp][info] Throw 849000/1000000
[MakeCovarianceMatrix.cpp][info] Throw 849100/1000000
[MakeCovarianceMatrix.cpp][info] Throw 849200/1000000
[MakeCovarianceMatrix.cpp][info] Throw 849300/1000000
[MakeCovarianceMatrix.cpp][info] Throw 849400/1000000
[MakeCovarianceMatrix.cpp][info] Throw 849500/1000000
[MakeCovarianceMatrix.cpp][info] Throw 849600/1000000
[MakeCovarianceMatrix.cpp][info] Throw 849700/1000000
[MakeCovarianceMatrix.cpp][info] Throw 849800/1000000
[MakeCovarianceMatrix.cpp][info] Throw 849900/1000000
[MakeCovarianceMatrix.cpp][info] Throw 850000/1000000
[MakeCovarianceMatrix.cpp][info] Throw 850100/1000000
[MakeCovarianceMatrix.cpp][info] Throw 850200/1000000
[MakeCovarianceMatrix.cpp][info] Throw 850300/1000000
[MakeCovarianceMatrix.cpp][info] Throw 850400/1000000
[MakeCovarianceMatrix.cpp][info] Throw 850500/1000000
[MakeCovarianceMatrix.cpp][info] Throw 850600/1000000
[MakeCovarianceMatrix.cpp][info] Throw 850700/1000000
[MakeCovarianceMatrix.cpp][info] Throw 850800/1000000
[MakeCovarianceMatrix.cpp][info] Throw 850900/1000000
[MakeCovarianceMatrix.cpp][info] Throw 851000/1000000
[MakeCovarianceMatrix.cpp][info] Throw 851100/1000000
[MakeCovarianceMatrix.cpp][info] Throw 851200/1000000
[MakeCovarianceMatrix.cpp][info] Throw 851300/1000000
[MakeCovarianceMatrix.cpp][info] Throw 851400/1000000
[MakeCovarianceMatrix.cpp][info] Throw 851500/1000000
[MakeCovarianceMatrix.cpp][info] Throw 851600/1000000
[MakeCovarianceMatrix.cpp][info] Throw 851700/1000000
[MakeCovarianceMatrix.cpp][info] Throw 851800/1000000
[MakeCovarianceMatrix.cpp][info] Throw 851900/1000000
[MakeCovarianceMatrix.cpp][info] Throw 852000/1000000
[MakeCovarianceMatrix.cpp][info] Throw 852100/1000000
[MakeCovarianceMatrix.cpp][info] Throw 852200/1000000
[MakeCovarianceMatrix.cpp][info] Throw 852300/1000000
[MakeCovarianceMatrix.cpp][info] Throw 852400/1000000
[MakeCovarianceMatrix.cpp][info] Throw 852500/1000000
[MakeCovarianceMatrix.cpp][info] Throw 852600/1000000
[MakeCovarianceMatrix.cpp][info] Throw 852700/1000000
[MakeCovarianceMatrix.cpp][info] Throw 852800/1000000
[MakeCovarianceMatrix.cpp][info] Throw 852900/1000000
[MakeCovarianceMatrix.cpp][info] Throw 853000/1000000
[MakeCovarianceMatrix.cpp][info] Throw 853100/1000000
[MakeCovarianceMatrix.cpp][info] Throw 853200/1000000
[MakeCovarianceMatrix.cpp][info] Throw 853300/1000000
[MakeCovarianceMatrix.cpp][info] Throw 853400/1000000
[MakeCovarianceMatrix.cpp][info] Throw 853500/1000000
[MakeCovarianceMatrix.cpp][info] Throw 853600/1000000
[MakeCovarianceMatrix.cpp][info] Throw 853700/1000000
[MakeCovarianceMatrix.cpp][info] Throw 853800/1000000
[MakeCovarianceMatrix.cpp][info] Throw 853900/1000000
[MakeCovarianceMatrix.cpp][info] Throw 854000/1000000
[MakeCovarianceMatrix.cpp][info] Throw 854100/1000000
[MakeCovarianceMatrix.cpp][info] Throw 854200/1000000
[MakeCovarianceMatrix.cpp][info] Throw 854300/1000000
[MakeCovarianceMatrix.cpp][info] Throw 854400/1000000
[MakeCovarianceMatrix.cpp][info] Throw 854500/1000000
[MakeCovarianceMatrix.cpp][info] Throw 854600/1000000
[MakeCovarianceMatrix.cpp][info] Throw 854700/1000000
[MakeCovarianceMatrix.cpp][info] Throw 854800/1000000
[MakeCovarianceMatrix.cpp][info] Throw 854900/1000000
[MakeCovarianceMatrix.cpp][info] Throw 855000/1000000
[MakeCovarianceMatrix.cpp][info] Throw 855100/1000000
[MakeCovarianceMatrix.cpp][info] Throw 855200/1000000
[MakeCovarianceMatrix.cpp][info] Throw 855300/1000000
[MakeCovarianceMatrix.cpp][info] Throw 855400/1000000
[MakeCovarianceMatrix.cpp][info] Throw 855500/1000000
[MakeCovarianceMatrix.cpp][info] Throw 855600/1000000
[MakeCovarianceMatrix.cpp][info] Throw 855700/1000000
[MakeCovarianceMatrix.cpp][info] Throw 855800/1000000
[MakeCovarianceMatrix.cpp][info] Throw 855900/1000000
[MakeCovarianceMatrix.cpp][info] Throw 856000/1000000
[MakeCovarianceMatrix.cpp][info] Throw 856100/1000000
[MakeCovarianceMatrix.cpp][info] Throw 856200/1000000
[MakeCovarianceMatrix.cpp][info] Throw 856300/1000000
[MakeCovarianceMatrix.cpp][info] Throw 856400/1000000
[MakeCovarianceMatrix.cpp][info] Throw 856500/1000000
[MakeCovarianceMatrix.cpp][info] Throw 856600/1000000
[MakeCovarianceMatrix.cpp][info] Throw 856700/1000000
[MakeCovarianceMatrix.cpp][info] Throw 856800/1000000
[MakeCovarianceMatrix.cpp][info] Throw 856900/1000000
[MakeCovarianceMatrix.cpp][info] Throw 857000/1000000
[MakeCovarianceMatrix.cpp][info] Throw 857100/1000000
[MakeCovarianceMatrix.cpp][info] Throw 857200/1000000
[MakeCovarianceMatrix.cpp][info] Throw 857300/1000000
[MakeCovarianceMatrix.cpp][info] Throw 857400/1000000
[MakeCovarianceMatrix.cpp][info] Throw 857500/1000000
[MakeCovarianceMatrix.cpp][info] Throw 857600/1000000
[MakeCovarianceMatrix.cpp][info] Throw 857700/1000000
[MakeCovarianceMatrix.cpp][info] Throw 857800/1000000
[MakeCovarianceMatrix.cpp][info] Throw 857900/1000000
[MakeCovarianceMatrix.cpp][info] Throw 858000/1000000
[MakeCovarianceMatrix.cpp][info] Throw 858100/1000000
[MakeCovarianceMatrix.cpp][info] Throw 858200/1000000
[MakeCovarianceMatrix.cpp][info] Throw 858300/1000000
[MakeCovarianceMatrix.cpp][info] Throw 858400/1000000
[MakeCovarianceMatrix.cpp][info] Throw 858500/1000000
[MakeCovarianceMatrix.cpp][info] Throw 858600/1000000
[MakeCovarianceMatrix.cpp][info] Throw 858700/1000000
[MakeCovarianceMatrix.cpp][info] Throw 858800/1000000
[MakeCovarianceMatrix.cpp][info] Throw 858900/1000000
[MakeCovarianceMatrix.cpp][info] Throw 859000/1000000
[MakeCovarianceMatrix.cpp][info] Throw 859100/1000000
[MakeCovarianceMatrix.cpp][info] Throw 859200/1000000
[MakeCovarianceMatrix.cpp][info] Throw 859300/1000000
[MakeCovarianceMatrix.cpp][info] Throw 859400/1000000
[MakeCovarianceMatrix.cpp][info] Throw 859500/1000000
[MakeCovarianceMatrix.cpp][info] Throw 859600/1000000
[MakeCovarianceMatrix.cpp][info] Throw 859700/1000000
[MakeCovarianceMatrix.cpp][info] Throw 859800/1000000
[MakeCovarianceMatrix.cpp][info] Throw 859900/1000000
[MakeCovarianceMatrix.cpp][info] Throw 860000/1000000
[MakeCovarianceMatrix.cpp][info] Throw 860100/1000000
[MakeCovarianceMatrix.cpp][info] Throw 860200/1000000
[MakeCovarianceMatrix.cpp][info] Throw 860300/1000000
[MakeCovarianceMatrix.cpp][info] Throw 860400/1000000
[MakeCovarianceMatrix.cpp][info] Throw 860500/1000000
[MakeCovarianceMatrix.cpp][info] Throw 860600/1000000
[MakeCovarianceMatrix.cpp][info] Throw 860700/1000000
[MakeCovarianceMatrix.cpp][info] Throw 860800/1000000
[MakeCovarianceMatrix.cpp][info] Throw 860900/1000000
[MakeCovarianceMatrix.cpp][info] Throw 861000/1000000
[MakeCovarianceMatrix.cpp][info] Throw 861100/1000000
[MakeCovarianceMatrix.cpp][info] Throw 861200/1000000
[MakeCovarianceMatrix.cpp][info] Throw 861300/1000000
[MakeCovarianceMatrix.cpp][info] Throw 861400/1000000
[MakeCovarianceMatrix.cpp][info] Throw 861500/1000000
[MakeCovarianceMatrix.cpp][info] Throw 861600/1000000
[MakeCovarianceMatrix.cpp][info] Throw 861700/1000000
[MakeCovarianceMatrix.cpp][info] Throw 861800/1000000
[MakeCovarianceMatrix.cpp][info] Throw 861900/1000000
[MakeCovarianceMatrix.cpp][info] Throw 862000/1000000
[MakeCovarianceMatrix.cpp][info] Throw 862100/1000000
[MakeCovarianceMatrix.cpp][info] Throw 862200/1000000
[MakeCovarianceMatrix.cpp][info] Throw 862300/1000000
[MakeCovarianceMatrix.cpp][info] Throw 862400/1000000
[MakeCovarianceMatrix.cpp][info] Throw 862500/1000000
[MakeCovarianceMatrix.cpp][info] Throw 862600/1000000
[MakeCovarianceMatrix.cpp][info] Throw 862700/1000000
[MakeCovarianceMatrix.cpp][info] Throw 862800/1000000
[MakeCovarianceMatrix.cpp][info] Throw 862900/1000000
[MakeCovarianceMatrix.cpp][info] Throw 863000/1000000
[MakeCovarianceMatrix.cpp][info] Throw 863100/1000000
[MakeCovarianceMatrix.cpp][info] Throw 863200/1000000
[MakeCovarianceMatrix.cpp][info] Throw 863300/1000000
[MakeCovarianceMatrix.cpp][info] Throw 863400/1000000
[MakeCovarianceMatrix.cpp][info] Throw 863500/1000000
[MakeCovarianceMatrix.cpp][info] Throw 863600/1000000
[MakeCovarianceMatrix.cpp][info] Throw 863700/1000000
[MakeCovarianceMatrix.cpp][info] Throw 863800/1000000
[MakeCovarianceMatrix.cpp][info] Throw 863900/1000000
[MakeCovarianceMatrix.cpp][info] Throw 864000/1000000
[MakeCovarianceMatrix.cpp][info] Throw 864100/1000000
[MakeCovarianceMatrix.cpp][info] Throw 864200/1000000
[MakeCovarianceMatrix.cpp][info] Throw 864300/1000000
[MakeCovarianceMatrix.cpp][info] Throw 864400/1000000
[MakeCovarianceMatrix.cpp][info] Throw 864500/1000000
[MakeCovarianceMatrix.cpp][info] Throw 864600/1000000
[MakeCovarianceMatrix.cpp][info] Throw 864700/1000000
[MakeCovarianceMatrix.cpp][info] Throw 864800/1000000
[MakeCovarianceMatrix.cpp][info] Throw 864900/1000000
[MakeCovarianceMatrix.cpp][info] Throw 865000/1000000
[MakeCovarianceMatrix.cpp][info] Throw 865100/1000000
[MakeCovarianceMatrix.cpp][info] Throw 865200/1000000
[MakeCovarianceMatrix.cpp][info] Throw 865300/1000000
[MakeCovarianceMatrix.cpp][info] Throw 865400/1000000
[MakeCovarianceMatrix.cpp][info] Throw 865500/1000000
[MakeCovarianceMatrix.cpp][info] Throw 865600/1000000
[MakeCovarianceMatrix.cpp][info] Throw 865700/1000000
[MakeCovarianceMatrix.cpp][info] Throw 865800/1000000
[MakeCovarianceMatrix.cpp][info] Throw 865900/1000000
[MakeCovarianceMatrix.cpp][info] Throw 866000/1000000
[MakeCovarianceMatrix.cpp][info] Throw 866100/1000000
[MakeCovarianceMatrix.cpp][info] Throw 866200/1000000
[MakeCovarianceMatrix.cpp][info] Throw 866300/1000000
[MakeCovarianceMatrix.cpp][info] Throw 866400/1000000
[MakeCovarianceMatrix.cpp][info] Throw 866500/1000000
[MakeCovarianceMatrix.cpp][info] Throw 866600/1000000
[MakeCovarianceMatrix.cpp][info] Throw 866700/1000000
[MakeCovarianceMatrix.cpp][info] Throw 866800/1000000
[MakeCovarianceMatrix.cpp][info] Throw 866900/1000000
[MakeCovarianceMatrix.cpp][info] Throw 867000/1000000
[MakeCovarianceMatrix.cpp][info] Throw 867100/1000000
[MakeCovarianceMatrix.cpp][info] Throw 867200/1000000
[MakeCovarianceMatrix.cpp][info] Throw 867300/1000000
[MakeCovarianceMatrix.cpp][info] Throw 867400/1000000
[MakeCovarianceMatrix.cpp][info] Throw 867500/1000000
[MakeCovarianceMatrix.cpp][info] Throw 867600/1000000
[MakeCovarianceMatrix.cpp][info] Throw 867700/1000000
[MakeCovarianceMatrix.cpp][info] Throw 867800/1000000
[MakeCovarianceMatrix.cpp][info] Throw 867900/1000000
[MakeCovarianceMatrix.cpp][info] Throw 868000/1000000
[MakeCovarianceMatrix.cpp][info] Throw 868100/1000000
[MakeCovarianceMatrix.cpp][info] Throw 868200/1000000
[MakeCovarianceMatrix.cpp][info] Throw 868300/1000000
[MakeCovarianceMatrix.cpp][info] Throw 868400/1000000
[MakeCovarianceMatrix.cpp][info] Throw 868500/1000000
[MakeCovarianceMatrix.cpp][info] Throw 868600/1000000
[MakeCovarianceMatrix.cpp][info] Throw 868700/1000000
[MakeCovarianceMatrix.cpp][info] Throw 868800/1000000
[MakeCovarianceMatrix.cpp][info] Throw 868900/1000000
[MakeCovarianceMatrix.cpp][info] Throw 869000/1000000
[MakeCovarianceMatrix.cpp][info] Throw 869100/1000000
[MakeCovarianceMatrix.cpp][info] Throw 869200/1000000
[MakeCovarianceMatrix.cpp][info] Throw 869300/1000000
[MakeCovarianceMatrix.cpp][info] Throw 869400/1000000
[MakeCovarianceMatrix.cpp][info] Throw 869500/1000000
[MakeCovarianceMatrix.cpp][info] Throw 869600/1000000
[MakeCovarianceMatrix.cpp][info] Throw 869700/1000000
[MakeCovarianceMatrix.cpp][info] Throw 869800/1000000
[MakeCovarianceMatrix.cpp][info] Throw 869900/1000000
[MakeCovarianceMatrix.cpp][info] Throw 870000/1000000
[MakeCovarianceMatrix.cpp][info] Throw 870100/1000000
[MakeCovarianceMatrix.cpp][info] Throw 870200/1000000
[MakeCovarianceMatrix.cpp][info] Throw 870300/1000000
[MakeCovarianceMatrix.cpp][info] Throw 870400/1000000
[MakeCovarianceMatrix.cpp][info] Throw 870500/1000000
[MakeCovarianceMatrix.cpp][info] Throw 870600/1000000
[MakeCovarianceMatrix.cpp][info] Throw 870700/1000000
[MakeCovarianceMatrix.cpp][info] Throw 870800/1000000
[MakeCovarianceMatrix.cpp][info] Throw 870900/1000000
[MakeCovarianceMatrix.cpp][info] Throw 871000/1000000
[MakeCovarianceMatrix.cpp][info] Throw 871100/1000000
[MakeCovarianceMatrix.cpp][info] Throw 871200/1000000
[MakeCovarianceMatrix.cpp][info] Throw 871300/1000000
[MakeCovarianceMatrix.cpp][info] Throw 871400/1000000
[MakeCovarianceMatrix.cpp][info] Throw 871500/1000000
[MakeCovarianceMatrix.cpp][info] Throw 871600/1000000
[MakeCovarianceMatrix.cpp][info] Throw 871700/1000000
[MakeCovarianceMatrix.cpp][info] Throw 871800/1000000
[MakeCovarianceMatrix.cpp][info] Throw 871900/1000000
[MakeCovarianceMatrix.cpp][info] Throw 872000/1000000
[MakeCovarianceMatrix.cpp][info] Throw 872100/1000000
[MakeCovarianceMatrix.cpp][info] Throw 872200/1000000
[MakeCovarianceMatrix.cpp][info] Throw 872300/1000000
[MakeCovarianceMatrix.cpp][info] Throw 872400/1000000
[MakeCovarianceMatrix.cpp][info] Throw 872500/1000000
[MakeCovarianceMatrix.cpp][info] Throw 872600/1000000
[MakeCovarianceMatrix.cpp][info] Throw 872700/1000000
[MakeCovarianceMatrix.cpp][info] Throw 872800/1000000
[MakeCovarianceMatrix.cpp][info] Throw 872900/1000000
[MakeCovarianceMatrix.cpp][info] Throw 873000/1000000
[MakeCovarianceMatrix.cpp][info] Throw 873100/1000000
[MakeCovarianceMatrix.cpp][info] Throw 873200/1000000
[MakeCovarianceMatrix.cpp][info] Throw 873300/1000000
[MakeCovarianceMatrix.cpp][info] Throw 873400/1000000
[MakeCovarianceMatrix.cpp][info] Throw 873500/1000000
[MakeCovarianceMatrix.cpp][info] Throw 873600/1000000
[MakeCovarianceMatrix.cpp][info] Throw 873700/1000000
[MakeCovarianceMatrix.cpp][info] Throw 873800/1000000
[MakeCovarianceMatrix.cpp][info] Throw 873900/1000000
[MakeCovarianceMatrix.cpp][info] Throw 874000/1000000
[MakeCovarianceMatrix.cpp][info] Throw 874100/1000000
[MakeCovarianceMatrix.cpp][info] Throw 874200/1000000
[MakeCovarianceMatrix.cpp][info] Throw 874300/1000000
[MakeCovarianceMatrix.cpp][info] Throw 874400/1000000
[MakeCovarianceMatrix.cpp][info] Throw 874500/1000000
[MakeCovarianceMatrix.cpp][info] Throw 874600/1000000
[MakeCovarianceMatrix.cpp][info] Throw 874700/1000000
[MakeCovarianceMatrix.cpp][info] Throw 874800/1000000
[MakeCovarianceMatrix.cpp][info] Throw 874900/1000000
[MakeCovarianceMatrix.cpp][info] Throw 875000/1000000
[MakeCovarianceMatrix.cpp][info] Throw 875100/1000000
[MakeCovarianceMatrix.cpp][info] Throw 875200/1000000
[MakeCovarianceMatrix.cpp][info] Throw 875300/1000000
[MakeCovarianceMatrix.cpp][info] Throw 875400/1000000
[MakeCovarianceMatrix.cpp][info] Throw 875500/1000000
[MakeCovarianceMatrix.cpp][info] Throw 875600/1000000
[MakeCovarianceMatrix.cpp][info] Throw 875700/1000000
[MakeCovarianceMatrix.cpp][info] Throw 875800/1000000
[MakeCovarianceMatrix.cpp][info] Throw 875900/1000000
[MakeCovarianceMatrix.cpp][info] Throw 876000/1000000
[MakeCovarianceMatrix.cpp][info] Throw 876100/1000000
[MakeCovarianceMatrix.cpp][info] Throw 876200/1000000
[MakeCovarianceMatrix.cpp][info] Throw 876300/1000000
[MakeCovarianceMatrix.cpp][info] Throw 876400/1000000
[MakeCovarianceMatrix.cpp][info] Throw 876500/1000000
[MakeCovarianceMatrix.cpp][info] Throw 876600/1000000
[MakeCovarianceMatrix.cpp][info] Throw 876700/1000000
[MakeCovarianceMatrix.cpp][info] Throw 876800/1000000
[MakeCovarianceMatrix.cpp][info] Throw 876900/1000000
[MakeCovarianceMatrix.cpp][info] Throw 877000/1000000
[MakeCovarianceMatrix.cpp][info] Throw 877100/1000000
[MakeCovarianceMatrix.cpp][info] Throw 877200/1000000
[MakeCovarianceMatrix.cpp][info] Throw 877300/1000000
[MakeCovarianceMatrix.cpp][info] Throw 877400/1000000
[MakeCovarianceMatrix.cpp][info] Throw 877500/1000000
[MakeCovarianceMatrix.cpp][info] Throw 877600/1000000
[MakeCovarianceMatrix.cpp][info] Throw 877700/1000000
[MakeCovarianceMatrix.cpp][info] Throw 877800/1000000
[MakeCovarianceMatrix.cpp][info] Throw 877900/1000000
[MakeCovarianceMatrix.cpp][info] Throw 878000/1000000
[MakeCovarianceMatrix.cpp][info] Throw 878100/1000000
[MakeCovarianceMatrix.cpp][info] Throw 878200/1000000
[MakeCovarianceMatrix.cpp][info] Throw 878300/1000000
[MakeCovarianceMatrix.cpp][info] Throw 878400/1000000
[MakeCovarianceMatrix.cpp][info] Throw 878500/1000000
[MakeCovarianceMatrix.cpp][info] Throw 878600/1000000
[MakeCovarianceMatrix.cpp][info] Throw 878700/1000000
[MakeCovarianceMatrix.cpp][info] Throw 878800/1000000
[MakeCovarianceMatrix.cpp][info] Throw 878900/1000000
[MakeCovarianceMatrix.cpp][info] Throw 879000/1000000
[MakeCovarianceMatrix.cpp][info] Throw 879100/1000000
[MakeCovarianceMatrix.cpp][info] Throw 879200/1000000
[MakeCovarianceMatrix.cpp][info] Throw 879300/1000000
[MakeCovarianceMatrix.cpp][info] Throw 879400/1000000
[MakeCovarianceMatrix.cpp][info] Throw 879500/1000000
[MakeCovarianceMatrix.cpp][info] Throw 879600/1000000
[MakeCovarianceMatrix.cpp][info] Throw 879700/1000000
[MakeCovarianceMatrix.cpp][info] Throw 879800/1000000
[MakeCovarianceMatrix.cpp][info] Throw 879900/1000000
[MakeCovarianceMatrix.cpp][info] Throw 880000/1000000
[MakeCovarianceMatrix.cpp][info] Throw 880100/1000000
[MakeCovarianceMatrix.cpp][info] Throw 880200/1000000
[MakeCovarianceMatrix.cpp][info] Throw 880300/1000000
[MakeCovarianceMatrix.cpp][info] Throw 880400/1000000
[MakeCovarianceMatrix.cpp][info] Throw 880500/1000000
[MakeCovarianceMatrix.cpp][info] Throw 880600/1000000
[MakeCovarianceMatrix.cpp][info] Throw 880700/1000000
[MakeCovarianceMatrix.cpp][info] Throw 880800/1000000
[MakeCovarianceMatrix.cpp][info] Throw 880900/1000000
[MakeCovarianceMatrix.cpp][info] Throw 881000/1000000
[MakeCovarianceMatrix.cpp][info] Throw 881100/1000000
[MakeCovarianceMatrix.cpp][info] Throw 881200/1000000
[MakeCovarianceMatrix.cpp][info] Throw 881300/1000000
[MakeCovarianceMatrix.cpp][info] Throw 881400/1000000
[MakeCovarianceMatrix.cpp][info] Throw 881500/1000000
[MakeCovarianceMatrix.cpp][info] Throw 881600/1000000
[MakeCovarianceMatrix.cpp][info] Throw 881700/1000000
[MakeCovarianceMatrix.cpp][info] Throw 881800/1000000
[MakeCovarianceMatrix.cpp][info] Throw 881900/1000000
[MakeCovarianceMatrix.cpp][info] Throw 882000/1000000
[MakeCovarianceMatrix.cpp][info] Throw 882100/1000000
[MakeCovarianceMatrix.cpp][info] Throw 882200/1000000
[MakeCovarianceMatrix.cpp][info] Throw 882300/1000000
[MakeCovarianceMatrix.cpp][info] Throw 882400/1000000
[MakeCovarianceMatrix.cpp][info] Throw 882500/1000000
[MakeCovarianceMatrix.cpp][info] Throw 882600/1000000
[MakeCovarianceMatrix.cpp][info] Throw 882700/1000000
[MakeCovarianceMatrix.cpp][info] Throw 882800/1000000
[MakeCovarianceMatrix.cpp][info] Throw 882900/1000000
[MakeCovarianceMatrix.cpp][info] Throw 883000/1000000
[MakeCovarianceMatrix.cpp][info] Throw 883100/1000000
[MakeCovarianceMatrix.cpp][info] Throw 883200/1000000
[MakeCovarianceMatrix.cpp][info] Throw 883300/1000000
[MakeCovarianceMatrix.cpp][info] Throw 883400/1000000
[MakeCovarianceMatrix.cpp][info] Throw 883500/1000000
[MakeCovarianceMatrix.cpp][info] Throw 883600/1000000
[MakeCovarianceMatrix.cpp][info] Throw 883700/1000000
[MakeCovarianceMatrix.cpp][info] Throw 883800/1000000
[MakeCovarianceMatrix.cpp][info] Throw 883900/1000000
[MakeCovarianceMatrix.cpp][info] Throw 884000/1000000
[MakeCovarianceMatrix.cpp][info] Throw 884100/1000000
[MakeCovarianceMatrix.cpp][info] Throw 884200/1000000
[MakeCovarianceMatrix.cpp][info] Throw 884300/1000000
[MakeCovarianceMatrix.cpp][info] Throw 884400/1000000
[MakeCovarianceMatrix.cpp][info] Throw 884500/1000000
[MakeCovarianceMatrix.cpp][info] Throw 884600/1000000
[MakeCovarianceMatrix.cpp][info] Throw 884700/1000000
[MakeCovarianceMatrix.cpp][info] Throw 884800/1000000
[MakeCovarianceMatrix.cpp][info] Throw 884900/1000000
[MakeCovarianceMatrix.cpp][info] Throw 885000/1000000
[MakeCovarianceMatrix.cpp][info] Throw 885100/1000000
[MakeCovarianceMatrix.cpp][info] Throw 885200/1000000
[MakeCovarianceMatrix.cpp][info] Throw 885300/1000000
[MakeCovarianceMatrix.cpp][info] Throw 885400/1000000
[MakeCovarianceMatrix.cpp][info] Throw 885500/1000000
[MakeCovarianceMatrix.cpp][info] Throw 885600/1000000
[MakeCovarianceMatrix.cpp][info] Throw 885700/1000000
[MakeCovarianceMatrix.cpp][info] Throw 885800/1000000
[MakeCovarianceMatrix.cpp][info] Throw 885900/1000000
[MakeCovarianceMatrix.cpp][info] Throw 886000/1000000
[MakeCovarianceMatrix.cpp][info] Throw 886100/1000000
[MakeCovarianceMatrix.cpp][info] Throw 886200/1000000
[MakeCovarianceMatrix.cpp][info] Throw 886300/1000000
[MakeCovarianceMatrix.cpp][info] Throw 886400/1000000
[MakeCovarianceMatrix.cpp][info] Throw 886500/1000000
[MakeCovarianceMatrix.cpp][info] Throw 886600/1000000
[MakeCovarianceMatrix.cpp][info] Throw 886700/1000000
[MakeCovarianceMatrix.cpp][info] Throw 886800/1000000
[MakeCovarianceMatrix.cpp][info] Throw 886900/1000000
[MakeCovarianceMatrix.cpp][info] Throw 887000/1000000
[MakeCovarianceMatrix.cpp][info] Throw 887100/1000000
[MakeCovarianceMatrix.cpp][info] Throw 887200/1000000
[MakeCovarianceMatrix.cpp][info] Throw 887300/1000000
[MakeCovarianceMatrix.cpp][info] Throw 887400/1000000
[MakeCovarianceMatrix.cpp][info] Throw 887500/1000000
[MakeCovarianceMatrix.cpp][info] Throw 887600/1000000
[MakeCovarianceMatrix.cpp][info] Throw 887700/1000000
[MakeCovarianceMatrix.cpp][info] Throw 887800/1000000
[MakeCovarianceMatrix.cpp][info] Throw 887900/1000000
[MakeCovarianceMatrix.cpp][info] Throw 888000/1000000
[MakeCovarianceMatrix.cpp][info] Throw 888100/1000000
[MakeCovarianceMatrix.cpp][info] Throw 888200/1000000
[MakeCovarianceMatrix.cpp][info] Throw 888300/1000000
[MakeCovarianceMatrix.cpp][info] Throw 888400/1000000
[MakeCovarianceMatrix.cpp][info] Throw 888500/1000000
[MakeCovarianceMatrix.cpp][info] Throw 888600/1000000
[MakeCovarianceMatrix.cpp][info] Throw 888700/1000000
[MakeCovarianceMatrix.cpp][info] Throw 888800/1000000
[MakeCovarianceMatrix.cpp][info] Throw 888900/1000000
[MakeCovarianceMatrix.cpp][info] Throw 889000/1000000
[MakeCovarianceMatrix.cpp][info] Throw 889100/1000000
[MakeCovarianceMatrix.cpp][info] Throw 889200/1000000
[MakeCovarianceMatrix.cpp][info] Throw 889300/1000000
[MakeCovarianceMatrix.cpp][info] Throw 889400/1000000
[MakeCovarianceMatrix.cpp][info] Throw 889500/1000000
[MakeCovarianceMatrix.cpp][info] Throw 889600/1000000
[MakeCovarianceMatrix.cpp][info] Throw 889700/1000000
[MakeCovarianceMatrix.cpp][info] Throw 889800/1000000
[MakeCovarianceMatrix.cpp][info] Throw 889900/1000000
[MakeCovarianceMatrix.cpp][info] Throw 890000/1000000
[MakeCovarianceMatrix.cpp][info] Throw 890100/1000000
[MakeCovarianceMatrix.cpp][info] Throw 890200/1000000
[MakeCovarianceMatrix.cpp][info] Throw 890300/1000000
[MakeCovarianceMatrix.cpp][info] Throw 890400/1000000
[MakeCovarianceMatrix.cpp][info] Throw 890500/1000000
[MakeCovarianceMatrix.cpp][info] Throw 890600/1000000
[MakeCovarianceMatrix.cpp][info] Throw 890700/1000000
[MakeCovarianceMatrix.cpp][info] Throw 890800/1000000
[MakeCovarianceMatrix.cpp][info] Throw 890900/1000000
[MakeCovarianceMatrix.cpp][info] Throw 891000/1000000
[MakeCovarianceMatrix.cpp][info] Throw 891100/1000000
[MakeCovarianceMatrix.cpp][info] Throw 891200/1000000
[MakeCovarianceMatrix.cpp][info] Throw 891300/1000000
[MakeCovarianceMatrix.cpp][info] Throw 891400/1000000
[MakeCovarianceMatrix.cpp][info] Throw 891500/1000000
[MakeCovarianceMatrix.cpp][info] Throw 891600/1000000
[MakeCovarianceMatrix.cpp][info] Throw 891700/1000000
[MakeCovarianceMatrix.cpp][info] Throw 891800/1000000
[MakeCovarianceMatrix.cpp][info] Throw 891900/1000000
[MakeCovarianceMatrix.cpp][info] Throw 892000/1000000
[MakeCovarianceMatrix.cpp][info] Throw 892100/1000000
[MakeCovarianceMatrix.cpp][info] Throw 892200/1000000
[MakeCovarianceMatrix.cpp][info] Throw 892300/1000000
[MakeCovarianceMatrix.cpp][info] Throw 892400/1000000
[MakeCovarianceMatrix.cpp][info] Throw 892500/1000000
[MakeCovarianceMatrix.cpp][info] Throw 892600/1000000
[MakeCovarianceMatrix.cpp][info] Throw 892700/1000000
[MakeCovarianceMatrix.cpp][info] Throw 892800/1000000
[MakeCovarianceMatrix.cpp][info] Throw 892900/1000000
[MakeCovarianceMatrix.cpp][info] Throw 893000/1000000
[MakeCovarianceMatrix.cpp][info] Throw 893100/1000000
[MakeCovarianceMatrix.cpp][info] Throw 893200/1000000
[MakeCovarianceMatrix.cpp][info] Throw 893300/1000000
[MakeCovarianceMatrix.cpp][info] Throw 893400/1000000
[MakeCovarianceMatrix.cpp][info] Throw 893500/1000000
[MakeCovarianceMatrix.cpp][info] Throw 893600/1000000
[MakeCovarianceMatrix.cpp][info] Throw 893700/1000000
[MakeCovarianceMatrix.cpp][info] Throw 893800/1000000
[MakeCovarianceMatrix.cpp][info] Throw 893900/1000000
[MakeCovarianceMatrix.cpp][info] Throw 894000/1000000
[MakeCovarianceMatrix.cpp][info] Throw 894100/1000000
[MakeCovarianceMatrix.cpp][info] Throw 894200/1000000
[MakeCovarianceMatrix.cpp][info] Throw 894300/1000000
[MakeCovarianceMatrix.cpp][info] Throw 894400/1000000
[MakeCovarianceMatrix.cpp][info] Throw 894500/1000000
[MakeCovarianceMatrix.cpp][info] Throw 894600/1000000
[MakeCovarianceMatrix.cpp][info] Throw 894700/1000000
[MakeCovarianceMatrix.cpp][info] Throw 894800/1000000
[MakeCovarianceMatrix.cpp][info] Throw 894900/1000000
[MakeCovarianceMatrix.cpp][info] Throw 895000/1000000
[MakeCovarianceMatrix.cpp][info] Throw 895100/1000000
[MakeCovarianceMatrix.cpp][info] Throw 895200/1000000
[MakeCovarianceMatrix.cpp][info] Throw 895300/1000000
[MakeCovarianceMatrix.cpp][info] Throw 895400/1000000
[MakeCovarianceMatrix.cpp][info] Throw 895500/1000000
[MakeCovarianceMatrix.cpp][info] Throw 895600/1000000
[MakeCovarianceMatrix.cpp][info] Throw 895700/1000000
[MakeCovarianceMatrix.cpp][info] Throw 895800/1000000
[MakeCovarianceMatrix.cpp][info] Throw 895900/1000000
[MakeCovarianceMatrix.cpp][info] Throw 896000/1000000
[MakeCovarianceMatrix.cpp][info] Throw 896100/1000000
[MakeCovarianceMatrix.cpp][info] Throw 896200/1000000
[MakeCovarianceMatrix.cpp][info] Throw 896300/1000000
[MakeCovarianceMatrix.cpp][info] Throw 896400/1000000
[MakeCovarianceMatrix.cpp][info] Throw 896500/1000000
[MakeCovarianceMatrix.cpp][info] Throw 896600/1000000
[MakeCovarianceMatrix.cpp][info] Throw 896700/1000000
[MakeCovarianceMatrix.cpp][info] Throw 896800/1000000
[MakeCovarianceMatrix.cpp][info] Throw 896900/1000000
[MakeCovarianceMatrix.cpp][info] Throw 897000/1000000
[MakeCovarianceMatrix.cpp][info] Throw 897100/1000000
[MakeCovarianceMatrix.cpp][info] Throw 897200/1000000
[MakeCovarianceMatrix.cpp][info] Throw 897300/1000000
[MakeCovarianceMatrix.cpp][info] Throw 897400/1000000
[MakeCovarianceMatrix.cpp][info] Throw 897500/1000000
[MakeCovarianceMatrix.cpp][info] Throw 897600/1000000
[MakeCovarianceMatrix.cpp][info] Throw 897700/1000000
[MakeCovarianceMatrix.cpp][info] Throw 897800/1000000
[MakeCovarianceMatrix.cpp][info] Throw 897900/1000000
[MakeCovarianceMatrix.cpp][info] Throw 898000/1000000
[MakeCovarianceMatrix.cpp][info] Throw 898100/1000000
[MakeCovarianceMatrix.cpp][info] Throw 898200/1000000
[MakeCovarianceMatrix.cpp][info] Throw 898300/1000000
[MakeCovarianceMatrix.cpp][info] Throw 898400/1000000
[MakeCovarianceMatrix.cpp][info] Throw 898500/1000000
[MakeCovarianceMatrix.cpp][info] Throw 898600/1000000
[MakeCovarianceMatrix.cpp][info] Throw 898700/1000000
[MakeCovarianceMatrix.cpp][info] Throw 898800/1000000
[MakeCovarianceMatrix.cpp][info] Throw 898900/1000000
[MakeCovarianceMatrix.cpp][info] Throw 899000/1000000
[MakeCovarianceMatrix.cpp][info] Throw 899100/1000000
[MakeCovarianceMatrix.cpp][info] Throw 899200/1000000
[MakeCovarianceMatrix.cpp][info] Throw 899300/1000000
[MakeCovarianceMatrix.cpp][info] Throw 899400/1000000
[MakeCovarianceMatrix.cpp][info] Throw 899500/1000000
[MakeCovarianceMatrix.cpp][info] Throw 899600/1000000
[MakeCovarianceMatrix.cpp][info] Throw 899700/1000000
[MakeCovarianceMatrix.cpp][info] Throw 899800/1000000
[MakeCovarianceMatrix.cpp][info] Throw 899900/1000000
[MakeCovarianceMatrix.cpp][info] Throw 900000/1000000
[MakeCovarianceMatrix.cpp][info] Throw 900100/1000000
[MakeCovarianceMatrix.cpp][info] Throw 900200/1000000
[MakeCovarianceMatrix.cpp][info] Throw 900300/1000000
[MakeCovarianceMatrix.cpp][info] Throw 900400/1000000
[MakeCovarianceMatrix.cpp][info] Throw 900500/1000000
[MakeCovarianceMatrix.cpp][info] Throw 900600/1000000
[MakeCovarianceMatrix.cpp][info] Throw 900700/1000000
[MakeCovarianceMatrix.cpp][info] Throw 900800/1000000
[MakeCovarianceMatrix.cpp][info] Throw 900900/1000000
[MakeCovarianceMatrix.cpp][info] Throw 901000/1000000
[MakeCovarianceMatrix.cpp][info] Throw 901100/1000000
[MakeCovarianceMatrix.cpp][info] Throw 901200/1000000
[MakeCovarianceMatrix.cpp][info] Throw 901300/1000000
[MakeCovarianceMatrix.cpp][info] Throw 901400/1000000
[MakeCovarianceMatrix.cpp][info] Throw 901500/1000000
[MakeCovarianceMatrix.cpp][info] Throw 901600/1000000
[MakeCovarianceMatrix.cpp][info] Throw 901700/1000000
[MakeCovarianceMatrix.cpp][info] Throw 901800/1000000
[MakeCovarianceMatrix.cpp][info] Throw 901900/1000000
[MakeCovarianceMatrix.cpp][info] Throw 902000/1000000
[MakeCovarianceMatrix.cpp][info] Throw 902100/1000000
[MakeCovarianceMatrix.cpp][info] Throw 902200/1000000
[MakeCovarianceMatrix.cpp][info] Throw 902300/1000000
[MakeCovarianceMatrix.cpp][info] Throw 902400/1000000
[MakeCovarianceMatrix.cpp][info] Throw 902500/1000000
[MakeCovarianceMatrix.cpp][info] Throw 902600/1000000
[MakeCovarianceMatrix.cpp][info] Throw 902700/1000000
[MakeCovarianceMatrix.cpp][info] Throw 902800/1000000
[MakeCovarianceMatrix.cpp][info] Throw 902900/1000000
[MakeCovarianceMatrix.cpp][info] Throw 903000/1000000
[MakeCovarianceMatrix.cpp][info] Throw 903100/1000000
[MakeCovarianceMatrix.cpp][info] Throw 903200/1000000
[MakeCovarianceMatrix.cpp][info] Throw 903300/1000000
[MakeCovarianceMatrix.cpp][info] Throw 903400/1000000
[MakeCovarianceMatrix.cpp][info] Throw 903500/1000000
[MakeCovarianceMatrix.cpp][info] Throw 903600/1000000
[MakeCovarianceMatrix.cpp][info] Throw 903700/1000000
[MakeCovarianceMatrix.cpp][info] Throw 903800/1000000
[MakeCovarianceMatrix.cpp][info] Throw 903900/1000000
[MakeCovarianceMatrix.cpp][info] Throw 904000/1000000
[MakeCovarianceMatrix.cpp][info] Throw 904100/1000000
[MakeCovarianceMatrix.cpp][info] Throw 904200/1000000
[MakeCovarianceMatrix.cpp][info] Throw 904300/1000000
[MakeCovarianceMatrix.cpp][info] Throw 904400/1000000
[MakeCovarianceMatrix.cpp][info] Throw 904500/1000000
[MakeCovarianceMatrix.cpp][info] Throw 904600/1000000
[MakeCovarianceMatrix.cpp][info] Throw 904700/1000000
[MakeCovarianceMatrix.cpp][info] Throw 904800/1000000
[MakeCovarianceMatrix.cpp][info] Throw 904900/1000000
[MakeCovarianceMatrix.cpp][info] Throw 905000/1000000
[MakeCovarianceMatrix.cpp][info] Throw 905100/1000000
[MakeCovarianceMatrix.cpp][info] Throw 905200/1000000
[MakeCovarianceMatrix.cpp][info] Throw 905300/1000000
[MakeCovarianceMatrix.cpp][info] Throw 905400/1000000
[MakeCovarianceMatrix.cpp][info] Throw 905500/1000000
[MakeCovarianceMatrix.cpp][info] Throw 905600/1000000
[MakeCovarianceMatrix.cpp][info] Throw 905700/1000000
[MakeCovarianceMatrix.cpp][info] Throw 905800/1000000
[MakeCovarianceMatrix.cpp][info] Throw 905900/1000000
[MakeCovarianceMatrix.cpp][info] Throw 906000/1000000
[MakeCovarianceMatrix.cpp][info] Throw 906100/1000000
[MakeCovarianceMatrix.cpp][info] Throw 906200/1000000
[MakeCovarianceMatrix.cpp][info] Throw 906300/1000000
[MakeCovarianceMatrix.cpp][info] Throw 906400/1000000
[MakeCovarianceMatrix.cpp][info] Throw 906500/1000000
[MakeCovarianceMatrix.cpp][info] Throw 906600/1000000
[MakeCovarianceMatrix.cpp][info] Throw 906700/1000000
[MakeCovarianceMatrix.cpp][info] Throw 906800/1000000
[MakeCovarianceMatrix.cpp][info] Throw 906900/1000000
[MakeCovarianceMatrix.cpp][info] Throw 907000/1000000
[MakeCovarianceMatrix.cpp][info] Throw 907100/1000000
[MakeCovarianceMatrix.cpp][info] Throw 907200/1000000
[MakeCovarianceMatrix.cpp][info] Throw 907300/1000000
[MakeCovarianceMatrix.cpp][info] Throw 907400/1000000
[MakeCovarianceMatrix.cpp][info] Throw 907500/1000000
[MakeCovarianceMatrix.cpp][info] Throw 907600/1000000
[MakeCovarianceMatrix.cpp][info] Throw 907700/1000000
[MakeCovarianceMatrix.cpp][info] Throw 907800/1000000
[MakeCovarianceMatrix.cpp][info] Throw 907900/1000000
[MakeCovarianceMatrix.cpp][info] Throw 908000/1000000
[MakeCovarianceMatrix.cpp][info] Throw 908100/1000000
[MakeCovarianceMatrix.cpp][info] Throw 908200/1000000
[MakeCovarianceMatrix.cpp][info] Throw 908300/1000000
[MakeCovarianceMatrix.cpp][info] Throw 908400/1000000
[MakeCovarianceMatrix.cpp][info] Throw 908500/1000000
[MakeCovarianceMatrix.cpp][info] Throw 908600/1000000
[MakeCovarianceMatrix.cpp][info] Throw 908700/1000000
[MakeCovarianceMatrix.cpp][info] Throw 908800/1000000
[MakeCovarianceMatrix.cpp][info] Throw 908900/1000000
[MakeCovarianceMatrix.cpp][info] Throw 909000/1000000
[MakeCovarianceMatrix.cpp][info] Throw 909100/1000000
[MakeCovarianceMatrix.cpp][info] Throw 909200/1000000
[MakeCovarianceMatrix.cpp][info] Throw 909300/1000000
[MakeCovarianceMatrix.cpp][info] Throw 909400/1000000
[MakeCovarianceMatrix.cpp][info] Throw 909500/1000000
[MakeCovarianceMatrix.cpp][info] Throw 909600/1000000
[MakeCovarianceMatrix.cpp][info] Throw 909700/1000000
[MakeCovarianceMatrix.cpp][info] Throw 909800/1000000
[MakeCovarianceMatrix.cpp][info] Throw 909900/1000000
[MakeCovarianceMatrix.cpp][info] Throw 910000/1000000
[MakeCovarianceMatrix.cpp][info] Throw 910100/1000000
[MakeCovarianceMatrix.cpp][info] Throw 910200/1000000
[MakeCovarianceMatrix.cpp][info] Throw 910300/1000000
[MakeCovarianceMatrix.cpp][info] Throw 910400/1000000
[MakeCovarianceMatrix.cpp][info] Throw 910500/1000000
[MakeCovarianceMatrix.cpp][info] Throw 910600/1000000
[MakeCovarianceMatrix.cpp][info] Throw 910700/1000000
[MakeCovarianceMatrix.cpp][info] Throw 910800/1000000
[MakeCovarianceMatrix.cpp][info] Throw 910900/1000000
[MakeCovarianceMatrix.cpp][info] Throw 911000/1000000
[MakeCovarianceMatrix.cpp][info] Throw 911100/1000000
[MakeCovarianceMatrix.cpp][info] Throw 911200/1000000
[MakeCovarianceMatrix.cpp][info] Throw 911300/1000000
[MakeCovarianceMatrix.cpp][info] Throw 911400/1000000
[MakeCovarianceMatrix.cpp][info] Throw 911500/1000000
[MakeCovarianceMatrix.cpp][info] Throw 911600/1000000
[MakeCovarianceMatrix.cpp][info] Throw 911700/1000000
[MakeCovarianceMatrix.cpp][info] Throw 911800/1000000
[MakeCovarianceMatrix.cpp][info] Throw 911900/1000000
[MakeCovarianceMatrix.cpp][info] Throw 912000/1000000
[MakeCovarianceMatrix.cpp][info] Throw 912100/1000000
[MakeCovarianceMatrix.cpp][info] Throw 912200/1000000
[MakeCovarianceMatrix.cpp][info] Throw 912300/1000000
[MakeCovarianceMatrix.cpp][info] Throw 912400/1000000
[MakeCovarianceMatrix.cpp][info] Throw 912500/1000000
[MakeCovarianceMatrix.cpp][info] Throw 912600/1000000
[MakeCovarianceMatrix.cpp][info] Throw 912700/1000000
[MakeCovarianceMatrix.cpp][info] Throw 912800/1000000
[MakeCovarianceMatrix.cpp][info] Throw 912900/1000000
[MakeCovarianceMatrix.cpp][info] Throw 913000/1000000
[MakeCovarianceMatrix.cpp][info] Throw 913100/1000000
[MakeCovarianceMatrix.cpp][info] Throw 913200/1000000
[MakeCovarianceMatrix.cpp][info] Throw 913300/1000000
[MakeCovarianceMatrix.cpp][info] Throw 913400/1000000
[MakeCovarianceMatrix.cpp][info] Throw 913500/1000000
[MakeCovarianceMatrix.cpp][info] Throw 913600/1000000
[MakeCovarianceMatrix.cpp][info] Throw 913700/1000000
[MakeCovarianceMatrix.cpp][info] Throw 913800/1000000
[MakeCovarianceMatrix.cpp][info] Throw 913900/1000000
[MakeCovarianceMatrix.cpp][info] Throw 914000/1000000
[MakeCovarianceMatrix.cpp][info] Throw 914100/1000000
[MakeCovarianceMatrix.cpp][info] Throw 914200/1000000
[MakeCovarianceMatrix.cpp][info] Throw 914300/1000000
[MakeCovarianceMatrix.cpp][info] Throw 914400/1000000
[MakeCovarianceMatrix.cpp][info] Throw 914500/1000000
[MakeCovarianceMatrix.cpp][info] Throw 914600/1000000
[MakeCovarianceMatrix.cpp][info] Throw 914700/1000000
[MakeCovarianceMatrix.cpp][info] Throw 914800/1000000
[MakeCovarianceMatrix.cpp][info] Throw 914900/1000000
[MakeCovarianceMatrix.cpp][info] Throw 915000/1000000
[MakeCovarianceMatrix.cpp][info] Throw 915100/1000000
[MakeCovarianceMatrix.cpp][info] Throw 915200/1000000
[MakeCovarianceMatrix.cpp][info] Throw 915300/1000000
[MakeCovarianceMatrix.cpp][info] Throw 915400/1000000
[MakeCovarianceMatrix.cpp][info] Throw 915500/1000000
[MakeCovarianceMatrix.cpp][info] Throw 915600/1000000
[MakeCovarianceMatrix.cpp][info] Throw 915700/1000000
[MakeCovarianceMatrix.cpp][info] Throw 915800/1000000
[MakeCovarianceMatrix.cpp][info] Throw 915900/1000000
[MakeCovarianceMatrix.cpp][info] Throw 916000/1000000
[MakeCovarianceMatrix.cpp][info] Throw 916100/1000000
[MakeCovarianceMatrix.cpp][info] Throw 916200/1000000
[MakeCovarianceMatrix.cpp][info] Throw 916300/1000000
[MakeCovarianceMatrix.cpp][info] Throw 916400/1000000
[MakeCovarianceMatrix.cpp][info] Throw 916500/1000000
[MakeCovarianceMatrix.cpp][info] Throw 916600/1000000
[MakeCovarianceMatrix.cpp][info] Throw 916700/1000000
[MakeCovarianceMatrix.cpp][info] Throw 916800/1000000
[MakeCovarianceMatrix.cpp][info] Throw 916900/1000000
[MakeCovarianceMatrix.cpp][info] Throw 917000/1000000
[MakeCovarianceMatrix.cpp][info] Throw 917100/1000000
[MakeCovarianceMatrix.cpp][info] Throw 917200/1000000
[MakeCovarianceMatrix.cpp][info] Throw 917300/1000000
[MakeCovarianceMatrix.cpp][info] Throw 917400/1000000
[MakeCovarianceMatrix.cpp][info] Throw 917500/1000000
[MakeCovarianceMatrix.cpp][info] Throw 917600/1000000
[MakeCovarianceMatrix.cpp][info] Throw 917700/1000000
[MakeCovarianceMatrix.cpp][info] Throw 917800/1000000
[MakeCovarianceMatrix.cpp][info] Throw 917900/1000000
[MakeCovarianceMatrix.cpp][info] Throw 918000/1000000
[MakeCovarianceMatrix.cpp][info] Throw 918100/1000000
[MakeCovarianceMatrix.cpp][info] Throw 918200/1000000
[MakeCovarianceMatrix.cpp][info] Throw 918300/1000000
[MakeCovarianceMatrix.cpp][info] Throw 918400/1000000
[MakeCovarianceMatrix.cpp][info] Throw 918500/1000000
[MakeCovarianceMatrix.cpp][info] Throw 918600/1000000
[MakeCovarianceMatrix.cpp][info] Throw 918700/1000000
[MakeCovarianceMatrix.cpp][info] Throw 918800/1000000
[MakeCovarianceMatrix.cpp][info] Throw 918900/1000000
[MakeCovarianceMatrix.cpp][info] Throw 919000/1000000
[MakeCovarianceMatrix.cpp][info] Throw 919100/1000000
[MakeCovarianceMatrix.cpp][info] Throw 919200/1000000
[MakeCovarianceMatrix.cpp][info] Throw 919300/1000000
[MakeCovarianceMatrix.cpp][info] Throw 919400/1000000
[MakeCovarianceMatrix.cpp][info] Throw 919500/1000000
[MakeCovarianceMatrix.cpp][info] Throw 919600/1000000
[MakeCovarianceMatrix.cpp][info] Throw 919700/1000000
[MakeCovarianceMatrix.cpp][info] Throw 919800/1000000
[MakeCovarianceMatrix.cpp][info] Throw 919900/1000000
[MakeCovarianceMatrix.cpp][info] Throw 920000/1000000
[MakeCovarianceMatrix.cpp][info] Throw 920100/1000000
[MakeCovarianceMatrix.cpp][info] Throw 920200/1000000
[MakeCovarianceMatrix.cpp][info] Throw 920300/1000000
[MakeCovarianceMatrix.cpp][info] Throw 920400/1000000
[MakeCovarianceMatrix.cpp][info] Throw 920500/1000000
[MakeCovarianceMatrix.cpp][info] Throw 920600/1000000
[MakeCovarianceMatrix.cpp][info] Throw 920700/1000000
[MakeCovarianceMatrix.cpp][info] Throw 920800/1000000
[MakeCovarianceMatrix.cpp][info] Throw 920900/1000000
[MakeCovarianceMatrix.cpp][info] Throw 921000/1000000
[MakeCovarianceMatrix.cpp][info] Throw 921100/1000000
[MakeCovarianceMatrix.cpp][info] Throw 921200/1000000
[MakeCovarianceMatrix.cpp][info] Throw 921300/1000000
[MakeCovarianceMatrix.cpp][info] Throw 921400/1000000
[MakeCovarianceMatrix.cpp][info] Throw 921500/1000000
[MakeCovarianceMatrix.cpp][info] Throw 921600/1000000
[MakeCovarianceMatrix.cpp][info] Throw 921700/1000000
[MakeCovarianceMatrix.cpp][info] Throw 921800/1000000
[MakeCovarianceMatrix.cpp][info] Throw 921900/1000000
[MakeCovarianceMatrix.cpp][info] Throw 922000/1000000
[MakeCovarianceMatrix.cpp][info] Throw 922100/1000000
[MakeCovarianceMatrix.cpp][info] Throw 922200/1000000
[MakeCovarianceMatrix.cpp][info] Throw 922300/1000000
[MakeCovarianceMatrix.cpp][info] Throw 922400/1000000
[MakeCovarianceMatrix.cpp][info] Throw 922500/1000000
[MakeCovarianceMatrix.cpp][info] Throw 922600/1000000
[MakeCovarianceMatrix.cpp][info] Throw 922700/1000000
[MakeCovarianceMatrix.cpp][info] Throw 922800/1000000
[MakeCovarianceMatrix.cpp][info] Throw 922900/1000000
[MakeCovarianceMatrix.cpp][info] Throw 923000/1000000
[MakeCovarianceMatrix.cpp][info] Throw 923100/1000000
[MakeCovarianceMatrix.cpp][info] Throw 923200/1000000
[MakeCovarianceMatrix.cpp][info] Throw 923300/1000000
[MakeCovarianceMatrix.cpp][info] Throw 923400/1000000
[MakeCovarianceMatrix.cpp][info] Throw 923500/1000000
[MakeCovarianceMatrix.cpp][info] Throw 923600/1000000
[MakeCovarianceMatrix.cpp][info] Throw 923700/1000000
[MakeCovarianceMatrix.cpp][info] Throw 923800/1000000
[MakeCovarianceMatrix.cpp][info] Throw 923900/1000000
[MakeCovarianceMatrix.cpp][info] Throw 924000/1000000
[MakeCovarianceMatrix.cpp][info] Throw 924100/1000000
[MakeCovarianceMatrix.cpp][info] Throw 924200/1000000
[MakeCovarianceMatrix.cpp][info] Throw 924300/1000000
[MakeCovarianceMatrix.cpp][info] Throw 924400/1000000
[MakeCovarianceMatrix.cpp][info] Throw 924500/1000000
[MakeCovarianceMatrix.cpp][info] Throw 924600/1000000
[MakeCovarianceMatrix.cpp][info] Throw 924700/1000000
[MakeCovarianceMatrix.cpp][info] Throw 924800/1000000
[MakeCovarianceMatrix.cpp][info] Throw 924900/1000000
[MakeCovarianceMatrix.cpp][info] Throw 925000/1000000
[MakeCovarianceMatrix.cpp][info] Throw 925100/1000000
[MakeCovarianceMatrix.cpp][info] Throw 925200/1000000
[MakeCovarianceMatrix.cpp][info] Throw 925300/1000000
[MakeCovarianceMatrix.cpp][info] Throw 925400/1000000
[MakeCovarianceMatrix.cpp][info] Throw 925500/1000000
[MakeCovarianceMatrix.cpp][info] Throw 925600/1000000
[MakeCovarianceMatrix.cpp][info] Throw 925700/1000000
[MakeCovarianceMatrix.cpp][info] Throw 925800/1000000
[MakeCovarianceMatrix.cpp][info] Throw 925900/1000000
[MakeCovarianceMatrix.cpp][info] Throw 926000/1000000
[MakeCovarianceMatrix.cpp][info] Throw 926100/1000000
[MakeCovarianceMatrix.cpp][info] Throw 926200/1000000
[MakeCovarianceMatrix.cpp][info] Throw 926300/1000000
[MakeCovarianceMatrix.cpp][info] Throw 926400/1000000
[MakeCovarianceMatrix.cpp][info] Throw 926500/1000000
[MakeCovarianceMatrix.cpp][info] Throw 926600/1000000
[MakeCovarianceMatrix.cpp][info] Throw 926700/1000000
[MakeCovarianceMatrix.cpp][info] Throw 926800/1000000
[MakeCovarianceMatrix.cpp][info] Throw 926900/1000000
[MakeCovarianceMatrix.cpp][info] Throw 927000/1000000
[MakeCovarianceMatrix.cpp][info] Throw 927100/1000000
[MakeCovarianceMatrix.cpp][info] Throw 927200/1000000
[MakeCovarianceMatrix.cpp][info] Throw 927300/1000000
[MakeCovarianceMatrix.cpp][info] Throw 927400/1000000
[MakeCovarianceMatrix.cpp][info] Throw 927500/1000000
[MakeCovarianceMatrix.cpp][info] Throw 927600/1000000
[MakeCovarianceMatrix.cpp][info] Throw 927700/1000000
[MakeCovarianceMatrix.cpp][info] Throw 927800/1000000
[MakeCovarianceMatrix.cpp][info] Throw 927900/1000000
[MakeCovarianceMatrix.cpp][info] Throw 928000/1000000
[MakeCovarianceMatrix.cpp][info] Throw 928100/1000000
[MakeCovarianceMatrix.cpp][info] Throw 928200/1000000
[MakeCovarianceMatrix.cpp][info] Throw 928300/1000000
[MakeCovarianceMatrix.cpp][info] Throw 928400/1000000
[MakeCovarianceMatrix.cpp][info] Throw 928500/1000000
[MakeCovarianceMatrix.cpp][info] Throw 928600/1000000
[MakeCovarianceMatrix.cpp][info] Throw 928700/1000000
[MakeCovarianceMatrix.cpp][info] Throw 928800/1000000
[MakeCovarianceMatrix.cpp][info] Throw 928900/1000000
[MakeCovarianceMatrix.cpp][info] Throw 929000/1000000
[MakeCovarianceMatrix.cpp][info] Throw 929100/1000000
[MakeCovarianceMatrix.cpp][info] Throw 929200/1000000
[MakeCovarianceMatrix.cpp][info] Throw 929300/1000000
[MakeCovarianceMatrix.cpp][info] Throw 929400/1000000
[MakeCovarianceMatrix.cpp][info] Throw 929500/1000000
[MakeCovarianceMatrix.cpp][info] Throw 929600/1000000
[MakeCovarianceMatrix.cpp][info] Throw 929700/1000000
[MakeCovarianceMatrix.cpp][info] Throw 929800/1000000
[MakeCovarianceMatrix.cpp][info] Throw 929900/1000000
[MakeCovarianceMatrix.cpp][info] Throw 930000/1000000
[MakeCovarianceMatrix.cpp][info] Throw 930100/1000000
[MakeCovarianceMatrix.cpp][info] Throw 930200/1000000
[MakeCovarianceMatrix.cpp][info] Throw 930300/1000000
[MakeCovarianceMatrix.cpp][info] Throw 930400/1000000
[MakeCovarianceMatrix.cpp][info] Throw 930500/1000000
[MakeCovarianceMatrix.cpp][info] Throw 930600/1000000
[MakeCovarianceMatrix.cpp][info] Throw 930700/1000000
[MakeCovarianceMatrix.cpp][info] Throw 930800/1000000
[MakeCovarianceMatrix.cpp][info] Throw 930900/1000000
[MakeCovarianceMatrix.cpp][info] Throw 931000/1000000
[MakeCovarianceMatrix.cpp][info] Throw 931100/1000000
[MakeCovarianceMatrix.cpp][info] Throw 931200/1000000
[MakeCovarianceMatrix.cpp][info] Throw 931300/1000000
[MakeCovarianceMatrix.cpp][info] Throw 931400/1000000
[MakeCovarianceMatrix.cpp][info] Throw 931500/1000000
[MakeCovarianceMatrix.cpp][info] Throw 931600/1000000
[MakeCovarianceMatrix.cpp][info] Throw 931700/1000000
[MakeCovarianceMatrix.cpp][info] Throw 931800/1000000
[MakeCovarianceMatrix.cpp][info] Throw 931900/1000000
[MakeCovarianceMatrix.cpp][info] Throw 932000/1000000
[MakeCovarianceMatrix.cpp][info] Throw 932100/1000000
[MakeCovarianceMatrix.cpp][info] Throw 932200/1000000
[MakeCovarianceMatrix.cpp][info] Throw 932300/1000000
[MakeCovarianceMatrix.cpp][info] Throw 932400/1000000
[MakeCovarianceMatrix.cpp][info] Throw 932500/1000000
[MakeCovarianceMatrix.cpp][info] Throw 932600/1000000
[MakeCovarianceMatrix.cpp][info] Throw 932700/1000000
[MakeCovarianceMatrix.cpp][info] Throw 932800/1000000
[MakeCovarianceMatrix.cpp][info] Throw 932900/1000000
[MakeCovarianceMatrix.cpp][info] Throw 933000/1000000
[MakeCovarianceMatrix.cpp][info] Throw 933100/1000000
[MakeCovarianceMatrix.cpp][info] Throw 933200/1000000
[MakeCovarianceMatrix.cpp][info] Throw 933300/1000000
[MakeCovarianceMatrix.cpp][info] Throw 933400/1000000
[MakeCovarianceMatrix.cpp][info] Throw 933500/1000000
[MakeCovarianceMatrix.cpp][info] Throw 933600/1000000
[MakeCovarianceMatrix.cpp][info] Throw 933700/1000000
[MakeCovarianceMatrix.cpp][info] Throw 933800/1000000
[MakeCovarianceMatrix.cpp][info] Throw 933900/1000000
[MakeCovarianceMatrix.cpp][info] Throw 934000/1000000
[MakeCovarianceMatrix.cpp][info] Throw 934100/1000000
[MakeCovarianceMatrix.cpp][info] Throw 934200/1000000
[MakeCovarianceMatrix.cpp][info] Throw 934300/1000000
[MakeCovarianceMatrix.cpp][info] Throw 934400/1000000
[MakeCovarianceMatrix.cpp][info] Throw 934500/1000000
[MakeCovarianceMatrix.cpp][info] Throw 934600/1000000
[MakeCovarianceMatrix.cpp][info] Throw 934700/1000000
[MakeCovarianceMatrix.cpp][info] Throw 934800/1000000
[MakeCovarianceMatrix.cpp][info] Throw 934900/1000000
[MakeCovarianceMatrix.cpp][info] Throw 935000/1000000
[MakeCovarianceMatrix.cpp][info] Throw 935100/1000000
[MakeCovarianceMatrix.cpp][info] Throw 935200/1000000
[MakeCovarianceMatrix.cpp][info] Throw 935300/1000000
[MakeCovarianceMatrix.cpp][info] Throw 935400/1000000
[MakeCovarianceMatrix.cpp][info] Throw 935500/1000000
[MakeCovarianceMatrix.cpp][info] Throw 935600/1000000
[MakeCovarianceMatrix.cpp][info] Throw 935700/1000000
[MakeCovarianceMatrix.cpp][info] Throw 935800/1000000
[MakeCovarianceMatrix.cpp][info] Throw 935900/1000000
[MakeCovarianceMatrix.cpp][info] Throw 936000/1000000
[MakeCovarianceMatrix.cpp][info] Throw 936100/1000000
[MakeCovarianceMatrix.cpp][info] Throw 936200/1000000
[MakeCovarianceMatrix.cpp][info] Throw 936300/1000000
[MakeCovarianceMatrix.cpp][info] Throw 936400/1000000
[MakeCovarianceMatrix.cpp][info] Throw 936500/1000000
[MakeCovarianceMatrix.cpp][info] Throw 936600/1000000
[MakeCovarianceMatrix.cpp][info] Throw 936700/1000000
[MakeCovarianceMatrix.cpp][info] Throw 936800/1000000
[MakeCovarianceMatrix.cpp][info] Throw 936900/1000000
[MakeCovarianceMatrix.cpp][info] Throw 937000/1000000
[MakeCovarianceMatrix.cpp][info] Throw 937100/1000000
[MakeCovarianceMatrix.cpp][info] Throw 937200/1000000
[MakeCovarianceMatrix.cpp][info] Throw 937300/1000000
[MakeCovarianceMatrix.cpp][info] Throw 937400/1000000
[MakeCovarianceMatrix.cpp][info] Throw 937500/1000000
[MakeCovarianceMatrix.cpp][info] Throw 937600/1000000
[MakeCovarianceMatrix.cpp][info] Throw 937700/1000000
[MakeCovarianceMatrix.cpp][info] Throw 937800/1000000
[MakeCovarianceMatrix.cpp][info] Throw 937900/1000000
[MakeCovarianceMatrix.cpp][info] Throw 938000/1000000
[MakeCovarianceMatrix.cpp][info] Throw 938100/1000000
[MakeCovarianceMatrix.cpp][info] Throw 938200/1000000
[MakeCovarianceMatrix.cpp][info] Throw 938300/1000000
[MakeCovarianceMatrix.cpp][info] Throw 938400/1000000
[MakeCovarianceMatrix.cpp][info] Throw 938500/1000000
[MakeCovarianceMatrix.cpp][info] Throw 938600/1000000
[MakeCovarianceMatrix.cpp][info] Throw 938700/1000000
[MakeCovarianceMatrix.cpp][info] Throw 938800/1000000
[MakeCovarianceMatrix.cpp][info] Throw 938900/1000000
[MakeCovarianceMatrix.cpp][info] Throw 939000/1000000
[MakeCovarianceMatrix.cpp][info] Throw 939100/1000000
[MakeCovarianceMatrix.cpp][info] Throw 939200/1000000
[MakeCovarianceMatrix.cpp][info] Throw 939300/1000000
[MakeCovarianceMatrix.cpp][info] Throw 939400/1000000
[MakeCovarianceMatrix.cpp][info] Throw 939500/1000000
[MakeCovarianceMatrix.cpp][info] Throw 939600/1000000
[MakeCovarianceMatrix.cpp][info] Throw 939700/1000000
[MakeCovarianceMatrix.cpp][info] Throw 939800/1000000
[MakeCovarianceMatrix.cpp][info] Throw 939900/1000000
[MakeCovarianceMatrix.cpp][info] Throw 940000/1000000
[MakeCovarianceMatrix.cpp][info] Throw 940100/1000000
[MakeCovarianceMatrix.cpp][info] Throw 940200/1000000
[MakeCovarianceMatrix.cpp][info] Throw 940300/1000000
[MakeCovarianceMatrix.cpp][info] Throw 940400/1000000
[MakeCovarianceMatrix.cpp][info] Throw 940500/1000000
[MakeCovarianceMatrix.cpp][info] Throw 940600/1000000
[MakeCovarianceMatrix.cpp][info] Throw 940700/1000000
[MakeCovarianceMatrix.cpp][info] Throw 940800/1000000
[MakeCovarianceMatrix.cpp][info] Throw 940900/1000000
[MakeCovarianceMatrix.cpp][info] Throw 941000/1000000
[MakeCovarianceMatrix.cpp][info] Throw 941100/1000000
[MakeCovarianceMatrix.cpp][info] Throw 941200/1000000
[MakeCovarianceMatrix.cpp][info] Throw 941300/1000000
[MakeCovarianceMatrix.cpp][info] Throw 941400/1000000
[MakeCovarianceMatrix.cpp][info] Throw 941500/1000000
[MakeCovarianceMatrix.cpp][info] Throw 941600/1000000
[MakeCovarianceMatrix.cpp][info] Throw 941700/1000000
[MakeCovarianceMatrix.cpp][info] Throw 941800/1000000
[MakeCovarianceMatrix.cpp][info] Throw 941900/1000000
[MakeCovarianceMatrix.cpp][info] Throw 942000/1000000
[MakeCovarianceMatrix.cpp][info] Throw 942100/1000000
[MakeCovarianceMatrix.cpp][info] Throw 942200/1000000
[MakeCovarianceMatrix.cpp][info] Throw 942300/1000000
[MakeCovarianceMatrix.cpp][info] Throw 942400/1000000
[MakeCovarianceMatrix.cpp][info] Throw 942500/1000000
[MakeCovarianceMatrix.cpp][info] Throw 942600/1000000
[MakeCovarianceMatrix.cpp][info] Throw 942700/1000000
[MakeCovarianceMatrix.cpp][info] Throw 942800/1000000
[MakeCovarianceMatrix.cpp][info] Throw 942900/1000000
[MakeCovarianceMatrix.cpp][info] Throw 943000/1000000
[MakeCovarianceMatrix.cpp][info] Throw 943100/1000000
[MakeCovarianceMatrix.cpp][info] Throw 943200/1000000
[MakeCovarianceMatrix.cpp][info] Throw 943300/1000000
[MakeCovarianceMatrix.cpp][info] Throw 943400/1000000
[MakeCovarianceMatrix.cpp][info] Throw 943500/1000000
[MakeCovarianceMatrix.cpp][info] Throw 943600/1000000
[MakeCovarianceMatrix.cpp][info] Throw 943700/1000000
[MakeCovarianceMatrix.cpp][info] Throw 943800/1000000
[MakeCovarianceMatrix.cpp][info] Throw 943900/1000000
[MakeCovarianceMatrix.cpp][info] Throw 944000/1000000
[MakeCovarianceMatrix.cpp][info] Throw 944100/1000000
[MakeCovarianceMatrix.cpp][info] Throw 944200/1000000
[MakeCovarianceMatrix.cpp][info] Throw 944300/1000000
[MakeCovarianceMatrix.cpp][info] Throw 944400/1000000
[MakeCovarianceMatrix.cpp][info] Throw 944500/1000000
[MakeCovarianceMatrix.cpp][info] Throw 944600/1000000
[MakeCovarianceMatrix.cpp][info] Throw 944700/1000000
[MakeCovarianceMatrix.cpp][info] Throw 944800/1000000
[MakeCovarianceMatrix.cpp][info] Throw 944900/1000000
[MakeCovarianceMatrix.cpp][info] Throw 945000/1000000
[MakeCovarianceMatrix.cpp][info] Throw 945100/1000000
[MakeCovarianceMatrix.cpp][info] Throw 945200/1000000
[MakeCovarianceMatrix.cpp][info] Throw 945300/1000000
[MakeCovarianceMatrix.cpp][info] Throw 945400/1000000
[MakeCovarianceMatrix.cpp][info] Throw 945500/1000000
[MakeCovarianceMatrix.cpp][info] Throw 945600/1000000
[MakeCovarianceMatrix.cpp][info] Throw 945700/1000000
[MakeCovarianceMatrix.cpp][info] Throw 945800/1000000
[MakeCovarianceMatrix.cpp][info] Throw 945900/1000000
[MakeCovarianceMatrix.cpp][info] Throw 946000/1000000
[MakeCovarianceMatrix.cpp][info] Throw 946100/1000000
[MakeCovarianceMatrix.cpp][info] Throw 946200/1000000
[MakeCovarianceMatrix.cpp][info] Throw 946300/1000000
[MakeCovarianceMatrix.cpp][info] Throw 946400/1000000
[MakeCovarianceMatrix.cpp][info] Throw 946500/1000000
[MakeCovarianceMatrix.cpp][info] Throw 946600/1000000
[MakeCovarianceMatrix.cpp][info] Throw 946700/1000000
[MakeCovarianceMatrix.cpp][info] Throw 946800/1000000
[MakeCovarianceMatrix.cpp][info] Throw 946900/1000000
[MakeCovarianceMatrix.cpp][info] Throw 947000/1000000
[MakeCovarianceMatrix.cpp][info] Throw 947100/1000000
[MakeCovarianceMatrix.cpp][info] Throw 947200/1000000
[MakeCovarianceMatrix.cpp][info] Throw 947300/1000000
[MakeCovarianceMatrix.cpp][info] Throw 947400/1000000
[MakeCovarianceMatrix.cpp][info] Throw 947500/1000000
[MakeCovarianceMatrix.cpp][info] Throw 947600/1000000
[MakeCovarianceMatrix.cpp][info] Throw 947700/1000000
[MakeCovarianceMatrix.cpp][info] Throw 947800/1000000
[MakeCovarianceMatrix.cpp][info] Throw 947900/1000000
[MakeCovarianceMatrix.cpp][info] Throw 948000/1000000
[MakeCovarianceMatrix.cpp][info] Throw 948100/1000000
[MakeCovarianceMatrix.cpp][info] Throw 948200/1000000
[MakeCovarianceMatrix.cpp][info] Throw 948300/1000000
[MakeCovarianceMatrix.cpp][info] Throw 948400/1000000
[MakeCovarianceMatrix.cpp][info] Throw 948500/1000000
[MakeCovarianceMatrix.cpp][info] Throw 948600/1000000
[MakeCovarianceMatrix.cpp][info] Throw 948700/1000000
[MakeCovarianceMatrix.cpp][info] Throw 948800/1000000
[MakeCovarianceMatrix.cpp][info] Throw 948900/1000000
[MakeCovarianceMatrix.cpp][info] Throw 949000/1000000
[MakeCovarianceMatrix.cpp][info] Throw 949100/1000000
[MakeCovarianceMatrix.cpp][info] Throw 949200/1000000
[MakeCovarianceMatrix.cpp][info] Throw 949300/1000000
[MakeCovarianceMatrix.cpp][info] Throw 949400/1000000
[MakeCovarianceMatrix.cpp][info] Throw 949500/1000000
[MakeCovarianceMatrix.cpp][info] Throw 949600/1000000
[MakeCovarianceMatrix.cpp][info] Throw 949700/1000000
[MakeCovarianceMatrix.cpp][info] Throw 949800/1000000
[MakeCovarianceMatrix.cpp][info] Throw 949900/1000000
[MakeCovarianceMatrix.cpp][info] Throw 950000/1000000
[MakeCovarianceMatrix.cpp][info] Throw 950100/1000000
[MakeCovarianceMatrix.cpp][info] Throw 950200/1000000
[MakeCovarianceMatrix.cpp][info] Throw 950300/1000000
[MakeCovarianceMatrix.cpp][info] Throw 950400/1000000
[MakeCovarianceMatrix.cpp][info] Throw 950500/1000000
[MakeCovarianceMatrix.cpp][info] Throw 950600/1000000
[MakeCovarianceMatrix.cpp][info] Throw 950700/1000000
[MakeCovarianceMatrix.cpp][info] Throw 950800/1000000
[MakeCovarianceMatrix.cpp][info] Throw 950900/1000000
[MakeCovarianceMatrix.cpp][info] Throw 951000/1000000
[MakeCovarianceMatrix.cpp][info] Throw 951100/1000000
[MakeCovarianceMatrix.cpp][info] Throw 951200/1000000
[MakeCovarianceMatrix.cpp][info] Throw 951300/1000000
[MakeCovarianceMatrix.cpp][info] Throw 951400/1000000
[MakeCovarianceMatrix.cpp][info] Throw 951500/1000000
[MakeCovarianceMatrix.cpp][info] Throw 951600/1000000
[MakeCovarianceMatrix.cpp][info] Throw 951700/1000000
[MakeCovarianceMatrix.cpp][info] Throw 951800/1000000
[MakeCovarianceMatrix.cpp][info] Throw 951900/1000000
[MakeCovarianceMatrix.cpp][info] Throw 952000/1000000
[MakeCovarianceMatrix.cpp][info] Throw 952100/1000000
[MakeCovarianceMatrix.cpp][info] Throw 952200/1000000
[MakeCovarianceMatrix.cpp][info] Throw 952300/1000000
[MakeCovarianceMatrix.cpp][info] Throw 952400/1000000
[MakeCovarianceMatrix.cpp][info] Throw 952500/1000000
[MakeCovarianceMatrix.cpp][info] Throw 952600/1000000
[MakeCovarianceMatrix.cpp][info] Throw 952700/1000000
[MakeCovarianceMatrix.cpp][info] Throw 952800/1000000
[MakeCovarianceMatrix.cpp][info] Throw 952900/1000000
[MakeCovarianceMatrix.cpp][info] Throw 953000/1000000
[MakeCovarianceMatrix.cpp][info] Throw 953100/1000000
[MakeCovarianceMatrix.cpp][info] Throw 953200/1000000
[MakeCovarianceMatrix.cpp][info] Throw 953300/1000000
[MakeCovarianceMatrix.cpp][info] Throw 953400/1000000
[MakeCovarianceMatrix.cpp][info] Throw 953500/1000000
[MakeCovarianceMatrix.cpp][info] Throw 953600/1000000
[MakeCovarianceMatrix.cpp][info] Throw 953700/1000000
[MakeCovarianceMatrix.cpp][info] Throw 953800/1000000
[MakeCovarianceMatrix.cpp][info] Throw 953900/1000000
[MakeCovarianceMatrix.cpp][info] Throw 954000/1000000
[MakeCovarianceMatrix.cpp][info] Throw 954100/1000000
[MakeCovarianceMatrix.cpp][info] Throw 954200/1000000
[MakeCovarianceMatrix.cpp][info] Throw 954300/1000000
[MakeCovarianceMatrix.cpp][info] Throw 954400/1000000
[MakeCovarianceMatrix.cpp][info] Throw 954500/1000000
[MakeCovarianceMatrix.cpp][info] Throw 954600/1000000
[MakeCovarianceMatrix.cpp][info] Throw 954700/1000000
[MakeCovarianceMatrix.cpp][info] Throw 954800/1000000
[MakeCovarianceMatrix.cpp][info] Throw 954900/1000000
[MakeCovarianceMatrix.cpp][info] Throw 955000/1000000
[MakeCovarianceMatrix.cpp][info] Throw 955100/1000000
[MakeCovarianceMatrix.cpp][info] Throw 955200/1000000
[MakeCovarianceMatrix.cpp][info] Throw 955300/1000000
[MakeCovarianceMatrix.cpp][info] Throw 955400/1000000
[MakeCovarianceMatrix.cpp][info] Throw 955500/1000000
[MakeCovarianceMatrix.cpp][info] Throw 955600/1000000
[MakeCovarianceMatrix.cpp][info] Throw 955700/1000000
[MakeCovarianceMatrix.cpp][info] Throw 955800/1000000
[MakeCovarianceMatrix.cpp][info] Throw 955900/1000000
[MakeCovarianceMatrix.cpp][info] Throw 956000/1000000
[MakeCovarianceMatrix.cpp][info] Throw 956100/1000000
[MakeCovarianceMatrix.cpp][info] Throw 956200/1000000
[MakeCovarianceMatrix.cpp][info] Throw 956300/1000000
[MakeCovarianceMatrix.cpp][info] Throw 956400/1000000
[MakeCovarianceMatrix.cpp][info] Throw 956500/1000000
[MakeCovarianceMatrix.cpp][info] Throw 956600/1000000
[MakeCovarianceMatrix.cpp][info] Throw 956700/1000000
[MakeCovarianceMatrix.cpp][info] Throw 956800/1000000
[MakeCovarianceMatrix.cpp][info] Throw 956900/1000000
[MakeCovarianceMatrix.cpp][info] Throw 957000/1000000
[MakeCovarianceMatrix.cpp][info] Throw 957100/1000000
[MakeCovarianceMatrix.cpp][info] Throw 957200/1000000
[MakeCovarianceMatrix.cpp][info] Throw 957300/1000000
[MakeCovarianceMatrix.cpp][info] Throw 957400/1000000
[MakeCovarianceMatrix.cpp][info] Throw 957500/1000000
[MakeCovarianceMatrix.cpp][info] Throw 957600/1000000
[MakeCovarianceMatrix.cpp][info] Throw 957700/1000000
[MakeCovarianceMatrix.cpp][info] Throw 957800/1000000
[MakeCovarianceMatrix.cpp][info] Throw 957900/1000000
[MakeCovarianceMatrix.cpp][info] Throw 958000/1000000
[MakeCovarianceMatrix.cpp][info] Throw 958100/1000000
[MakeCovarianceMatrix.cpp][info] Throw 958200/1000000
[MakeCovarianceMatrix.cpp][info] Throw 958300/1000000
[MakeCovarianceMatrix.cpp][info] Throw 958400/1000000
[MakeCovarianceMatrix.cpp][info] Throw 958500/1000000
[MakeCovarianceMatrix.cpp][info] Throw 958600/1000000
[MakeCovarianceMatrix.cpp][info] Throw 958700/1000000
[MakeCovarianceMatrix.cpp][info] Throw 958800/1000000
[MakeCovarianceMatrix.cpp][info] Throw 958900/1000000
[MakeCovarianceMatrix.cpp][info] Throw 959000/1000000
[MakeCovarianceMatrix.cpp][info] Throw 959100/1000000
[MakeCovarianceMatrix.cpp][info] Throw 959200/1000000
[MakeCovarianceMatrix.cpp][info] Throw 959300/1000000
[MakeCovarianceMatrix.cpp][info] Throw 959400/1000000
[MakeCovarianceMatrix.cpp][info] Throw 959500/1000000
[MakeCovarianceMatrix.cpp][info] Throw 959600/1000000
[MakeCovarianceMatrix.cpp][info] Throw 959700/1000000
[MakeCovarianceMatrix.cpp][info] Throw 959800/1000000
[MakeCovarianceMatrix.cpp][info] Throw 959900/1000000
[MakeCovarianceMatrix.cpp][info] Throw 960000/1000000
[MakeCovarianceMatrix.cpp][info] Throw 960100/1000000
[MakeCovarianceMatrix.cpp][info] Throw 960200/1000000
[MakeCovarianceMatrix.cpp][info] Throw 960300/1000000
[MakeCovarianceMatrix.cpp][info] Throw 960400/1000000
[MakeCovarianceMatrix.cpp][info] Throw 960500/1000000
[MakeCovarianceMatrix.cpp][info] Throw 960600/1000000
[MakeCovarianceMatrix.cpp][info] Throw 960700/1000000
[MakeCovarianceMatrix.cpp][info] Throw 960800/1000000
[MakeCovarianceMatrix.cpp][info] Throw 960900/1000000
[MakeCovarianceMatrix.cpp][info] Throw 961000/1000000
[MakeCovarianceMatrix.cpp][info] Throw 961100/1000000
[MakeCovarianceMatrix.cpp][info] Throw 961200/1000000
[MakeCovarianceMatrix.cpp][info] Throw 961300/1000000
[MakeCovarianceMatrix.cpp][info] Throw 961400/1000000
[MakeCovarianceMatrix.cpp][info] Throw 961500/1000000
[MakeCovarianceMatrix.cpp][info] Throw 961600/1000000
[MakeCovarianceMatrix.cpp][info] Throw 961700/1000000
[MakeCovarianceMatrix.cpp][info] Throw 961800/1000000
[MakeCovarianceMatrix.cpp][info] Throw 961900/1000000
[MakeCovarianceMatrix.cpp][info] Throw 962000/1000000
[MakeCovarianceMatrix.cpp][info] Throw 962100/1000000
[MakeCovarianceMatrix.cpp][info] Throw 962200/1000000
[MakeCovarianceMatrix.cpp][info] Throw 962300/1000000
[MakeCovarianceMatrix.cpp][info] Throw 962400/1000000
[MakeCovarianceMatrix.cpp][info] Throw 962500/1000000
[MakeCovarianceMatrix.cpp][info] Throw 962600/1000000
[MakeCovarianceMatrix.cpp][info] Throw 962700/1000000
[MakeCovarianceMatrix.cpp][info] Throw 962800/1000000
[MakeCovarianceMatrix.cpp][info] Throw 962900/1000000
[MakeCovarianceMatrix.cpp][info] Throw 963000/1000000
[MakeCovarianceMatrix.cpp][info] Throw 963100/1000000
[MakeCovarianceMatrix.cpp][info] Throw 963200/1000000
[MakeCovarianceMatrix.cpp][info] Throw 963300/1000000
[MakeCovarianceMatrix.cpp][info] Throw 963400/1000000
[MakeCovarianceMatrix.cpp][info] Throw 963500/1000000
[MakeCovarianceMatrix.cpp][info] Throw 963600/1000000
[MakeCovarianceMatrix.cpp][info] Throw 963700/1000000
[MakeCovarianceMatrix.cpp][info] Throw 963800/1000000
[MakeCovarianceMatrix.cpp][info] Throw 963900/1000000
[MakeCovarianceMatrix.cpp][info] Throw 964000/1000000
[MakeCovarianceMatrix.cpp][info] Throw 964100/1000000
[MakeCovarianceMatrix.cpp][info] Throw 964200/1000000
[MakeCovarianceMatrix.cpp][info] Throw 964300/1000000
[MakeCovarianceMatrix.cpp][info] Throw 964400/1000000
[MakeCovarianceMatrix.cpp][info] Throw 964500/1000000
[MakeCovarianceMatrix.cpp][info] Throw 964600/1000000
[MakeCovarianceMatrix.cpp][info] Throw 964700/1000000
[MakeCovarianceMatrix.cpp][info] Throw 964800/1000000
[MakeCovarianceMatrix.cpp][info] Throw 964900/1000000
[MakeCovarianceMatrix.cpp][info] Throw 965000/1000000
[MakeCovarianceMatrix.cpp][info] Throw 965100/1000000
[MakeCovarianceMatrix.cpp][info] Throw 965200/1000000
[MakeCovarianceMatrix.cpp][info] Throw 965300/1000000
[MakeCovarianceMatrix.cpp][info] Throw 965400/1000000
[MakeCovarianceMatrix.cpp][info] Throw 965500/1000000
[MakeCovarianceMatrix.cpp][info] Throw 965600/1000000
[MakeCovarianceMatrix.cpp][info] Throw 965700/1000000
[MakeCovarianceMatrix.cpp][info] Throw 965800/1000000
[MakeCovarianceMatrix.cpp][info] Throw 965900/1000000
[MakeCovarianceMatrix.cpp][info] Throw 966000/1000000
[MakeCovarianceMatrix.cpp][info] Throw 966100/1000000
[MakeCovarianceMatrix.cpp][info] Throw 966200/1000000
[MakeCovarianceMatrix.cpp][info] Throw 966300/1000000
[MakeCovarianceMatrix.cpp][info] Throw 966400/1000000
[MakeCovarianceMatrix.cpp][info] Throw 966500/1000000
[MakeCovarianceMatrix.cpp][info] Throw 966600/1000000
[MakeCovarianceMatrix.cpp][info] Throw 966700/1000000
[MakeCovarianceMatrix.cpp][info] Throw 966800/1000000
[MakeCovarianceMatrix.cpp][info] Throw 966900/1000000
[MakeCovarianceMatrix.cpp][info] Throw 967000/1000000
[MakeCovarianceMatrix.cpp][info] Throw 967100/1000000
[MakeCovarianceMatrix.cpp][info] Throw 967200/1000000
[MakeCovarianceMatrix.cpp][info] Throw 967300/1000000
[MakeCovarianceMatrix.cpp][info] Throw 967400/1000000
[MakeCovarianceMatrix.cpp][info] Throw 967500/1000000
[MakeCovarianceMatrix.cpp][info] Throw 967600/1000000
[MakeCovarianceMatrix.cpp][info] Throw 967700/1000000
[MakeCovarianceMatrix.cpp][info] Throw 967800/1000000
[MakeCovarianceMatrix.cpp][info] Throw 967900/1000000
[MakeCovarianceMatrix.cpp][info] Throw 968000/1000000
[MakeCovarianceMatrix.cpp][info] Throw 968100/1000000
[MakeCovarianceMatrix.cpp][info] Throw 968200/1000000
[MakeCovarianceMatrix.cpp][info] Throw 968300/1000000
[MakeCovarianceMatrix.cpp][info] Throw 968400/1000000
[MakeCovarianceMatrix.cpp][info] Throw 968500/1000000
[MakeCovarianceMatrix.cpp][info] Throw 968600/1000000
[MakeCovarianceMatrix.cpp][info] Throw 968700/1000000
[MakeCovarianceMatrix.cpp][info] Throw 968800/1000000
[MakeCovarianceMatrix.cpp][info] Throw 968900/1000000
[MakeCovarianceMatrix.cpp][info] Throw 969000/1000000
[MakeCovarianceMatrix.cpp][info] Throw 969100/1000000
[MakeCovarianceMatrix.cpp][info] Throw 969200/1000000
[MakeCovarianceMatrix.cpp][info] Throw 969300/1000000
[MakeCovarianceMatrix.cpp][info] Throw 969400/1000000
[MakeCovarianceMatrix.cpp][info] Throw 969500/1000000
[MakeCovarianceMatrix.cpp][info] Throw 969600/1000000
[MakeCovarianceMatrix.cpp][info] Throw 969700/1000000
[MakeCovarianceMatrix.cpp][info] Throw 969800/1000000
[MakeCovarianceMatrix.cpp][info] Throw 969900/1000000
[MakeCovarianceMatrix.cpp][info] Throw 970000/1000000
[MakeCovarianceMatrix.cpp][info] Throw 970100/1000000
[MakeCovarianceMatrix.cpp][info] Throw 970200/1000000
[MakeCovarianceMatrix.cpp][info] Throw 970300/1000000
[MakeCovarianceMatrix.cpp][info] Throw 970400/1000000
[MakeCovarianceMatrix.cpp][info] Throw 970500/1000000
[MakeCovarianceMatrix.cpp][info] Throw 970600/1000000
[MakeCovarianceMatrix.cpp][info] Throw 970700/1000000
[MakeCovarianceMatrix.cpp][info] Throw 970800/1000000
[MakeCovarianceMatrix.cpp][info] Throw 970900/1000000
[MakeCovarianceMatrix.cpp][info] Throw 971000/1000000
[MakeCovarianceMatrix.cpp][info] Throw 971100/1000000
[MakeCovarianceMatrix.cpp][info] Throw 971200/1000000
[MakeCovarianceMatrix.cpp][info] Throw 971300/1000000
[MakeCovarianceMatrix.cpp][info] Throw 971400/1000000
[MakeCovarianceMatrix.cpp][info] Throw 971500/1000000
[MakeCovarianceMatrix.cpp][info] Throw 971600/1000000
[MakeCovarianceMatrix.cpp][info] Throw 971700/1000000
[MakeCovarianceMatrix.cpp][info] Throw 971800/1000000
[MakeCovarianceMatrix.cpp][info] Throw 971900/1000000
[MakeCovarianceMatrix.cpp][info] Throw 972000/1000000
[MakeCovarianceMatrix.cpp][info] Throw 972100/1000000
[MakeCovarianceMatrix.cpp][info] Throw 972200/1000000
[MakeCovarianceMatrix.cpp][info] Throw 972300/1000000
[MakeCovarianceMatrix.cpp][info] Throw 972400/1000000
[MakeCovarianceMatrix.cpp][info] Throw 972500/1000000
[MakeCovarianceMatrix.cpp][info] Throw 972600/1000000
[MakeCovarianceMatrix.cpp][info] Throw 972700/1000000
[MakeCovarianceMatrix.cpp][info] Throw 972800/1000000
[MakeCovarianceMatrix.cpp][info] Throw 972900/1000000
[MakeCovarianceMatrix.cpp][info] Throw 973000/1000000
[MakeCovarianceMatrix.cpp][info] Throw 973100/1000000
[MakeCovarianceMatrix.cpp][info] Throw 973200/1000000
[MakeCovarianceMatrix.cpp][info] Throw 973300/1000000
[MakeCovarianceMatrix.cpp][info] Throw 973400/1000000
[MakeCovarianceMatrix.cpp][info] Throw 973500/1000000
[MakeCovarianceMatrix.cpp][info] Throw 973600/1000000
[MakeCovarianceMatrix.cpp][info] Throw 973700/1000000
[MakeCovarianceMatrix.cpp][info] Throw 973800/1000000
[MakeCovarianceMatrix.cpp][info] Throw 973900/1000000
[MakeCovarianceMatrix.cpp][info] Throw 974000/1000000
[MakeCovarianceMatrix.cpp][info] Throw 974100/1000000
[MakeCovarianceMatrix.cpp][info] Throw 974200/1000000
[MakeCovarianceMatrix.cpp][info] Throw 974300/1000000
[MakeCovarianceMatrix.cpp][info] Throw 974400/1000000
[MakeCovarianceMatrix.cpp][info] Throw 974500/1000000
[MakeCovarianceMatrix.cpp][info] Throw 974600/1000000
[MakeCovarianceMatrix.cpp][info] Throw 974700/1000000
[MakeCovarianceMatrix.cpp][info] Throw 974800/1000000
[MakeCovarianceMatrix.cpp][info] Throw 974900/1000000
[MakeCovarianceMatrix.cpp][info] Throw 975000/1000000
[MakeCovarianceMatrix.cpp][info] Throw 975100/1000000
[MakeCovarianceMatrix.cpp][info] Throw 975200/1000000
[MakeCovarianceMatrix.cpp][info] Throw 975300/1000000
[MakeCovarianceMatrix.cpp][info] Throw 975400/1000000
[MakeCovarianceMatrix.cpp][info] Throw 975500/1000000
[MakeCovarianceMatrix.cpp][info] Throw 975600/1000000
[MakeCovarianceMatrix.cpp][info] Throw 975700/1000000
[MakeCovarianceMatrix.cpp][info] Throw 975800/1000000
[MakeCovarianceMatrix.cpp][info] Throw 975900/1000000
[MakeCovarianceMatrix.cpp][info] Throw 976000/1000000
[MakeCovarianceMatrix.cpp][info] Throw 976100/1000000
[MakeCovarianceMatrix.cpp][info] Throw 976200/1000000
[MakeCovarianceMatrix.cpp][info] Throw 976300/1000000
[MakeCovarianceMatrix.cpp][info] Throw 976400/1000000
[MakeCovarianceMatrix.cpp][info] Throw 976500/1000000
[MakeCovarianceMatrix.cpp][info] Throw 976600/1000000
[MakeCovarianceMatrix.cpp][info] Throw 976700/1000000
[MakeCovarianceMatrix.cpp][info] Throw 976800/1000000
[MakeCovarianceMatrix.cpp][info] Throw 976900/1000000
[MakeCovarianceMatrix.cpp][info] Throw 977000/1000000
[MakeCovarianceMatrix.cpp][info] Throw 977100/1000000
[MakeCovarianceMatrix.cpp][info] Throw 977200/1000000
[MakeCovarianceMatrix.cpp][info] Throw 977300/1000000
[MakeCovarianceMatrix.cpp][info] Throw 977400/1000000
[MakeCovarianceMatrix.cpp][info] Throw 977500/1000000
[MakeCovarianceMatrix.cpp][info] Throw 977600/1000000
[MakeCovarianceMatrix.cpp][info] Throw 977700/1000000
[MakeCovarianceMatrix.cpp][info] Throw 977800/1000000
[MakeCovarianceMatrix.cpp][info] Throw 977900/1000000
[MakeCovarianceMatrix.cpp][info] Throw 978000/1000000
[MakeCovarianceMatrix.cpp][info] Throw 978100/1000000
[MakeCovarianceMatrix.cpp][info] Throw 978200/1000000
[MakeCovarianceMatrix.cpp][info] Throw 978300/1000000
[MakeCovarianceMatrix.cpp][info] Throw 978400/1000000
[MakeCovarianceMatrix.cpp][info] Throw 978500/1000000
[MakeCovarianceMatrix.cpp][info] Throw 978600/1000000
[MakeCovarianceMatrix.cpp][info] Throw 978700/1000000
[MakeCovarianceMatrix.cpp][info] Throw 978800/1000000
[MakeCovarianceMatrix.cpp][info] Throw 978900/1000000
[MakeCovarianceMatrix.cpp][info] Throw 979000/1000000
[MakeCovarianceMatrix.cpp][info] Throw 979100/1000000
[MakeCovarianceMatrix.cpp][info] Throw 979200/1000000
[MakeCovarianceMatrix.cpp][info] Throw 979300/1000000
[MakeCovarianceMatrix.cpp][info] Throw 979400/1000000
[MakeCovarianceMatrix.cpp][info] Throw 979500/1000000
[MakeCovarianceMatrix.cpp][info] Throw 979600/1000000
[MakeCovarianceMatrix.cpp][info] Throw 979700/1000000
[MakeCovarianceMatrix.cpp][info] Throw 979800/1000000
[MakeCovarianceMatrix.cpp][info] Throw 979900/1000000
[MakeCovarianceMatrix.cpp][info] Throw 980000/1000000
[MakeCovarianceMatrix.cpp][info] Throw 980100/1000000
[MakeCovarianceMatrix.cpp][info] Throw 980200/1000000
[MakeCovarianceMatrix.cpp][info] Throw 980300/1000000
[MakeCovarianceMatrix.cpp][info] Throw 980400/1000000
[MakeCovarianceMatrix.cpp][info] Throw 980500/1000000
[MakeCovarianceMatrix.cpp][info] Throw 980600/1000000
[MakeCovarianceMatrix.cpp][info] Throw 980700/1000000
[MakeCovarianceMatrix.cpp][info] Throw 980800/1000000
[MakeCovarianceMatrix.cpp][info] Throw 980900/1000000
[MakeCovarianceMatrix.cpp][info] Throw 981000/1000000
[MakeCovarianceMatrix.cpp][info] Throw 981100/1000000
[MakeCovarianceMatrix.cpp][info] Throw 981200/1000000
[MakeCovarianceMatrix.cpp][info] Throw 981300/1000000
[MakeCovarianceMatrix.cpp][info] Throw 981400/1000000
[MakeCovarianceMatrix.cpp][info] Throw 981500/1000000
[MakeCovarianceMatrix.cpp][info] Throw 981600/1000000
[MakeCovarianceMatrix.cpp][info] Throw 981700/1000000
[MakeCovarianceMatrix.cpp][info] Throw 981800/1000000
[MakeCovarianceMatrix.cpp][info] Throw 981900/1000000
[MakeCovarianceMatrix.cpp][info] Throw 982000/1000000
[MakeCovarianceMatrix.cpp][info] Throw 982100/1000000
[MakeCovarianceMatrix.cpp][info] Throw 982200/1000000
[MakeCovarianceMatrix.cpp][info] Throw 982300/1000000
[MakeCovarianceMatrix.cpp][info] Throw 982400/1000000
[MakeCovarianceMatrix.cpp][info] Throw 982500/1000000
[MakeCovarianceMatrix.cpp][info] Throw 982600/1000000
[MakeCovarianceMatrix.cpp][info] Throw 982700/1000000
[MakeCovarianceMatrix.cpp][info] Throw 982800/1000000
[MakeCovarianceMatrix.cpp][info] Throw 982900/1000000
[MakeCovarianceMatrix.cpp][info] Throw 983000/1000000
[MakeCovarianceMatrix.cpp][info] Throw 983100/1000000
[MakeCovarianceMatrix.cpp][info] Throw 983200/1000000
[MakeCovarianceMatrix.cpp][info] Throw 983300/1000000
[MakeCovarianceMatrix.cpp][info] Throw 983400/1000000
[MakeCovarianceMatrix.cpp][info] Throw 983500/1000000
[MakeCovarianceMatrix.cpp][info] Throw 983600/1000000
[MakeCovarianceMatrix.cpp][info] Throw 983700/1000000
[MakeCovarianceMatrix.cpp][info] Throw 983800/1000000
[MakeCovarianceMatrix.cpp][info] Throw 983900/1000000
[MakeCovarianceMatrix.cpp][info] Throw 984000/1000000
[MakeCovarianceMatrix.cpp][info] Throw 984100/1000000
[MakeCovarianceMatrix.cpp][info] Throw 984200/1000000
[MakeCovarianceMatrix.cpp][info] Throw 984300/1000000
[MakeCovarianceMatrix.cpp][info] Throw 984400/1000000
[MakeCovarianceMatrix.cpp][info] Throw 984500/1000000
[MakeCovarianceMatrix.cpp][info] Throw 984600/1000000
[MakeCovarianceMatrix.cpp][info] Throw 984700/1000000
[MakeCovarianceMatrix.cpp][info] Throw 984800/1000000
[MakeCovarianceMatrix.cpp][info] Throw 984900/1000000
[MakeCovarianceMatrix.cpp][info] Throw 985000/1000000
[MakeCovarianceMatrix.cpp][info] Throw 985100/1000000
[MakeCovarianceMatrix.cpp][info] Throw 985200/1000000
[MakeCovarianceMatrix.cpp][info] Throw 985300/1000000
[MakeCovarianceMatrix.cpp][info] Throw 985400/1000000
[MakeCovarianceMatrix.cpp][info] Throw 985500/1000000
[MakeCovarianceMatrix.cpp][info] Throw 985600/1000000
[MakeCovarianceMatrix.cpp][info] Throw 985700/1000000
[MakeCovarianceMatrix.cpp][info] Throw 985800/1000000
[MakeCovarianceMatrix.cpp][info] Throw 985900/1000000
[MakeCovarianceMatrix.cpp][info] Throw 986000/1000000
[MakeCovarianceMatrix.cpp][info] Throw 986100/1000000
[MakeCovarianceMatrix.cpp][info] Throw 986200/1000000
[MakeCovarianceMatrix.cpp][info] Throw 986300/1000000
[MakeCovarianceMatrix.cpp][info] Throw 986400/1000000
[MakeCovarianceMatrix.cpp][info] Throw 986500/1000000
[MakeCovarianceMatrix.cpp][info] Throw 986600/1000000
[MakeCovarianceMatrix.cpp][info] Throw 986700/1000000
[MakeCovarianceMatrix.cpp][info] Throw 986800/1000000
[MakeCovarianceMatrix.cpp][info] Throw 986900/1000000
[MakeCovarianceMatrix.cpp][info] Throw 987000/1000000
[MakeCovarianceMatrix.cpp][info] Throw 987100/1000000
[MakeCovarianceMatrix.cpp][info] Throw 987200/1000000
[MakeCovarianceMatrix.cpp][info] Throw 987300/1000000
[MakeCovarianceMatrix.cpp][info] Throw 987400/1000000
[MakeCovarianceMatrix.cpp][info] Throw 987500/1000000
[MakeCovarianceMatrix.cpp][info] Throw 987600/1000000
[MakeCovarianceMatrix.cpp][info] Throw 987700/1000000
[MakeCovarianceMatrix.cpp][info] Throw 987800/1000000
[MakeCovarianceMatrix.cpp][info] Throw 987900/1000000
[MakeCovarianceMatrix.cpp][info] Throw 988000/1000000
[MakeCovarianceMatrix.cpp][info] Throw 988100/1000000
[MakeCovarianceMatrix.cpp][info] Throw 988200/1000000
[MakeCovarianceMatrix.cpp][info] Throw 988300/1000000
[MakeCovarianceMatrix.cpp][info] Throw 988400/1000000
[MakeCovarianceMatrix.cpp][info] Throw 988500/1000000
[MakeCovarianceMatrix.cpp][info] Throw 988600/1000000
[MakeCovarianceMatrix.cpp][info] Throw 988700/1000000
[MakeCovarianceMatrix.cpp][info] Throw 988800/1000000
[MakeCovarianceMatrix.cpp][info] Throw 988900/1000000
[MakeCovarianceMatrix.cpp][info] Throw 989000/1000000
[MakeCovarianceMatrix.cpp][info] Throw 989100/1000000
[MakeCovarianceMatrix.cpp][info] Throw 989200/1000000
[MakeCovarianceMatrix.cpp][info] Throw 989300/1000000
[MakeCovarianceMatrix.cpp][info] Throw 989400/1000000
[MakeCovarianceMatrix.cpp][info] Throw 989500/1000000
[MakeCovarianceMatrix.cpp][info] Throw 989600/1000000
[MakeCovarianceMatrix.cpp][info] Throw 989700/1000000
[MakeCovarianceMatrix.cpp][info] Throw 989800/1000000
[MakeCovarianceMatrix.cpp][info] Throw 989900/1000000
[MakeCovarianceMatrix.cpp][info] Throw 990000/1000000
[MakeCovarianceMatrix.cpp][info] Throw 990100/1000000
[MakeCovarianceMatrix.cpp][info] Throw 990200/1000000
[MakeCovarianceMatrix.cpp][info] Throw 990300/1000000
[MakeCovarianceMatrix.cpp][info] Throw 990400/1000000
[MakeCovarianceMatrix.cpp][info] Throw 990500/1000000
[MakeCovarianceMatrix.cpp][info] Throw 990600/1000000
[MakeCovarianceMatrix.cpp][info] Throw 990700/1000000
[MakeCovarianceMatrix.cpp][info] Throw 990800/1000000
[MakeCovarianceMatrix.cpp][info] Throw 990900/1000000
[MakeCovarianceMatrix.cpp][info] Throw 991000/1000000
[MakeCovarianceMatrix.cpp][info] Throw 991100/1000000
[MakeCovarianceMatrix.cpp][info] Throw 991200/1000000
[MakeCovarianceMatrix.cpp][info] Throw 991300/1000000
[MakeCovarianceMatrix.cpp][info] Throw 991400/1000000
[MakeCovarianceMatrix.cpp][info] Throw 991500/1000000
[MakeCovarianceMatrix.cpp][info] Throw 991600/1000000
[MakeCovarianceMatrix.cpp][info] Throw 991700/1000000
[MakeCovarianceMatrix.cpp][info] Throw 991800/1000000
[MakeCovarianceMatrix.cpp][info] Throw 991900/1000000
[MakeCovarianceMatrix.cpp][info] Throw 992000/1000000
[MakeCovarianceMatrix.cpp][info] Throw 992100/1000000
[MakeCovarianceMatrix.cpp][info] Throw 992200/1000000
[MakeCovarianceMatrix.cpp][info] Throw 992300/1000000
[MakeCovarianceMatrix.cpp][info] Throw 992400/1000000
[MakeCovarianceMatrix.cpp][info] Throw 992500/1000000
[MakeCovarianceMatrix.cpp][info] Throw 992600/1000000
[MakeCovarianceMatrix.cpp][info] Throw 992700/1000000
[MakeCovarianceMatrix.cpp][info] Throw 992800/1000000
[MakeCovarianceMatrix.cpp][info] Throw 992900/1000000
[MakeCovarianceMatrix.cpp][info] Throw 993000/1000000
[MakeCovarianceMatrix.cpp][info] Throw 993100/1000000
[MakeCovarianceMatrix.cpp][info] Throw 993200/1000000
[MakeCovarianceMatrix.cpp][info] Throw 993300/1000000
[MakeCovarianceMatrix.cpp][info] Throw 993400/1000000
[MakeCovarianceMatrix.cpp][info] Throw 993500/1000000
[MakeCovarianceMatrix.cpp][info] Throw 993600/1000000
[MakeCovarianceMatrix.cpp][info] Throw 993700/1000000
[MakeCovarianceMatrix.cpp][info] Throw 993800/1000000
[MakeCovarianceMatrix.cpp][info] Throw 993900/1000000
[MakeCovarianceMatrix.cpp][info] Throw 994000/1000000
[MakeCovarianceMatrix.cpp][info] Throw 994100/1000000
[MakeCovarianceMatrix.cpp][info] Throw 994200/1000000
[MakeCovarianceMatrix.cpp][info] Throw 994300/1000000
[MakeCovarianceMatrix.cpp][info] Throw 994400/1000000
[MakeCovarianceMatrix.cpp][info] Throw 994500/1000000
[MakeCovarianceMatrix.cpp][info] Throw 994600/1000000
[MakeCovarianceMatrix.cpp][info] Throw 994700/1000000
[MakeCovarianceMatrix.cpp][info] Throw 994800/1000000
[MakeCovarianceMatrix.cpp][info] Throw 994900/1000000
[MakeCovarianceMatrix.cpp][info] Throw 995000/1000000
[MakeCovarianceMatrix.cpp][info] Throw 995100/1000000
[MakeCovarianceMatrix.cpp][info] Throw 995200/1000000
[MakeCovarianceMatrix.cpp][info] Throw 995300/1000000
[MakeCovarianceMatrix.cpp][info] Throw 995400/1000000
[MakeCovarianceMatrix.cpp][info] Throw 995500/1000000
[MakeCovarianceMatrix.cpp][info] Throw 995600/1000000
[MakeCovarianceMatrix.cpp][info] Throw 995700/1000000
[MakeCovarianceMatrix.cpp][info] Throw 995800/1000000
[MakeCovarianceMatrix.cpp][info] Throw 995900/1000000
[MakeCovarianceMatrix.cpp][info] Throw 996000/1000000
[MakeCovarianceMatrix.cpp][info] Throw 996100/1000000
[MakeCovarianceMatrix.cpp][info] Throw 996200/1000000
[MakeCovarianceMatrix.cpp][info] Throw 996300/1000000
[MakeCovarianceMatrix.cpp][info] Throw 996400/1000000
[MakeCovarianceMatrix.cpp][info] Throw 996500/1000000
[MakeCovarianceMatrix.cpp][info] Throw 996600/1000000
[MakeCovarianceMatrix.cpp][info] Throw 996700/1000000
[MakeCovarianceMatrix.cpp][info] Throw 996800/1000000
[MakeCovarianceMatrix.cpp][info] Throw 996900/1000000
[MakeCovarianceMatrix.cpp][info] Throw 997000/1000000
[MakeCovarianceMatrix.cpp][info] Throw 997100/1000000
[MakeCovarianceMatrix.cpp][info] Throw 997200/1000000
[MakeCovarianceMatrix.cpp][info] Throw 997300/1000000
[MakeCovarianceMatrix.cpp][info] Throw 997400/1000000
[MakeCovarianceMatrix.cpp][info] Throw 997500/1000000
[MakeCovarianceMatrix.cpp][info] Throw 997600/1000000
[MakeCovarianceMatrix.cpp][info] Throw 997700/1000000
[MakeCovarianceMatrix.cpp][info] Throw 997800/1000000
[MakeCovarianceMatrix.cpp][info] Throw 997900/1000000
[MakeCovarianceMatrix.cpp][info] Throw 998000/1000000
[MakeCovarianceMatrix.cpp][info] Throw 998100/1000000
[MakeCovarianceMatrix.cpp][info] Throw 998200/1000000
[MakeCovarianceMatrix.cpp][info] Throw 998300/1000000
[MakeCovarianceMatrix.cpp][info] Throw 998400/1000000
[MakeCovarianceMatrix.cpp][info] Throw 998500/1000000
[MakeCovarianceMatrix.cpp][info] Throw 998600/1000000
[MakeCovarianceMatrix.cpp][info] Throw 998700/1000000
[MakeCovarianceMatrix.cpp][info] Throw 998800/1000000
[MakeCovarianceMatrix.cpp][info] Throw 998900/1000000
[MakeCovarianceMatrix.cpp][info] Throw 999000/1000000
[MakeCovarianceMatrix.cpp][info] Throw 999100/1000000
[MakeCovarianceMatrix.cpp][info] Throw 999200/1000000
[MakeCovarianceMatrix.cpp][info] Throw 999300/1000000
[MakeCovarianceMatrix.cpp][info] Throw 999400/1000000
[MakeCovarianceMatrix.cpp][info] Throw 999500/1000000
[MakeCovarianceMatrix.cpp][info] Throw 999600/1000000
[MakeCovarianceMatrix.cpp][info] Throw 999700/1000000
[MakeCovarianceMatrix.cpp][info] Throw 999800/1000000
[MakeCovarianceMatrix.cpp][info] Throw 999900/1000000
[INFO] Finished
