Sourcing NuOscillator
Sourcing MaCh3 Core
Sourcing NuOscillator
Running DiagMCMC...
[DiagMCMC.cpp][info] Producing single fit output
[DiagMCMC.cpp][info] File for study: /scratch/abipeake/March2026/Easter_finerxsecbinning_sat11ththapril_robbinsmonroemore2/chain_trimmed_last10M.root
[Monitor.cpp][info] ##################################
[Monitor.cpp][info] Welcome to:  
[Monitor.cpp][info]   __  __        _____ _     ____  
[Monitor.cpp][info]  |  \/  |      / ____| |   |___ \ 
[Monitor.cpp][info]  | \  / | __ _| |    | |__   __) |
[Monitor.cpp][info]  | |\/| |/ _` | |    | '_ \ |__ < 
[Monitor.cpp][info]  | |  | | (_| | |____| | | |___) |
[Monitor.cpp][info]  |_|  |_|\__,_|\_____|_| |_|____/ 
[Monitor.cpp][info] Version: 2.4.2
[Monitor.cpp][info] ##################################
[Monitor.cpp][info] Using following CPU:
[Monitor.cpp][info] model name	: AMD EPYC 9654 96-Core Processor
[Monitor.cpp][info] cpu MHz		: 1997.049
[Monitor.cpp][info] Architecture:        x86_64
[Monitor.cpp][info] L1d cache:           32K
[Monitor.cpp][info] L1i cache:           32K
[Monitor.cpp][info] L2 cache:            1024K
[Monitor.cpp][info] L3 cache:            32768K
[Monitor.cpp][info] Thread(s) per core:  1
[Monitor.cpp][info] CPU(s):              192
[Monitor.cpp][info] With available threads                8
[MCMCProcessor.cpp][info] Making post-fit processor for: /scratch/abipeake/March2026/Easter_finerxsecbinning_sat11ththapril_robbinsmonroemore2/chain_trimmed_last10M.root
[MCMCProcessor.cpp][info] Loading YAML config from MCMC chain
[ParameterHandlerUtils.h][info] Found single TMacro in directory: using it.
[MCMCProcessor.cpp][warning] Couldn't find NDCov (legacy) branch in output
[MCMCProcessor.cpp][warning] Couldn't find FDCov (legacy) branch in output
[MCMCProcessor.cpp][info] ************************************************
[MCMCProcessor.cpp][info] Scanning output branches...
[MCMCProcessor.cpp][info] # Useful entries in tree: [1;32m 858 [0m 
[MCMCProcessor.cpp][info] # Model params:  [1;32m 858 starting at 0 [0m 
[MCMCProcessor.cpp][info] # With following groups: 
[MCMCProcessor.cpp][info]  # Xsec params: 858
[MCMCProcessor.cpp][info] # ND params (legacy):    [1;32m 0 starting at 0 [0m 
[MCMCProcessor.cpp][info] # FD params (legacy):    [1;32m 0 starting at 0 [0m 
[MCMCProcessor.cpp][info] ************************************************
[MCMCProcessor.cpp][info] Reading input tree...
[Monitor.cpp][info] [>                   ]   0/10000000 (0%)
[Monitor.cpp][info] [==>                 ] 1000000/10000000 (10%)
[Monitor.cpp][info] [====>               ] 2000000/10000000 (20%)
[Monitor.cpp][info] [======>             ] 3000000/10000000 (30%)
[Monitor.cpp][info] [========>           ] 4000000/10000000 (40%)
[Monitor.cpp][info] [==========>         ] 5000000/10000000 (50%)
[Monitor.cpp][info] [============>       ] 6000000/10000000 (60%)
[Monitor.cpp][info] [==============>     ] 7000000/10000000 (70%)
[Monitor.cpp][info] [================>   ] 8000000/10000000 (80%)
[Monitor.cpp][info] [==================> ] 9000000/10000000 (90%)
[MCMCProcessor.cpp][info] Took 780.55s to finish caching statistic for Diag MCMC with 10000000 steps
[MCMCProcessor.cpp][info] Making trace plots...
[MCMCProcessor.cpp][info] Making BatchedMeans plots...
[MCMCProcessor.cpp][info] Making auto-correlations for nLags = 10000
[MCMCProcessor.cpp][info] Making ESS plots...
[MCMCProcessor.cpp][info] Making auto-correlations took 441.67s
[MCMCProcessor.cpp][info] Making Power Spectrum plots...
[MCMCProcessor.cpp][info] Making Power Spectrum took 419.94s
[MCMCProcessor.cpp][info] Making Geweke Diagnostic
[MCMCProcessor.cpp][info] Making AccProb plots...
[MCMCProcessor.cpp][info] Closing pdf in MCMCProcessor: /scratch/abipeake/March2026/Easter_finerxsecbinning_sat11ththapril_robbinsmonroemore2/chain_trimmed_last10M_MCMC_Diag.pdf
Running PlotMCMCDiag on /scratch/abipeake/March2026/Easter_finerxsecbinning_sat11ththapril_robbinsmonroemore2/chain_trimmed_last10M_MCMC_Diag.root... XSec
[PlotMCMCDiag.cpp][info] Processing 1 file(s)
[PlotMCMCDiag.cpp][info] Adding file /scratch/abipeake/March2026/Easter_finerxsecbinning_sat11ththapril_robbinsmonroemore2/chain_trimmed_last10M_MCMC_Diag.root
[PlotMCMCDiag.cpp][info] Trace/enu_enubias_1_param_0_Trace
[PlotMCMCDiag.cpp][warning] continuing along my way for Trace
[PlotMCMCDiag.cpp][info] Looking for Trace/enu_enubias_1_param_0_Trace from file /scratch/abipeake/March2026/Easter_finerxsecbinning_sat11ththapril_robbinsmonroemore2/chain_trimmed_last10M_MCMC_Diag.root
[PlotMCMCDiag.cpp][info] Trace/enu_enubias_2_param_1_Trace
[PlotMCMCDiag.cpp][warning] continuing along my way for Trace
[PlotMCMCDiag.cpp][info] Looking for Trace/enu_enubias_2_param_1_Trace from file /scratch/abipeake/March2026/Easter_finerxsecbinning_sat11ththapril_robbinsmonroemore2/chain_trimmed_last10M_MCMC_Diag.root
[PlotMCMCDiag.cpp][info] Trace/enu_enubias_3_param_2_Trace
[PlotMCMCDiag.cpp][warning] continuing along my way for Trace
[PlotMCMCDiag.cpp][info] Looking for Trace/enu_enubias_3_param_2_Trace from file /scratch/abipeake/March2026/Easter_finerxsecbinning_sat11ththapril_robbinsmonroemore2/chain_trimmed_last10M_MCMC_Diag.root
[PlotMCMCDiag.cpp][info] Trace/enu_enubias_4_param_3_Trace
[PlotMCMCDiag.cpp][warning] continuing along my way for Trace
[PlotMCMCDiag.cpp][info] Looking for Trace/enu_enubias_4_param_3_Trace from file /scratch/abipeake/March2026/Easter_finerxsecbinning_sat11ththapril_robbinsmonroemore2/chain_trimmed_last10M_MCMC_Diag.root
[PlotMCMCDiag.cpp][info] Trace/enu_enubias_5_param_4_Trace
[PlotMCMCDiag.cpp][warning] continuing along my way for Trace
[PlotMCMCDiag.cpp][info] Looking for Trace/enu_enubias_5_param_4_Trace from file /scratch/abipeake/March2026/Easter_finerxsecbinning_sat11ththapril_robbinsmonroemore2/chain_trimmed_last10M_MCMC_Diag.root
[PlotMCMCDiag.cpp][info] Trace/enu_enubias_6_param_5_Trace
[PlotMCMCDiag.cpp][warning] continuing along my way for Trace
[PlotMCMCDiag.cpp][info] Looking for Trace/enu_enubias_6_param_5_Trace from file /scratch/abipeake/March2026/Easter_finerxsecbinning_sat11ththapril_robbinsmonroemore2/chain_trimmed_last10M_MCMC_Diag.root
[PlotMCMCDiag.cpp][info] Trace/enu_enubias_7_param_6_Trace
[PlotMCMCDiag.cpp][warning] continuing along my way for Trace
[PlotMCMCDiag.cpp][info] Looking for Trace/enu_enubias_7_param_6_Trace from file /scratch/abipeake/March2026/Easter_finerxsecbinning_sat11ththapril_robbinsmonroemore2/chain_trimmed_last10M_MCMC_Diag.root
[PlotMCMCDiag.cpp][info] Trace/enu_enubias_8_param_7_Trace
[PlotMCMCDiag.cpp][warning] continuing along my way for Trace
[PlotMCMCDiag.cpp][info] Looking for Trace/enu_enubias_8_param_7_Trace from file /scratch/abipeake/March2026/Easter_finerxsecbinning_sat11ththapril_robbinsmonroemore2/chain_trimmed_last10M_MCMC_Diag.root
[PlotMCMCDiag.cpp][info] Trace/enu_enubias_9_param_8_Trace
[PlotMCMCDiag.cpp][warning] continuing along my way for Trace
[PlotMCMCDiag.cpp][info] Looking for Trace/enu_enubias_9_param_8_Trace from file /scratch/abipeake/March2026/Easter_finerxsecbinning_sat11ththapril_robbinsmonroemore2/chain_trimmed_last10M_MCMC_Diag.root
[PlotMCMCDiag.cpp][info] Trace/enu_enubias_10_param_9_Trace
[PlotMCMCDiag.cpp][warning] continuing along my way for Trace
[PlotMCMCDiag.cpp][info] Looking for Trace/enu_enubias_10_param_9_Trace from file /scratch/abipeake/March2026/Easter_finerxsecbinning_sat11ththapril_robbinsmonroemore2/chain_trimmed_last10M_MCMC_Diag.root
[PlotMCMCDiag.cpp][info] Trace/enu_enubias_11_param_10_Trace
[PlotMCMCDiag.cpp][warning] continuing along my way for Trace
[PlotMCMCDiag.cpp][info] Looking for Trace/enu_enubias_11_param_10_Trace from file /scratch/abipeake/March2026/Easter_finerxsecbinning_sat11ththapril_robbinsmonroemore2/chain_trimmed_last10M_MCMC_Diag.root
[PlotMCMCDiag.cpp][info] Trace/enu_enubias_12_param_11_Trace
[PlotMCMCDiag.cpp][warning] continuing along my way for Trace
[PlotMCMCDiag.cpp][info] Looking for Trace/enu_enubias_12_param_11_Trace from file /scratch/abipeake/March2026/Easter_finerxsecbinning_sat11ththapril_robbinsmonroemore2/chain_trimmed_last10M_MCMC_Diag.root
[PlotMCMCDiag.cpp][info] Trace/enu_enubias_13_param_12_Trace
[PlotMCMCDiag.cpp][warning] continuing along my way for Trace
[PlotMCMCDiag.cpp][info] Looking for Trace/enu_enubias_13_param_12_Trace from file /scratch/abipeake/March2026/Easter_finerxsecbinning_sat11ththapril_robbinsmonroemore2/chain_trimmed_last10M_MCMC_Diag.root
[PlotMCMCDiag.cpp][info] Trace/enu_enubias_14_param_13_Trace
[PlotMCMCDiag.cpp][warning] continuing along my way for Trace
[PlotMCMCDiag.cpp][info] Looking for Trace/enu_enubias_14_param_13_Trace from file /scratch/abipeake/March2026/Easter_finerxsecbinning_sat11ththapril_robbinsmonroemore2/chain_trimmed_last10M_MCMC_Diag.root
[PlotMCMCDiag.cpp][info] Trace/enu_enubias_15_param_14_Trace
[PlotMCMCDiag.cpp][warning] continuing along my way for Trace
[PlotMCMCDiag.cpp][info] Looking for Trace/enu_enubias_15_param_14_Trace from file /scratch/abipeake/March2026/Easter_finerxsecbinning_sat11ththapril_robbinsmonroemore2/chain_trimmed_last10M_MCMC_Diag.root
[PlotMCMCDiag.cpp][info] Trace/enu_enubias_16_param_15_Trace
[PlotMCMCDiag.cpp][warning] continuing along my way for Trace
[PlotMCMCDiag.cpp][info] Looking for Trace/enu_enubias_16_param_15_Trace from file /scratch/abipeake/March2026/Easter_finerxsecbinning_sat11ththapril_robbinsmonroemore2/chain_trimmed_last10M_MCMC_Diag.root
[PlotMCMCDiag.cpp][info] Trace/enu_enubias_17_param_16_Trace
[PlotMCMCDiag.cpp][warning] continuing along my way for Trace
[PlotMCMCDiag.cpp][info] Looking for Trace/enu_enubias_17_param_16_Trace from file /scratch/abipeake/March2026/Easter_finerxsecbinning_sat11ththapril_robbinsmonroemore2/chain_trimmed_last10M_MCMC_Diag.root
[PlotMCMCDiag.cpp][info] Trace/enu_enubias_18_param_17_Trace
[PlotMCMCDiag.cpp][warning] continuing along my way for Trace
[PlotMCMCDiag.cpp][info] Looking for Trace/enu_enubias_18_param_17_Trace from file /scratch/abipeake/March2026/Easter_finerxsecbinning_sat11ththapril_robbinsmonroemore2/chain_trimmed_last10M_MCMC_Diag.root
[PlotMCMCDiag.cpp][info] Trace/enu_enubias_19_param_18_Trace
[PlotMCMCDiag.cpp][warning] continuing along my way for Trace
[PlotMCMCDiag.cpp][info] Looking for Trace/enu_enubias_19_param_18_Trace from file /scratch/abipeake/March2026/Easter_finerxsecbinning_sat11ththapril_robbinsmonroemore2/chain_trimmed_last10M_MCMC_Diag.root
[PlotMCMCDiag.cpp][info] Trace/enu_enubias_20_param_19_Trace
[PlotMCMCDiag.cpp][warning] continuing along my way for Trace
[PlotMCMCDiag.cpp][info] Looking for Trace/enu_enubias_20_param_19_Trace from file /scratch/abipeake/March2026/Easter_finerxsecbinning_sat11ththapril_robbinsmonroemore2/chain_trimmed_last10M_MCMC_Diag.root
[PlotMCMCDiag.cpp][info] Trace/enu_enubias_21_param_20_Trace
[PlotMCMCDiag.cpp][warning] continuing along my way for Trace
[PlotMCMCDiag.cpp][info] Looking for Trace/enu_enubias_21_param_20_Trace from file /scratch/abipeake/March2026/Easter_finerxsecbinning_sat11ththapril_robbinsmonroemore2/chain_trimmed_last10M_MCMC_Diag.root
[PlotMCMCDiag.cpp][info] Trace/enu_enubias_22_param_21_Trace
[PlotMCMCDiag.cpp][warning] continuing along my way for Trace
[PlotMCMCDiag.cpp][info] Looking for Trace/enu_enubias_22_param_21_Trace from file /scratch/abipeake/March2026/Easter_finerxsecbinning_sat11ththapril_robbinsmonroemore2/chain_trimmed_last10M_MCMC_Diag.root
[PlotMCMCDiag.cpp][info] Trace/enu_enubias_23_param_22_Trace
[PlotMCMCDiag.cpp][warning] continuing along my way for Trace
[PlotMCMCDiag.cpp][info] Looking for Trace/enu_enubias_23_param_22_Trace from file /scratch/abipeake/March2026/Easter_finerxsecbinning_sat11ththapril_robbinsmonroemore2/chain_trimmed_last10M_MCMC_Diag.root
[PlotMCMCDiag.cpp][info] Trace/enu_enubias_24_param_23_Trace
[PlotMCMCDiag.cpp][warning] continuing along my way for Trace
[PlotMCMCDiag.cpp][info] Looking for Trace/enu_enubias_24_param_23_Trace from file /scratch/abipeake/March2026/Easter_finerxsecbinning_sat11ththapril_robbinsmonroemore2/chain_trimmed_last10M_MCMC_Diag.root
[PlotMCMCDiag.cpp][info] Trace/enu_enubias_25_param_24_Trace
[PlotMCMCDiag.cpp][warning] continuing along my way for Trace
[PlotMCMCDiag.cpp][info] Looking for Trace/enu_enubias_25_param_24_Trace from file /scratch/abipeake/March2026/Easter_finerxsecbinning_sat11ththapril_robbinsmonroemore2/chain_trimmed_last10M_MCMC_Diag.root
[PlotMCMCDiag.cpp][info] Trace/enu_enubias_26_param_25_Trace
[PlotMCMCDiag.cpp][warning] continuing along my way for Trace
[PlotMCMCDiag.cpp][info] Looking for Trace/enu_enubias_26_param_25_Trace from file /scratch/abipeake/March2026/Easter_finerxsecbinning_sat11ththapril_robbinsmonroemore2/chain_trimmed_last10M_MCMC_Diag.root
[PlotMCMCDiag.cpp][info] Trace/enu_enubias_27_param_26_Trace
[PlotMCMCDiag.cpp][warning] continuing along my way for Trace
[PlotMCMCDiag.cpp][info] Looking for Trace/enu_enubias_27_param_26_Trace from file /scratch/abipeake/March2026/Easter_finerxsecbinning_sat11ththapril_robbinsmonroemore2/chain_trimmed_last10M_MCMC_Diag.root
[PlotMCMCDiag.cpp][info] Trace/enu_enubias_28_param_27_Trace
[PlotMCMCDiag.cpp][warning] continuing along my way for Trace
[PlotMCMCDiag.cpp][info] Looking for Trace/enu_enubias_28_param_27_Trace from file /scratch/abipeake/March2026/Easter_finerxsecbinning_sat11ththapril_robbinsmonroemore2/chain_trimmed_last10M_MCMC_Diag.root
[PlotMCMCDiag.cpp][info] Trace/enu_enubias_29_param_28_Trace
[PlotMCMCDiag.cpp][warning] continuing along my way for Trace
[PlotMCMCDiag.cpp][info] Looking for Trace/enu_enubias_29_param_28_Trace from file /scratch/abipeake/March2026/Easter_finerxsecbinning_sat11ththapril_robbinsmonroemore2/chain_trimmed_last10M_MCMC_Diag.root
[PlotMCMCDiag.cpp][info] Trace/enu_enubias_30_param_29_Trace
[PlotMCMCDiag.cpp][warning] continuing along my way for Trace
[PlotMCMCDiag.cpp][info] Looking for Trace/enu_enubias_30_param_29_Trace from file /scratch/abipeake/March2026/Easter_finerxsecbinning_sat11ththapril_robbinsmonroemore2/chain_trimmed_last10M_MCMC_Diag.root
[PlotMCMCDiag.cpp][info] Trace/enu_enubias_31_param_30_Trace
[PlotMCMCDiag.cpp][warning] continuing along my way for Trace
[PlotMCMCDiag.cpp][info] Looking for Trace/enu_enubias_31_param_30_Trace from file /scratch/abipeake/March2026/Easter_finerxsecbinning_sat11ththapril_robbinsmonroemore2/chain_trimmed_last10M_MCMC_Diag.root
[PlotMCMCDiag.cpp][info] Trace/enu_enubias_32_param_31_Trace
[PlotMCMCDiag.cpp][warning] continuing along my way for Trace
[PlotMCMCDiag.cpp][info] Looking for Trace/enu_enubias_32_param_31_Trace from file /scratch/abipeake/March2026/Easter_finerxsecbinning_sat11ththapril_robbinsmonroemore2/chain_trimmed_last10M_MCMC_Diag.root
[PlotMCMCDiag.cpp][info] Trace/enu_enubias_33_param_32_Trace
[PlotMCMCDiag.cpp][warning] continuing along my way for Trace
[PlotMCMCDiag.cpp][info] Looking for Trace/enu_enubias_33_param_32_Trace from file /scratch/abipeake/March2026/Easter_finerxsecbinning_sat11ththapril_robbinsmonroemore2/chain_trimmed_last10M_MCMC_Diag.root
[PlotMCMCDiag.cpp][info] Trace/enu_enubias_34_param_33_Trace
[PlotMCMCDiag.cpp][warning] continuing along my way for Trace
[PlotMCMCDiag.cpp][info] Looking for Trace/enu_enubias_34_param_33_Trace from file /scratch/abipeake/March2026/Easter_finerxsecbinning_sat11ththapril_robbinsmonroemore2/chain_trimmed_last10M_MCMC_Diag.root
[PlotMCMCDiag.cpp][info] Trace/enu_enubias_35_param_34_Trace
[PlotMCMCDiag.cpp][warning] continuing along my way for Trace
[PlotMCMCDiag.cpp][info] Looking for Trace/enu_enubias_35_param_34_Trace from file /scratch/abipeake/March2026/Easter_finerxsecbinning_sat11ththapril_robbinsmonroemore2/chain_trimmed_last10M_MCMC_Diag.root
[PlotMCMCDiag.cpp][info] Trace/enu_enubias_36_param_35_Trace
[PlotMCMCDiag.cpp][warning] continuing along my way for Trace
[PlotMCMCDiag.cpp][info] Looking for Trace/enu_enubias_36_param_35_Trace from file /scratch/abipeake/March2026/Easter_finerxsecbinning_sat11ththapril_robbinsmonroemore2/chain_trimmed_last10M_MCMC_Diag.root
[PlotMCMCDiag.cpp][info] Trace/enu_enubias_37_param_36_Trace
[PlotMCMCDiag.cpp][warning] continuing along my way for Trace
[PlotMCMCDiag.cpp][info] Looking for Trace/enu_enubias_37_param_36_Trace from file /scratch/abipeake/March2026/Easter_finerxsecbinning_sat11ththapril_robbinsmonroemore2/chain_trimmed_last10M_MCMC_Diag.root
[PlotMCMCDiag.cpp][info] Trace/enu_enubias_38_param_37_Trace
[PlotMCMCDiag.cpp][warning] continuing along my way for Trace
[PlotMCMCDiag.cpp][info] Looking for Trace/enu_enubias_38_param_37_Trace from file /scratch/abipeake/March2026/Easter_finerxsecbinning_sat11ththapril_robbinsmonroemore2/chain_trimmed_last10M_MCMC_Diag.root
[PlotMCMCDiag.cpp][info] Trace/enu_enubias_39_param_38_Trace
[PlotMCMCDiag.cpp][warning] continuing along my way for Trace
[PlotMCMCDiag.cpp][info] Looking for Trace/enu_enubias_39_param_38_Trace from file /scratch/abipeake/March2026/Easter_finerxsecbinning_sat11ththapril_robbinsmonroemore2/chain_trimmed_last10M_MCMC_Diag.root
[PlotMCMCDiag.cpp][info] Trace/enu_enubias_40_param_39_Trace
[PlotMCMCDiag.cpp][warning] continuing along my way for Trace
[PlotMCMCDiag.cpp][info] Looking for Trace/enu_enubias_40_param_39_Trace from file /scratch/abipeake/March2026/Easter_finerxsecbinning_sat11ththapril_robbinsmonroemore2/chain_trimmed_last10M_MCMC_Diag.root
[PlotMCMCDiag.cpp][info] Trace/enu_enubias_41_param_40_Trace
[PlotMCMCDiag.cpp][warning] continuing along my way for Trace
[PlotMCMCDiag.cpp][info] Looking for Trace/enu_enubias_41_param_40_Trace from file /scratch/abipeake/March2026/Easter_finerxsecbinning_sat11ththapril_robbinsmonroemore2/chain_trimmed_last10M_MCMC_Diag.root
[PlotMCMCDiag.cpp][info] Trace/enu_enubias_42_param_41_Trace
[PlotMCMCDiag.cpp][warning] continuing along my way for Trace
[PlotMCMCDiag.cpp][info] Looking for Trace/enu_enubias_42_param_41_Trace from file /scratch/abipeake/March2026/Easter_finerxsecbinning_sat11ththapril_robbinsmonroemore2/chain_trimmed_last10M_MCMC_Diag.root
[PlotMCMCDiag.cpp][info] Trace/enu_enubias_43_param_42_Trace
[PlotMCMCDiag.cpp][warning] continuing along my way for Trace
[PlotMCMCDiag.cpp][info] Looking for Trace/enu_enubias_43_param_42_Trace from file /scratch/abipeake/March2026/Easter_finerxsecbinning_sat11ththapril_robbinsmonroemore2/chain_trimmed_last10M_MCMC_Diag.root
[PlotMCMCDiag.cpp][info] Trace/enu_enubias_44_param_43_Trace
[PlotMCMCDiag.cpp][warning] continuing along my way for Trace
[PlotMCMCDiag.cpp][info] Looking for Trace/enu_enubias_44_param_43_Trace from file /scratch/abipeake/March2026/Easter_finerxsecbinning_sat11ththapril_robbinsmonroemore2/chain_trimmed_last10M_MCMC_Diag.root
[PlotMCMCDiag.cpp][info] Trace/enu_enubias_45_param_44_Trace
[PlotMCMCDiag.cpp][warning] continuing along my way for Trace
[PlotMCMCDiag.cpp][info] Looking for Trace/enu_enubias_45_param_44_Trace from file /scratch/abipeake/March2026/Easter_finerxsecbinning_sat11ththapril_robbinsmonroemore2/chain_trimmed_last10M_MCMC_Diag.root
[PlotMCMCDiag.cpp][info] Trace/enu_enubias_46_param_45_Trace
[PlotMCMCDiag.cpp][warning] continuing along my way for Trace
[PlotMCMCDiag.cpp][info] Looking for Trace/enu_enubias_46_param_45_Trace from file /scratch/abipeake/March2026/Easter_finerxsecbinning_sat11ththapril_robbinsmonroemore2/chain_trimmed_last10M_MCMC_Diag.root
[PlotMCMCDiag.cpp][info] Trace/enu_enubias_47_param_46_Trace
[PlotMCMCDiag.cpp][warning] continuing along my way for Trace
[PlotMCMCDiag.cpp][info] Looking for Trace/enu_enubias_47_param_46_Trace from file /scratch/abipeake/March2026/Easter_finerxsecbinning_sat11ththapril_robbinsmonroemore2/chain_trimmed_last10M_MCMC_Diag.root
[PlotMCMCDiag.cpp][info] Trace/enu_enubias_48_param_47_Trace
[PlotMCMCDiag.cpp][warning] continuing along my way for Trace
[PlotMCMCDiag.cpp][info] Looking for Trace/enu_enubias_48_param_47_Trace from file /scratch/abipeake/March2026/Easter_finerxsecbinning_sat11ththapril_robbinsmonroemore2/chain_trimmed_last10M_MCMC_Diag.root
[PlotMCMCDiag.cpp][info] Trace/enu_enubias_49_param_48_Trace
[PlotMCMCDiag.cpp][warning] continuing along my way for Trace
[PlotMCMCDiag.cpp][info] Looking for Trace/enu_enubias_49_param_48_Trace from file /scratch/abipeake/March2026/Easter_finerxsecbinning_sat11ththapril_robbinsmonroemore2/chain_trimmed_last10M_MCMC_Diag.root
[PlotMCMCDiag.cpp][info] Trace/enu_enubias_50_param_49_Trace
[PlotMCMCDiag.cpp][warning] continuing along my way for Trace
[PlotMCMCDiag.cpp][info] Looking for Trace/enu_enubias_50_param_49_Trace from file /scratch/abipeake/March2026/Easter_finerxsecbinning_sat11ththapril_robbinsmonroemore2/chain_trimmed_last10M_MCMC_Diag.root
[PlotMCMCDiag.cpp][info] Trace/enu_enubias_51_param_50_Trace
[PlotMCMCDiag.cpp][warning] continuing along my way for Trace
[PlotMCMCDiag.cpp][info] Looking for Trace/enu_enubias_51_param_50_Trace from file /scratch/abipeake/March2026/Easter_finerxsecbinning_sat11ththapril_robbinsmonroemore2/chain_trimmed_last10M_MCMC_Diag.root
[PlotMCMCDiag.cpp][info] Trace/enu_enubias_52_param_51_Trace
[PlotMCMCDiag.cpp][warning] continuing along my way for Trace
[PlotMCMCDiag.cpp][info] Looking for Trace/enu_enubias_52_param_51_Trace from file /scratch/abipeake/March2026/Easter_finerxsecbinning_sat11ththapril_robbinsmonroemore2/chain_trimmed_last10M_MCMC_Diag.root
[PlotMCMCDiag.cpp][info] Trace/enu_enubias_53_param_52_Trace
[PlotMCMCDiag.cpp][warning] continuing along my way for Trace
[PlotMCMCDiag.cpp][info] Looking for Trace/enu_enubias_53_param_52_Trace from file /scratch/abipeake/March2026/Easter_finerxsecbinning_sat11ththapril_robbinsmonroemore2/chain_trimmed_last10M_MCMC_Diag.root
[PlotMCMCDiag.cpp][info] Trace/enu_enubias_54_param_53_Trace
[PlotMCMCDiag.cpp][warning] continuing along my way for Trace
[PlotMCMCDiag.cpp][info] Looking for Trace/enu_enubias_54_param_53_Trace from file /scratch/abipeake/March2026/Easter_finerxsecbinning_sat11ththapril_robbinsmonroemore2/chain_trimmed_last10M_MCMC_Diag.root
[PlotMCMCDiag.cpp][info] Trace/enu_enubias_55_param_54_Trace
[PlotMCMCDiag.cpp][warning] continuing along my way for Trace
[PlotMCMCDiag.cpp][info] Looking for Trace/enu_enubias_55_param_54_Trace from file /scratch/abipeake/March2026/Easter_finerxsecbinning_sat11ththapril_robbinsmonroemore2/chain_trimmed_last10M_MCMC_Diag.root
[PlotMCMCDiag.cpp][info] Trace/enu_enubias_56_param_55_Trace
[PlotMCMCDiag.cpp][warning] continuing along my way for Trace
[PlotMCMCDiag.cpp][info] Looking for Trace/enu_enubias_56_param_55_Trace from file /scratch/abipeake/March2026/Easter_finerxsecbinning_sat11ththapril_robbinsmonroemore2/chain_trimmed_last10M_MCMC_Diag.root
[PlotMCMCDiag.cpp][info] Trace/enu_enubias_57_param_56_Trace
[PlotMCMCDiag.cpp][warning] continuing along my way for Trace
[PlotMCMCDiag.cpp][info] Looking for Trace/enu_enubias_57_param_56_Trace from file /scratch/abipeake/March2026/Easter_finerxsecbinning_sat11ththapril_robbinsmonroemore2/chain_trimmed_last10M_MCMC_Diag.root
[PlotMCMCDiag.cpp][info] Trace/enu_enubias_58_param_57_Trace
[PlotMCMCDiag.cpp][warning] continuing along my way for Trace
[PlotMCMCDiag.cpp][info] Looking for Trace/enu_enubias_58_param_57_Trace from file /scratch/abipeake/March2026/Easter_finerxsecbinning_sat11ththapril_robbinsmonroemore2/chain_trimmed_last10M_MCMC_Diag.root
[PlotMCMCDiag.cpp][info] Trace/enu_enubias_59_param_58_Trace
[PlotMCMCDiag.cpp][warning] continuing along my way for Trace
[PlotMCMCDiag.cpp][info] Looking for Trace/enu_enubias_59_param_58_Trace from file /scratch/abipeake/March2026/Easter_finerxsecbinning_sat11ththapril_robbinsmonroemore2/chain_trimmed_last10M_MCMC_Diag.root
[PlotMCMCDiag.cpp][info] Trace/enu_enubias_60_param_59_Trace
[PlotMCMCDiag.cpp][warning] continuing along my way for Trace
[PlotMCMCDiag.cpp][info] Looking for Trace/enu_enubias_60_param_59_Trace from file /scratch/abipeake/March2026/Easter_finerxsecbinning_sat11ththapril_robbinsmonroemore2/chain_trimmed_last10M_MCMC_Diag.root
[PlotMCMCDiag.cpp][info] Trace/enu_enubias_61_param_60_Trace
[PlotMCMCDiag.cpp][warning] continuing along my way for Trace
[PlotMCMCDiag.cpp][info] Looking for Trace/enu_enubias_61_param_60_Trace from file /scratch/abipeake/March2026/Easter_finerxsecbinning_sat11ththapril_robbinsmonroemore2/chain_trimmed_last10M_MCMC_Diag.root
[PlotMCMCDiag.cpp][info] Trace/enu_enubias_62_param_61_Trace
[PlotMCMCDiag.cpp][warning] continuing along my way for Trace
[PlotMCMCDiag.cpp][info] Looking for Trace/enu_enubias_62_param_61_Trace from file /scratch/abipeake/March2026/Easter_finerxsecbinning_sat11ththapril_robbinsmonroemore2/chain_trimmed_last10M_MCMC_Diag.root
[PlotMCMCDiag.cpp][info] Trace/enu_enubias_63_param_62_Trace
[PlotMCMCDiag.cpp][warning] continuing along my way for Trace
[PlotMCMCDiag.cpp][info] Looking for Trace/enu_enubias_63_param_62_Trace from file /scratch/abipeake/March2026/Easter_finerxsecbinning_sat11ththapril_robbinsmonroemore2/chain_trimmed_last10M_MCMC_Diag.root
[PlotMCMCDiag.cpp][info] Trace/enu_enubias_64_param_63_Trace
[PlotMCMCDiag.cpp][warning] continuing along my way for Trace
[PlotMCMCDiag.cpp][info] Looking for Trace/enu_enubias_64_param_63_Trace from file /scratch/abipeake/March2026/Easter_finerxsecbinning_sat11ththapril_robbinsmonroemore2/chain_trimmed_last10M_MCMC_Diag.root
[PlotMCMCDiag.cpp][info] Trace/enu_enubias_65_param_64_Trace
[PlotMCMCDiag.cpp][warning] continuing along my way for Trace
[PlotMCMCDiag.cpp][info] Looking for Trace/enu_enubias_65_param_64_Trace from file /scratch/abipeake/March2026/Easter_finerxsecbinning_sat11ththapril_robbinsmonroemore2/chain_trimmed_last10M_MCMC_Diag.root
[PlotMCMCDiag.cpp][info] Trace/enu_enubias_66_param_65_Trace
[PlotMCMCDiag.cpp][warning] continuing along my way for Trace
[PlotMCMCDiag.cpp][info] Looking for Trace/enu_enubias_66_param_65_Trace from file /scratch/abipeake/March2026/Easter_finerxsecbinning_sat11ththapril_robbinsmonroemore2/chain_trimmed_last10M_MCMC_Diag.root
[PlotMCMCDiag.cpp][info] Trace/enu_enubias_67_param_66_Trace
[PlotMCMCDiag.cpp][warning] continuing along my way for Trace
[PlotMCMCDiag.cpp][info] Looking for Trace/enu_enubias_67_param_66_Trace from file /scratch/abipeake/March2026/Easter_finerxsecbinning_sat11ththapril_robbinsmonroemore2/chain_trimmed_last10M_MCMC_Diag.root
[PlotMCMCDiag.cpp][info] Trace/enu_enubias_68_param_67_Trace
[PlotMCMCDiag.cpp][warning] continuing along my way for Trace
[PlotMCMCDiag.cpp][info] Looking for Trace/enu_enubias_68_param_67_Trace from file /scratch/abipeake/March2026/Easter_finerxsecbinning_sat11ththapril_robbinsmonroemore2/chain_trimmed_last10M_MCMC_Diag.root
[PlotMCMCDiag.cpp][info] Trace/enu_enubias_69_param_68_Trace
[PlotMCMCDiag.cpp][warning] continuing along my way for Trace
[PlotMCMCDiag.cpp][info] Looking for Trace/enu_enubias_69_param_68_Trace from file /scratch/abipeake/March2026/Easter_finerxsecbinning_sat11ththapril_robbinsmonroemore2/chain_trimmed_last10M_MCMC_Diag.root
[PlotMCMCDiag.cpp][info] Trace/enu_enubias_70_param_69_Trace
[PlotMCMCDiag.cpp][warning] continuing along my way for Trace
[PlotMCMCDiag.cpp][info] Looking for Trace/enu_enubias_70_param_69_Trace from file /scratch/abipeake/March2026/Easter_finerxsecbinning_sat11ththapril_robbinsmonroemore2/chain_trimmed_last10M_MCMC_Diag.root
[PlotMCMCDiag.cpp][info] Trace/enu_enubias_71_param_70_Trace
[PlotMCMCDiag.cpp][warning] continuing along my way for Trace
[PlotMCMCDiag.cpp][info] Looking for Trace/enu_enubias_71_param_70_Trace from file /scratch/abipeake/March2026/Easter_finerxsecbinning_sat11ththapril_robbinsmonroemore2/chain_trimmed_last10M_MCMC_Diag.root
[PlotMCMCDiag.cpp][info] Trace/enu_enubias_72_param_71_Trace
[PlotMCMCDiag.cpp][warning] continuing along my way for Trace
[PlotMCMCDiag.cpp][info] Looking for Trace/enu_enubias_72_param_71_Trace from file /scratch/abipeake/March2026/Easter_finerxsecbinning_sat11ththapril_robbinsmonroemore2/chain_trimmed_last10M_MCMC_Diag.root
[PlotMCMCDiag.cpp][info] Trace/enu_enubias_73_param_72_Trace
[PlotMCMCDiag.cpp][warning] continuing along my way for Trace
[PlotMCMCDiag.cpp][info] Looking for Trace/enu_enubias_73_param_72_Trace from file /scratch/abipeake/March2026/Easter_finerxsecbinning_sat11ththapril_robbinsmonroemore2/chain_trimmed_last10M_MCMC_Diag.root
[PlotMCMCDiag.cpp][info] Trace/enu_enubias_74_param_73_Trace
[PlotMCMCDiag.cpp][warning] continuing along my way for Trace
[PlotMCMCDiag.cpp][info] Looking for Trace/enu_enubias_74_param_73_Trace from file /scratch/abipeake/March2026/Easter_finerxsecbinning_sat11ththapril_robbinsmonroemore2/chain_trimmed_last10M_MCMC_Diag.root
[PlotMCMCDiag.cpp][info] Trace/enu_enubias_75_param_74_Trace
[PlotMCMCDiag.cpp][warning] continuing along my way for Trace
[PlotMCMCDiag.cpp][info] Looking for Trace/enu_enubias_75_param_74_Trace from file /scratch/abipeake/March2026/Easter_finerxsecbinning_sat11ththapril_robbinsmonroemore2/chain_trimmed_last10M_MCMC_Diag.root
[PlotMCMCDiag.cpp][info] Trace/enu_enubias_76_param_75_Trace
[PlotMCMCDiag.cpp][warning] continuing along my way for Trace
[PlotMCMCDiag.cpp][info] Looking for Trace/enu_enubias_76_param_75_Trace from file /scratch/abipeake/March2026/Easter_finerxsecbinning_sat11ththapril_robbinsmonroemore2/chain_trimmed_last10M_MCMC_Diag.root
[PlotMCMCDiag.cpp][info] Trace/enu_enubias_77_param_76_Trace
[PlotMCMCDiag.cpp][warning] continuing along my way for Trace
[PlotMCMCDiag.cpp][info] Looking for Trace/enu_enubias_77_param_76_Trace from file /scratch/abipeake/March2026/Easter_finerxsecbinning_sat11ththapril_robbinsmonroemore2/chain_trimmed_last10M_MCMC_Diag.root
[PlotMCMCDiag.cpp][info] Trace/enu_enubias_78_param_77_Trace
[PlotMCMCDiag.cpp][warning] continuing along my way for Trace
[PlotMCMCDiag.cpp][info] Looking for Trace/enu_enubias_78_param_77_Trace from file /scratch/abipeake/March2026/Easter_finerxsecbinning_sat11ththapril_robbinsmonroemore2/chain_trimmed_last10M_MCMC_Diag.root
[PlotMCMCDiag.cpp][info] Trace/enu_enubias_79_param_78_Trace
[PlotMCMCDiag.cpp][warning] continuing along my way for Trace
[PlotMCMCDiag.cpp][info] Looking for Trace/enu_enubias_79_param_78_Trace from file /scratch/abipeake/March2026/Easter_finerxsecbinning_sat11ththapril_robbinsmonroemore2/chain_trimmed_last10M_MCMC_Diag.root
[PlotMCMCDiag.cpp][info] Trace/enu_enubias_80_param_79_Trace
[PlotMCMCDiag.cpp][warning] continuing along my way for Trace
[PlotMCMCDiag.cpp][info] Looking for Trace/enu_enubias_80_param_79_Trace from file /scratch/abipeake/March2026/Easter_finerxsecbinning_sat11ththapril_robbinsmonroemore2/chain_trimmed_last10M_MCMC_Diag.root
[PlotMCMCDiag.cpp][info] Trace/enu_enubias_81_param_80_Trace
[PlotMCMCDiag.cpp][warning] continuing along my way for Trace
[PlotMCMCDiag.cpp][info] Looking for Trace/enu_enubias_81_param_80_Trace from file /scratch/abipeake/March2026/Easter_finerxsecbinning_sat11ththapril_robbinsmonroemore2/chain_trimmed_last10M_MCMC_Diag.root
[PlotMCMCDiag.cpp][info] Trace/enu_enubias_82_param_81_Trace
[PlotMCMCDiag.cpp][warning] continuing along my way for Trace
[PlotMCMCDiag.cpp][info] Looking for Trace/enu_enubias_82_param_81_Trace from file /scratch/abipeake/March2026/Easter_finerxsecbinning_sat11ththapril_robbinsmonroemore2/chain_trimmed_last10M_MCMC_Diag.root
[PlotMCMCDiag.cpp][info] Trace/enu_enubias_83_param_82_Trace
[PlotMCMCDiag.cpp][warning] continuing along my way for Trace
[PlotMCMCDiag.cpp][info] Looking for Trace/enu_enubias_83_param_82_Trace from file /scratch/abipeake/March2026/Easter_finerxsecbinning_sat11ththapril_robbinsmonroemore2/chain_trimmed_last10M_MCMC_Diag.root
[PlotMCMCDiag.cpp][info] Trace/enu_enubias_84_param_83_Trace
[PlotMCMCDiag.cpp][warning] continuing along my way for Trace
[PlotMCMCDiag.cpp][info] Looking for Trace/enu_enubias_84_param_83_Trace from file /scratch/abipeake/March2026/Easter_finerxsecbinning_sat11ththapril_robbinsmonroemore2/chain_trimmed_last10M_MCMC_Diag.root
[PlotMCMCDiag.cpp][info] Trace/enu_enubias_85_param_84_Trace
[PlotMCMCDiag.cpp][warning] continuing along my way for Trace
[PlotMCMCDiag.cpp][info] Looking for Trace/enu_enubias_85_param_84_Trace from file /scratch/abipeake/March2026/Easter_finerxsecbinning_sat11ththapril_robbinsmonroemore2/chain_trimmed_last10M_MCMC_Diag.root
[PlotMCMCDiag.cpp][info] Trace/enu_enubias_86_param_85_Trace
[PlotMCMCDiag.cpp][warning] continuing along my way for Trace
[PlotMCMCDiag.cpp][info] Looking for Trace/enu_enubias_86_param_85_Trace from file /scratch/abipeake/March2026/Easter_finerxsecbinning_sat11ththapril_robbinsmonroemore2/chain_trimmed_last10M_MCMC_Diag.root
[PlotMCMCDiag.cpp][info] Trace/enu_enubias_87_param_86_Trace
[PlotMCMCDiag.cpp][warning] continuing along my way for Trace
[PlotMCMCDiag.cpp][info] Looking for Trace/enu_enubias_87_param_86_Trace from file /scratch/abipeake/March2026/Easter_finerxsecbinning_sat11ththapril_robbinsmonroemore2/chain_trimmed_last10M_MCMC_Diag.root
[PlotMCMCDiag.cpp][info] Trace/enu_enubias_88_param_87_Trace
[PlotMCMCDiag.cpp][warning] continuing along my way for Trace
[PlotMCMCDiag.cpp][info] Looking for Trace/enu_enubias_88_param_87_Trace from file /scratch/abipeake/March2026/Easter_finerxsecbinning_sat11ththapril_robbinsmonroemore2/chain_trimmed_last10M_MCMC_Diag.root
[PlotMCMCDiag.cpp][info] Trace/enu_enubias_89_param_88_Trace
[PlotMCMCDiag.cpp][warning] continuing along my way for Trace
[PlotMCMCDiag.cpp][info] Looking for Trace/enu_enubias_89_param_88_Trace from file /scratch/abipeake/March2026/Easter_finerxsecbinning_sat11ththapril_robbinsmonroemore2/chain_trimmed_last10M_MCMC_Diag.root
[PlotMCMCDiag.cpp][info] Trace/enu_enubias_90_param_89_Trace
[PlotMCMCDiag.cpp][warning] continuing along my way for Trace
[PlotMCMCDiag.cpp][info] Looking for Trace/enu_enubias_90_param_89_Trace from file /scratch/abipeake/March2026/Easter_finerxsecbinning_sat11ththapril_robbinsmonroemore2/chain_trimmed_last10M_MCMC_Diag.root
[PlotMCMCDiag.cpp][info] Trace/enu_enubias_91_param_90_Trace
[PlotMCMCDiag.cpp][warning] continuing along my way for Trace
[PlotMCMCDiag.cpp][info] Looking for Trace/enu_enubias_91_param_90_Trace from file /scratch/abipeake/March2026/Easter_finerxsecbinning_sat11ththapril_robbinsmonroemore2/chain_trimmed_last10M_MCMC_Diag.root
[PlotMCMCDiag.cpp][info] Trace/enu_enubias_92_param_91_Trace
[PlotMCMCDiag.cpp][warning] continuing along my way for Trace
[PlotMCMCDiag.cpp][info] Looking for Trace/enu_enubias_92_param_91_Trace from file /scratch/abipeake/March2026/Easter_finerxsecbinning_sat11ththapril_robbinsmonroemore2/chain_trimmed_last10M_MCMC_Diag.root
[PlotMCMCDiag.cpp][info] Trace/enu_enubias_93_param_92_Trace
[PlotMCMCDiag.cpp][warning] continuing along my way for Trace
[PlotMCMCDiag.cpp][info] Looking for Trace/enu_enubias_93_param_92_Trace from file /scratch/abipeake/March2026/Easter_finerxsecbinning_sat11ththapril_robbinsmonroemore2/chain_trimmed_last10M_MCMC_Diag.root
[PlotMCMCDiag.cpp][info] Trace/enu_enubias_94_param_93_Trace
[PlotMCMCDiag.cpp][warning] continuing along my way for Trace
[PlotMCMCDiag.cpp][info] Looking for Trace/enu_enubias_94_param_93_Trace from file /scratch/abipeake/March2026/Easter_finerxsecbinning_sat11ththapril_robbinsmonroemore2/chain_trimmed_last10M_MCMC_Diag.root
[PlotMCMCDiag.cpp][info] Trace/enu_enubias_95_param_94_Trace
[PlotMCMCDiag.cpp][warning] continuing along my way for Trace
[PlotMCMCDiag.cpp][info] Looking for Trace/enu_enubias_95_param_94_Trace from file /scratch/abipeake/March2026/Easter_finerxsecbinning_sat11ththapril_robbinsmonroemore2/chain_trimmed_last10M_MCMC_Diag.root
[PlotMCMCDiag.cpp][info] Trace/enu_enubias_96_param_95_Trace
[PlotMCMCDiag.cpp][warning] continuing along my way for Trace
[PlotMCMCDiag.cpp][info] Looking for Trace/enu_enubias_96_param_95_Trace from file /scratch/abipeake/March2026/Easter_finerxsecbinning_sat11ththapril_robbinsmonroemore2/chain_trimmed_last10M_MCMC_Diag.root
[PlotMCMCDiag.cpp][info] Trace/enu_enubias_97_param_96_Trace
[PlotMCMCDiag.cpp][warning] continuing along my way for Trace
[PlotMCMCDiag.cpp][info] Looking for Trace/enu_enubias_97_param_96_Trace from file /scratch/abipeake/March2026/Easter_finerxsecbinning_sat11ththapril_robbinsmonroemore2/chain_trimmed_last10M_MCMC_Diag.root
[PlotMCMCDiag.cpp][info] Trace/enu_enubias_98_param_97_Trace
[PlotMCMCDiag.cpp][warning] continuing along my way for Trace
[PlotMCMCDiag.cpp][info] Looking for Trace/enu_enubias_98_param_97_Trace from file /scratch/abipeake/March2026/Easter_finerxsecbinning_sat11ththapril_robbinsmonroemore2/chain_trimmed_last10M_MCMC_Diag.root
[PlotMCMCDiag.cpp][info] Trace/enu_enubias_99_param_98_Trace
[PlotMCMCDiag.cpp][warning] continuing along my way for Trace
[PlotMCMCDiag.cpp][info] Looking for Trace/enu_enubias_99_param_98_Trace from file /scratch/abipeake/March2026/Easter_finerxsecbinning_sat11ththapril_robbinsmonroemore2/chain_trimmed_last10M_MCMC_Diag.root
[PlotMCMCDiag.cpp][info] Trace/enu_enubias_100_param_99_Trace
[PlotMCMCDiag.cpp][warning] continuing along my way for Trace
[PlotMCMCDiag.cpp][info] Looking for Trace/enu_enubias_100_param_99_Trace from file /scratch/abipeake/March2026/Easter_finerxsecbinning_sat11ththapril_robbinsmonroemore2/chain_trimmed_last10M_MCMC_Diag.root
[PlotMCMCDiag.cpp][info] Trace/enu_enubias_101_param_100_Trace
[PlotMCMCDiag.cpp][warning] continuing along my way for Trace
[PlotMCMCDiag.cpp][info] Looking for Trace/enu_enubias_101_param_100_Trace from file /scratch/abipeake/March2026/Easter_finerxsecbinning_sat11ththapril_robbinsmonroemore2/chain_trimmed_last10M_MCMC_Diag.root
[PlotMCMCDiag.cpp][info] Trace/enu_enubias_102_param_101_Trace
[PlotMCMCDiag.cpp][warning] continuing along my way for Trace
[PlotMCMCDiag.cpp][info] Looking for Trace/enu_enubias_102_param_101_Trace from file /scratch/abipeake/March2026/Easter_finerxsecbinning_sat11ththapril_robbinsmonroemore2/chain_trimmed_last10M_MCMC_Diag.root
[PlotMCMCDiag.cpp][info] Trace/enu_enubias_103_param_102_Trace
[PlotMCMCDiag.cpp][warning] continuing along my way for Trace
[PlotMCMCDiag.cpp][info] Looking for Trace/enu_enubias_103_param_102_Trace from file /scratch/abipeake/March2026/Easter_finerxsecbinning_sat11ththapril_robbinsmonroemore2/chain_trimmed_last10M_MCMC_Diag.root
[PlotMCMCDiag.cpp][info] Trace/enu_enubias_104_param_103_Trace
[PlotMCMCDiag.cpp][warning] continuing along my way for Trace
[PlotMCMCDiag.cpp][info] Looking for Trace/enu_enubias_104_param_103_Trace from file /scratch/abipeake/March2026/Easter_finerxsecbinning_sat11ththapril_robbinsmonroemore2/chain_trimmed_last10M_MCMC_Diag.root
[PlotMCMCDiag.cpp][info] Trace/enu_enubias_105_param_104_Trace
[PlotMCMCDiag.cpp][warning] continuing along my way for Trace
[PlotMCMCDiag.cpp][info] Looking for Trace/enu_enubias_105_param_104_Trace from file /scratch/abipeake/March2026/Easter_finerxsecbinning_sat11ththapril_robbinsmonroemore2/chain_trimmed_last10M_MCMC_Diag.root
[PlotMCMCDiag.cpp][info] Trace/enu_enubias_106_param_105_Trace
[PlotMCMCDiag.cpp][warning] continuing along my way for Trace
[PlotMCMCDiag.cpp][info] Looking for Trace/enu_enubias_106_param_105_Trace from file /scratch/abipeake/March2026/Easter_finerxsecbinning_sat11ththapril_robbinsmonroemore2/chain_trimmed_last10M_MCMC_Diag.root
[PlotMCMCDiag.cpp][info] Trace/enu_enubias_107_param_106_Trace
[PlotMCMCDiag.cpp][warning] continuing along my way for Trace
[PlotMCMCDiag.cpp][info] Looking for Trace/enu_enubias_107_param_106_Trace from file /scratch/abipeake/March2026/Easter_finerxsecbinning_sat11ththapril_robbinsmonroemore2/chain_trimmed_last10M_MCMC_Diag.root
[PlotMCMCDiag.cpp][info] Trace/enu_enubias_108_param_107_Trace
[PlotMCMCDiag.cpp][warning] continuing along my way for Trace
[PlotMCMCDiag.cpp][info] Looking for Trace/enu_enubias_108_param_107_Trace from file /scratch/abipeake/March2026/Easter_finerxsecbinning_sat11ththapril_robbinsmonroemore2/chain_trimmed_last10M_MCMC_Diag.root
[PlotMCMCDiag.cpp][info] Trace/enu_enubias_109_param_108_Trace
[PlotMCMCDiag.cpp][warning] continuing along my way for Trace
[PlotMCMCDiag.cpp][info] Looking for Trace/enu_enubias_109_param_108_Trace from file /scratch/abipeake/March2026/Easter_finerxsecbinning_sat11ththapril_robbinsmonroemore2/chain_trimmed_last10M_MCMC_Diag.root
[PlotMCMCDiag.cpp][info] Trace/enu_enubias_110_param_109_Trace
[PlotMCMCDiag.cpp][warning] continuing along my way for Trace
[PlotMCMCDiag.cpp][info] Looking for Trace/enu_enubias_110_param_109_Trace from file /scratch/abipeake/March2026/Easter_finerxsecbinning_sat11ththapril_robbinsmonroemore2/chain_trimmed_last10M_MCMC_Diag.root
[PlotMCMCDiag.cpp][info] Trace/enu_enubias_111_param_110_Trace
[PlotMCMCDiag.cpp][warning] continuing along my way for Trace
[PlotMCMCDiag.cpp][info] Looking for Trace/enu_enubias_111_param_110_Trace from file /scratch/abipeake/March2026/Easter_finerxsecbinning_sat11ththapril_robbinsmonroemore2/chain_trimmed_last10M_MCMC_Diag.root
[PlotMCMCDiag.cpp][info] Trace/enu_enubias_112_param_111_Trace
[PlotMCMCDiag.cpp][warning] continuing along my way for Trace
[PlotMCMCDiag.cpp][info] Looking for Trace/enu_enubias_112_param_111_Trace from file /scratch/abipeake/March2026/Easter_finerxsecbinning_sat11ththapril_robbinsmonroemore2/chain_trimmed_last10M_MCMC_Diag.root
[PlotMCMCDiag.cpp][info] Trace/enu_enubias_113_param_112_Trace
[PlotMCMCDiag.cpp][warning] continuing along my way for Trace
[PlotMCMCDiag.cpp][info] Looking for Trace/enu_enubias_113_param_112_Trace from file /scratch/abipeake/March2026/Easter_finerxsecbinning_sat11ththapril_robbinsmonroemore2/chain_trimmed_last10M_MCMC_Diag.root
[PlotMCMCDiag.cpp][info] Trace/enu_enubias_114_param_113_Trace
[PlotMCMCDiag.cpp][warning] continuing along my way for Trace
[PlotMCMCDiag.cpp][info] Looking for Trace/enu_enubias_114_param_113_Trace from file /scratch/abipeake/March2026/Easter_finerxsecbinning_sat11ththapril_robbinsmonroemore2/chain_trimmed_last10M_MCMC_Diag.root
[PlotMCMCDiag.cpp][info] Trace/enu_enubias_115_param_114_Trace
[PlotMCMCDiag.cpp][warning] continuing along my way for Trace
[PlotMCMCDiag.cpp][info] Looking for Trace/enu_enubias_115_param_114_Trace from file /scratch/abipeake/March2026/Easter_finerxsecbinning_sat11ththapril_robbinsmonroemore2/chain_trimmed_last10M_MCMC_Diag.root
[PlotMCMCDiag.cpp][info] Trace/enu_enubias_116_param_115_Trace
[PlotMCMCDiag.cpp][warning] continuing along my way for Trace
[PlotMCMCDiag.cpp][info] Looking for Trace/enu_enubias_116_param_115_Trace from file /scratch/abipeake/March2026/Easter_finerxsecbinning_sat11ththapril_robbinsmonroemore2/chain_trimmed_last10M_MCMC_Diag.root
[PlotMCMCDiag.cpp][info] Trace/enu_enubias_117_param_116_Trace
[PlotMCMCDiag.cpp][warning] continuing along my way for Trace
[PlotMCMCDiag.cpp][info] Looking for Trace/enu_enubias_117_param_116_Trace from file /scratch/abipeake/March2026/Easter_finerxsecbinning_sat11ththapril_robbinsmonroemore2/chain_trimmed_last10M_MCMC_Diag.root
[PlotMCMCDiag.cpp][info] Trace/enu_enubias_118_param_117_Trace
[PlotMCMCDiag.cpp][warning] continuing along my way for Trace
[PlotMCMCDiag.cpp][info] Looking for Trace/enu_enubias_118_param_117_Trace from file /scratch/abipeake/March2026/Easter_finerxsecbinning_sat11ththapril_robbinsmonroemore2/chain_trimmed_last10M_MCMC_Diag.root
[PlotMCMCDiag.cpp][info] Trace/enu_enubias_119_param_118_Trace
[PlotMCMCDiag.cpp][warning] continuing along my way for Trace
[PlotMCMCDiag.cpp][info] Looking for Trace/enu_enubias_119_param_118_Trace from file /scratch/abipeake/March2026/Easter_finerxsecbinning_sat11ththapril_robbinsmonroemore2/chain_trimmed_last10M_MCMC_Diag.root
[PlotMCMCDiag.cpp][info] Trace/enu_enubias_120_param_119_Trace
[PlotMCMCDiag.cpp][warning] continuing along my way for Trace
[PlotMCMCDiag.cpp][info] Looking for Trace/enu_enubias_120_param_119_Trace from file /scratch/abipeake/March2026/Easter_finerxsecbinning_sat11ththapril_robbinsmonroemore2/chain_trimmed_last10M_MCMC_Diag.root
[PlotMCMCDiag.cpp][info] Trace/enu_enubias_121_param_120_Trace
[PlotMCMCDiag.cpp][warning] continuing along my way for Trace
[PlotMCMCDiag.cpp][info] Looking for Trace/enu_enubias_121_param_120_Trace from file /scratch/abipeake/March2026/Easter_finerxsecbinning_sat11ththapril_robbinsmonroemore2/chain_trimmed_last10M_MCMC_Diag.root
[PlotMCMCDiag.cpp][info] Trace/enu_enubias_122_param_121_Trace
[PlotMCMCDiag.cpp][warning] continuing along my way for Trace
[PlotMCMCDiag.cpp][info] Looking for Trace/enu_enubias_122_param_121_Trace from file /scratch/abipeake/March2026/Easter_finerxsecbinning_sat11ththapril_robbinsmonroemore2/chain_trimmed_last10M_MCMC_Diag.root
[PlotMCMCDiag.cpp][info] Trace/enu_enubias_123_param_122_Trace
[PlotMCMCDiag.cpp][warning] continuing along my way for Trace
[PlotMCMCDiag.cpp][info] Looking for Trace/enu_enubias_123_param_122_Trace from file /scratch/abipeake/March2026/Easter_finerxsecbinning_sat11ththapril_robbinsmonroemore2/chain_trimmed_last10M_MCMC_Diag.root
[PlotMCMCDiag.cpp][info] Trace/enu_enubias_124_param_123_Trace
[PlotMCMCDiag.cpp][warning] continuing along my way for Trace
[PlotMCMCDiag.cpp][info] Looking for Trace/enu_enubias_124_param_123_Trace from file /scratch/abipeake/March2026/Easter_finerxsecbinning_sat11ththapril_robbinsmonroemore2/chain_trimmed_last10M_MCMC_Diag.root
[PlotMCMCDiag.cpp][info] Trace/enu_enubias_125_param_124_Trace
[PlotMCMCDiag.cpp][warning] continuing along my way for Trace
[PlotMCMCDiag.cpp][info] Looking for Trace/enu_enubias_125_param_124_Trace from file /scratch/abipeake/March2026/Easter_finerxsecbinning_sat11ththapril_robbinsmonroemore2/chain_trimmed_last10M_MCMC_Diag.root
[PlotMCMCDiag.cpp][info] Trace/enu_enubias_126_param_125_Trace
[PlotMCMCDiag.cpp][warning] continuing along my way for Trace
[PlotMCMCDiag.cpp][info] Looking for Trace/enu_enubias_126_param_125_Trace from file /scratch/abipeake/March2026/Easter_finerxsecbinning_sat11ththapril_robbinsmonroemore2/chain_trimmed_last10M_MCMC_Diag.root
[PlotMCMCDiag.cpp][info] Trace/enu_enubias_127_param_126_Trace
[PlotMCMCDiag.cpp][warning] continuing along my way for Trace
[PlotMCMCDiag.cpp][info] Looking for Trace/enu_enubias_127_param_126_Trace from file /scratch/abipeake/March2026/Easter_finerxsecbinning_sat11ththapril_robbinsmonroemore2/chain_trimmed_last10M_MCMC_Diag.root
[PlotMCMCDiag.cpp][info] Trace/enu_enubias_128_param_127_Trace
[PlotMCMCDiag.cpp][warning] continuing along my way for Trace
[PlotMCMCDiag.cpp][info] Looking for Trace/enu_enubias_128_param_127_Trace from file /scratch/abipeake/March2026/Easter_finerxsecbinning_sat11ththapril_robbinsmonroemore2/chain_trimmed_last10M_MCMC_Diag.root
[PlotMCMCDiag.cpp][info] Trace/enu_enubias_129_param_128_Trace
[PlotMCMCDiag.cpp][warning] continuing along my way for Trace
[PlotMCMCDiag.cpp][info] Looking for Trace/enu_enubias_129_param_128_Trace from file /scratch/abipeake/March2026/Easter_finerxsecbinning_sat11ththapril_robbinsmonroemore2/chain_trimmed_last10M_MCMC_Diag.root
[PlotMCMCDiag.cpp][info] Trace/enu_enubias_130_param_129_Trace
[PlotMCMCDiag.cpp][warning] continuing along my way for Trace
[PlotMCMCDiag.cpp][info] Looking for Trace/enu_enubias_130_param_129_Trace from file /scratch/abipeake/March2026/Easter_finerxsecbinning_sat11ththapril_robbinsmonroemore2/chain_trimmed_last10M_MCMC_Diag.root
[PlotMCMCDiag.cpp][info] Trace/enu_enubias_131_param_130_Trace
[PlotMCMCDiag.cpp][warning] continuing along my way for Trace
[PlotMCMCDiag.cpp][info] Looking for Trace/enu_enubias_131_param_130_Trace from file /scratch/abipeake/March2026/Easter_finerxsecbinning_sat11ththapril_robbinsmonroemore2/chain_trimmed_last10M_MCMC_Diag.root
[PlotMCMCDiag.cpp][info] Trace/enu_enubias_132_param_131_Trace
[PlotMCMCDiag.cpp][warning] continuing along my way for Trace
[PlotMCMCDiag.cpp][info] Looking for Trace/enu_enubias_132_param_131_Trace from file /scratch/abipeake/March2026/Easter_finerxsecbinning_sat11ththapril_robbinsmonroemore2/chain_trimmed_last10M_MCMC_Diag.root
[PlotMCMCDiag.cpp][info] Trace/enu_enubias_133_param_132_Trace
[PlotMCMCDiag.cpp][warning] continuing along my way for Trace
[PlotMCMCDiag.cpp][info] Looking for Trace/enu_enubias_133_param_132_Trace from file /scratch/abipeake/March2026/Easter_finerxsecbinning_sat11ththapril_robbinsmonroemore2/chain_trimmed_last10M_MCMC_Diag.root
[PlotMCMCDiag.cpp][info] Trace/enu_enubias_134_param_133_Trace
[PlotMCMCDiag.cpp][warning] continuing along my way for Trace
[PlotMCMCDiag.cpp][info] Looking for Trace/enu_enubias_134_param_133_Trace from file /scratch/abipeake/March2026/Easter_finerxsecbinning_sat11ththapril_robbinsmonroemore2/chain_trimmed_last10M_MCMC_Diag.root
[PlotMCMCDiag.cpp][info] Trace/enu_enubias_135_param_134_Trace
[PlotMCMCDiag.cpp][warning] continuing along my way for Trace
[PlotMCMCDiag.cpp][info] Looking for Trace/enu_enubias_135_param_134_Trace from file /scratch/abipeake/March2026/Easter_finerxsecbinning_sat11ththapril_robbinsmonroemore2/chain_trimmed_last10M_MCMC_Diag.root
[PlotMCMCDiag.cpp][info] Trace/enu_enubias_136_param_135_Trace
[PlotMCMCDiag.cpp][warning] continuing along my way for Trace
[PlotMCMCDiag.cpp][info] Looking for Trace/enu_enubias_136_param_135_Trace from file /scratch/abipeake/March2026/Easter_finerxsecbinning_sat11ththapril_robbinsmonroemore2/chain_trimmed_last10M_MCMC_Diag.root
[PlotMCMCDiag.cpp][info] Trace/enu_enubias_137_param_136_Trace
[PlotMCMCDiag.cpp][warning] continuing along my way for Trace
[PlotMCMCDiag.cpp][info] Looking for Trace/enu_enubias_137_param_136_Trace from file /scratch/abipeake/March2026/Easter_finerxsecbinning_sat11ththapril_robbinsmonroemore2/chain_trimmed_last10M_MCMC_Diag.root
[PlotMCMCDiag.cpp][info] Trace/enu_enubias_138_param_137_Trace
[PlotMCMCDiag.cpp][warning] continuing along my way for Trace
[PlotMCMCDiag.cpp][info] Looking for Trace/enu_enubias_138_param_137_Trace from file /scratch/abipeake/March2026/Easter_finerxsecbinning_sat11ththapril_robbinsmonroemore2/chain_trimmed_last10M_MCMC_Diag.root
[PlotMCMCDiag.cpp][info] Trace/enu_enubias_139_param_138_Trace
[PlotMCMCDiag.cpp][warning] continuing along my way for Trace
[PlotMCMCDiag.cpp][info] Looking for Trace/enu_enubias_139_param_138_Trace from file /scratch/abipeake/March2026/Easter_finerxsecbinning_sat11ththapril_robbinsmonroemore2/chain_trimmed_last10M_MCMC_Diag.root
[PlotMCMCDiag.cpp][info] Trace/enu_enubias_140_param_139_Trace
[PlotMCMCDiag.cpp][warning] continuing along my way for Trace
[PlotMCMCDiag.cpp][info] Looking for Trace/enu_enubias_140_param_139_Trace from file /scratch/abipeake/March2026/Easter_finerxsecbinning_sat11ththapril_robbinsmonroemore2/chain_trimmed_last10M_MCMC_Diag.root
[PlotMCMCDiag.cpp][info] Trace/enu_enubias_141_param_140_Trace
[PlotMCMCDiag.cpp][warning] continuing along my way for Trace
[PlotMCMCDiag.cpp][info] Looking for Trace/enu_enubias_141_param_140_Trace from file /scratch/abipeake/March2026/Easter_finerxsecbinning_sat11ththapril_robbinsmonroemore2/chain_trimmed_last10M_MCMC_Diag.root
[PlotMCMCDiag.cpp][info] Trace/enu_enubias_142_param_141_Trace
[PlotMCMCDiag.cpp][warning] continuing along my way for Trace
[PlotMCMCDiag.cpp][info] Looking for Trace/enu_enubias_142_param_141_Trace from file /scratch/abipeake/March2026/Easter_finerxsecbinning_sat11ththapril_robbinsmonroemore2/chain_trimmed_last10M_MCMC_Diag.root
[PlotMCMCDiag.cpp][info] Trace/enu_enubias_143_param_142_Trace
[PlotMCMCDiag.cpp][warning] continuing along my way for Trace
[PlotMCMCDiag.cpp][info] Looking for Trace/enu_enubias_143_param_142_Trace from file /scratch/abipeake/March2026/Easter_finerxsecbinning_sat11ththapril_robbinsmonroemore2/chain_trimmed_last10M_MCMC_Diag.root
[PlotMCMCDiag.cpp][info] Trace/enu_enubias_144_param_143_Trace
[PlotMCMCDiag.cpp][warning] continuing along my way for Trace
[PlotMCMCDiag.cpp][info] Looking for Trace/enu_enubias_144_param_143_Trace from file /scratch/abipeake/March2026/Easter_finerxsecbinning_sat11ththapril_robbinsmonroemore2/chain_trimmed_last10M_MCMC_Diag.root
[PlotMCMCDiag.cpp][info] Trace/enu_enubias_145_param_144_Trace
[PlotMCMCDiag.cpp][warning] continuing along my way for Trace
[PlotMCMCDiag.cpp][info] Looking for Trace/enu_enubias_145_param_144_Trace from file /scratch/abipeake/March2026/Easter_finerxsecbinning_sat11ththapril_robbinsmonroemore2/chain_trimmed_last10M_MCMC_Diag.root
[PlotMCMCDiag.cpp][info] Trace/enu_enubias_146_param_145_Trace
[PlotMCMCDiag.cpp][warning] continuing along my way for Trace
[PlotMCMCDiag.cpp][info] Looking for Trace/enu_enubias_146_param_145_Trace from file /scratch/abipeake/March2026/Easter_finerxsecbinning_sat11ththapril_robbinsmonroemore2/chain_trimmed_last10M_MCMC_Diag.root
[PlotMCMCDiag.cpp][info] Trace/enu_enubias_147_param_146_Trace
[PlotMCMCDiag.cpp][warning] continuing along my way for Trace
[PlotMCMCDiag.cpp][info] Looking for Trace/enu_enubias_147_param_146_Trace from file /scratch/abipeake/March2026/Easter_finerxsecbinning_sat11ththapril_robbinsmonroemore2/chain_trimmed_last10M_MCMC_Diag.root
[PlotMCMCDiag.cpp][info] Trace/enu_enubias_148_param_147_Trace
[PlotMCMCDiag.cpp][warning] continuing along my way for Trace
[PlotMCMCDiag.cpp][info] Looking for Trace/enu_enubias_148_param_147_Trace from file /scratch/abipeake/March2026/Easter_finerxsecbinning_sat11ththapril_robbinsmonroemore2/chain_trimmed_last10M_MCMC_Diag.root
[PlotMCMCDiag.cpp][info] Trace/enu_enubias_149_param_148_Trace
[PlotMCMCDiag.cpp][warning] continuing along my way for Trace
[PlotMCMCDiag.cpp][info] Looking for Trace/enu_enubias_149_param_148_Trace from file /scratch/abipeake/March2026/Easter_finerxsecbinning_sat11ththapril_robbinsmonroemore2/chain_trimmed_last10M_MCMC_Diag.root
[PlotMCMCDiag.cpp][info] Trace/enu_enubias_150_param_149_Trace
[PlotMCMCDiag.cpp][warning] continuing along my way for Trace
[PlotMCMCDiag.cpp][info] Looking for Trace/enu_enubias_150_param_149_Trace from file /scratch/abipeake/March2026/Easter_finerxsecbinning_sat11ththapril_robbinsmonroemore2/chain_trimmed_last10M_MCMC_Diag.root
[PlotMCMCDiag.cpp][info] Trace/enu_enubias_151_param_150_Trace
[PlotMCMCDiag.cpp][warning] continuing along my way for Trace
[PlotMCMCDiag.cpp][info] Looking for Trace/enu_enubias_151_param_150_Trace from file /scratch/abipeake/March2026/Easter_finerxsecbinning_sat11ththapril_robbinsmonroemore2/chain_trimmed_last10M_MCMC_Diag.root
[PlotMCMCDiag.cpp][info] Trace/enu_enubias_152_param_151_Trace
[PlotMCMCDiag.cpp][warning] continuing along my way for Trace
[PlotMCMCDiag.cpp][info] Looking for Trace/enu_enubias_152_param_151_Trace from file /scratch/abipeake/March2026/Easter_finerxsecbinning_sat11ththapril_robbinsmonroemore2/chain_trimmed_last10M_MCMC_Diag.root
[PlotMCMCDiag.cpp][info] Trace/enu_enubias_153_param_152_Trace
[PlotMCMCDiag.cpp][warning] continuing along my way for Trace
[PlotMCMCDiag.cpp][info] Looking for Trace/enu_enubias_153_param_152_Trace from file /scratch/abipeake/March2026/Easter_finerxsecbinning_sat11ththapril_robbinsmonroemore2/chain_trimmed_last10M_MCMC_Diag.root
[PlotMCMCDiag.cpp][info] Trace/enu_enubias_154_param_153_Trace
[PlotMCMCDiag.cpp][warning] continuing along my way for Trace
[PlotMCMCDiag.cpp][info] Looking for Trace/enu_enubias_154_param_153_Trace from file /scratch/abipeake/March2026/Easter_finerxsecbinning_sat11ththapril_robbinsmonroemore2/chain_trimmed_last10M_MCMC_Diag.root
[PlotMCMCDiag.cpp][info] Trace/enu_enubias_155_param_154_Trace
[PlotMCMCDiag.cpp][warning] continuing along my way for Trace
[PlotMCMCDiag.cpp][info] Looking for Trace/enu_enubias_155_param_154_Trace from file /scratch/abipeake/March2026/Easter_finerxsecbinning_sat11ththapril_robbinsmonroemore2/chain_trimmed_last10M_MCMC_Diag.root
[PlotMCMCDiag.cpp][info] Trace/enu_enubias_156_param_155_Trace
[PlotMCMCDiag.cpp][warning] continuing along my way for Trace
[PlotMCMCDiag.cpp][info] Looking for Trace/enu_enubias_156_param_155_Trace from file /scratch/abipeake/March2026/Easter_finerxsecbinning_sat11ththapril_robbinsmonroemore2/chain_trimmed_last10M_MCMC_Diag.root
[PlotMCMCDiag.cpp][info] Trace/enu_enubias_157_param_156_Trace
[PlotMCMCDiag.cpp][warning] continuing along my way for Trace
[PlotMCMCDiag.cpp][info] Looking for Trace/enu_enubias_157_param_156_Trace from file /scratch/abipeake/March2026/Easter_finerxsecbinning_sat11ththapril_robbinsmonroemore2/chain_trimmed_last10M_MCMC_Diag.root
[PlotMCMCDiag.cpp][info] Trace/enu_enubias_158_param_157_Trace
[PlotMCMCDiag.cpp][warning] continuing along my way for Trace
[PlotMCMCDiag.cpp][info] Looking for Trace/enu_enubias_158_param_157_Trace from file /scratch/abipeake/March2026/Easter_finerxsecbinning_sat11ththapril_robbinsmonroemore2/chain_trimmed_last10M_MCMC_Diag.root
[PlotMCMCDiag.cpp][info] Trace/enu_enubias_159_param_158_Trace
[PlotMCMCDiag.cpp][warning] continuing along my way for Trace
[PlotMCMCDiag.cpp][info] Looking for Trace/enu_enubias_159_param_158_Trace from file /scratch/abipeake/March2026/Easter_finerxsecbinning_sat11ththapril_robbinsmonroemore2/chain_trimmed_last10M_MCMC_Diag.root
[PlotMCMCDiag.cpp][info] Trace/enu_enubias_160_param_159_Trace
[PlotMCMCDiag.cpp][warning] continuing along my way for Trace
[PlotMCMCDiag.cpp][info] Looking for Trace/enu_enubias_160_param_159_Trace from file /scratch/abipeake/March2026/Easter_finerxsecbinning_sat11ththapril_robbinsmonroemore2/chain_trimmed_last10M_MCMC_Diag.root
[PlotMCMCDiag.cpp][info] Trace/enu_enubias_161_param_160_Trace
[PlotMCMCDiag.cpp][warning] continuing along my way for Trace
[PlotMCMCDiag.cpp][info] Looking for Trace/enu_enubias_161_param_160_Trace from file /scratch/abipeake/March2026/Easter_finerxsecbinning_sat11ththapril_robbinsmonroemore2/chain_trimmed_last10M_MCMC_Diag.root
[PlotMCMCDiag.cpp][info] Trace/enu_enubias_162_param_161_Trace
[PlotMCMCDiag.cpp][warning] continuing along my way for Trace
[PlotMCMCDiag.cpp][info] Looking for Trace/enu_enubias_162_param_161_Trace from file /scratch/abipeake/March2026/Easter_finerxsecbinning_sat11ththapril_robbinsmonroemore2/chain_trimmed_last10M_MCMC_Diag.root
[PlotMCMCDiag.cpp][info] Trace/enu_enubias_163_param_162_Trace
[PlotMCMCDiag.cpp][warning] continuing along my way for Trace
[PlotMCMCDiag.cpp][info] Looking for Trace/enu_enubias_163_param_162_Trace from file /scratch/abipeake/March2026/Easter_finerxsecbinning_sat11ththapril_robbinsmonroemore2/chain_trimmed_last10M_MCMC_Diag.root
[PlotMCMCDiag.cpp][info] Trace/enu_enubias_164_param_163_Trace
[PlotMCMCDiag.cpp][warning] continuing along my way for Trace
[PlotMCMCDiag.cpp][info] Looking for Trace/enu_enubias_164_param_163_Trace from file /scratch/abipeake/March2026/Easter_finerxsecbinning_sat11ththapril_robbinsmonroemore2/chain_trimmed_last10M_MCMC_Diag.root
[PlotMCMCDiag.cpp][info] Trace/enu_enubias_165_param_164_Trace
[PlotMCMCDiag.cpp][warning] continuing along my way for Trace
[PlotMCMCDiag.cpp][info] Looking for Trace/enu_enubias_165_param_164_Trace from file /scratch/abipeake/March2026/Easter_finerxsecbinning_sat11ththapril_robbinsmonroemore2/chain_trimmed_last10M_MCMC_Diag.root
[PlotMCMCDiag.cpp][info] Trace/enu_enubias_166_param_165_Trace
[PlotMCMCDiag.cpp][warning] continuing along my way for Trace
[PlotMCMCDiag.cpp][info] Looking for Trace/enu_enubias_166_param_165_Trace from file /scratch/abipeake/March2026/Easter_finerxsecbinning_sat11ththapril_robbinsmonroemore2/chain_trimmed_last10M_MCMC_Diag.root
[PlotMCMCDiag.cpp][info] Trace/enu_enubias_167_param_166_Trace
[PlotMCMCDiag.cpp][warning] continuing along my way for Trace
[PlotMCMCDiag.cpp][info] Looking for Trace/enu_enubias_167_param_166_Trace from file /scratch/abipeake/March2026/Easter_finerxsecbinning_sat11ththapril_robbinsmonroemore2/chain_trimmed_last10M_MCMC_Diag.root
[PlotMCMCDiag.cpp][info] Trace/enu_enubias_168_param_167_Trace
[PlotMCMCDiag.cpp][warning] continuing along my way for Trace
[PlotMCMCDiag.cpp][info] Looking for Trace/enu_enubias_168_param_167_Trace from file /scratch/abipeake/March2026/Easter_finerxsecbinning_sat11ththapril_robbinsmonroemore2/chain_trimmed_last10M_MCMC_Diag.root
[PlotMCMCDiag.cpp][info] Trace/enu_enubias_169_param_168_Trace
[PlotMCMCDiag.cpp][warning] continuing along my way for Trace
[PlotMCMCDiag.cpp][info] Looking for Trace/enu_enubias_169_param_168_Trace from file /scratch/abipeake/March2026/Easter_finerxsecbinning_sat11ththapril_robbinsmonroemore2/chain_trimmed_last10M_MCMC_Diag.root
[PlotMCMCDiag.cpp][info] Trace/enu_enubias_170_param_169_Trace
[PlotMCMCDiag.cpp][warning] continuing along my way for Trace
[PlotMCMCDiag.cpp][info] Looking for Trace/enu_enubias_170_param_169_Trace from file /scratch/abipeake/March2026/Easter_finerxsecbinning_sat11ththapril_robbinsmonroemore2/chain_trimmed_last10M_MCMC_Diag.root
[PlotMCMCDiag.cpp][info] Trace/enu_enubias_171_param_170_Trace
[PlotMCMCDiag.cpp][warning] continuing along my way for Trace
[PlotMCMCDiag.cpp][info] Looking for Trace/enu_enubias_171_param_170_Trace from file /scratch/abipeake/March2026/Easter_finerxsecbinning_sat11ththapril_robbinsmonroemore2/chain_trimmed_last10M_MCMC_Diag.root
[PlotMCMCDiag.cpp][info] Trace/enu_enubias_172_param_171_Trace
[PlotMCMCDiag.cpp][warning] continuing along my way for Trace
[PlotMCMCDiag.cpp][info] Looking for Trace/enu_enubias_172_param_171_Trace from file /scratch/abipeake/March2026/Easter_finerxsecbinning_sat11ththapril_robbinsmonroemore2/chain_trimmed_last10M_MCMC_Diag.root
[PlotMCMCDiag.cpp][info] Trace/enu_enubias_173_param_172_Trace
[PlotMCMCDiag.cpp][warning] continuing along my way for Trace
[PlotMCMCDiag.cpp][info] Looking for Trace/enu_enubias_173_param_172_Trace from file /scratch/abipeake/March2026/Easter_finerxsecbinning_sat11ththapril_robbinsmonroemore2/chain_trimmed_last10M_MCMC_Diag.root
[PlotMCMCDiag.cpp][info] Trace/enu_enubias_174_param_173_Trace
[PlotMCMCDiag.cpp][warning] continuing along my way for Trace
[PlotMCMCDiag.cpp][info] Looking for Trace/enu_enubias_174_param_173_Trace from file /scratch/abipeake/March2026/Easter_finerxsecbinning_sat11ththapril_robbinsmonroemore2/chain_trimmed_last10M_MCMC_Diag.root
[PlotMCMCDiag.cpp][info] Trace/enu_enubias_175_param_174_Trace
[PlotMCMCDiag.cpp][warning] continuing along my way for Trace
[PlotMCMCDiag.cpp][info] Looking for Trace/enu_enubias_175_param_174_Trace from file /scratch/abipeake/March2026/Easter_finerxsecbinning_sat11ththapril_robbinsmonroemore2/chain_trimmed_last10M_MCMC_Diag.root
[PlotMCMCDiag.cpp][info] Trace/enu_enubias_176_param_175_Trace
[PlotMCMCDiag.cpp][warning] continuing along my way for Trace
[PlotMCMCDiag.cpp][info] Looking for Trace/enu_enubias_176_param_175_Trace from file /scratch/abipeake/March2026/Easter_finerxsecbinning_sat11ththapril_robbinsmonroemore2/chain_trimmed_last10M_MCMC_Diag.root
[PlotMCMCDiag.cpp][info] Trace/enu_enubias_177_param_176_Trace
[PlotMCMCDiag.cpp][warning] continuing along my way for Trace
[PlotMCMCDiag.cpp][info] Looking for Trace/enu_enubias_177_param_176_Trace from file /scratch/abipeake/March2026/Easter_finerxsecbinning_sat11ththapril_robbinsmonroemore2/chain_trimmed_last10M_MCMC_Diag.root
[PlotMCMCDiag.cpp][info] Trace/enu_enubias_178_param_177_Trace
[PlotMCMCDiag.cpp][warning] continuing along my way for Trace
[PlotMCMCDiag.cpp][info] Looking for Trace/enu_enubias_178_param_177_Trace from file /scratch/abipeake/March2026/Easter_finerxsecbinning_sat11ththapril_robbinsmonroemore2/chain_trimmed_last10M_MCMC_Diag.root
[PlotMCMCDiag.cpp][info] Trace/enu_enubias_179_param_178_Trace
[PlotMCMCDiag.cpp][warning] continuing along my way for Trace
[PlotMCMCDiag.cpp][info] Looking for Trace/enu_enubias_179_param_178_Trace from file /scratch/abipeake/March2026/Easter_finerxsecbinning_sat11ththapril_robbinsmonroemore2/chain_trimmed_last10M_MCMC_Diag.root
[PlotMCMCDiag.cpp][info] Trace/enu_enubias_180_param_179_Trace
[PlotMCMCDiag.cpp][warning] continuing along my way for Trace
[PlotMCMCDiag.cpp][info] Looking for Trace/enu_enubias_180_param_179_Trace from file /scratch/abipeake/March2026/Easter_finerxsecbinning_sat11ththapril_robbinsmonroemore2/chain_trimmed_last10M_MCMC_Diag.root
[PlotMCMCDiag.cpp][info] Trace/enu_enubias_181_param_180_Trace
[PlotMCMCDiag.cpp][warning] continuing along my way for Trace
[PlotMCMCDiag.cpp][info] Looking for Trace/enu_enubias_181_param_180_Trace from file /scratch/abipeake/March2026/Easter_finerxsecbinning_sat11ththapril_robbinsmonroemore2/chain_trimmed_last10M_MCMC_Diag.root
[PlotMCMCDiag.cpp][info] Trace/enu_enubias_182_param_181_Trace
[PlotMCMCDiag.cpp][warning] continuing along my way for Trace
[PlotMCMCDiag.cpp][info] Looking for Trace/enu_enubias_182_param_181_Trace from file /scratch/abipeake/March2026/Easter_finerxsecbinning_sat11ththapril_robbinsmonroemore2/chain_trimmed_last10M_MCMC_Diag.root
[PlotMCMCDiag.cpp][info] Trace/enu_enubias_183_param_182_Trace
[PlotMCMCDiag.cpp][warning] continuing along my way for Trace
[PlotMCMCDiag.cpp][info] Looking for Trace/enu_enubias_183_param_182_Trace from file /scratch/abipeake/March2026/Easter_finerxsecbinning_sat11ththapril_robbinsmonroemore2/chain_trimmed_last10M_MCMC_Diag.root
[PlotMCMCDiag.cpp][info] Trace/enu_enubias_184_param_183_Trace
[PlotMCMCDiag.cpp][warning] continuing along my way for Trace
[PlotMCMCDiag.cpp][info] Looking for Trace/enu_enubias_184_param_183_Trace from file /scratch/abipeake/March2026/Easter_finerxsecbinning_sat11ththapril_robbinsmonroemore2/chain_trimmed_last10M_MCMC_Diag.root
[PlotMCMCDiag.cpp][info] Trace/enu_enubias_185_param_184_Trace
[PlotMCMCDiag.cpp][warning] continuing along my way for Trace
[PlotMCMCDiag.cpp][info] Looking for Trace/enu_enubias_185_param_184_Trace from file /scratch/abipeake/March2026/Easter_finerxsecbinning_sat11ththapril_robbinsmonroemore2/chain_trimmed_last10M_MCMC_Diag.root
[PlotMCMCDiag.cpp][info] Trace/enu_enubias_186_param_185_Trace
[PlotMCMCDiag.cpp][warning] continuing along my way for Trace
[PlotMCMCDiag.cpp][info] Looking for Trace/enu_enubias_186_param_185_Trace from file /scratch/abipeake/March2026/Easter_finerxsecbinning_sat11ththapril_robbinsmonroemore2/chain_trimmed_last10M_MCMC_Diag.root
[PlotMCMCDiag.cpp][info] Trace/enu_enubias_187_param_186_Trace
[PlotMCMCDiag.cpp][warning] continuing along my way for Trace
[PlotMCMCDiag.cpp][info] Looking for Trace/enu_enubias_187_param_186_Trace from file /scratch/abipeake/March2026/Easter_finerxsecbinning_sat11ththapril_robbinsmonroemore2/chain_trimmed_last10M_MCMC_Diag.root
[PlotMCMCDiag.cpp][info] Trace/enu_enubias_188_param_187_Trace
[PlotMCMCDiag.cpp][warning] continuing along my way for Trace
[PlotMCMCDiag.cpp][info] Looking for Trace/enu_enubias_188_param_187_Trace from file /scratch/abipeake/March2026/Easter_finerxsecbinning_sat11ththapril_robbinsmonroemore2/chain_trimmed_last10M_MCMC_Diag.root
[PlotMCMCDiag.cpp][info] Trace/enu_enubias_189_param_188_Trace
[PlotMCMCDiag.cpp][warning] continuing along my way for Trace
[PlotMCMCDiag.cpp][info] Looking for Trace/enu_enubias_189_param_188_Trace from file /scratch/abipeake/March2026/Easter_finerxsecbinning_sat11ththapril_robbinsmonroemore2/chain_trimmed_last10M_MCMC_Diag.root
[PlotMCMCDiag.cpp][info] Trace/enu_enubias_190_param_189_Trace
[PlotMCMCDiag.cpp][warning] continuing along my way for Trace
[PlotMCMCDiag.cpp][info] Looking for Trace/enu_enubias_190_param_189_Trace from file /scratch/abipeake/March2026/Easter_finerxsecbinning_sat11ththapril_robbinsmonroemore2/chain_trimmed_last10M_MCMC_Diag.root
[PlotMCMCDiag.cpp][info] Trace/enu_enubias_191_param_190_Trace
[PlotMCMCDiag.cpp][warning] continuing along my way for Trace
[PlotMCMCDiag.cpp][info] Looking for Trace/enu_enubias_191_param_190_Trace from file /scratch/abipeake/March2026/Easter_finerxsecbinning_sat11ththapril_robbinsmonroemore2/chain_trimmed_last10M_MCMC_Diag.root
[PlotMCMCDiag.cpp][info] Trace/enu_enubias_192_param_191_Trace
[PlotMCMCDiag.cpp][warning] continuing along my way for Trace
[PlotMCMCDiag.cpp][info] Looking for Trace/enu_enubias_192_param_191_Trace from file /scratch/abipeake/March2026/Easter_finerxsecbinning_sat11ththapril_robbinsmonroemore2/chain_trimmed_last10M_MCMC_Diag.root
[PlotMCMCDiag.cpp][info] Trace/enu_enubias_193_param_192_Trace
[PlotMCMCDiag.cpp][warning] continuing along my way for Trace
[PlotMCMCDiag.cpp][info] Looking for Trace/enu_enubias_193_param_192_Trace from file /scratch/abipeake/March2026/Easter_finerxsecbinning_sat11ththapril_robbinsmonroemore2/chain_trimmed_last10M_MCMC_Diag.root
[PlotMCMCDiag.cpp][info] Trace/enu_enubias_194_param_193_Trace
[PlotMCMCDiag.cpp][warning] continuing along my way for Trace
[PlotMCMCDiag.cpp][info] Looking for Trace/enu_enubias_194_param_193_Trace from file /scratch/abipeake/March2026/Easter_finerxsecbinning_sat11ththapril_robbinsmonroemore2/chain_trimmed_last10M_MCMC_Diag.root
[PlotMCMCDiag.cpp][info] Trace/enu_enubias_195_param_194_Trace
[PlotMCMCDiag.cpp][warning] continuing along my way for Trace
[PlotMCMCDiag.cpp][info] Looking for Trace/enu_enubias_195_param_194_Trace from file /scratch/abipeake/March2026/Easter_finerxsecbinning_sat11ththapril_robbinsmonroemore2/chain_trimmed_last10M_MCMC_Diag.root
[PlotMCMCDiag.cpp][info] Trace/enu_enubias_196_param_195_Trace
[PlotMCMCDiag.cpp][warning] continuing along my way for Trace
[PlotMCMCDiag.cpp][info] Looking for Trace/enu_enubias_196_param_195_Trace from file /scratch/abipeake/March2026/Easter_finerxsecbinning_sat11ththapril_robbinsmonroemore2/chain_trimmed_last10M_MCMC_Diag.root
[PlotMCMCDiag.cpp][info] Trace/enu_enubias_197_param_196_Trace
[PlotMCMCDiag.cpp][warning] continuing along my way for Trace
[PlotMCMCDiag.cpp][info] Looking for Trace/enu_enubias_197_param_196_Trace from file /scratch/abipeake/March2026/Easter_finerxsecbinning_sat11ththapril_robbinsmonroemore2/chain_trimmed_last10M_MCMC_Diag.root
[PlotMCMCDiag.cpp][info] Trace/enu_enubias_198_param_197_Trace
[PlotMCMCDiag.cpp][warning] continuing along my way for Trace
[PlotMCMCDiag.cpp][info] Looking for Trace/enu_enubias_198_param_197_Trace from file /scratch/abipeake/March2026/Easter_finerxsecbinning_sat11ththapril_robbinsmonroemore2/chain_trimmed_last10M_MCMC_Diag.root
[PlotMCMCDiag.cpp][info] Trace/enu_enubias_199_param_198_Trace
[PlotMCMCDiag.cpp][warning] continuing along my way for Trace
[PlotMCMCDiag.cpp][info] Looking for Trace/enu_enubias_199_param_198_Trace from file /scratch/abipeake/March2026/Easter_finerxsecbinning_sat11ththapril_robbinsmonroemore2/chain_trimmed_last10M_MCMC_Diag.root
[PlotMCMCDiag.cpp][info] Trace/enu_enubias_200_param_199_Trace
[PlotMCMCDiag.cpp][warning] continuing along my way for Trace
[PlotMCMCDiag.cpp][info] Looking for Trace/enu_enubias_200_param_199_Trace from file /scratch/abipeake/March2026/Easter_finerxsecbinning_sat11ththapril_robbinsmonroemore2/chain_trimmed_last10M_MCMC_Diag.root
[PlotMCMCDiag.cpp][info] Trace/enu_enubias_201_param_200_Trace
[PlotMCMCDiag.cpp][warning] continuing along my way for Trace
[PlotMCMCDiag.cpp][info] Looking for Trace/enu_enubias_201_param_200_Trace from file /scratch/abipeake/March2026/Easter_finerxsecbinning_sat11ththapril_robbinsmonroemore2/chain_trimmed_last10M_MCMC_Diag.root
[PlotMCMCDiag.cpp][info] Trace/enu_enubias_202_param_201_Trace
[PlotMCMCDiag.cpp][warning] continuing along my way for Trace
[PlotMCMCDiag.cpp][info] Looking for Trace/enu_enubias_202_param_201_Trace from file /scratch/abipeake/March2026/Easter_finerxsecbinning_sat11ththapril_robbinsmonroemore2/chain_trimmed_last10M_MCMC_Diag.root
[PlotMCMCDiag.cpp][info] Trace/enu_enubias_203_param_202_Trace
[PlotMCMCDiag.cpp][warning] continuing along my way for Trace
[PlotMCMCDiag.cpp][info] Looking for Trace/enu_enubias_203_param_202_Trace from file /scratch/abipeake/March2026/Easter_finerxsecbinning_sat11ththapril_robbinsmonroemore2/chain_trimmed_last10M_MCMC_Diag.root
[PlotMCMCDiag.cpp][info] Trace/enu_enubias_204_param_203_Trace
[PlotMCMCDiag.cpp][warning] continuing along my way for Trace
[PlotMCMCDiag.cpp][info] Looking for Trace/enu_enubias_204_param_203_Trace from file /scratch/abipeake/March2026/Easter_finerxsecbinning_sat11ththapril_robbinsmonroemore2/chain_trimmed_last10M_MCMC_Diag.root
[PlotMCMCDiag.cpp][info] Trace/enu_enubias_205_param_204_Trace
[PlotMCMCDiag.cpp][warning] continuing along my way for Trace
[PlotMCMCDiag.cpp][info] Looking for Trace/enu_enubias_205_param_204_Trace from file /scratch/abipeake/March2026/Easter_finerxsecbinning_sat11ththapril_robbinsmonroemore2/chain_trimmed_last10M_MCMC_Diag.root
[PlotMCMCDiag.cpp][info] Trace/enu_enubias_206_param_205_Trace
[PlotMCMCDiag.cpp][warning] continuing along my way for Trace
[PlotMCMCDiag.cpp][info] Looking for Trace/enu_enubias_206_param_205_Trace from file /scratch/abipeake/March2026/Easter_finerxsecbinning_sat11ththapril_robbinsmonroemore2/chain_trimmed_last10M_MCMC_Diag.root
[PlotMCMCDiag.cpp][info] Trace/enu_enubias_207_param_206_Trace
[PlotMCMCDiag.cpp][warning] continuing along my way for Trace
[PlotMCMCDiag.cpp][info] Looking for Trace/enu_enubias_207_param_206_Trace from file /scratch/abipeake/March2026/Easter_finerxsecbinning_sat11ththapril_robbinsmonroemore2/chain_trimmed_last10M_MCMC_Diag.root
[PlotMCMCDiag.cpp][info] Trace/enu_enubias_208_param_207_Trace
[PlotMCMCDiag.cpp][warning] continuing along my way for Trace
[PlotMCMCDiag.cpp][info] Looking for Trace/enu_enubias_208_param_207_Trace from file /scratch/abipeake/March2026/Easter_finerxsecbinning_sat11ththapril_robbinsmonroemore2/chain_trimmed_last10M_MCMC_Diag.root
[PlotMCMCDiag.cpp][info] Trace/enu_enubias_209_param_208_Trace
[PlotMCMCDiag.cpp][warning] continuing along my way for Trace
[PlotMCMCDiag.cpp][info] Looking for Trace/enu_enubias_209_param_208_Trace from file /scratch/abipeake/March2026/Easter_finerxsecbinning_sat11ththapril_robbinsmonroemore2/chain_trimmed_last10M_MCMC_Diag.root
[PlotMCMCDiag.cpp][info] Trace/enu_enubias_210_param_209_Trace
[PlotMCMCDiag.cpp][warning] continuing along my way for Trace
[PlotMCMCDiag.cpp][info] Looking for Trace/enu_enubias_210_param_209_Trace from file /scratch/abipeake/March2026/Easter_finerxsecbinning_sat11ththapril_robbinsmonroemore2/chain_trimmed_last10M_MCMC_Diag.root
[PlotMCMCDiag.cpp][info] Trace/enu_enubias_211_param_210_Trace
[PlotMCMCDiag.cpp][warning] continuing along my way for Trace
[PlotMCMCDiag.cpp][info] Looking for Trace/enu_enubias_211_param_210_Trace from file /scratch/abipeake/March2026/Easter_finerxsecbinning_sat11ththapril_robbinsmonroemore2/chain_trimmed_last10M_MCMC_Diag.root
[PlotMCMCDiag.cpp][info] Trace/enu_enubias_212_param_211_Trace
[PlotMCMCDiag.cpp][warning] continuing along my way for Trace
[PlotMCMCDiag.cpp][info] Looking for Trace/enu_enubias_212_param_211_Trace from file /scratch/abipeake/March2026/Easter_finerxsecbinning_sat11ththapril_robbinsmonroemore2/chain_trimmed_last10M_MCMC_Diag.root
[PlotMCMCDiag.cpp][info] Trace/enu_enubias_213_param_212_Trace
[PlotMCMCDiag.cpp][warning] continuing along my way for Trace
[PlotMCMCDiag.cpp][info] Looking for Trace/enu_enubias_213_param_212_Trace from file /scratch/abipeake/March2026/Easter_finerxsecbinning_sat11ththapril_robbinsmonroemore2/chain_trimmed_last10M_MCMC_Diag.root
[PlotMCMCDiag.cpp][info] Trace/enu_enubias_214_param_213_Trace
[PlotMCMCDiag.cpp][warning] continuing along my way for Trace
[PlotMCMCDiag.cpp][info] Looking for Trace/enu_enubias_214_param_213_Trace from file /scratch/abipeake/March2026/Easter_finerxsecbinning_sat11ththapril_robbinsmonroemore2/chain_trimmed_last10M_MCMC_Diag.root
[PlotMCMCDiag.cpp][info] Trace/enu_enubias_215_param_214_Trace
[PlotMCMCDiag.cpp][warning] continuing along my way for Trace
[PlotMCMCDiag.cpp][info] Looking for Trace/enu_enubias_215_param_214_Trace from file /scratch/abipeake/March2026/Easter_finerxsecbinning_sat11ththapril_robbinsmonroemore2/chain_trimmed_last10M_MCMC_Diag.root
[PlotMCMCDiag.cpp][info] Trace/enu_enubias_216_param_215_Trace
[PlotMCMCDiag.cpp][warning] continuing along my way for Trace
[PlotMCMCDiag.cpp][info] Looking for Trace/enu_enubias_216_param_215_Trace from file /scratch/abipeake/March2026/Easter_finerxsecbinning_sat11ththapril_robbinsmonroemore2/chain_trimmed_last10M_MCMC_Diag.root
[PlotMCMCDiag.cpp][info] Trace/enu_enubias_217_param_216_Trace
[PlotMCMCDiag.cpp][warning] continuing along my way for Trace
[PlotMCMCDiag.cpp][info] Looking for Trace/enu_enubias_217_param_216_Trace from file /scratch/abipeake/March2026/Easter_finerxsecbinning_sat11ththapril_robbinsmonroemore2/chain_trimmed_last10M_MCMC_Diag.root
[PlotMCMCDiag.cpp][info] Trace/enu_enubias_218_param_217_Trace
[PlotMCMCDiag.cpp][warning] continuing along my way for Trace
[PlotMCMCDiag.cpp][info] Looking for Trace/enu_enubias_218_param_217_Trace from file /scratch/abipeake/March2026/Easter_finerxsecbinning_sat11ththapril_robbinsmonroemore2/chain_trimmed_last10M_MCMC_Diag.root
[PlotMCMCDiag.cpp][info] Trace/enu_enubias_219_param_218_Trace
[PlotMCMCDiag.cpp][warning] continuing along my way for Trace
[PlotMCMCDiag.cpp][info] Looking for Trace/enu_enubias_219_param_218_Trace from file /scratch/abipeake/March2026/Easter_finerxsecbinning_sat11ththapril_robbinsmonroemore2/chain_trimmed_last10M_MCMC_Diag.root
[PlotMCMCDiag.cpp][info] Trace/enu_enubias_220_param_219_Trace
[PlotMCMCDiag.cpp][warning] continuing along my way for Trace
[PlotMCMCDiag.cpp][info] Looking for Trace/enu_enubias_220_param_219_Trace from file /scratch/abipeake/March2026/Easter_finerxsecbinning_sat11ththapril_robbinsmonroemore2/chain_trimmed_last10M_MCMC_Diag.root
[PlotMCMCDiag.cpp][info] Trace/enu_enubias_221_param_220_Trace
[PlotMCMCDiag.cpp][warning] continuing along my way for Trace
[PlotMCMCDiag.cpp][info] Looking for Trace/enu_enubias_221_param_220_Trace from file /scratch/abipeake/March2026/Easter_finerxsecbinning_sat11ththapril_robbinsmonroemore2/chain_trimmed_last10M_MCMC_Diag.root
[PlotMCMCDiag.cpp][info] Trace/enu_enubias_222_param_221_Trace
[PlotMCMCDiag.cpp][warning] continuing along my way for Trace
[PlotMCMCDiag.cpp][info] Looking for Trace/enu_enubias_222_param_221_Trace from file /scratch/abipeake/March2026/Easter_finerxsecbinning_sat11ththapril_robbinsmonroemore2/chain_trimmed_last10M_MCMC_Diag.root
[PlotMCMCDiag.cpp][info] Trace/enu_enubias_223_param_222_Trace
[PlotMCMCDiag.cpp][warning] continuing along my way for Trace
[PlotMCMCDiag.cpp][info] Looking for Trace/enu_enubias_223_param_222_Trace from file /scratch/abipeake/March2026/Easter_finerxsecbinning_sat11ththapril_robbinsmonroemore2/chain_trimmed_last10M_MCMC_Diag.root
[PlotMCMCDiag.cpp][info] Trace/enu_enubias_224_param_223_Trace
[PlotMCMCDiag.cpp][warning] continuing along my way for Trace
[PlotMCMCDiag.cpp][info] Looking for Trace/enu_enubias_224_param_223_Trace from file /scratch/abipeake/March2026/Easter_finerxsecbinning_sat11ththapril_robbinsmonroemore2/chain_trimmed_last10M_MCMC_Diag.root
[PlotMCMCDiag.cpp][info] Trace/enu_enubias_225_param_224_Trace
[PlotMCMCDiag.cpp][warning] continuing along my way for Trace
[PlotMCMCDiag.cpp][info] Looking for Trace/enu_enubias_225_param_224_Trace from file /scratch/abipeake/March2026/Easter_finerxsecbinning_sat11ththapril_robbinsmonroemore2/chain_trimmed_last10M_MCMC_Diag.root
[PlotMCMCDiag.cpp][info] Trace/enu_enubias_226_param_225_Trace
[PlotMCMCDiag.cpp][warning] continuing along my way for Trace
[PlotMCMCDiag.cpp][info] Looking for Trace/enu_enubias_226_param_225_Trace from file /scratch/abipeake/March2026/Easter_finerxsecbinning_sat11ththapril_robbinsmonroemore2/chain_trimmed_last10M_MCMC_Diag.root
[PlotMCMCDiag.cpp][info] Trace/enu_enubias_227_param_226_Trace
[PlotMCMCDiag.cpp][warning] continuing along my way for Trace
[PlotMCMCDiag.cpp][info] Looking for Trace/enu_enubias_227_param_226_Trace from file /scratch/abipeake/March2026/Easter_finerxsecbinning_sat11ththapril_robbinsmonroemore2/chain_trimmed_last10M_MCMC_Diag.root
[PlotMCMCDiag.cpp][info] Trace/enu_enubias_228_param_227_Trace
[PlotMCMCDiag.cpp][warning] continuing along my way for Trace
[PlotMCMCDiag.cpp][info] Looking for Trace/enu_enubias_228_param_227_Trace from file /scratch/abipeake/March2026/Easter_finerxsecbinning_sat11ththapril_robbinsmonroemore2/chain_trimmed_last10M_MCMC_Diag.root
[PlotMCMCDiag.cpp][info] Trace/enu_enubias_229_param_228_Trace
[PlotMCMCDiag.cpp][warning] continuing along my way for Trace
[PlotMCMCDiag.cpp][info] Looking for Trace/enu_enubias_229_param_228_Trace from file /scratch/abipeake/March2026/Easter_finerxsecbinning_sat11ththapril_robbinsmonroemore2/chain_trimmed_last10M_MCMC_Diag.root
[PlotMCMCDiag.cpp][info] Trace/enu_enubias_230_param_229_Trace
[PlotMCMCDiag.cpp][warning] continuing along my way for Trace
[PlotMCMCDiag.cpp][info] Looking for Trace/enu_enubias_230_param_229_Trace from file /scratch/abipeake/March2026/Easter_finerxsecbinning_sat11ththapril_robbinsmonroemore2/chain_trimmed_last10M_MCMC_Diag.root
[PlotMCMCDiag.cpp][info] Trace/enu_enubias_231_param_230_Trace
[PlotMCMCDiag.cpp][warning] continuing along my way for Trace
[PlotMCMCDiag.cpp][info] Looking for Trace/enu_enubias_231_param_230_Trace from file /scratch/abipeake/March2026/Easter_finerxsecbinning_sat11ththapril_robbinsmonroemore2/chain_trimmed_last10M_MCMC_Diag.root
[PlotMCMCDiag.cpp][info] Trace/enu_enubias_232_param_231_Trace
[PlotMCMCDiag.cpp][warning] continuing along my way for Trace
[PlotMCMCDiag.cpp][info] Looking for Trace/enu_enubias_232_param_231_Trace from file /scratch/abipeake/March2026/Easter_finerxsecbinning_sat11ththapril_robbinsmonroemore2/chain_trimmed_last10M_MCMC_Diag.root
[PlotMCMCDiag.cpp][info] Trace/enu_enubias_233_param_232_Trace
[PlotMCMCDiag.cpp][warning] continuing along my way for Trace
[PlotMCMCDiag.cpp][info] Looking for Trace/enu_enubias_233_param_232_Trace from file /scratch/abipeake/March2026/Easter_finerxsecbinning_sat11ththapril_robbinsmonroemore2/chain_trimmed_last10M_MCMC_Diag.root
[PlotMCMCDiag.cpp][info] Trace/enu_enubias_234_param_233_Trace
[PlotMCMCDiag.cpp][warning] continuing along my way for Trace
[PlotMCMCDiag.cpp][info] Looking for Trace/enu_enubias_234_param_233_Trace from file /scratch/abipeake/March2026/Easter_finerxsecbinning_sat11ththapril_robbinsmonroemore2/chain_trimmed_last10M_MCMC_Diag.root
[PlotMCMCDiag.cpp][info] Trace/enu_enubias_235_param_234_Trace
[PlotMCMCDiag.cpp][warning] continuing along my way for Trace
[PlotMCMCDiag.cpp][info] Looking for Trace/enu_enubias_235_param_234_Trace from file /scratch/abipeake/March2026/Easter_finerxsecbinning_sat11ththapril_robbinsmonroemore2/chain_trimmed_last10M_MCMC_Diag.root
[PlotMCMCDiag.cpp][info] Trace/enu_enubias_236_param_235_Trace
[PlotMCMCDiag.cpp][warning] continuing along my way for Trace
[PlotMCMCDiag.cpp][info] Looking for Trace/enu_enubias_236_param_235_Trace from file /scratch/abipeake/March2026/Easter_finerxsecbinning_sat11ththapril_robbinsmonroemore2/chain_trimmed_last10M_MCMC_Diag.root
[PlotMCMCDiag.cpp][info] Trace/enu_enubias_237_param_236_Trace
[PlotMCMCDiag.cpp][warning] continuing along my way for Trace
[PlotMCMCDiag.cpp][info] Looking for Trace/enu_enubias_237_param_236_Trace from file /scratch/abipeake/March2026/Easter_finerxsecbinning_sat11ththapril_robbinsmonroemore2/chain_trimmed_last10M_MCMC_Diag.root
[PlotMCMCDiag.cpp][info] Trace/enu_enubias_238_param_237_Trace
[PlotMCMCDiag.cpp][warning] continuing along my way for Trace
[PlotMCMCDiag.cpp][info] Looking for Trace/enu_enubias_238_param_237_Trace from file /scratch/abipeake/March2026/Easter_finerxsecbinning_sat11ththapril_robbinsmonroemore2/chain_trimmed_last10M_MCMC_Diag.root
[PlotMCMCDiag.cpp][info] Trace/enu_enubias_239_param_238_Trace
[PlotMCMCDiag.cpp][warning] continuing along my way for Trace
[PlotMCMCDiag.cpp][info] Looking for Trace/enu_enubias_239_param_238_Trace from file /scratch/abipeake/March2026/Easter_finerxsecbinning_sat11ththapril_robbinsmonroemore2/chain_trimmed_last10M_MCMC_Diag.root
[PlotMCMCDiag.cpp][info] Trace/enu_enubias_240_param_239_Trace
[PlotMCMCDiag.cpp][warning] continuing along my way for Trace
[PlotMCMCDiag.cpp][info] Looking for Trace/enu_enubias_240_param_239_Trace from file /scratch/abipeake/March2026/Easter_finerxsecbinning_sat11ththapril_robbinsmonroemore2/chain_trimmed_last10M_MCMC_Diag.root
[PlotMCMCDiag.cpp][info] Trace/enu_enubias_241_param_240_Trace
[PlotMCMCDiag.cpp][warning] continuing along my way for Trace
[PlotMCMCDiag.cpp][info] Looking for Trace/enu_enubias_241_param_240_Trace from file /scratch/abipeake/March2026/Easter_finerxsecbinning_sat11ththapril_robbinsmonroemore2/chain_trimmed_last10M_MCMC_Diag.root
[PlotMCMCDiag.cpp][info] Trace/enu_enubias_242_param_241_Trace
[PlotMCMCDiag.cpp][warning] continuing along my way for Trace
[PlotMCMCDiag.cpp][info] Looking for Trace/enu_enubias_242_param_241_Trace from file /scratch/abipeake/March2026/Easter_finerxsecbinning_sat11ththapril_robbinsmonroemore2/chain_trimmed_last10M_MCMC_Diag.root
[PlotMCMCDiag.cpp][info] Trace/enu_enubias_243_param_242_Trace
[PlotMCMCDiag.cpp][warning] continuing along my way for Trace
[PlotMCMCDiag.cpp][info] Looking for Trace/enu_enubias_243_param_242_Trace from file /scratch/abipeake/March2026/Easter_finerxsecbinning_sat11ththapril_robbinsmonroemore2/chain_trimmed_last10M_MCMC_Diag.root
[PlotMCMCDiag.cpp][info] Trace/enu_enubias_244_param_243_Trace
[PlotMCMCDiag.cpp][warning] continuing along my way for Trace
[PlotMCMCDiag.cpp][info] Looking for Trace/enu_enubias_244_param_243_Trace from file /scratch/abipeake/March2026/Easter_finerxsecbinning_sat11ththapril_robbinsmonroemore2/chain_trimmed_last10M_MCMC_Diag.root
[PlotMCMCDiag.cpp][info] Trace/enu_enubias_245_param_244_Trace
[PlotMCMCDiag.cpp][warning] continuing along my way for Trace
[PlotMCMCDiag.cpp][info] Looking for Trace/enu_enubias_245_param_244_Trace from file /scratch/abipeake/March2026/Easter_finerxsecbinning_sat11ththapril_robbinsmonroemore2/chain_trimmed_last10M_MCMC_Diag.root
[PlotMCMCDiag.cpp][info] Trace/enu_enubias_246_param_245_Trace
[PlotMCMCDiag.cpp][warning] continuing along my way for Trace
[PlotMCMCDiag.cpp][info] Looking for Trace/enu_enubias_246_param_245_Trace from file /scratch/abipeake/March2026/Easter_finerxsecbinning_sat11ththapril_robbinsmonroemore2/chain_trimmed_last10M_MCMC_Diag.root
[PlotMCMCDiag.cpp][info] Trace/enu_enubias_247_param_246_Trace
[PlotMCMCDiag.cpp][warning] continuing along my way for Trace
[PlotMCMCDiag.cpp][info] Looking for Trace/enu_enubias_247_param_246_Trace from file /scratch/abipeake/March2026/Easter_finerxsecbinning_sat11ththapril_robbinsmonroemore2/chain_trimmed_last10M_MCMC_Diag.root
[PlotMCMCDiag.cpp][info] Trace/enu_enubias_248_param_247_Trace
[PlotMCMCDiag.cpp][warning] continuing along my way for Trace
[PlotMCMCDiag.cpp][info] Looking for Trace/enu_enubias_248_param_247_Trace from file /scratch/abipeake/March2026/Easter_finerxsecbinning_sat11ththapril_robbinsmonroemore2/chain_trimmed_last10M_MCMC_Diag.root
[PlotMCMCDiag.cpp][info] Trace/enu_enubias_249_param_248_Trace
[PlotMCMCDiag.cpp][warning] continuing along my way for Trace
[PlotMCMCDiag.cpp][info] Looking for Trace/enu_enubias_249_param_248_Trace from file /scratch/abipeake/March2026/Easter_finerxsecbinning_sat11ththapril_robbinsmonroemore2/chain_trimmed_last10M_MCMC_Diag.root
[PlotMCMCDiag.cpp][info] Trace/enu_enubias_250_param_249_Trace
[PlotMCMCDiag.cpp][warning] continuing along my way for Trace
[PlotMCMCDiag.cpp][info] Looking for Trace/enu_enubias_250_param_249_Trace from file /scratch/abipeake/March2026/Easter_finerxsecbinning_sat11ththapril_robbinsmonroemore2/chain_trimmed_last10M_MCMC_Diag.root
[PlotMCMCDiag.cpp][info] Trace/enu_enubias_251_param_250_Trace
[PlotMCMCDiag.cpp][warning] continuing along my way for Trace
[PlotMCMCDiag.cpp][info] Looking for Trace/enu_enubias_251_param_250_Trace from file /scratch/abipeake/March2026/Easter_finerxsecbinning_sat11ththapril_robbinsmonroemore2/chain_trimmed_last10M_MCMC_Diag.root
[PlotMCMCDiag.cpp][info] Trace/enu_enubias_252_param_251_Trace
[PlotMCMCDiag.cpp][warning] continuing along my way for Trace
[PlotMCMCDiag.cpp][info] Looking for Trace/enu_enubias_252_param_251_Trace from file /scratch/abipeake/March2026/Easter_finerxsecbinning_sat11ththapril_robbinsmonroemore2/chain_trimmed_last10M_MCMC_Diag.root
[PlotMCMCDiag.cpp][info] Trace/enu_enubias_253_param_252_Trace
[PlotMCMCDiag.cpp][warning] continuing along my way for Trace
[PlotMCMCDiag.cpp][info] Looking for Trace/enu_enubias_253_param_252_Trace from file /scratch/abipeake/March2026/Easter_finerxsecbinning_sat11ththapril_robbinsmonroemore2/chain_trimmed_last10M_MCMC_Diag.root
[PlotMCMCDiag.cpp][info] Trace/enu_enubias_254_param_253_Trace
[PlotMCMCDiag.cpp][warning] continuing along my way for Trace
[PlotMCMCDiag.cpp][info] Looking for Trace/enu_enubias_254_param_253_Trace from file /scratch/abipeake/March2026/Easter_finerxsecbinning_sat11ththapril_robbinsmonroemore2/chain_trimmed_last10M_MCMC_Diag.root
[PlotMCMCDiag.cpp][info] Trace/enu_enubias_255_param_254_Trace
[PlotMCMCDiag.cpp][warning] continuing along my way for Trace
[PlotMCMCDiag.cpp][info] Looking for Trace/enu_enubias_255_param_254_Trace from file /scratch/abipeake/March2026/Easter_finerxsecbinning_sat11ththapril_robbinsmonroemore2/chain_trimmed_last10M_MCMC_Diag.root
[PlotMCMCDiag.cpp][info] Trace/enu_enubias_256_param_255_Trace
[PlotMCMCDiag.cpp][warning] continuing along my way for Trace
[PlotMCMCDiag.cpp][info] Looking for Trace/enu_enubias_256_param_255_Trace from file /scratch/abipeake/March2026/Easter_finerxsecbinning_sat11ththapril_robbinsmonroemore2/chain_trimmed_last10M_MCMC_Diag.root
[PlotMCMCDiag.cpp][info] Trace/enu_enubias_257_param_256_Trace
[PlotMCMCDiag.cpp][warning] continuing along my way for Trace
[PlotMCMCDiag.cpp][info] Looking for Trace/enu_enubias_257_param_256_Trace from file /scratch/abipeake/March2026/Easter_finerxsecbinning_sat11ththapril_robbinsmonroemore2/chain_trimmed_last10M_MCMC_Diag.root
[PlotMCMCDiag.cpp][info] Trace/enu_enubias_258_param_257_Trace
[PlotMCMCDiag.cpp][warning] continuing along my way for Trace
[PlotMCMCDiag.cpp][info] Looking for Trace/enu_enubias_258_param_257_Trace from file /scratch/abipeake/March2026/Easter_finerxsecbinning_sat11ththapril_robbinsmonroemore2/chain_trimmed_last10M_MCMC_Diag.root
[PlotMCMCDiag.cpp][info] Trace/enu_enubias_259_param_258_Trace
[PlotMCMCDiag.cpp][warning] continuing along my way for Trace
[PlotMCMCDiag.cpp][info] Looking for Trace/enu_enubias_259_param_258_Trace from file /scratch/abipeake/March2026/Easter_finerxsecbinning_sat11ththapril_robbinsmonroemore2/chain_trimmed_last10M_MCMC_Diag.root
[PlotMCMCDiag.cpp][info] Trace/enu_enubias_260_param_259_Trace
[PlotMCMCDiag.cpp][warning] continuing along my way for Trace
[PlotMCMCDiag.cpp][info] Looking for Trace/enu_enubias_260_param_259_Trace from file /scratch/abipeake/March2026/Easter_finerxsecbinning_sat11ththapril_robbinsmonroemore2/chain_trimmed_last10M_MCMC_Diag.root
[PlotMCMCDiag.cpp][info] Trace/enu_enubias_261_param_260_Trace
[PlotMCMCDiag.cpp][warning] continuing along my way for Trace
[PlotMCMCDiag.cpp][info] Looking for Trace/enu_enubias_261_param_260_Trace from file /scratch/abipeake/March2026/Easter_finerxsecbinning_sat11ththapril_robbinsmonroemore2/chain_trimmed_last10M_MCMC_Diag.root
[PlotMCMCDiag.cpp][info] Trace/enu_enubias_262_param_261_Trace
[PlotMCMCDiag.cpp][warning] continuing along my way for Trace
[PlotMCMCDiag.cpp][info] Looking for Trace/enu_enubias_262_param_261_Trace from file /scratch/abipeake/March2026/Easter_finerxsecbinning_sat11ththapril_robbinsmonroemore2/chain_trimmed_last10M_MCMC_Diag.root
[PlotMCMCDiag.cpp][info] Trace/enu_enubias_263_param_262_Trace
[PlotMCMCDiag.cpp][warning] continuing along my way for Trace
[PlotMCMCDiag.cpp][info] Looking for Trace/enu_enubias_263_param_262_Trace from file /scratch/abipeake/March2026/Easter_finerxsecbinning_sat11ththapril_robbinsmonroemore2/chain_trimmed_last10M_MCMC_Diag.root
[PlotMCMCDiag.cpp][info] Trace/enu_enubias_264_param_263_Trace
[PlotMCMCDiag.cpp][warning] continuing along my way for Trace
[PlotMCMCDiag.cpp][info] Looking for Trace/enu_enubias_264_param_263_Trace from file /scratch/abipeake/March2026/Easter_finerxsecbinning_sat11ththapril_robbinsmonroemore2/chain_trimmed_last10M_MCMC_Diag.root
[PlotMCMCDiag.cpp][info] Trace/enu_enubias_265_param_264_Trace
[PlotMCMCDiag.cpp][warning] continuing along my way for Trace
[PlotMCMCDiag.cpp][info] Looking for Trace/enu_enubias_265_param_264_Trace from file /scratch/abipeake/March2026/Easter_finerxsecbinning_sat11ththapril_robbinsmonroemore2/chain_trimmed_last10M_MCMC_Diag.root
[PlotMCMCDiag.cpp][info] Trace/enu_enubias_266_param_265_Trace
[PlotMCMCDiag.cpp][warning] continuing along my way for Trace
[PlotMCMCDiag.cpp][info] Looking for Trace/enu_enubias_266_param_265_Trace from file /scratch/abipeake/March2026/Easter_finerxsecbinning_sat11ththapril_robbinsmonroemore2/chain_trimmed_last10M_MCMC_Diag.root
[PlotMCMCDiag.cpp][info] Trace/enu_enubias_267_param_266_Trace
[PlotMCMCDiag.cpp][warning] continuing along my way for Trace
[PlotMCMCDiag.cpp][info] Looking for Trace/enu_enubias_267_param_266_Trace from file /scratch/abipeake/March2026/Easter_finerxsecbinning_sat11ththapril_robbinsmonroemore2/chain_trimmed_last10M_MCMC_Diag.root
[PlotMCMCDiag.cpp][info] Trace/enu_enubias_268_param_267_Trace
[PlotMCMCDiag.cpp][warning] continuing along my way for Trace
[PlotMCMCDiag.cpp][info] Looking for Trace/enu_enubias_268_param_267_Trace from file /scratch/abipeake/March2026/Easter_finerxsecbinning_sat11ththapril_robbinsmonroemore2/chain_trimmed_last10M_MCMC_Diag.root
[PlotMCMCDiag.cpp][info] Trace/enu_enubias_269_param_268_Trace
[PlotMCMCDiag.cpp][warning] continuing along my way for Trace
[PlotMCMCDiag.cpp][info] Looking for Trace/enu_enubias_269_param_268_Trace from file /scratch/abipeake/March2026/Easter_finerxsecbinning_sat11ththapril_robbinsmonroemore2/chain_trimmed_last10M_MCMC_Diag.root
[PlotMCMCDiag.cpp][info] Trace/enu_enubias_270_param_269_Trace
[PlotMCMCDiag.cpp][warning] continuing along my way for Trace
[PlotMCMCDiag.cpp][info] Looking for Trace/enu_enubias_270_param_269_Trace from file /scratch/abipeake/March2026/Easter_finerxsecbinning_sat11ththapril_robbinsmonroemore2/chain_trimmed_last10M_MCMC_Diag.root
[PlotMCMCDiag.cpp][info] Trace/enu_enubias_271_param_270_Trace
[PlotMCMCDiag.cpp][warning] continuing along my way for Trace
[PlotMCMCDiag.cpp][info] Looking for Trace/enu_enubias_271_param_270_Trace from file /scratch/abipeake/March2026/Easter_finerxsecbinning_sat11ththapril_robbinsmonroemore2/chain_trimmed_last10M_MCMC_Diag.root
[PlotMCMCDiag.cpp][info] Trace/enu_enubias_272_param_271_Trace
[PlotMCMCDiag.cpp][warning] continuing along my way for Trace
[PlotMCMCDiag.cpp][info] Looking for Trace/enu_enubias_272_param_271_Trace from file /scratch/abipeake/March2026/Easter_finerxsecbinning_sat11ththapril_robbinsmonroemore2/chain_trimmed_last10M_MCMC_Diag.root
[PlotMCMCDiag.cpp][info] Trace/enu_enubias_273_param_272_Trace
[PlotMCMCDiag.cpp][warning] continuing along my way for Trace
[PlotMCMCDiag.cpp][info] Looking for Trace/enu_enubias_273_param_272_Trace from file /scratch/abipeake/March2026/Easter_finerxsecbinning_sat11ththapril_robbinsmonroemore2/chain_trimmed_last10M_MCMC_Diag.root
[PlotMCMCDiag.cpp][info] Trace/enu_enubias_274_param_273_Trace
[PlotMCMCDiag.cpp][warning] continuing along my way for Trace
[PlotMCMCDiag.cpp][info] Looking for Trace/enu_enubias_274_param_273_Trace from file /scratch/abipeake/March2026/Easter_finerxsecbinning_sat11ththapril_robbinsmonroemore2/chain_trimmed_last10M_MCMC_Diag.root
[PlotMCMCDiag.cpp][info] Trace/enu_enubias_275_param_274_Trace
[PlotMCMCDiag.cpp][warning] continuing along my way for Trace
[PlotMCMCDiag.cpp][info] Looking for Trace/enu_enubias_275_param_274_Trace from file /scratch/abipeake/March2026/Easter_finerxsecbinning_sat11ththapril_robbinsmonroemore2/chain_trimmed_last10M_MCMC_Diag.root
[PlotMCMCDiag.cpp][info] Trace/enu_enubias_276_param_275_Trace
[PlotMCMCDiag.cpp][warning] continuing along my way for Trace
[PlotMCMCDiag.cpp][info] Looking for Trace/enu_enubias_276_param_275_Trace from file /scratch/abipeake/March2026/Easter_finerxsecbinning_sat11ththapril_robbinsmonroemore2/chain_trimmed_last10M_MCMC_Diag.root
[PlotMCMCDiag.cpp][info] Trace/enu_enubias_277_param_276_Trace
[PlotMCMCDiag.cpp][warning] continuing along my way for Trace
[PlotMCMCDiag.cpp][info] Looking for Trace/enu_enubias_277_param_276_Trace from file /scratch/abipeake/March2026/Easter_finerxsecbinning_sat11ththapril_robbinsmonroemore2/chain_trimmed_last10M_MCMC_Diag.root
[PlotMCMCDiag.cpp][info] Trace/enu_enubias_278_param_277_Trace
[PlotMCMCDiag.cpp][warning] continuing along my way for Trace
[PlotMCMCDiag.cpp][info] Looking for Trace/enu_enubias_278_param_277_Trace from file /scratch/abipeake/March2026/Easter_finerxsecbinning_sat11ththapril_robbinsmonroemore2/chain_trimmed_last10M_MCMC_Diag.root
[PlotMCMCDiag.cpp][info] Trace/enu_enubias_279_param_278_Trace
[PlotMCMCDiag.cpp][warning] continuing along my way for Trace
[PlotMCMCDiag.cpp][info] Looking for Trace/enu_enubias_279_param_278_Trace from file /scratch/abipeake/March2026/Easter_finerxsecbinning_sat11ththapril_robbinsmonroemore2/chain_trimmed_last10M_MCMC_Diag.root
[PlotMCMCDiag.cpp][info] Trace/enu_enubias_280_param_279_Trace
[PlotMCMCDiag.cpp][warning] continuing along my way for Trace
[PlotMCMCDiag.cpp][info] Looking for Trace/enu_enubias_280_param_279_Trace from file /scratch/abipeake/March2026/Easter_finerxsecbinning_sat11ththapril_robbinsmonroemore2/chain_trimmed_last10M_MCMC_Diag.root
[PlotMCMCDiag.cpp][info] Trace/enu_enubias_281_param_280_Trace
[PlotMCMCDiag.cpp][warning] continuing along my way for Trace
[PlotMCMCDiag.cpp][info] Looking for Trace/enu_enubias_281_param_280_Trace from file /scratch/abipeake/March2026/Easter_finerxsecbinning_sat11ththapril_robbinsmonroemore2/chain_trimmed_last10M_MCMC_Diag.root
[PlotMCMCDiag.cpp][info] Trace/enu_enubias_282_param_281_Trace
[PlotMCMCDiag.cpp][warning] continuing along my way for Trace
[PlotMCMCDiag.cpp][info] Looking for Trace/enu_enubias_282_param_281_Trace from file /scratch/abipeake/March2026/Easter_finerxsecbinning_sat11ththapril_robbinsmonroemore2/chain_trimmed_last10M_MCMC_Diag.root
[PlotMCMCDiag.cpp][info] Trace/enu_enubias_283_param_282_Trace
[PlotMCMCDiag.cpp][warning] continuing along my way for Trace
[PlotMCMCDiag.cpp][info] Looking for Trace/enu_enubias_283_param_282_Trace from file /scratch/abipeake/March2026/Easter_finerxsecbinning_sat11ththapril_robbinsmonroemore2/chain_trimmed_last10M_MCMC_Diag.root
[PlotMCMCDiag.cpp][info] Trace/enu_enubias_284_param_283_Trace
[PlotMCMCDiag.cpp][warning] continuing along my way for Trace
[PlotMCMCDiag.cpp][info] Looking for Trace/enu_enubias_284_param_283_Trace from file /scratch/abipeake/March2026/Easter_finerxsecbinning_sat11ththapril_robbinsmonroemore2/chain_trimmed_last10M_MCMC_Diag.root
[PlotMCMCDiag.cpp][info] Trace/enu_enubias_285_param_284_Trace
[PlotMCMCDiag.cpp][warning] continuing along my way for Trace
[PlotMCMCDiag.cpp][info] Looking for Trace/enu_enubias_285_param_284_Trace from file /scratch/abipeake/March2026/Easter_finerxsecbinning_sat11ththapril_robbinsmonroemore2/chain_trimmed_last10M_MCMC_Diag.root
[PlotMCMCDiag.cpp][info] Trace/enu_enubias_286_param_285_Trace
[PlotMCMCDiag.cpp][warning] continuing along my way for Trace
[PlotMCMCDiag.cpp][info] Looking for Trace/enu_enubias_286_param_285_Trace from file /scratch/abipeake/March2026/Easter_finerxsecbinning_sat11ththapril_robbinsmonroemore2/chain_trimmed_last10M_MCMC_Diag.root
[PlotMCMCDiag.cpp][info] Trace/enu_enubias_287_param_286_Trace
[PlotMCMCDiag.cpp][warning] continuing along my way for Trace
[PlotMCMCDiag.cpp][info] Looking for Trace/enu_enubias_287_param_286_Trace from file /scratch/abipeake/March2026/Easter_finerxsecbinning_sat11ththapril_robbinsmonroemore2/chain_trimmed_last10M_MCMC_Diag.root
[PlotMCMCDiag.cpp][info] Trace/enu_enubias_288_param_287_Trace
[PlotMCMCDiag.cpp][warning] continuing along my way for Trace
[PlotMCMCDiag.cpp][info] Looking for Trace/enu_enubias_288_param_287_Trace from file /scratch/abipeake/March2026/Easter_finerxsecbinning_sat11ththapril_robbinsmonroemore2/chain_trimmed_last10M_MCMC_Diag.root
[PlotMCMCDiag.cpp][info] Trace/enu_enubias_289_param_288_Trace
[PlotMCMCDiag.cpp][warning] continuing along my way for Trace
[PlotMCMCDiag.cpp][info] Looking for Trace/enu_enubias_289_param_288_Trace from file /scratch/abipeake/March2026/Easter_finerxsecbinning_sat11ththapril_robbinsmonroemore2/chain_trimmed_last10M_MCMC_Diag.root
[PlotMCMCDiag.cpp][info] Trace/enu_enubias_290_param_289_Trace
[PlotMCMCDiag.cpp][warning] continuing along my way for Trace
[PlotMCMCDiag.cpp][info] Looking for Trace/enu_enubias_290_param_289_Trace from file /scratch/abipeake/March2026/Easter_finerxsecbinning_sat11ththapril_robbinsmonroemore2/chain_trimmed_last10M_MCMC_Diag.root
[PlotMCMCDiag.cpp][info] Trace/enu_enubias_291_param_290_Trace
[PlotMCMCDiag.cpp][warning] continuing along my way for Trace
[PlotMCMCDiag.cpp][info] Looking for Trace/enu_enubias_291_param_290_Trace from file /scratch/abipeake/March2026/Easter_finerxsecbinning_sat11ththapril_robbinsmonroemore2/chain_trimmed_last10M_MCMC_Diag.root
[PlotMCMCDiag.cpp][info] Trace/enu_enubias_292_param_291_Trace
[PlotMCMCDiag.cpp][warning] continuing along my way for Trace
[PlotMCMCDiag.cpp][info] Looking for Trace/enu_enubias_292_param_291_Trace from file /scratch/abipeake/March2026/Easter_finerxsecbinning_sat11ththapril_robbinsmonroemore2/chain_trimmed_last10M_MCMC_Diag.root
[PlotMCMCDiag.cpp][info] Trace/enu_enubias_293_param_292_Trace
[PlotMCMCDiag.cpp][warning] continuing along my way for Trace
[PlotMCMCDiag.cpp][info] Looking for Trace/enu_enubias_293_param_292_Trace from file /scratch/abipeake/March2026/Easter_finerxsecbinning_sat11ththapril_robbinsmonroemore2/chain_trimmed_last10M_MCMC_Diag.root
[PlotMCMCDiag.cpp][info] Trace/enu_enubias_294_param_293_Trace
[PlotMCMCDiag.cpp][warning] continuing along my way for Trace
[PlotMCMCDiag.cpp][info] Looking for Trace/enu_enubias_294_param_293_Trace from file /scratch/abipeake/March2026/Easter_finerxsecbinning_sat11ththapril_robbinsmonroemore2/chain_trimmed_last10M_MCMC_Diag.root
[PlotMCMCDiag.cpp][info] Trace/enu_enubias_295_param_294_Trace
[PlotMCMCDiag.cpp][warning] continuing along my way for Trace
[PlotMCMCDiag.cpp][info] Looking for Trace/enu_enubias_295_param_294_Trace from file /scratch/abipeake/March2026/Easter_finerxsecbinning_sat11ththapril_robbinsmonroemore2/chain_trimmed_last10M_MCMC_Diag.root
[PlotMCMCDiag.cpp][info] Trace/enu_enubias_296_param_295_Trace
[PlotMCMCDiag.cpp][warning] continuing along my way for Trace
[PlotMCMCDiag.cpp][info] Looking for Trace/enu_enubias_296_param_295_Trace from file /scratch/abipeake/March2026/Easter_finerxsecbinning_sat11ththapril_robbinsmonroemore2/chain_trimmed_last10M_MCMC_Diag.root
[PlotMCMCDiag.cpp][info] Trace/enu_enubias_297_param_296_Trace
[PlotMCMCDiag.cpp][warning] continuing along my way for Trace
[PlotMCMCDiag.cpp][info] Looking for Trace/enu_enubias_297_param_296_Trace from file /scratch/abipeake/March2026/Easter_finerxsecbinning_sat11ththapril_robbinsmonroemore2/chain_trimmed_last10M_MCMC_Diag.root
[PlotMCMCDiag.cpp][info] Trace/enu_enubias_298_param_297_Trace
[PlotMCMCDiag.cpp][warning] continuing along my way for Trace
[PlotMCMCDiag.cpp][info] Looking for Trace/enu_enubias_298_param_297_Trace from file /scratch/abipeake/March2026/Easter_finerxsecbinning_sat11ththapril_robbinsmonroemore2/chain_trimmed_last10M_MCMC_Diag.root
[PlotMCMCDiag.cpp][info] Trace/enu_enubias_299_param_298_Trace
[PlotMCMCDiag.cpp][warning] continuing along my way for Trace
[PlotMCMCDiag.cpp][info] Looking for Trace/enu_enubias_299_param_298_Trace from file /scratch/abipeake/March2026/Easter_finerxsecbinning_sat11ththapril_robbinsmonroemore2/chain_trimmed_last10M_MCMC_Diag.root
[PlotMCMCDiag.cpp][info] Trace/enu_enubias_300_param_299_Trace
[PlotMCMCDiag.cpp][warning] continuing along my way for Trace
[PlotMCMCDiag.cpp][info] Looking for Trace/enu_enubias_300_param_299_Trace from file /scratch/abipeake/March2026/Easter_finerxsecbinning_sat11ththapril_robbinsmonroemore2/chain_trimmed_last10M_MCMC_Diag.root
[PlotMCMCDiag.cpp][info] Trace/enu_enubias_301_param_300_Trace
[PlotMCMCDiag.cpp][warning] continuing along my way for Trace
[PlotMCMCDiag.cpp][info] Looking for Trace/enu_enubias_301_param_300_Trace from file /scratch/abipeake/March2026/Easter_finerxsecbinning_sat11ththapril_robbinsmonroemore2/chain_trimmed_last10M_MCMC_Diag.root
[PlotMCMCDiag.cpp][info] Trace/enu_enubias_302_param_301_Trace
[PlotMCMCDiag.cpp][warning] continuing along my way for Trace
[PlotMCMCDiag.cpp][info] Looking for Trace/enu_enubias_302_param_301_Trace from file /scratch/abipeake/March2026/Easter_finerxsecbinning_sat11ththapril_robbinsmonroemore2/chain_trimmed_last10M_MCMC_Diag.root
[PlotMCMCDiag.cpp][info] Trace/enu_enubias_303_param_302_Trace
[PlotMCMCDiag.cpp][warning] continuing along my way for Trace
[PlotMCMCDiag.cpp][info] Looking for Trace/enu_enubias_303_param_302_Trace from file /scratch/abipeake/March2026/Easter_finerxsecbinning_sat11ththapril_robbinsmonroemore2/chain_trimmed_last10M_MCMC_Diag.root
[PlotMCMCDiag.cpp][info] Trace/enu_enubias_304_param_303_Trace
[PlotMCMCDiag.cpp][warning] continuing along my way for Trace
[PlotMCMCDiag.cpp][info] Looking for Trace/enu_enubias_304_param_303_Trace from file /scratch/abipeake/March2026/Easter_finerxsecbinning_sat11ththapril_robbinsmonroemore2/chain_trimmed_last10M_MCMC_Diag.root
[PlotMCMCDiag.cpp][info] Trace/enu_enubias_305_param_304_Trace
[PlotMCMCDiag.cpp][warning] continuing along my way for Trace
[PlotMCMCDiag.cpp][info] Looking for Trace/enu_enubias_305_param_304_Trace from file /scratch/abipeake/March2026/Easter_finerxsecbinning_sat11ththapril_robbinsmonroemore2/chain_trimmed_last10M_MCMC_Diag.root
[PlotMCMCDiag.cpp][info] Trace/enu_enubias_306_param_305_Trace
[PlotMCMCDiag.cpp][warning] continuing along my way for Trace
[PlotMCMCDiag.cpp][info] Looking for Trace/enu_enubias_306_param_305_Trace from file /scratch/abipeake/March2026/Easter_finerxsecbinning_sat11ththapril_robbinsmonroemore2/chain_trimmed_last10M_MCMC_Diag.root
[PlotMCMCDiag.cpp][info] Trace/enu_enubias_307_param_306_Trace
[PlotMCMCDiag.cpp][warning] continuing along my way for Trace
[PlotMCMCDiag.cpp][info] Looking for Trace/enu_enubias_307_param_306_Trace from file /scratch/abipeake/March2026/Easter_finerxsecbinning_sat11ththapril_robbinsmonroemore2/chain_trimmed_last10M_MCMC_Diag.root
[PlotMCMCDiag.cpp][info] Trace/enu_enubias_308_param_307_Trace
[PlotMCMCDiag.cpp][warning] continuing along my way for Trace
[PlotMCMCDiag.cpp][info] Looking for Trace/enu_enubias_308_param_307_Trace from file /scratch/abipeake/March2026/Easter_finerxsecbinning_sat11ththapril_robbinsmonroemore2/chain_trimmed_last10M_MCMC_Diag.root
[PlotMCMCDiag.cpp][info] Trace/enu_enubias_309_param_308_Trace
[PlotMCMCDiag.cpp][warning] continuing along my way for Trace
[PlotMCMCDiag.cpp][info] Looking for Trace/enu_enubias_309_param_308_Trace from file /scratch/abipeake/March2026/Easter_finerxsecbinning_sat11ththapril_robbinsmonroemore2/chain_trimmed_last10M_MCMC_Diag.root
[PlotMCMCDiag.cpp][info] Trace/enu_enubias_310_param_309_Trace
[PlotMCMCDiag.cpp][warning] continuing along my way for Trace
[PlotMCMCDiag.cpp][info] Looking for Trace/enu_enubias_310_param_309_Trace from file /scratch/abipeake/March2026/Easter_finerxsecbinning_sat11ththapril_robbinsmonroemore2/chain_trimmed_last10M_MCMC_Diag.root
[PlotMCMCDiag.cpp][info] Trace/enu_enubias_311_param_310_Trace
[PlotMCMCDiag.cpp][warning] continuing along my way for Trace
[PlotMCMCDiag.cpp][info] Looking for Trace/enu_enubias_311_param_310_Trace from file /scratch/abipeake/March2026/Easter_finerxsecbinning_sat11ththapril_robbinsmonroemore2/chain_trimmed_last10M_MCMC_Diag.root
[PlotMCMCDiag.cpp][info] Trace/enu_enubias_312_param_311_Trace
[PlotMCMCDiag.cpp][warning] continuing along my way for Trace
[PlotMCMCDiag.cpp][info] Looking for Trace/enu_enubias_312_param_311_Trace from file /scratch/abipeake/March2026/Easter_finerxsecbinning_sat11ththapril_robbinsmonroemore2/chain_trimmed_last10M_MCMC_Diag.root
[PlotMCMCDiag.cpp][info] Trace/enu_enubias_313_param_312_Trace
[PlotMCMCDiag.cpp][warning] continuing along my way for Trace
[PlotMCMCDiag.cpp][info] Looking for Trace/enu_enubias_313_param_312_Trace from file /scratch/abipeake/March2026/Easter_finerxsecbinning_sat11ththapril_robbinsmonroemore2/chain_trimmed_last10M_MCMC_Diag.root
[PlotMCMCDiag.cpp][info] Trace/enu_enubias_314_param_313_Trace
[PlotMCMCDiag.cpp][warning] continuing along my way for Trace
[PlotMCMCDiag.cpp][info] Looking for Trace/enu_enubias_314_param_313_Trace from file /scratch/abipeake/March2026/Easter_finerxsecbinning_sat11ththapril_robbinsmonroemore2/chain_trimmed_last10M_MCMC_Diag.root
[PlotMCMCDiag.cpp][info] Trace/enu_enubias_315_param_314_Trace
[PlotMCMCDiag.cpp][warning] continuing along my way for Trace
[PlotMCMCDiag.cpp][info] Looking for Trace/enu_enubias_315_param_314_Trace from file /scratch/abipeake/March2026/Easter_finerxsecbinning_sat11ththapril_robbinsmonroemore2/chain_trimmed_last10M_MCMC_Diag.root
[PlotMCMCDiag.cpp][info] Trace/enu_enubias_316_param_315_Trace
[PlotMCMCDiag.cpp][warning] continuing along my way for Trace
[PlotMCMCDiag.cpp][info] Looking for Trace/enu_enubias_316_param_315_Trace from file /scratch/abipeake/March2026/Easter_finerxsecbinning_sat11ththapril_robbinsmonroemore2/chain_trimmed_last10M_MCMC_Diag.root
[PlotMCMCDiag.cpp][info] Trace/enu_enubias_317_param_316_Trace
[PlotMCMCDiag.cpp][warning] continuing along my way for Trace
[PlotMCMCDiag.cpp][info] Looking for Trace/enu_enubias_317_param_316_Trace from file /scratch/abipeake/March2026/Easter_finerxsecbinning_sat11ththapril_robbinsmonroemore2/chain_trimmed_last10M_MCMC_Diag.root
[PlotMCMCDiag.cpp][info] Trace/enu_enubias_318_param_317_Trace
[PlotMCMCDiag.cpp][warning] continuing along my way for Trace
[PlotMCMCDiag.cpp][info] Looking for Trace/enu_enubias_318_param_317_Trace from file /scratch/abipeake/March2026/Easter_finerxsecbinning_sat11ththapril_robbinsmonroemore2/chain_trimmed_last10M_MCMC_Diag.root
[PlotMCMCDiag.cpp][info] Trace/enu_enubias_319_param_318_Trace
[PlotMCMCDiag.cpp][warning] continuing along my way for Trace
[PlotMCMCDiag.cpp][info] Looking for Trace/enu_enubias_319_param_318_Trace from file /scratch/abipeake/March2026/Easter_finerxsecbinning_sat11ththapril_robbinsmonroemore2/chain_trimmed_last10M_MCMC_Diag.root
[PlotMCMCDiag.cpp][info] Trace/enu_enubias_320_param_319_Trace
[PlotMCMCDiag.cpp][warning] continuing along my way for Trace
[PlotMCMCDiag.cpp][info] Looking for Trace/enu_enubias_320_param_319_Trace from file /scratch/abipeake/March2026/Easter_finerxsecbinning_sat11ththapril_robbinsmonroemore2/chain_trimmed_last10M_MCMC_Diag.root
[PlotMCMCDiag.cpp][info] Trace/enu_enubias_321_param_320_Trace
[PlotMCMCDiag.cpp][warning] continuing along my way for Trace
[PlotMCMCDiag.cpp][info] Looking for Trace/enu_enubias_321_param_320_Trace from file /scratch/abipeake/March2026/Easter_finerxsecbinning_sat11ththapril_robbinsmonroemore2/chain_trimmed_last10M_MCMC_Diag.root
[PlotMCMCDiag.cpp][info] Trace/enu_enubias_322_param_321_Trace
[PlotMCMCDiag.cpp][warning] continuing along my way for Trace
[PlotMCMCDiag.cpp][info] Looking for Trace/enu_enubias_322_param_321_Trace from file /scratch/abipeake/March2026/Easter_finerxsecbinning_sat11ththapril_robbinsmonroemore2/chain_trimmed_last10M_MCMC_Diag.root
[PlotMCMCDiag.cpp][info] Trace/enu_enubias_323_param_322_Trace
[PlotMCMCDiag.cpp][warning] continuing along my way for Trace
[PlotMCMCDiag.cpp][info] Looking for Trace/enu_enubias_323_param_322_Trace from file /scratch/abipeake/March2026/Easter_finerxsecbinning_sat11ththapril_robbinsmonroemore2/chain_trimmed_last10M_MCMC_Diag.root
[PlotMCMCDiag.cpp][info] Trace/enu_enubias_324_param_323_Trace
[PlotMCMCDiag.cpp][warning] continuing along my way for Trace
[PlotMCMCDiag.cpp][info] Looking for Trace/enu_enubias_324_param_323_Trace from file /scratch/abipeake/March2026/Easter_finerxsecbinning_sat11ththapril_robbinsmonroemore2/chain_trimmed_last10M_MCMC_Diag.root
[PlotMCMCDiag.cpp][info] Trace/enu_enubias_325_param_324_Trace
[PlotMCMCDiag.cpp][warning] continuing along my way for Trace
[PlotMCMCDiag.cpp][info] Looking for Trace/enu_enubias_325_param_324_Trace from file /scratch/abipeake/March2026/Easter_finerxsecbinning_sat11ththapril_robbinsmonroemore2/chain_trimmed_last10M_MCMC_Diag.root
[PlotMCMCDiag.cpp][info] Trace/enu_enubias_326_param_325_Trace
[PlotMCMCDiag.cpp][warning] continuing along my way for Trace
[PlotMCMCDiag.cpp][info] Looking for Trace/enu_enubias_326_param_325_Trace from file /scratch/abipeake/March2026/Easter_finerxsecbinning_sat11ththapril_robbinsmonroemore2/chain_trimmed_last10M_MCMC_Diag.root
[PlotMCMCDiag.cpp][info] Trace/enu_enubias_327_param_326_Trace
[PlotMCMCDiag.cpp][warning] continuing along my way for Trace
[PlotMCMCDiag.cpp][info] Looking for Trace/enu_enubias_327_param_326_Trace from file /scratch/abipeake/March2026/Easter_finerxsecbinning_sat11ththapril_robbinsmonroemore2/chain_trimmed_last10M_MCMC_Diag.root
[PlotMCMCDiag.cpp][info] Trace/enu_enubias_328_param_327_Trace
[PlotMCMCDiag.cpp][warning] continuing along my way for Trace
[PlotMCMCDiag.cpp][info] Looking for Trace/enu_enubias_328_param_327_Trace from file /scratch/abipeake/March2026/Easter_finerxsecbinning_sat11ththapril_robbinsmonroemore2/chain_trimmed_last10M_MCMC_Diag.root
[PlotMCMCDiag.cpp][info] Trace/enu_enubias_329_param_328_Trace
[PlotMCMCDiag.cpp][warning] continuing along my way for Trace
[PlotMCMCDiag.cpp][info] Looking for Trace/enu_enubias_329_param_328_Trace from file /scratch/abipeake/March2026/Easter_finerxsecbinning_sat11ththapril_robbinsmonroemore2/chain_trimmed_last10M_MCMC_Diag.root
[PlotMCMCDiag.cpp][info] Trace/enu_enubias_330_param_329_Trace
[PlotMCMCDiag.cpp][warning] continuing along my way for Trace
[PlotMCMCDiag.cpp][info] Looking for Trace/enu_enubias_330_param_329_Trace from file /scratch/abipeake/March2026/Easter_finerxsecbinning_sat11ththapril_robbinsmonroemore2/chain_trimmed_last10M_MCMC_Diag.root
[PlotMCMCDiag.cpp][info] Trace/enu_enubias_331_param_330_Trace
[PlotMCMCDiag.cpp][warning] continuing along my way for Trace
[PlotMCMCDiag.cpp][info] Looking for Trace/enu_enubias_331_param_330_Trace from file /scratch/abipeake/March2026/Easter_finerxsecbinning_sat11ththapril_robbinsmonroemore2/chain_trimmed_last10M_MCMC_Diag.root
[PlotMCMCDiag.cpp][info] Trace/enu_enubias_332_param_331_Trace
[PlotMCMCDiag.cpp][warning] continuing along my way for Trace
[PlotMCMCDiag.cpp][info] Looking for Trace/enu_enubias_332_param_331_Trace from file /scratch/abipeake/March2026/Easter_finerxsecbinning_sat11ththapril_robbinsmonroemore2/chain_trimmed_last10M_MCMC_Diag.root
[PlotMCMCDiag.cpp][info] Trace/enu_enubias_333_param_332_Trace
[PlotMCMCDiag.cpp][warning] continuing along my way for Trace
[PlotMCMCDiag.cpp][info] Looking for Trace/enu_enubias_333_param_332_Trace from file /scratch/abipeake/March2026/Easter_finerxsecbinning_sat11ththapril_robbinsmonroemore2/chain_trimmed_last10M_MCMC_Diag.root
[PlotMCMCDiag.cpp][info] Trace/enu_enubias_334_param_333_Trace
[PlotMCMCDiag.cpp][warning] continuing along my way for Trace
[PlotMCMCDiag.cpp][info] Looking for Trace/enu_enubias_334_param_333_Trace from file /scratch/abipeake/March2026/Easter_finerxsecbinning_sat11ththapril_robbinsmonroemore2/chain_trimmed_last10M_MCMC_Diag.root
[PlotMCMCDiag.cpp][info] Trace/enu_enubias_335_param_334_Trace
[PlotMCMCDiag.cpp][warning] continuing along my way for Trace
[PlotMCMCDiag.cpp][info] Looking for Trace/enu_enubias_335_param_334_Trace from file /scratch/abipeake/March2026/Easter_finerxsecbinning_sat11ththapril_robbinsmonroemore2/chain_trimmed_last10M_MCMC_Diag.root
[PlotMCMCDiag.cpp][info] Trace/enu_enubias_336_param_335_Trace
[PlotMCMCDiag.cpp][warning] continuing along my way for Trace
[PlotMCMCDiag.cpp][info] Looking for Trace/enu_enubias_336_param_335_Trace from file /scratch/abipeake/March2026/Easter_finerxsecbinning_sat11ththapril_robbinsmonroemore2/chain_trimmed_last10M_MCMC_Diag.root
[PlotMCMCDiag.cpp][info] Trace/enu_enubias_337_param_336_Trace
[PlotMCMCDiag.cpp][warning] continuing along my way for Trace
[PlotMCMCDiag.cpp][info] Looking for Trace/enu_enubias_337_param_336_Trace from file /scratch/abipeake/March2026/Easter_finerxsecbinning_sat11ththapril_robbinsmonroemore2/chain_trimmed_last10M_MCMC_Diag.root
[PlotMCMCDiag.cpp][info] Trace/enu_enubias_338_param_337_Trace
[PlotMCMCDiag.cpp][warning] continuing along my way for Trace
[PlotMCMCDiag.cpp][info] Looking for Trace/enu_enubias_338_param_337_Trace from file /scratch/abipeake/March2026/Easter_finerxsecbinning_sat11ththapril_robbinsmonroemore2/chain_trimmed_last10M_MCMC_Diag.root
[PlotMCMCDiag.cpp][info] Trace/enu_enubias_339_param_338_Trace
[PlotMCMCDiag.cpp][warning] continuing along my way for Trace
[PlotMCMCDiag.cpp][info] Looking for Trace/enu_enubias_339_param_338_Trace from file /scratch/abipeake/March2026/Easter_finerxsecbinning_sat11ththapril_robbinsmonroemore2/chain_trimmed_last10M_MCMC_Diag.root
[PlotMCMCDiag.cpp][info] Trace/enu_enubias_340_param_339_Trace
[PlotMCMCDiag.cpp][warning] continuing along my way for Trace
[PlotMCMCDiag.cpp][info] Looking for Trace/enu_enubias_340_param_339_Trace from file /scratch/abipeake/March2026/Easter_finerxsecbinning_sat11ththapril_robbinsmonroemore2/chain_trimmed_last10M_MCMC_Diag.root
[PlotMCMCDiag.cpp][info] Trace/enu_enubias_341_param_340_Trace
[PlotMCMCDiag.cpp][warning] continuing along my way for Trace
[PlotMCMCDiag.cpp][info] Looking for Trace/enu_enubias_341_param_340_Trace from file /scratch/abipeake/March2026/Easter_finerxsecbinning_sat11ththapril_robbinsmonroemore2/chain_trimmed_last10M_MCMC_Diag.root
[PlotMCMCDiag.cpp][info] Trace/enu_enubias_342_param_341_Trace
[PlotMCMCDiag.cpp][warning] continuing along my way for Trace
[PlotMCMCDiag.cpp][info] Looking for Trace/enu_enubias_342_param_341_Trace from file /scratch/abipeake/March2026/Easter_finerxsecbinning_sat11ththapril_robbinsmonroemore2/chain_trimmed_last10M_MCMC_Diag.root
[PlotMCMCDiag.cpp][info] Trace/enu_enubias_343_param_342_Trace
[PlotMCMCDiag.cpp][warning] continuing along my way for Trace
[PlotMCMCDiag.cpp][info] Looking for Trace/enu_enubias_343_param_342_Trace from file /scratch/abipeake/March2026/Easter_finerxsecbinning_sat11ththapril_robbinsmonroemore2/chain_trimmed_last10M_MCMC_Diag.root
[PlotMCMCDiag.cpp][info] Trace/enu_enubias_344_param_343_Trace
[PlotMCMCDiag.cpp][warning] continuing along my way for Trace
[PlotMCMCDiag.cpp][info] Looking for Trace/enu_enubias_344_param_343_Trace from file /scratch/abipeake/March2026/Easter_finerxsecbinning_sat11ththapril_robbinsmonroemore2/chain_trimmed_last10M_MCMC_Diag.root
[PlotMCMCDiag.cpp][info] Trace/enu_enubias_345_param_344_Trace
[PlotMCMCDiag.cpp][warning] continuing along my way for Trace
[PlotMCMCDiag.cpp][info] Looking for Trace/enu_enubias_345_param_344_Trace from file /scratch/abipeake/March2026/Easter_finerxsecbinning_sat11ththapril_robbinsmonroemore2/chain_trimmed_last10M_MCMC_Diag.root
[PlotMCMCDiag.cpp][info] Trace/enu_enubias_346_param_345_Trace
[PlotMCMCDiag.cpp][warning] continuing along my way for Trace
[PlotMCMCDiag.cpp][info] Looking for Trace/enu_enubias_346_param_345_Trace from file /scratch/abipeake/March2026/Easter_finerxsecbinning_sat11ththapril_robbinsmonroemore2/chain_trimmed_last10M_MCMC_Diag.root
[PlotMCMCDiag.cpp][info] Trace/enu_enubias_347_param_346_Trace
[PlotMCMCDiag.cpp][warning] continuing along my way for Trace
[PlotMCMCDiag.cpp][info] Looking for Trace/enu_enubias_347_param_346_Trace from file /scratch/abipeake/March2026/Easter_finerxsecbinning_sat11ththapril_robbinsmonroemore2/chain_trimmed_last10M_MCMC_Diag.root
[PlotMCMCDiag.cpp][info] Trace/enu_enubias_348_param_347_Trace
[PlotMCMCDiag.cpp][warning] continuing along my way for Trace
[PlotMCMCDiag.cpp][info] Looking for Trace/enu_enubias_348_param_347_Trace from file /scratch/abipeake/March2026/Easter_finerxsecbinning_sat11ththapril_robbinsmonroemore2/chain_trimmed_last10M_MCMC_Diag.root
[PlotMCMCDiag.cpp][info] Trace/enu_enubias_349_param_348_Trace
[PlotMCMCDiag.cpp][warning] continuing along my way for Trace
[PlotMCMCDiag.cpp][info] Looking for Trace/enu_enubias_349_param_348_Trace from file /scratch/abipeake/March2026/Easter_finerxsecbinning_sat11ththapril_robbinsmonroemore2/chain_trimmed_last10M_MCMC_Diag.root
[PlotMCMCDiag.cpp][info] Trace/enu_enubias_350_param_349_Trace
[PlotMCMCDiag.cpp][warning] continuing along my way for Trace
[PlotMCMCDiag.cpp][info] Looking for Trace/enu_enubias_350_param_349_Trace from file /scratch/abipeake/March2026/Easter_finerxsecbinning_sat11ththapril_robbinsmonroemore2/chain_trimmed_last10M_MCMC_Diag.root
[PlotMCMCDiag.cpp][info] Trace/enu_enubias_351_param_350_Trace
[PlotMCMCDiag.cpp][warning] continuing along my way for Trace
[PlotMCMCDiag.cpp][info] Looking for Trace/enu_enubias_351_param_350_Trace from file /scratch/abipeake/March2026/Easter_finerxsecbinning_sat11ththapril_robbinsmonroemore2/chain_trimmed_last10M_MCMC_Diag.root
[PlotMCMCDiag.cpp][info] Trace/enu_enubias_352_param_351_Trace
[PlotMCMCDiag.cpp][warning] continuing along my way for Trace
[PlotMCMCDiag.cpp][info] Looking for Trace/enu_enubias_352_param_351_Trace from file /scratch/abipeake/March2026/Easter_finerxsecbinning_sat11ththapril_robbinsmonroemore2/chain_trimmed_last10M_MCMC_Diag.root
[PlotMCMCDiag.cpp][info] Trace/enu_enubias_353_param_352_Trace
[PlotMCMCDiag.cpp][warning] continuing along my way for Trace
[PlotMCMCDiag.cpp][info] Looking for Trace/enu_enubias_353_param_352_Trace from file /scratch/abipeake/March2026/Easter_finerxsecbinning_sat11ththapril_robbinsmonroemore2/chain_trimmed_last10M_MCMC_Diag.root
[PlotMCMCDiag.cpp][info] Trace/enu_enubias_354_param_353_Trace
[PlotMCMCDiag.cpp][warning] continuing along my way for Trace
[PlotMCMCDiag.cpp][info] Looking for Trace/enu_enubias_354_param_353_Trace from file /scratch/abipeake/March2026/Easter_finerxsecbinning_sat11ththapril_robbinsmonroemore2/chain_trimmed_last10M_MCMC_Diag.root
[PlotMCMCDiag.cpp][info] Trace/enu_enubias_355_param_354_Trace
[PlotMCMCDiag.cpp][warning] continuing along my way for Trace
[PlotMCMCDiag.cpp][info] Looking for Trace/enu_enubias_355_param_354_Trace from file /scratch/abipeake/March2026/Easter_finerxsecbinning_sat11ththapril_robbinsmonroemore2/chain_trimmed_last10M_MCMC_Diag.root
[PlotMCMCDiag.cpp][info] Trace/enu_enubias_356_param_355_Trace
[PlotMCMCDiag.cpp][warning] continuing along my way for Trace
[PlotMCMCDiag.cpp][info] Looking for Trace/enu_enubias_356_param_355_Trace from file /scratch/abipeake/March2026/Easter_finerxsecbinning_sat11ththapril_robbinsmonroemore2/chain_trimmed_last10M_MCMC_Diag.root
[PlotMCMCDiag.cpp][info] Trace/enu_enubias_357_param_356_Trace
[PlotMCMCDiag.cpp][warning] continuing along my way for Trace
[PlotMCMCDiag.cpp][info] Looking for Trace/enu_enubias_357_param_356_Trace from file /scratch/abipeake/March2026/Easter_finerxsecbinning_sat11ththapril_robbinsmonroemore2/chain_trimmed_last10M_MCMC_Diag.root
[PlotMCMCDiag.cpp][info] Trace/enu_enubias_358_param_357_Trace
[PlotMCMCDiag.cpp][warning] continuing along my way for Trace
[PlotMCMCDiag.cpp][info] Looking for Trace/enu_enubias_358_param_357_Trace from file /scratch/abipeake/March2026/Easter_finerxsecbinning_sat11ththapril_robbinsmonroemore2/chain_trimmed_last10M_MCMC_Diag.root
[PlotMCMCDiag.cpp][info] Trace/enu_enubias_359_param_358_Trace
[PlotMCMCDiag.cpp][warning] continuing along my way for Trace
[PlotMCMCDiag.cpp][info] Looking for Trace/enu_enubias_359_param_358_Trace from file /scratch/abipeake/March2026/Easter_finerxsecbinning_sat11ththapril_robbinsmonroemore2/chain_trimmed_last10M_MCMC_Diag.root
[PlotMCMCDiag.cpp][info] Trace/enu_enubias_360_param_359_Trace
[PlotMCMCDiag.cpp][warning] continuing along my way for Trace
[PlotMCMCDiag.cpp][info] Looking for Trace/enu_enubias_360_param_359_Trace from file /scratch/abipeake/March2026/Easter_finerxsecbinning_sat11ththapril_robbinsmonroemore2/chain_trimmed_last10M_MCMC_Diag.root
[PlotMCMCDiag.cpp][info] Trace/enu_enubias_361_param_360_Trace
[PlotMCMCDiag.cpp][warning] continuing along my way for Trace
[PlotMCMCDiag.cpp][info] Looking for Trace/enu_enubias_361_param_360_Trace from file /scratch/abipeake/March2026/Easter_finerxsecbinning_sat11ththapril_robbinsmonroemore2/chain_trimmed_last10M_MCMC_Diag.root
[PlotMCMCDiag.cpp][info] Trace/enu_enubias_362_param_361_Trace
[PlotMCMCDiag.cpp][warning] continuing along my way for Trace
[PlotMCMCDiag.cpp][info] Looking for Trace/enu_enubias_362_param_361_Trace from file /scratch/abipeake/March2026/Easter_finerxsecbinning_sat11ththapril_robbinsmonroemore2/chain_trimmed_last10M_MCMC_Diag.root
[PlotMCMCDiag.cpp][info] Trace/enu_enubias_363_param_362_Trace
[PlotMCMCDiag.cpp][warning] continuing along my way for Trace
[PlotMCMCDiag.cpp][info] Looking for Trace/enu_enubias_363_param_362_Trace from file /scratch/abipeake/March2026/Easter_finerxsecbinning_sat11ththapril_robbinsmonroemore2/chain_trimmed_last10M_MCMC_Diag.root
[PlotMCMCDiag.cpp][info] Trace/enu_enubias_364_param_363_Trace
[PlotMCMCDiag.cpp][warning] continuing along my way for Trace
[PlotMCMCDiag.cpp][info] Looking for Trace/enu_enubias_364_param_363_Trace from file /scratch/abipeake/March2026/Easter_finerxsecbinning_sat11ththapril_robbinsmonroemore2/chain_trimmed_last10M_MCMC_Diag.root
[PlotMCMCDiag.cpp][info] Trace/enu_enubias_365_param_364_Trace
[PlotMCMCDiag.cpp][warning] continuing along my way for Trace
[PlotMCMCDiag.cpp][info] Looking for Trace/enu_enubias_365_param_364_Trace from file /scratch/abipeake/March2026/Easter_finerxsecbinning_sat11ththapril_robbinsmonroemore2/chain_trimmed_last10M_MCMC_Diag.root
[PlotMCMCDiag.cpp][info] Trace/enu_enubias_366_param_365_Trace
[PlotMCMCDiag.cpp][warning] continuing along my way for Trace
[PlotMCMCDiag.cpp][info] Looking for Trace/enu_enubias_366_param_365_Trace from file /scratch/abipeake/March2026/Easter_finerxsecbinning_sat11ththapril_robbinsmonroemore2/chain_trimmed_last10M_MCMC_Diag.root
[PlotMCMCDiag.cpp][info] Trace/enu_enubias_367_param_366_Trace
[PlotMCMCDiag.cpp][warning] continuing along my way for Trace
[PlotMCMCDiag.cpp][info] Looking for Trace/enu_enubias_367_param_366_Trace from file /scratch/abipeake/March2026/Easter_finerxsecbinning_sat11ththapril_robbinsmonroemore2/chain_trimmed_last10M_MCMC_Diag.root
[PlotMCMCDiag.cpp][info] Trace/enu_enubias_368_param_367_Trace
[PlotMCMCDiag.cpp][warning] continuing along my way for Trace
[PlotMCMCDiag.cpp][info] Looking for Trace/enu_enubias_368_param_367_Trace from file /scratch/abipeake/March2026/Easter_finerxsecbinning_sat11ththapril_robbinsmonroemore2/chain_trimmed_last10M_MCMC_Diag.root
[PlotMCMCDiag.cpp][info] Trace/enu_enubias_369_param_368_Trace
[PlotMCMCDiag.cpp][warning] continuing along my way for Trace
[PlotMCMCDiag.cpp][info] Looking for Trace/enu_enubias_369_param_368_Trace from file /scratch/abipeake/March2026/Easter_finerxsecbinning_sat11ththapril_robbinsmonroemore2/chain_trimmed_last10M_MCMC_Diag.root
[PlotMCMCDiag.cpp][info] Trace/enu_enubias_370_param_369_Trace
[PlotMCMCDiag.cpp][warning] continuing along my way for Trace
[PlotMCMCDiag.cpp][info] Looking for Trace/enu_enubias_370_param_369_Trace from file /scratch/abipeake/March2026/Easter_finerxsecbinning_sat11ththapril_robbinsmonroemore2/chain_trimmed_last10M_MCMC_Diag.root
[PlotMCMCDiag.cpp][info] Trace/enu_enubias_371_param_370_Trace
[PlotMCMCDiag.cpp][warning] continuing along my way for Trace
[PlotMCMCDiag.cpp][info] Looking for Trace/enu_enubias_371_param_370_Trace from file /scratch/abipeake/March2026/Easter_finerxsecbinning_sat11ththapril_robbinsmonroemore2/chain_trimmed_last10M_MCMC_Diag.root
[PlotMCMCDiag.cpp][info] Trace/enu_enubias_372_param_371_Trace
[PlotMCMCDiag.cpp][warning] continuing along my way for Trace
[PlotMCMCDiag.cpp][info] Looking for Trace/enu_enubias_372_param_371_Trace from file /scratch/abipeake/March2026/Easter_finerxsecbinning_sat11ththapril_robbinsmonroemore2/chain_trimmed_last10M_MCMC_Diag.root
[PlotMCMCDiag.cpp][info] Trace/enu_enubias_373_param_372_Trace
[PlotMCMCDiag.cpp][warning] continuing along my way for Trace
[PlotMCMCDiag.cpp][info] Looking for Trace/enu_enubias_373_param_372_Trace from file /scratch/abipeake/March2026/Easter_finerxsecbinning_sat11ththapril_robbinsmonroemore2/chain_trimmed_last10M_MCMC_Diag.root
[PlotMCMCDiag.cpp][info] Trace/enu_enubias_374_param_373_Trace
[PlotMCMCDiag.cpp][warning] continuing along my way for Trace
[PlotMCMCDiag.cpp][info] Looking for Trace/enu_enubias_374_param_373_Trace from file /scratch/abipeake/March2026/Easter_finerxsecbinning_sat11ththapril_robbinsmonroemore2/chain_trimmed_last10M_MCMC_Diag.root
[PlotMCMCDiag.cpp][info] Trace/enu_enubias_375_param_374_Trace
[PlotMCMCDiag.cpp][warning] continuing along my way for Trace
[PlotMCMCDiag.cpp][info] Looking for Trace/enu_enubias_375_param_374_Trace from file /scratch/abipeake/March2026/Easter_finerxsecbinning_sat11ththapril_robbinsmonroemore2/chain_trimmed_last10M_MCMC_Diag.root
[PlotMCMCDiag.cpp][info] Trace/enu_enubias_376_param_375_Trace
[PlotMCMCDiag.cpp][warning] continuing along my way for Trace
[PlotMCMCDiag.cpp][info] Looking for Trace/enu_enubias_376_param_375_Trace from file /scratch/abipeake/March2026/Easter_finerxsecbinning_sat11ththapril_robbinsmonroemore2/chain_trimmed_last10M_MCMC_Diag.root
[PlotMCMCDiag.cpp][info] Trace/enu_enubias_377_param_376_Trace
[PlotMCMCDiag.cpp][warning] continuing along my way for Trace
[PlotMCMCDiag.cpp][info] Looking for Trace/enu_enubias_377_param_376_Trace from file /scratch/abipeake/March2026/Easter_finerxsecbinning_sat11ththapril_robbinsmonroemore2/chain_trimmed_last10M_MCMC_Diag.root
[PlotMCMCDiag.cpp][info] Trace/enu_enubias_378_param_377_Trace
[PlotMCMCDiag.cpp][warning] continuing along my way for Trace
[PlotMCMCDiag.cpp][info] Looking for Trace/enu_enubias_378_param_377_Trace from file /scratch/abipeake/March2026/Easter_finerxsecbinning_sat11ththapril_robbinsmonroemore2/chain_trimmed_last10M_MCMC_Diag.root
[PlotMCMCDiag.cpp][info] Trace/enu_enubias_379_param_378_Trace
[PlotMCMCDiag.cpp][warning] continuing along my way for Trace
[PlotMCMCDiag.cpp][info] Looking for Trace/enu_enubias_379_param_378_Trace from file /scratch/abipeake/March2026/Easter_finerxsecbinning_sat11ththapril_robbinsmonroemore2/chain_trimmed_last10M_MCMC_Diag.root
[PlotMCMCDiag.cpp][info] Trace/enu_enubias_380_param_379_Trace
[PlotMCMCDiag.cpp][warning] continuing along my way for Trace
[PlotMCMCDiag.cpp][info] Looking for Trace/enu_enubias_380_param_379_Trace from file /scratch/abipeake/March2026/Easter_finerxsecbinning_sat11ththapril_robbinsmonroemore2/chain_trimmed_last10M_MCMC_Diag.root
[PlotMCMCDiag.cpp][info] Trace/enu_enubias_381_param_380_Trace
[PlotMCMCDiag.cpp][warning] continuing along my way for Trace
[PlotMCMCDiag.cpp][info] Looking for Trace/enu_enubias_381_param_380_Trace from file /scratch/abipeake/March2026/Easter_finerxsecbinning_sat11ththapril_robbinsmonroemore2/chain_trimmed_last10M_MCMC_Diag.root
[PlotMCMCDiag.cpp][info] Trace/enu_enubias_382_param_381_Trace
[PlotMCMCDiag.cpp][warning] continuing along my way for Trace
[PlotMCMCDiag.cpp][info] Looking for Trace/enu_enubias_382_param_381_Trace from file /scratch/abipeake/March2026/Easter_finerxsecbinning_sat11ththapril_robbinsmonroemore2/chain_trimmed_last10M_MCMC_Diag.root
[PlotMCMCDiag.cpp][info] Trace/enu_enubias_383_param_382_Trace
[PlotMCMCDiag.cpp][warning] continuing along my way for Trace
[PlotMCMCDiag.cpp][info] Looking for Trace/enu_enubias_383_param_382_Trace from file /scratch/abipeake/March2026/Easter_finerxsecbinning_sat11ththapril_robbinsmonroemore2/chain_trimmed_last10M_MCMC_Diag.root
[PlotMCMCDiag.cpp][info] Trace/enu_enubias_384_param_383_Trace
[PlotMCMCDiag.cpp][warning] continuing along my way for Trace
[PlotMCMCDiag.cpp][info] Looking for Trace/enu_enubias_384_param_383_Trace from file /scratch/abipeake/March2026/Easter_finerxsecbinning_sat11ththapril_robbinsmonroemore2/chain_trimmed_last10M_MCMC_Diag.root
[PlotMCMCDiag.cpp][info] Trace/enu_enubias_385_param_384_Trace
[PlotMCMCDiag.cpp][warning] continuing along my way for Trace
[PlotMCMCDiag.cpp][info] Looking for Trace/enu_enubias_385_param_384_Trace from file /scratch/abipeake/March2026/Easter_finerxsecbinning_sat11ththapril_robbinsmonroemore2/chain_trimmed_last10M_MCMC_Diag.root
[PlotMCMCDiag.cpp][info] Trace/enu_enubias_386_param_385_Trace
[PlotMCMCDiag.cpp][warning] continuing along my way for Trace
[PlotMCMCDiag.cpp][info] Looking for Trace/enu_enubias_386_param_385_Trace from file /scratch/abipeake/March2026/Easter_finerxsecbinning_sat11ththapril_robbinsmonroemore2/chain_trimmed_last10M_MCMC_Diag.root
[PlotMCMCDiag.cpp][info] Trace/enu_enubias_387_param_386_Trace
[PlotMCMCDiag.cpp][warning] continuing along my way for Trace
[PlotMCMCDiag.cpp][info] Looking for Trace/enu_enubias_387_param_386_Trace from file /scratch/abipeake/March2026/Easter_finerxsecbinning_sat11ththapril_robbinsmonroemore2/chain_trimmed_last10M_MCMC_Diag.root
[PlotMCMCDiag.cpp][info] Trace/enu_enubias_388_param_387_Trace
[PlotMCMCDiag.cpp][warning] continuing along my way for Trace
[PlotMCMCDiag.cpp][info] Looking for Trace/enu_enubias_388_param_387_Trace from file /scratch/abipeake/March2026/Easter_finerxsecbinning_sat11ththapril_robbinsmonroemore2/chain_trimmed_last10M_MCMC_Diag.root
[PlotMCMCDiag.cpp][info] Trace/enu_enubias_389_param_388_Trace
[PlotMCMCDiag.cpp][warning] continuing along my way for Trace
[PlotMCMCDiag.cpp][info] Looking for Trace/enu_enubias_389_param_388_Trace from file /scratch/abipeake/March2026/Easter_finerxsecbinning_sat11ththapril_robbinsmonroemore2/chain_trimmed_last10M_MCMC_Diag.root
[PlotMCMCDiag.cpp][info] Trace/enu_enubias_390_param_389_Trace
[PlotMCMCDiag.cpp][warning] continuing along my way for Trace
[PlotMCMCDiag.cpp][info] Looking for Trace/enu_enubias_390_param_389_Trace from file /scratch/abipeake/March2026/Easter_finerxsecbinning_sat11ththapril_robbinsmonroemore2/chain_trimmed_last10M_MCMC_Diag.root
[PlotMCMCDiag.cpp][info] Trace/enu_enubias_391_param_390_Trace
[PlotMCMCDiag.cpp][warning] continuing along my way for Trace
[PlotMCMCDiag.cpp][info] Looking for Trace/enu_enubias_391_param_390_Trace from file /scratch/abipeake/March2026/Easter_finerxsecbinning_sat11ththapril_robbinsmonroemore2/chain_trimmed_last10M_MCMC_Diag.root
[PlotMCMCDiag.cpp][info] Trace/enu_enubias_392_param_391_Trace
[PlotMCMCDiag.cpp][warning] continuing along my way for Trace
[PlotMCMCDiag.cpp][info] Looking for Trace/enu_enubias_392_param_391_Trace from file /scratch/abipeake/March2026/Easter_finerxsecbinning_sat11ththapril_robbinsmonroemore2/chain_trimmed_last10M_MCMC_Diag.root
[PlotMCMCDiag.cpp][info] Trace/enu_enubias_393_param_392_Trace
[PlotMCMCDiag.cpp][warning] continuing along my way for Trace
[PlotMCMCDiag.cpp][info] Looking for Trace/enu_enubias_393_param_392_Trace from file /scratch/abipeake/March2026/Easter_finerxsecbinning_sat11ththapril_robbinsmonroemore2/chain_trimmed_last10M_MCMC_Diag.root
[PlotMCMCDiag.cpp][info] Trace/enu_enubias_394_param_393_Trace
[PlotMCMCDiag.cpp][warning] continuing along my way for Trace
[PlotMCMCDiag.cpp][info] Looking for Trace/enu_enubias_394_param_393_Trace from file /scratch/abipeake/March2026/Easter_finerxsecbinning_sat11ththapril_robbinsmonroemore2/chain_trimmed_last10M_MCMC_Diag.root
[PlotMCMCDiag.cpp][info] Trace/enu_enubias_395_param_394_Trace
[PlotMCMCDiag.cpp][warning] continuing along my way for Trace
[PlotMCMCDiag.cpp][info] Looking for Trace/enu_enubias_395_param_394_Trace from file /scratch/abipeake/March2026/Easter_finerxsecbinning_sat11ththapril_robbinsmonroemore2/chain_trimmed_last10M_MCMC_Diag.root
[PlotMCMCDiag.cpp][info] Trace/enu_enubias_396_param_395_Trace
[PlotMCMCDiag.cpp][warning] continuing along my way for Trace
[PlotMCMCDiag.cpp][info] Looking for Trace/enu_enubias_396_param_395_Trace from file /scratch/abipeake/March2026/Easter_finerxsecbinning_sat11ththapril_robbinsmonroemore2/chain_trimmed_last10M_MCMC_Diag.root
[PlotMCMCDiag.cpp][info] Trace/enu_enubias_397_param_396_Trace
[PlotMCMCDiag.cpp][warning] continuing along my way for Trace
[PlotMCMCDiag.cpp][info] Looking for Trace/enu_enubias_397_param_396_Trace from file /scratch/abipeake/March2026/Easter_finerxsecbinning_sat11ththapril_robbinsmonroemore2/chain_trimmed_last10M_MCMC_Diag.root
[PlotMCMCDiag.cpp][info] Trace/enu_enubias_398_param_397_Trace
[PlotMCMCDiag.cpp][warning] continuing along my way for Trace
[PlotMCMCDiag.cpp][info] Looking for Trace/enu_enubias_398_param_397_Trace from file /scratch/abipeake/March2026/Easter_finerxsecbinning_sat11ththapril_robbinsmonroemore2/chain_trimmed_last10M_MCMC_Diag.root
[PlotMCMCDiag.cpp][info] Trace/enu_enubias_399_param_398_Trace
[PlotMCMCDiag.cpp][warning] continuing along my way for Trace
[PlotMCMCDiag.cpp][info] Looking for Trace/enu_enubias_399_param_398_Trace from file /scratch/abipeake/March2026/Easter_finerxsecbinning_sat11ththapril_robbinsmonroemore2/chain_trimmed_last10M_MCMC_Diag.root
[PlotMCMCDiag.cpp][info] Trace/enu_enubias_400_param_399_Trace
[PlotMCMCDiag.cpp][warning] continuing along my way for Trace
[PlotMCMCDiag.cpp][info] Looking for Trace/enu_enubias_400_param_399_Trace from file /scratch/abipeake/March2026/Easter_finerxsecbinning_sat11ththapril_robbinsmonroemore2/chain_trimmed_last10M_MCMC_Diag.root
[PlotMCMCDiag.cpp][info] Trace/enu_enubias_401_param_400_Trace
[PlotMCMCDiag.cpp][warning] continuing along my way for Trace
[PlotMCMCDiag.cpp][info] Looking for Trace/enu_enubias_401_param_400_Trace from file /scratch/abipeake/March2026/Easter_finerxsecbinning_sat11ththapril_robbinsmonroemore2/chain_trimmed_last10M_MCMC_Diag.root
[PlotMCMCDiag.cpp][info] Trace/enu_enubias_402_param_401_Trace
[PlotMCMCDiag.cpp][warning] continuing along my way for Trace
[PlotMCMCDiag.cpp][info] Looking for Trace/enu_enubias_402_param_401_Trace from file /scratch/abipeake/March2026/Easter_finerxsecbinning_sat11ththapril_robbinsmonroemore2/chain_trimmed_last10M_MCMC_Diag.root
[PlotMCMCDiag.cpp][info] Trace/enu_enubias_403_param_402_Trace
[PlotMCMCDiag.cpp][warning] continuing along my way for Trace
[PlotMCMCDiag.cpp][info] Looking for Trace/enu_enubias_403_param_402_Trace from file /scratch/abipeake/March2026/Easter_finerxsecbinning_sat11ththapril_robbinsmonroemore2/chain_trimmed_last10M_MCMC_Diag.root
[PlotMCMCDiag.cpp][info] Trace/enu_enubias_404_param_403_Trace
[PlotMCMCDiag.cpp][warning] continuing along my way for Trace
[PlotMCMCDiag.cpp][info] Looking for Trace/enu_enubias_404_param_403_Trace from file /scratch/abipeake/March2026/Easter_finerxsecbinning_sat11ththapril_robbinsmonroemore2/chain_trimmed_last10M_MCMC_Diag.root
[PlotMCMCDiag.cpp][info] Trace/enu_enubias_405_param_404_Trace
[PlotMCMCDiag.cpp][warning] continuing along my way for Trace
[PlotMCMCDiag.cpp][info] Looking for Trace/enu_enubias_405_param_404_Trace from file /scratch/abipeake/March2026/Easter_finerxsecbinning_sat11ththapril_robbinsmonroemore2/chain_trimmed_last10M_MCMC_Diag.root
[PlotMCMCDiag.cpp][info] Trace/enu_enubias_406_param_405_Trace
[PlotMCMCDiag.cpp][warning] continuing along my way for Trace
[PlotMCMCDiag.cpp][info] Looking for Trace/enu_enubias_406_param_405_Trace from file /scratch/abipeake/March2026/Easter_finerxsecbinning_sat11ththapril_robbinsmonroemore2/chain_trimmed_last10M_MCMC_Diag.root
[PlotMCMCDiag.cpp][info] Trace/enu_enubias_407_param_406_Trace
[PlotMCMCDiag.cpp][warning] continuing along my way for Trace
[PlotMCMCDiag.cpp][info] Looking for Trace/enu_enubias_407_param_406_Trace from file /scratch/abipeake/March2026/Easter_finerxsecbinning_sat11ththapril_robbinsmonroemore2/chain_trimmed_last10M_MCMC_Diag.root
[PlotMCMCDiag.cpp][info] Trace/enu_enubias_408_param_407_Trace
[PlotMCMCDiag.cpp][warning] continuing along my way for Trace
[PlotMCMCDiag.cpp][info] Looking for Trace/enu_enubias_408_param_407_Trace from file /scratch/abipeake/March2026/Easter_finerxsecbinning_sat11ththapril_robbinsmonroemore2/chain_trimmed_last10M_MCMC_Diag.root
[PlotMCMCDiag.cpp][info] Trace/enu_enubias_409_param_408_Trace
[PlotMCMCDiag.cpp][warning] continuing along my way for Trace
[PlotMCMCDiag.cpp][info] Looking for Trace/enu_enubias_409_param_408_Trace from file /scratch/abipeake/March2026/Easter_finerxsecbinning_sat11ththapril_robbinsmonroemore2/chain_trimmed_last10M_MCMC_Diag.root
[PlotMCMCDiag.cpp][info] Trace/enu_enubias_410_param_409_Trace
[PlotMCMCDiag.cpp][warning] continuing along my way for Trace
[PlotMCMCDiag.cpp][info] Looking for Trace/enu_enubias_410_param_409_Trace from file /scratch/abipeake/March2026/Easter_finerxsecbinning_sat11ththapril_robbinsmonroemore2/chain_trimmed_last10M_MCMC_Diag.root
[PlotMCMCDiag.cpp][info] Trace/enu_enubias_411_param_410_Trace
[PlotMCMCDiag.cpp][warning] continuing along my way for Trace
[PlotMCMCDiag.cpp][info] Looking for Trace/enu_enubias_411_param_410_Trace from file /scratch/abipeake/March2026/Easter_finerxsecbinning_sat11ththapril_robbinsmonroemore2/chain_trimmed_last10M_MCMC_Diag.root
[PlotMCMCDiag.cpp][info] Trace/enu_enubias_412_param_411_Trace
[PlotMCMCDiag.cpp][warning] continuing along my way for Trace
[PlotMCMCDiag.cpp][info] Looking for Trace/enu_enubias_412_param_411_Trace from file /scratch/abipeake/March2026/Easter_finerxsecbinning_sat11ththapril_robbinsmonroemore2/chain_trimmed_last10M_MCMC_Diag.root
[PlotMCMCDiag.cpp][info] Trace/enu_enubias_413_param_412_Trace
[PlotMCMCDiag.cpp][warning] continuing along my way for Trace
[PlotMCMCDiag.cpp][info] Looking for Trace/enu_enubias_413_param_412_Trace from file /scratch/abipeake/March2026/Easter_finerxsecbinning_sat11ththapril_robbinsmonroemore2/chain_trimmed_last10M_MCMC_Diag.root
[PlotMCMCDiag.cpp][info] Trace/enu_enubias_414_param_413_Trace
[PlotMCMCDiag.cpp][warning] continuing along my way for Trace
[PlotMCMCDiag.cpp][info] Looking for Trace/enu_enubias_414_param_413_Trace from file /scratch/abipeake/March2026/Easter_finerxsecbinning_sat11ththapril_robbinsmonroemore2/chain_trimmed_last10M_MCMC_Diag.root
[PlotMCMCDiag.cpp][info] Trace/enu_enubias_415_param_414_Trace
[PlotMCMCDiag.cpp][warning] continuing along my way for Trace
[PlotMCMCDiag.cpp][info] Looking for Trace/enu_enubias_415_param_414_Trace from file /scratch/abipeake/March2026/Easter_finerxsecbinning_sat11ththapril_robbinsmonroemore2/chain_trimmed_last10M_MCMC_Diag.root
[PlotMCMCDiag.cpp][info] Trace/enu_enubias_416_param_415_Trace
[PlotMCMCDiag.cpp][warning] continuing along my way for Trace
[PlotMCMCDiag.cpp][info] Looking for Trace/enu_enubias_416_param_415_Trace from file /scratch/abipeake/March2026/Easter_finerxsecbinning_sat11ththapril_robbinsmonroemore2/chain_trimmed_last10M_MCMC_Diag.root
[PlotMCMCDiag.cpp][info] Trace/enu_enubias_417_param_416_Trace
[PlotMCMCDiag.cpp][warning] continuing along my way for Trace
[PlotMCMCDiag.cpp][info] Looking for Trace/enu_enubias_417_param_416_Trace from file /scratch/abipeake/March2026/Easter_finerxsecbinning_sat11ththapril_robbinsmonroemore2/chain_trimmed_last10M_MCMC_Diag.root
[PlotMCMCDiag.cpp][info] Trace/enu_enubias_418_param_417_Trace
[PlotMCMCDiag.cpp][warning] continuing along my way for Trace
[PlotMCMCDiag.cpp][info] Looking for Trace/enu_enubias_418_param_417_Trace from file /scratch/abipeake/March2026/Easter_finerxsecbinning_sat11ththapril_robbinsmonroemore2/chain_trimmed_last10M_MCMC_Diag.root
[PlotMCMCDiag.cpp][info] Trace/enu_enubias_419_param_418_Trace
[PlotMCMCDiag.cpp][warning] continuing along my way for Trace
[PlotMCMCDiag.cpp][info] Looking for Trace/enu_enubias_419_param_418_Trace from file /scratch/abipeake/March2026/Easter_finerxsecbinning_sat11ththapril_robbinsmonroemore2/chain_trimmed_last10M_MCMC_Diag.root
[PlotMCMCDiag.cpp][info] Trace/enu_enubias_420_param_419_Trace
[PlotMCMCDiag.cpp][warning] continuing along my way for Trace
[PlotMCMCDiag.cpp][info] Looking for Trace/enu_enubias_420_param_419_Trace from file /scratch/abipeake/March2026/Easter_finerxsecbinning_sat11ththapril_robbinsmonroemore2/chain_trimmed_last10M_MCMC_Diag.root
[PlotMCMCDiag.cpp][info] Trace/enu_enubias_421_param_420_Trace
[PlotMCMCDiag.cpp][warning] continuing along my way for Trace
[PlotMCMCDiag.cpp][info] Looking for Trace/enu_enubias_421_param_420_Trace from file /scratch/abipeake/March2026/Easter_finerxsecbinning_sat11ththapril_robbinsmonroemore2/chain_trimmed_last10M_MCMC_Diag.root
[PlotMCMCDiag.cpp][info] Trace/enu_enubias_422_param_421_Trace
[PlotMCMCDiag.cpp][warning] continuing along my way for Trace
[PlotMCMCDiag.cpp][info] Looking for Trace/enu_enubias_422_param_421_Trace from file /scratch/abipeake/March2026/Easter_finerxsecbinning_sat11ththapril_robbinsmonroemore2/chain_trimmed_last10M_MCMC_Diag.root
[PlotMCMCDiag.cpp][info] Trace/enu_enubias_423_param_422_Trace
[PlotMCMCDiag.cpp][warning] continuing along my way for Trace
[PlotMCMCDiag.cpp][info] Looking for Trace/enu_enubias_423_param_422_Trace from file /scratch/abipeake/March2026/Easter_finerxsecbinning_sat11ththapril_robbinsmonroemore2/chain_trimmed_last10M_MCMC_Diag.root
[PlotMCMCDiag.cpp][info] Trace/enu_enubias_424_param_423_Trace
[PlotMCMCDiag.cpp][warning] continuing along my way for Trace
[PlotMCMCDiag.cpp][info] Looking for Trace/enu_enubias_424_param_423_Trace from file /scratch/abipeake/March2026/Easter_finerxsecbinning_sat11ththapril_robbinsmonroemore2/chain_trimmed_last10M_MCMC_Diag.root
[PlotMCMCDiag.cpp][info] Trace/enu_enubias_425_param_424_Trace
[PlotMCMCDiag.cpp][warning] continuing along my way for Trace
[PlotMCMCDiag.cpp][info] Looking for Trace/enu_enubias_425_param_424_Trace from file /scratch/abipeake/March2026/Easter_finerxsecbinning_sat11ththapril_robbinsmonroemore2/chain_trimmed_last10M_MCMC_Diag.root
[PlotMCMCDiag.cpp][info] Trace/enu_enubias_426_param_425_Trace
[PlotMCMCDiag.cpp][warning] continuing along my way for Trace
[PlotMCMCDiag.cpp][info] Looking for Trace/enu_enubias_426_param_425_Trace from file /scratch/abipeake/March2026/Easter_finerxsecbinning_sat11ththapril_robbinsmonroemore2/chain_trimmed_last10M_MCMC_Diag.root
[PlotMCMCDiag.cpp][info] Trace/enu_enubias_427_param_426_Trace
[PlotMCMCDiag.cpp][warning] continuing along my way for Trace
[PlotMCMCDiag.cpp][info] Looking for Trace/enu_enubias_427_param_426_Trace from file /scratch/abipeake/March2026/Easter_finerxsecbinning_sat11ththapril_robbinsmonroemore2/chain_trimmed_last10M_MCMC_Diag.root
[PlotMCMCDiag.cpp][info] Trace/enu_enubias_428_param_427_Trace
[PlotMCMCDiag.cpp][warning] continuing along my way for Trace
[PlotMCMCDiag.cpp][info] Looking for Trace/enu_enubias_428_param_427_Trace from file /scratch/abipeake/March2026/Easter_finerxsecbinning_sat11ththapril_robbinsmonroemore2/chain_trimmed_last10M_MCMC_Diag.root
[PlotMCMCDiag.cpp][info] Trace/enu_enubias_429_param_428_Trace
[PlotMCMCDiag.cpp][warning] continuing along my way for Trace
[PlotMCMCDiag.cpp][info] Looking for Trace/enu_enubias_429_param_428_Trace from file /scratch/abipeake/March2026/Easter_finerxsecbinning_sat11ththapril_robbinsmonroemore2/chain_trimmed_last10M_MCMC_Diag.root
[PlotMCMCDiag.cpp][info] Trace/enu_enubias_430_param_429_Trace
[PlotMCMCDiag.cpp][warning] continuing along my way for Trace
[PlotMCMCDiag.cpp][info] Looking for Trace/enu_enubias_430_param_429_Trace from file /scratch/abipeake/March2026/Easter_finerxsecbinning_sat11ththapril_robbinsmonroemore2/chain_trimmed_last10M_MCMC_Diag.root
[PlotMCMCDiag.cpp][info] Trace/enu_enubias_431_param_430_Trace
[PlotMCMCDiag.cpp][warning] continuing along my way for Trace
[PlotMCMCDiag.cpp][info] Looking for Trace/enu_enubias_431_param_430_Trace from file /scratch/abipeake/March2026/Easter_finerxsecbinning_sat11ththapril_robbinsmonroemore2/chain_trimmed_last10M_MCMC_Diag.root
[PlotMCMCDiag.cpp][info] Trace/enu_enubias_432_param_431_Trace
[PlotMCMCDiag.cpp][warning] continuing along my way for Trace
[PlotMCMCDiag.cpp][info] Looking for Trace/enu_enubias_432_param_431_Trace from file /scratch/abipeake/March2026/Easter_finerxsecbinning_sat11ththapril_robbinsmonroemore2/chain_trimmed_last10M_MCMC_Diag.root
[PlotMCMCDiag.cpp][info] Trace/enu_enubias_433_param_432_Trace
[PlotMCMCDiag.cpp][warning] continuing along my way for Trace
[PlotMCMCDiag.cpp][info] Looking for Trace/enu_enubias_433_param_432_Trace from file /scratch/abipeake/March2026/Easter_finerxsecbinning_sat11ththapril_robbinsmonroemore2/chain_trimmed_last10M_MCMC_Diag.root
[PlotMCMCDiag.cpp][info] Trace/enu_enubias_434_param_433_Trace
[PlotMCMCDiag.cpp][warning] continuing along my way for Trace
[PlotMCMCDiag.cpp][info] Looking for Trace/enu_enubias_434_param_433_Trace from file /scratch/abipeake/March2026/Easter_finerxsecbinning_sat11ththapril_robbinsmonroemore2/chain_trimmed_last10M_MCMC_Diag.root
[PlotMCMCDiag.cpp][info] Trace/enu_enubias_435_param_434_Trace
[PlotMCMCDiag.cpp][warning] continuing along my way for Trace
[PlotMCMCDiag.cpp][info] Looking for Trace/enu_enubias_435_param_434_Trace from file /scratch/abipeake/March2026/Easter_finerxsecbinning_sat11ththapril_robbinsmonroemore2/chain_trimmed_last10M_MCMC_Diag.root
[PlotMCMCDiag.cpp][info] Trace/enu_enubias_436_param_435_Trace
[PlotMCMCDiag.cpp][warning] continuing along my way for Trace
[PlotMCMCDiag.cpp][info] Looking for Trace/enu_enubias_436_param_435_Trace from file /scratch/abipeake/March2026/Easter_finerxsecbinning_sat11ththapril_robbinsmonroemore2/chain_trimmed_last10M_MCMC_Diag.root
[PlotMCMCDiag.cpp][info] Trace/enu_enubias_437_param_436_Trace
[PlotMCMCDiag.cpp][warning] continuing along my way for Trace
[PlotMCMCDiag.cpp][info] Looking for Trace/enu_enubias_437_param_436_Trace from file /scratch/abipeake/March2026/Easter_finerxsecbinning_sat11ththapril_robbinsmonroemore2/chain_trimmed_last10M_MCMC_Diag.root
[PlotMCMCDiag.cpp][info] Trace/enu_enubias_438_param_437_Trace
[PlotMCMCDiag.cpp][warning] continuing along my way for Trace
[PlotMCMCDiag.cpp][info] Looking for Trace/enu_enubias_438_param_437_Trace from file /scratch/abipeake/March2026/Easter_finerxsecbinning_sat11ththapril_robbinsmonroemore2/chain_trimmed_last10M_MCMC_Diag.root
[PlotMCMCDiag.cpp][info] Trace/enu_enubias_439_param_438_Trace
[PlotMCMCDiag.cpp][warning] continuing along my way for Trace
[PlotMCMCDiag.cpp][info] Looking for Trace/enu_enubias_439_param_438_Trace from file /scratch/abipeake/March2026/Easter_finerxsecbinning_sat11ththapril_robbinsmonroemore2/chain_trimmed_last10M_MCMC_Diag.root
[PlotMCMCDiag.cpp][info] Trace/enu_enubias_440_param_439_Trace
[PlotMCMCDiag.cpp][warning] continuing along my way for Trace
[PlotMCMCDiag.cpp][info] Looking for Trace/enu_enubias_440_param_439_Trace from file /scratch/abipeake/March2026/Easter_finerxsecbinning_sat11ththapril_robbinsmonroemore2/chain_trimmed_last10M_MCMC_Diag.root
[PlotMCMCDiag.cpp][info] Trace/enu_enubias_441_param_440_Trace
[PlotMCMCDiag.cpp][warning] continuing along my way for Trace
[PlotMCMCDiag.cpp][info] Looking for Trace/enu_enubias_441_param_440_Trace from file /scratch/abipeake/March2026/Easter_finerxsecbinning_sat11ththapril_robbinsmonroemore2/chain_trimmed_last10M_MCMC_Diag.root
[PlotMCMCDiag.cpp][info] Trace/enu_enubias_442_param_441_Trace
[PlotMCMCDiag.cpp][warning] continuing along my way for Trace
[PlotMCMCDiag.cpp][info] Looking for Trace/enu_enubias_442_param_441_Trace from file /scratch/abipeake/March2026/Easter_finerxsecbinning_sat11ththapril_robbinsmonroemore2/chain_trimmed_last10M_MCMC_Diag.root
[PlotMCMCDiag.cpp][info] Trace/enu_enubias_443_param_442_Trace
[PlotMCMCDiag.cpp][warning] continuing along my way for Trace
[PlotMCMCDiag.cpp][info] Looking for Trace/enu_enubias_443_param_442_Trace from file /scratch/abipeake/March2026/Easter_finerxsecbinning_sat11ththapril_robbinsmonroemore2/chain_trimmed_last10M_MCMC_Diag.root
[PlotMCMCDiag.cpp][info] Trace/enu_enubias_444_param_443_Trace
[PlotMCMCDiag.cpp][warning] continuing along my way for Trace
[PlotMCMCDiag.cpp][info] Looking for Trace/enu_enubias_444_param_443_Trace from file /scratch/abipeake/March2026/Easter_finerxsecbinning_sat11ththapril_robbinsmonroemore2/chain_trimmed_last10M_MCMC_Diag.root
[PlotMCMCDiag.cpp][info] Trace/enu_enubias_445_param_444_Trace
[PlotMCMCDiag.cpp][warning] continuing along my way for Trace
[PlotMCMCDiag.cpp][info] Looking for Trace/enu_enubias_445_param_444_Trace from file /scratch/abipeake/March2026/Easter_finerxsecbinning_sat11ththapril_robbinsmonroemore2/chain_trimmed_last10M_MCMC_Diag.root
[PlotMCMCDiag.cpp][info] Trace/enu_enubias_446_param_445_Trace
[PlotMCMCDiag.cpp][warning] continuing along my way for Trace
[PlotMCMCDiag.cpp][info] Looking for Trace/enu_enubias_446_param_445_Trace from file /scratch/abipeake/March2026/Easter_finerxsecbinning_sat11ththapril_robbinsmonroemore2/chain_trimmed_last10M_MCMC_Diag.root
[PlotMCMCDiag.cpp][info] Trace/enu_enubias_447_param_446_Trace
[PlotMCMCDiag.cpp][warning] continuing along my way for Trace
[PlotMCMCDiag.cpp][info] Looking for Trace/enu_enubias_447_param_446_Trace from file /scratch/abipeake/March2026/Easter_finerxsecbinning_sat11ththapril_robbinsmonroemore2/chain_trimmed_last10M_MCMC_Diag.root
[PlotMCMCDiag.cpp][info] Trace/enu_enubias_448_param_447_Trace
[PlotMCMCDiag.cpp][warning] continuing along my way for Trace
[PlotMCMCDiag.cpp][info] Looking for Trace/enu_enubias_448_param_447_Trace from file /scratch/abipeake/March2026/Easter_finerxsecbinning_sat11ththapril_robbinsmonroemore2/chain_trimmed_last10M_MCMC_Diag.root
[PlotMCMCDiag.cpp][info] Trace/enu_enubias_449_param_448_Trace
[PlotMCMCDiag.cpp][warning] continuing along my way for Trace
[PlotMCMCDiag.cpp][info] Looking for Trace/enu_enubias_449_param_448_Trace from file /scratch/abipeake/March2026/Easter_finerxsecbinning_sat11ththapril_robbinsmonroemore2/chain_trimmed_last10M_MCMC_Diag.root
[PlotMCMCDiag.cpp][info] Trace/enu_enubias_450_param_449_Trace
[PlotMCMCDiag.cpp][warning] continuing along my way for Trace
[PlotMCMCDiag.cpp][info] Looking for Trace/enu_enubias_450_param_449_Trace from file /scratch/abipeake/March2026/Easter_finerxsecbinning_sat11ththapril_robbinsmonroemore2/chain_trimmed_last10M_MCMC_Diag.root
[PlotMCMCDiag.cpp][info] Trace/enu_enubias_451_param_450_Trace
[PlotMCMCDiag.cpp][warning] continuing along my way for Trace
[PlotMCMCDiag.cpp][info] Looking for Trace/enu_enubias_451_param_450_Trace from file /scratch/abipeake/March2026/Easter_finerxsecbinning_sat11ththapril_robbinsmonroemore2/chain_trimmed_last10M_MCMC_Diag.root
[PlotMCMCDiag.cpp][info] Trace/enu_enubias_452_param_451_Trace
[PlotMCMCDiag.cpp][warning] continuing along my way for Trace
[PlotMCMCDiag.cpp][info] Looking for Trace/enu_enubias_452_param_451_Trace from file /scratch/abipeake/March2026/Easter_finerxsecbinning_sat11ththapril_robbinsmonroemore2/chain_trimmed_last10M_MCMC_Diag.root
[PlotMCMCDiag.cpp][info] Trace/enu_enubias_453_param_452_Trace
[PlotMCMCDiag.cpp][warning] continuing along my way for Trace
[PlotMCMCDiag.cpp][info] Looking for Trace/enu_enubias_453_param_452_Trace from file /scratch/abipeake/March2026/Easter_finerxsecbinning_sat11ththapril_robbinsmonroemore2/chain_trimmed_last10M_MCMC_Diag.root
[PlotMCMCDiag.cpp][info] Trace/enu_enubias_454_param_453_Trace
[PlotMCMCDiag.cpp][warning] continuing along my way for Trace
[PlotMCMCDiag.cpp][info] Looking for Trace/enu_enubias_454_param_453_Trace from file /scratch/abipeake/March2026/Easter_finerxsecbinning_sat11ththapril_robbinsmonroemore2/chain_trimmed_last10M_MCMC_Diag.root
[PlotMCMCDiag.cpp][info] Trace/enu_enubias_455_param_454_Trace
[PlotMCMCDiag.cpp][warning] continuing along my way for Trace
[PlotMCMCDiag.cpp][info] Looking for Trace/enu_enubias_455_param_454_Trace from file /scratch/abipeake/March2026/Easter_finerxsecbinning_sat11ththapril_robbinsmonroemore2/chain_trimmed_last10M_MCMC_Diag.root
[PlotMCMCDiag.cpp][info] Trace/enu_enubias_456_param_455_Trace
[PlotMCMCDiag.cpp][warning] continuing along my way for Trace
[PlotMCMCDiag.cpp][info] Looking for Trace/enu_enubias_456_param_455_Trace from file /scratch/abipeake/March2026/Easter_finerxsecbinning_sat11ththapril_robbinsmonroemore2/chain_trimmed_last10M_MCMC_Diag.root
[PlotMCMCDiag.cpp][info] Trace/enu_enubias_457_param_456_Trace
[PlotMCMCDiag.cpp][warning] continuing along my way for Trace
[PlotMCMCDiag.cpp][info] Looking for Trace/enu_enubias_457_param_456_Trace from file /scratch/abipeake/March2026/Easter_finerxsecbinning_sat11ththapril_robbinsmonroemore2/chain_trimmed_last10M_MCMC_Diag.root
[PlotMCMCDiag.cpp][info] Trace/enu_enubias_458_param_457_Trace
[PlotMCMCDiag.cpp][warning] continuing along my way for Trace
[PlotMCMCDiag.cpp][info] Looking for Trace/enu_enubias_458_param_457_Trace from file /scratch/abipeake/March2026/Easter_finerxsecbinning_sat11ththapril_robbinsmonroemore2/chain_trimmed_last10M_MCMC_Diag.root
[PlotMCMCDiag.cpp][info] Trace/enu_enubias_459_param_458_Trace
[PlotMCMCDiag.cpp][warning] continuing along my way for Trace
[PlotMCMCDiag.cpp][info] Looking for Trace/enu_enubias_459_param_458_Trace from file /scratch/abipeake/March2026/Easter_finerxsecbinning_sat11ththapril_robbinsmonroemore2/chain_trimmed_last10M_MCMC_Diag.root
[PlotMCMCDiag.cpp][info] Trace/enu_enubias_460_param_459_Trace
[PlotMCMCDiag.cpp][warning] continuing along my way for Trace
[PlotMCMCDiag.cpp][info] Looking for Trace/enu_enubias_460_param_459_Trace from file /scratch/abipeake/March2026/Easter_finerxsecbinning_sat11ththapril_robbinsmonroemore2/chain_trimmed_last10M_MCMC_Diag.root
[PlotMCMCDiag.cpp][info] Trace/enu_enubias_461_param_460_Trace
[PlotMCMCDiag.cpp][warning] continuing along my way for Trace
[PlotMCMCDiag.cpp][info] Looking for Trace/enu_enubias_461_param_460_Trace from file /scratch/abipeake/March2026/Easter_finerxsecbinning_sat11ththapril_robbinsmonroemore2/chain_trimmed_last10M_MCMC_Diag.root
[PlotMCMCDiag.cpp][info] Trace/enu_enubias_462_param_461_Trace
[PlotMCMCDiag.cpp][warning] continuing along my way for Trace
[PlotMCMCDiag.cpp][info] Looking for Trace/enu_enubias_462_param_461_Trace from file /scratch/abipeake/March2026/Easter_finerxsecbinning_sat11ththapril_robbinsmonroemore2/chain_trimmed_last10M_MCMC_Diag.root
[PlotMCMCDiag.cpp][info] Trace/enu_enubias_463_param_462_Trace
[PlotMCMCDiag.cpp][warning] continuing along my way for Trace
[PlotMCMCDiag.cpp][info] Looking for Trace/enu_enubias_463_param_462_Trace from file /scratch/abipeake/March2026/Easter_finerxsecbinning_sat11ththapril_robbinsmonroemore2/chain_trimmed_last10M_MCMC_Diag.root
[PlotMCMCDiag.cpp][info] Trace/enu_enubias_464_param_463_Trace
[PlotMCMCDiag.cpp][warning] continuing along my way for Trace
[PlotMCMCDiag.cpp][info] Looking for Trace/enu_enubias_464_param_463_Trace from file /scratch/abipeake/March2026/Easter_finerxsecbinning_sat11ththapril_robbinsmonroemore2/chain_trimmed_last10M_MCMC_Diag.root
[PlotMCMCDiag.cpp][info] Trace/enu_enubias_465_param_464_Trace
[PlotMCMCDiag.cpp][warning] continuing along my way for Trace
[PlotMCMCDiag.cpp][info] Looking for Trace/enu_enubias_465_param_464_Trace from file /scratch/abipeake/March2026/Easter_finerxsecbinning_sat11ththapril_robbinsmonroemore2/chain_trimmed_last10M_MCMC_Diag.root
[PlotMCMCDiag.cpp][info] Trace/enu_enubias_466_param_465_Trace
[PlotMCMCDiag.cpp][warning] continuing along my way for Trace
[PlotMCMCDiag.cpp][info] Looking for Trace/enu_enubias_466_param_465_Trace from file /scratch/abipeake/March2026/Easter_finerxsecbinning_sat11ththapril_robbinsmonroemore2/chain_trimmed_last10M_MCMC_Diag.root
[PlotMCMCDiag.cpp][info] Trace/enu_enubias_467_param_466_Trace
[PlotMCMCDiag.cpp][warning] continuing along my way for Trace
[PlotMCMCDiag.cpp][info] Looking for Trace/enu_enubias_467_param_466_Trace from file /scratch/abipeake/March2026/Easter_finerxsecbinning_sat11ththapril_robbinsmonroemore2/chain_trimmed_last10M_MCMC_Diag.root
[PlotMCMCDiag.cpp][info] Trace/enu_enubias_468_param_467_Trace
[PlotMCMCDiag.cpp][warning] continuing along my way for Trace
[PlotMCMCDiag.cpp][info] Looking for Trace/enu_enubias_468_param_467_Trace from file /scratch/abipeake/March2026/Easter_finerxsecbinning_sat11ththapril_robbinsmonroemore2/chain_trimmed_last10M_MCMC_Diag.root
[PlotMCMCDiag.cpp][info] Trace/enu_enubias_469_param_468_Trace
[PlotMCMCDiag.cpp][warning] continuing along my way for Trace
[PlotMCMCDiag.cpp][info] Looking for Trace/enu_enubias_469_param_468_Trace from file /scratch/abipeake/March2026/Easter_finerxsecbinning_sat11ththapril_robbinsmonroemore2/chain_trimmed_last10M_MCMC_Diag.root
[PlotMCMCDiag.cpp][info] Trace/enu_enubias_470_param_469_Trace
[PlotMCMCDiag.cpp][warning] continuing along my way for Trace
[PlotMCMCDiag.cpp][info] Looking for Trace/enu_enubias_470_param_469_Trace from file /scratch/abipeake/March2026/Easter_finerxsecbinning_sat11ththapril_robbinsmonroemore2/chain_trimmed_last10M_MCMC_Diag.root
[PlotMCMCDiag.cpp][info] Trace/enu_enubias_471_param_470_Trace
[PlotMCMCDiag.cpp][warning] continuing along my way for Trace
[PlotMCMCDiag.cpp][info] Looking for Trace/enu_enubias_471_param_470_Trace from file /scratch/abipeake/March2026/Easter_finerxsecbinning_sat11ththapril_robbinsmonroemore2/chain_trimmed_last10M_MCMC_Diag.root
[PlotMCMCDiag.cpp][info] Trace/enu_enubias_472_param_471_Trace
[PlotMCMCDiag.cpp][warning] continuing along my way for Trace
[PlotMCMCDiag.cpp][info] Looking for Trace/enu_enubias_472_param_471_Trace from file /scratch/abipeake/March2026/Easter_finerxsecbinning_sat11ththapril_robbinsmonroemore2/chain_trimmed_last10M_MCMC_Diag.root
[PlotMCMCDiag.cpp][info] Trace/enu_enubias_473_param_472_Trace
[PlotMCMCDiag.cpp][warning] continuing along my way for Trace
[PlotMCMCDiag.cpp][info] Looking for Trace/enu_enubias_473_param_472_Trace from file /scratch/abipeake/March2026/Easter_finerxsecbinning_sat11ththapril_robbinsmonroemore2/chain_trimmed_last10M_MCMC_Diag.root
[PlotMCMCDiag.cpp][info] Trace/enu_enubias_474_param_473_Trace
[PlotMCMCDiag.cpp][warning] continuing along my way for Trace
[PlotMCMCDiag.cpp][info] Looking for Trace/enu_enubias_474_param_473_Trace from file /scratch/abipeake/March2026/Easter_finerxsecbinning_sat11ththapril_robbinsmonroemore2/chain_trimmed_last10M_MCMC_Diag.root
[PlotMCMCDiag.cpp][info] Trace/enu_enubias_475_param_474_Trace
[PlotMCMCDiag.cpp][warning] continuing along my way for Trace
[PlotMCMCDiag.cpp][info] Looking for Trace/enu_enubias_475_param_474_Trace from file /scratch/abipeake/March2026/Easter_finerxsecbinning_sat11ththapril_robbinsmonroemore2/chain_trimmed_last10M_MCMC_Diag.root
[PlotMCMCDiag.cpp][info] Trace/enu_enubias_476_param_475_Trace
[PlotMCMCDiag.cpp][warning] continuing along my way for Trace
[PlotMCMCDiag.cpp][info] Looking for Trace/enu_enubias_476_param_475_Trace from file /scratch/abipeake/March2026/Easter_finerxsecbinning_sat11ththapril_robbinsmonroemore2/chain_trimmed_last10M_MCMC_Diag.root
[PlotMCMCDiag.cpp][info] Trace/enu_enubias_477_param_476_Trace
[PlotMCMCDiag.cpp][warning] continuing along my way for Trace
[PlotMCMCDiag.cpp][info] Looking for Trace/enu_enubias_477_param_476_Trace from file /scratch/abipeake/March2026/Easter_finerxsecbinning_sat11ththapril_robbinsmonroemore2/chain_trimmed_last10M_MCMC_Diag.root
[PlotMCMCDiag.cpp][info] Trace/enu_enubias_478_param_477_Trace
[PlotMCMCDiag.cpp][warning] continuing along my way for Trace
[PlotMCMCDiag.cpp][info] Looking for Trace/enu_enubias_478_param_477_Trace from file /scratch/abipeake/March2026/Easter_finerxsecbinning_sat11ththapril_robbinsmonroemore2/chain_trimmed_last10M_MCMC_Diag.root
[PlotMCMCDiag.cpp][info] Trace/enu_enubias_479_param_478_Trace
[PlotMCMCDiag.cpp][warning] continuing along my way for Trace
[PlotMCMCDiag.cpp][info] Looking for Trace/enu_enubias_479_param_478_Trace from file /scratch/abipeake/March2026/Easter_finerxsecbinning_sat11ththapril_robbinsmonroemore2/chain_trimmed_last10M_MCMC_Diag.root
[PlotMCMCDiag.cpp][info] Trace/enu_enubias_480_param_479_Trace
[PlotMCMCDiag.cpp][warning] continuing along my way for Trace
[PlotMCMCDiag.cpp][info] Looking for Trace/enu_enubias_480_param_479_Trace from file /scratch/abipeake/March2026/Easter_finerxsecbinning_sat11ththapril_robbinsmonroemore2/chain_trimmed_last10M_MCMC_Diag.root
[PlotMCMCDiag.cpp][info] Trace/enu_enubias_481_param_480_Trace
[PlotMCMCDiag.cpp][warning] continuing along my way for Trace
[PlotMCMCDiag.cpp][info] Looking for Trace/enu_enubias_481_param_480_Trace from file /scratch/abipeake/March2026/Easter_finerxsecbinning_sat11ththapril_robbinsmonroemore2/chain_trimmed_last10M_MCMC_Diag.root
[PlotMCMCDiag.cpp][info] Trace/enu_enubias_482_param_481_Trace
[PlotMCMCDiag.cpp][warning] continuing along my way for Trace
[PlotMCMCDiag.cpp][info] Looking for Trace/enu_enubias_482_param_481_Trace from file /scratch/abipeake/March2026/Easter_finerxsecbinning_sat11ththapril_robbinsmonroemore2/chain_trimmed_last10M_MCMC_Diag.root
[PlotMCMCDiag.cpp][info] Trace/enu_enubias_483_param_482_Trace
[PlotMCMCDiag.cpp][warning] continuing along my way for Trace
[PlotMCMCDiag.cpp][info] Looking for Trace/enu_enubias_483_param_482_Trace from file /scratch/abipeake/March2026/Easter_finerxsecbinning_sat11ththapril_robbinsmonroemore2/chain_trimmed_last10M_MCMC_Diag.root
[PlotMCMCDiag.cpp][info] Trace/enu_enubias_484_param_483_Trace
[PlotMCMCDiag.cpp][warning] continuing along my way for Trace
[PlotMCMCDiag.cpp][info] Looking for Trace/enu_enubias_484_param_483_Trace from file /scratch/abipeake/March2026/Easter_finerxsecbinning_sat11ththapril_robbinsmonroemore2/chain_trimmed_last10M_MCMC_Diag.root
[PlotMCMCDiag.cpp][info] Trace/enu_enubias_485_param_484_Trace
[PlotMCMCDiag.cpp][warning] continuing along my way for Trace
[PlotMCMCDiag.cpp][info] Looking for Trace/enu_enubias_485_param_484_Trace from file /scratch/abipeake/March2026/Easter_finerxsecbinning_sat11ththapril_robbinsmonroemore2/chain_trimmed_last10M_MCMC_Diag.root
[PlotMCMCDiag.cpp][info] Trace/enu_enubias_486_param_485_Trace
[PlotMCMCDiag.cpp][warning] continuing along my way for Trace
[PlotMCMCDiag.cpp][info] Looking for Trace/enu_enubias_486_param_485_Trace from file /scratch/abipeake/March2026/Easter_finerxsecbinning_sat11ththapril_robbinsmonroemore2/chain_trimmed_last10M_MCMC_Diag.root
[PlotMCMCDiag.cpp][info] Trace/enu_enubias_487_param_486_Trace
[PlotMCMCDiag.cpp][warning] continuing along my way for Trace
[PlotMCMCDiag.cpp][info] Looking for Trace/enu_enubias_487_param_486_Trace from file /scratch/abipeake/March2026/Easter_finerxsecbinning_sat11ththapril_robbinsmonroemore2/chain_trimmed_last10M_MCMC_Diag.root
[PlotMCMCDiag.cpp][info] Trace/enu_enubias_488_param_487_Trace
[PlotMCMCDiag.cpp][warning] continuing along my way for Trace
[PlotMCMCDiag.cpp][info] Looking for Trace/enu_enubias_488_param_487_Trace from file /scratch/abipeake/March2026/Easter_finerxsecbinning_sat11ththapril_robbinsmonroemore2/chain_trimmed_last10M_MCMC_Diag.root
[PlotMCMCDiag.cpp][info] Trace/enu_enubias_489_param_488_Trace
[PlotMCMCDiag.cpp][warning] continuing along my way for Trace
[PlotMCMCDiag.cpp][info] Looking for Trace/enu_enubias_489_param_488_Trace from file /scratch/abipeake/March2026/Easter_finerxsecbinning_sat11ththapril_robbinsmonroemore2/chain_trimmed_last10M_MCMC_Diag.root
[PlotMCMCDiag.cpp][info] Trace/enu_enubias_490_param_489_Trace
[PlotMCMCDiag.cpp][warning] continuing along my way for Trace
[PlotMCMCDiag.cpp][info] Looking for Trace/enu_enubias_490_param_489_Trace from file /scratch/abipeake/March2026/Easter_finerxsecbinning_sat11ththapril_robbinsmonroemore2/chain_trimmed_last10M_MCMC_Diag.root
[PlotMCMCDiag.cpp][info] Trace/enu_enubias_491_param_490_Trace
[PlotMCMCDiag.cpp][warning] continuing along my way for Trace
[PlotMCMCDiag.cpp][info] Looking for Trace/enu_enubias_491_param_490_Trace from file /scratch/abipeake/March2026/Easter_finerxsecbinning_sat11ththapril_robbinsmonroemore2/chain_trimmed_last10M_MCMC_Diag.root
[PlotMCMCDiag.cpp][info] Trace/enu_enubias_492_param_491_Trace
[PlotMCMCDiag.cpp][warning] continuing along my way for Trace
[PlotMCMCDiag.cpp][info] Looking for Trace/enu_enubias_492_param_491_Trace from file /scratch/abipeake/March2026/Easter_finerxsecbinning_sat11ththapril_robbinsmonroemore2/chain_trimmed_last10M_MCMC_Diag.root
[PlotMCMCDiag.cpp][info] Trace/enu_enubias_493_param_492_Trace
[PlotMCMCDiag.cpp][warning] continuing along my way for Trace
[PlotMCMCDiag.cpp][info] Looking for Trace/enu_enubias_493_param_492_Trace from file /scratch/abipeake/March2026/Easter_finerxsecbinning_sat11ththapril_robbinsmonroemore2/chain_trimmed_last10M_MCMC_Diag.root
[PlotMCMCDiag.cpp][info] Trace/enu_enubias_494_param_493_Trace
[PlotMCMCDiag.cpp][warning] continuing along my way for Trace
[PlotMCMCDiag.cpp][info] Looking for Trace/enu_enubias_494_param_493_Trace from file /scratch/abipeake/March2026/Easter_finerxsecbinning_sat11ththapril_robbinsmonroemore2/chain_trimmed_last10M_MCMC_Diag.root
[PlotMCMCDiag.cpp][info] Trace/enu_enubias_495_param_494_Trace
[PlotMCMCDiag.cpp][warning] continuing along my way for Trace
[PlotMCMCDiag.cpp][info] Looking for Trace/enu_enubias_495_param_494_Trace from file /scratch/abipeake/March2026/Easter_finerxsecbinning_sat11ththapril_robbinsmonroemore2/chain_trimmed_last10M_MCMC_Diag.root
[PlotMCMCDiag.cpp][info] Trace/enu_enubias_496_param_495_Trace
[PlotMCMCDiag.cpp][warning] continuing along my way for Trace
[PlotMCMCDiag.cpp][info] Looking for Trace/enu_enubias_496_param_495_Trace from file /scratch/abipeake/March2026/Easter_finerxsecbinning_sat11ththapril_robbinsmonroemore2/chain_trimmed_last10M_MCMC_Diag.root
[PlotMCMCDiag.cpp][info] Trace/enu_enubias_497_param_496_Trace
[PlotMCMCDiag.cpp][warning] continuing along my way for Trace
[PlotMCMCDiag.cpp][info] Looking for Trace/enu_enubias_497_param_496_Trace from file /scratch/abipeake/March2026/Easter_finerxsecbinning_sat11ththapril_robbinsmonroemore2/chain_trimmed_last10M_MCMC_Diag.root
[PlotMCMCDiag.cpp][info] Trace/enu_enubias_498_param_497_Trace
[PlotMCMCDiag.cpp][warning] continuing along my way for Trace
[PlotMCMCDiag.cpp][info] Looking for Trace/enu_enubias_498_param_497_Trace from file /scratch/abipeake/March2026/Easter_finerxsecbinning_sat11ththapril_robbinsmonroemore2/chain_trimmed_last10M_MCMC_Diag.root
[PlotMCMCDiag.cpp][info] Trace/enu_enubias_499_param_498_Trace
[PlotMCMCDiag.cpp][warning] continuing along my way for Trace
[PlotMCMCDiag.cpp][info] Looking for Trace/enu_enubias_499_param_498_Trace from file /scratch/abipeake/March2026/Easter_finerxsecbinning_sat11ththapril_robbinsmonroemore2/chain_trimmed_last10M_MCMC_Diag.root
[PlotMCMCDiag.cpp][info] Trace/enu_enubias_500_param_499_Trace
[PlotMCMCDiag.cpp][warning] continuing along my way for Trace
[PlotMCMCDiag.cpp][info] Looking for Trace/enu_enubias_500_param_499_Trace from file /scratch/abipeake/March2026/Easter_finerxsecbinning_sat11ththapril_robbinsmonroemore2/chain_trimmed_last10M_MCMC_Diag.root
[PlotMCMCDiag.cpp][info] Trace/enu_enubias_501_param_500_Trace
[PlotMCMCDiag.cpp][warning] continuing along my way for Trace
[PlotMCMCDiag.cpp][info] Looking for Trace/enu_enubias_501_param_500_Trace from file /scratch/abipeake/March2026/Easter_finerxsecbinning_sat11ththapril_robbinsmonroemore2/chain_trimmed_last10M_MCMC_Diag.root
[PlotMCMCDiag.cpp][info] Trace/enu_enubias_502_param_501_Trace
[PlotMCMCDiag.cpp][warning] continuing along my way for Trace
[PlotMCMCDiag.cpp][info] Looking for Trace/enu_enubias_502_param_501_Trace from file /scratch/abipeake/March2026/Easter_finerxsecbinning_sat11ththapril_robbinsmonroemore2/chain_trimmed_last10M_MCMC_Diag.root
[PlotMCMCDiag.cpp][info] Trace/enu_enubias_503_param_502_Trace
[PlotMCMCDiag.cpp][warning] continuing along my way for Trace
[PlotMCMCDiag.cpp][info] Looking for Trace/enu_enubias_503_param_502_Trace from file /scratch/abipeake/March2026/Easter_finerxsecbinning_sat11ththapril_robbinsmonroemore2/chain_trimmed_last10M_MCMC_Diag.root
[PlotMCMCDiag.cpp][info] Trace/enu_enubias_504_param_503_Trace
[PlotMCMCDiag.cpp][warning] continuing along my way for Trace
[PlotMCMCDiag.cpp][info] Looking for Trace/enu_enubias_504_param_503_Trace from file /scratch/abipeake/March2026/Easter_finerxsecbinning_sat11ththapril_robbinsmonroemore2/chain_trimmed_last10M_MCMC_Diag.root
[PlotMCMCDiag.cpp][info] Trace/enu_enubias_505_param_504_Trace
[PlotMCMCDiag.cpp][warning] continuing along my way for Trace
[PlotMCMCDiag.cpp][info] Looking for Trace/enu_enubias_505_param_504_Trace from file /scratch/abipeake/March2026/Easter_finerxsecbinning_sat11ththapril_robbinsmonroemore2/chain_trimmed_last10M_MCMC_Diag.root
[PlotMCMCDiag.cpp][info] Trace/enu_enubias_506_param_505_Trace
[PlotMCMCDiag.cpp][warning] continuing along my way for Trace
[PlotMCMCDiag.cpp][info] Looking for Trace/enu_enubias_506_param_505_Trace from file /scratch/abipeake/March2026/Easter_finerxsecbinning_sat11ththapril_robbinsmonroemore2/chain_trimmed_last10M_MCMC_Diag.root
[PlotMCMCDiag.cpp][info] Trace/enu_enubias_507_param_506_Trace
[PlotMCMCDiag.cpp][warning] continuing along my way for Trace
[PlotMCMCDiag.cpp][info] Looking for Trace/enu_enubias_507_param_506_Trace from file /scratch/abipeake/March2026/Easter_finerxsecbinning_sat11ththapril_robbinsmonroemore2/chain_trimmed_last10M_MCMC_Diag.root
[PlotMCMCDiag.cpp][info] Trace/enu_enubias_508_param_507_Trace
[PlotMCMCDiag.cpp][warning] continuing along my way for Trace
[PlotMCMCDiag.cpp][info] Looking for Trace/enu_enubias_508_param_507_Trace from file /scratch/abipeake/March2026/Easter_finerxsecbinning_sat11ththapril_robbinsmonroemore2/chain_trimmed_last10M_MCMC_Diag.root
[PlotMCMCDiag.cpp][info] Trace/enu_enubias_509_param_508_Trace
[PlotMCMCDiag.cpp][warning] continuing along my way for Trace
[PlotMCMCDiag.cpp][info] Looking for Trace/enu_enubias_509_param_508_Trace from file /scratch/abipeake/March2026/Easter_finerxsecbinning_sat11ththapril_robbinsmonroemore2/chain_trimmed_last10M_MCMC_Diag.root
[PlotMCMCDiag.cpp][info] Trace/enu_enubias_510_param_509_Trace
[PlotMCMCDiag.cpp][warning] continuing along my way for Trace
[PlotMCMCDiag.cpp][info] Looking for Trace/enu_enubias_510_param_509_Trace from file /scratch/abipeake/March2026/Easter_finerxsecbinning_sat11ththapril_robbinsmonroemore2/chain_trimmed_last10M_MCMC_Diag.root
[PlotMCMCDiag.cpp][info] Trace/enu_enubias_511_param_510_Trace
[PlotMCMCDiag.cpp][warning] continuing along my way for Trace
[PlotMCMCDiag.cpp][info] Looking for Trace/enu_enubias_511_param_510_Trace from file /scratch/abipeake/March2026/Easter_finerxsecbinning_sat11ththapril_robbinsmonroemore2/chain_trimmed_last10M_MCMC_Diag.root
[PlotMCMCDiag.cpp][info] Trace/enu_enubias_512_param_511_Trace
[PlotMCMCDiag.cpp][warning] continuing along my way for Trace
[PlotMCMCDiag.cpp][info] Looking for Trace/enu_enubias_512_param_511_Trace from file /scratch/abipeake/March2026/Easter_finerxsecbinning_sat11ththapril_robbinsmonroemore2/chain_trimmed_last10M_MCMC_Diag.root
[PlotMCMCDiag.cpp][info] Trace/enu_enubias_513_param_512_Trace
[PlotMCMCDiag.cpp][warning] continuing along my way for Trace
[PlotMCMCDiag.cpp][info] Looking for Trace/enu_enubias_513_param_512_Trace from file /scratch/abipeake/March2026/Easter_finerxsecbinning_sat11ththapril_robbinsmonroemore2/chain_trimmed_last10M_MCMC_Diag.root
[PlotMCMCDiag.cpp][info] Trace/enu_enubias_514_param_513_Trace
[PlotMCMCDiag.cpp][warning] continuing along my way for Trace
[PlotMCMCDiag.cpp][info] Looking for Trace/enu_enubias_514_param_513_Trace from file /scratch/abipeake/March2026/Easter_finerxsecbinning_sat11ththapril_robbinsmonroemore2/chain_trimmed_last10M_MCMC_Diag.root
[PlotMCMCDiag.cpp][info] Trace/enu_enubias_515_param_514_Trace
[PlotMCMCDiag.cpp][warning] continuing along my way for Trace
[PlotMCMCDiag.cpp][info] Looking for Trace/enu_enubias_515_param_514_Trace from file /scratch/abipeake/March2026/Easter_finerxsecbinning_sat11ththapril_robbinsmonroemore2/chain_trimmed_last10M_MCMC_Diag.root
[PlotMCMCDiag.cpp][info] Trace/enu_enubias_516_param_515_Trace
[PlotMCMCDiag.cpp][warning] continuing along my way for Trace
[PlotMCMCDiag.cpp][info] Looking for Trace/enu_enubias_516_param_515_Trace from file /scratch/abipeake/March2026/Easter_finerxsecbinning_sat11ththapril_robbinsmonroemore2/chain_trimmed_last10M_MCMC_Diag.root
[PlotMCMCDiag.cpp][info] Trace/enu_enubias_517_param_516_Trace
[PlotMCMCDiag.cpp][warning] continuing along my way for Trace
[PlotMCMCDiag.cpp][info] Looking for Trace/enu_enubias_517_param_516_Trace from file /scratch/abipeake/March2026/Easter_finerxsecbinning_sat11ththapril_robbinsmonroemore2/chain_trimmed_last10M_MCMC_Diag.root
[PlotMCMCDiag.cpp][info] Trace/enu_enubias_518_param_517_Trace
[PlotMCMCDiag.cpp][warning] continuing along my way for Trace
[PlotMCMCDiag.cpp][info] Looking for Trace/enu_enubias_518_param_517_Trace from file /scratch/abipeake/March2026/Easter_finerxsecbinning_sat11ththapril_robbinsmonroemore2/chain_trimmed_last10M_MCMC_Diag.root
[PlotMCMCDiag.cpp][info] Trace/enu_enubias_519_param_518_Trace
[PlotMCMCDiag.cpp][warning] continuing along my way for Trace
[PlotMCMCDiag.cpp][info] Looking for Trace/enu_enubias_519_param_518_Trace from file /scratch/abipeake/March2026/Easter_finerxsecbinning_sat11ththapril_robbinsmonroemore2/chain_trimmed_last10M_MCMC_Diag.root
[PlotMCMCDiag.cpp][info] Trace/enu_enubias_520_param_519_Trace
[PlotMCMCDiag.cpp][warning] continuing along my way for Trace
[PlotMCMCDiag.cpp][info] Looking for Trace/enu_enubias_520_param_519_Trace from file /scratch/abipeake/March2026/Easter_finerxsecbinning_sat11ththapril_robbinsmonroemore2/chain_trimmed_last10M_MCMC_Diag.root
[PlotMCMCDiag.cpp][info] Trace/enu_enubias_521_param_520_Trace
[PlotMCMCDiag.cpp][warning] continuing along my way for Trace
[PlotMCMCDiag.cpp][info] Looking for Trace/enu_enubias_521_param_520_Trace from file /scratch/abipeake/March2026/Easter_finerxsecbinning_sat11ththapril_robbinsmonroemore2/chain_trimmed_last10M_MCMC_Diag.root
[PlotMCMCDiag.cpp][info] Trace/enu_enubias_522_param_521_Trace
[PlotMCMCDiag.cpp][warning] continuing along my way for Trace
[PlotMCMCDiag.cpp][info] Looking for Trace/enu_enubias_522_param_521_Trace from file /scratch/abipeake/March2026/Easter_finerxsecbinning_sat11ththapril_robbinsmonroemore2/chain_trimmed_last10M_MCMC_Diag.root
[PlotMCMCDiag.cpp][info] Trace/enu_enubias_523_param_522_Trace
[PlotMCMCDiag.cpp][warning] continuing along my way for Trace
[PlotMCMCDiag.cpp][info] Looking for Trace/enu_enubias_523_param_522_Trace from file /scratch/abipeake/March2026/Easter_finerxsecbinning_sat11ththapril_robbinsmonroemore2/chain_trimmed_last10M_MCMC_Diag.root
[PlotMCMCDiag.cpp][info] Trace/enu_enubias_524_param_523_Trace
[PlotMCMCDiag.cpp][warning] continuing along my way for Trace
[PlotMCMCDiag.cpp][info] Looking for Trace/enu_enubias_524_param_523_Trace from file /scratch/abipeake/March2026/Easter_finerxsecbinning_sat11ththapril_robbinsmonroemore2/chain_trimmed_last10M_MCMC_Diag.root
[PlotMCMCDiag.cpp][info] Trace/enu_enubias_525_param_524_Trace
[PlotMCMCDiag.cpp][warning] continuing along my way for Trace
[PlotMCMCDiag.cpp][info] Looking for Trace/enu_enubias_525_param_524_Trace from file /scratch/abipeake/March2026/Easter_finerxsecbinning_sat11ththapril_robbinsmonroemore2/chain_trimmed_last10M_MCMC_Diag.root
[PlotMCMCDiag.cpp][info] Trace/enu_enubias_526_param_525_Trace
[PlotMCMCDiag.cpp][warning] continuing along my way for Trace
[PlotMCMCDiag.cpp][info] Looking for Trace/enu_enubias_526_param_525_Trace from file /scratch/abipeake/March2026/Easter_finerxsecbinning_sat11ththapril_robbinsmonroemore2/chain_trimmed_last10M_MCMC_Diag.root
[PlotMCMCDiag.cpp][info] Trace/enu_enubias_527_param_526_Trace
[PlotMCMCDiag.cpp][warning] continuing along my way for Trace
[PlotMCMCDiag.cpp][info] Looking for Trace/enu_enubias_527_param_526_Trace from file /scratch/abipeake/March2026/Easter_finerxsecbinning_sat11ththapril_robbinsmonroemore2/chain_trimmed_last10M_MCMC_Diag.root
[PlotMCMCDiag.cpp][info] Trace/enu_enubias_528_param_527_Trace
[PlotMCMCDiag.cpp][warning] continuing along my way for Trace
[PlotMCMCDiag.cpp][info] Looking for Trace/enu_enubias_528_param_527_Trace from file /scratch/abipeake/March2026/Easter_finerxsecbinning_sat11ththapril_robbinsmonroemore2/chain_trimmed_last10M_MCMC_Diag.root
[PlotMCMCDiag.cpp][info] Trace/enu_enubias_529_param_528_Trace
[PlotMCMCDiag.cpp][warning] continuing along my way for Trace
[PlotMCMCDiag.cpp][info] Looking for Trace/enu_enubias_529_param_528_Trace from file /scratch/abipeake/March2026/Easter_finerxsecbinning_sat11ththapril_robbinsmonroemore2/chain_trimmed_last10M_MCMC_Diag.root
[PlotMCMCDiag.cpp][info] Trace/enu_enubias_530_param_529_Trace
[PlotMCMCDiag.cpp][warning] continuing along my way for Trace
[PlotMCMCDiag.cpp][info] Looking for Trace/enu_enubias_530_param_529_Trace from file /scratch/abipeake/March2026/Easter_finerxsecbinning_sat11ththapril_robbinsmonroemore2/chain_trimmed_last10M_MCMC_Diag.root
[PlotMCMCDiag.cpp][info] Trace/enu_enubias_531_param_530_Trace
[PlotMCMCDiag.cpp][warning] continuing along my way for Trace
[PlotMCMCDiag.cpp][info] Looking for Trace/enu_enubias_531_param_530_Trace from file /scratch/abipeake/March2026/Easter_finerxsecbinning_sat11ththapril_robbinsmonroemore2/chain_trimmed_last10M_MCMC_Diag.root
[PlotMCMCDiag.cpp][info] Trace/enu_enubias_532_param_531_Trace
[PlotMCMCDiag.cpp][warning] continuing along my way for Trace
[PlotMCMCDiag.cpp][info] Looking for Trace/enu_enubias_532_param_531_Trace from file /scratch/abipeake/March2026/Easter_finerxsecbinning_sat11ththapril_robbinsmonroemore2/chain_trimmed_last10M_MCMC_Diag.root
[PlotMCMCDiag.cpp][info] Trace/enu_enubias_533_param_532_Trace
[PlotMCMCDiag.cpp][warning] continuing along my way for Trace
[PlotMCMCDiag.cpp][info] Looking for Trace/enu_enubias_533_param_532_Trace from file /scratch/abipeake/March2026/Easter_finerxsecbinning_sat11ththapril_robbinsmonroemore2/chain_trimmed_last10M_MCMC_Diag.root
[PlotMCMCDiag.cpp][info] Trace/enu_enubias_534_param_533_Trace
[PlotMCMCDiag.cpp][warning] continuing along my way for Trace
[PlotMCMCDiag.cpp][info] Looking for Trace/enu_enubias_534_param_533_Trace from file /scratch/abipeake/March2026/Easter_finerxsecbinning_sat11ththapril_robbinsmonroemore2/chain_trimmed_last10M_MCMC_Diag.root
[PlotMCMCDiag.cpp][info] Trace/enu_enubias_535_param_534_Trace
[PlotMCMCDiag.cpp][warning] continuing along my way for Trace
[PlotMCMCDiag.cpp][info] Looking for Trace/enu_enubias_535_param_534_Trace from file /scratch/abipeake/March2026/Easter_finerxsecbinning_sat11ththapril_robbinsmonroemore2/chain_trimmed_last10M_MCMC_Diag.root
[PlotMCMCDiag.cpp][info] Trace/enu_enubias_536_param_535_Trace
[PlotMCMCDiag.cpp][warning] continuing along my way for Trace
[PlotMCMCDiag.cpp][info] Looking for Trace/enu_enubias_536_param_535_Trace from file /scratch/abipeake/March2026/Easter_finerxsecbinning_sat11ththapril_robbinsmonroemore2/chain_trimmed_last10M_MCMC_Diag.root
[PlotMCMCDiag.cpp][info] Trace/enu_enubias_537_param_536_Trace
[PlotMCMCDiag.cpp][warning] continuing along my way for Trace
[PlotMCMCDiag.cpp][info] Looking for Trace/enu_enubias_537_param_536_Trace from file /scratch/abipeake/March2026/Easter_finerxsecbinning_sat11ththapril_robbinsmonroemore2/chain_trimmed_last10M_MCMC_Diag.root
[PlotMCMCDiag.cpp][info] Trace/enu_enubias_538_param_537_Trace
[PlotMCMCDiag.cpp][warning] continuing along my way for Trace
[PlotMCMCDiag.cpp][info] Looking for Trace/enu_enubias_538_param_537_Trace from file /scratch/abipeake/March2026/Easter_finerxsecbinning_sat11ththapril_robbinsmonroemore2/chain_trimmed_last10M_MCMC_Diag.root
[PlotMCMCDiag.cpp][info] Trace/enu_enubias_539_param_538_Trace
[PlotMCMCDiag.cpp][warning] continuing along my way for Trace
[PlotMCMCDiag.cpp][info] Looking for Trace/enu_enubias_539_param_538_Trace from file /scratch/abipeake/March2026/Easter_finerxsecbinning_sat11ththapril_robbinsmonroemore2/chain_trimmed_last10M_MCMC_Diag.root
[PlotMCMCDiag.cpp][info] Trace/enu_enubias_540_param_539_Trace
[PlotMCMCDiag.cpp][warning] continuing along my way for Trace
[PlotMCMCDiag.cpp][info] Looking for Trace/enu_enubias_540_param_539_Trace from file /scratch/abipeake/March2026/Easter_finerxsecbinning_sat11ththapril_robbinsmonroemore2/chain_trimmed_last10M_MCMC_Diag.root
[PlotMCMCDiag.cpp][info] Trace/enu_enubias_541_param_540_Trace
[PlotMCMCDiag.cpp][warning] continuing along my way for Trace
[PlotMCMCDiag.cpp][info] Looking for Trace/enu_enubias_541_param_540_Trace from file /scratch/abipeake/March2026/Easter_finerxsecbinning_sat11ththapril_robbinsmonroemore2/chain_trimmed_last10M_MCMC_Diag.root
[PlotMCMCDiag.cpp][info] Trace/enu_enubias_542_param_541_Trace
[PlotMCMCDiag.cpp][warning] continuing along my way for Trace
[PlotMCMCDiag.cpp][info] Looking for Trace/enu_enubias_542_param_541_Trace from file /scratch/abipeake/March2026/Easter_finerxsecbinning_sat11ththapril_robbinsmonroemore2/chain_trimmed_last10M_MCMC_Diag.root
[PlotMCMCDiag.cpp][info] Trace/enu_enubias_543_param_542_Trace
[PlotMCMCDiag.cpp][warning] continuing along my way for Trace
[PlotMCMCDiag.cpp][info] Looking for Trace/enu_enubias_543_param_542_Trace from file /scratch/abipeake/March2026/Easter_finerxsecbinning_sat11ththapril_robbinsmonroemore2/chain_trimmed_last10M_MCMC_Diag.root
[PlotMCMCDiag.cpp][info] Trace/enu_enubias_544_param_543_Trace
[PlotMCMCDiag.cpp][warning] continuing along my way for Trace
[PlotMCMCDiag.cpp][info] Looking for Trace/enu_enubias_544_param_543_Trace from file /scratch/abipeake/March2026/Easter_finerxsecbinning_sat11ththapril_robbinsmonroemore2/chain_trimmed_last10M_MCMC_Diag.root
[PlotMCMCDiag.cpp][info] Trace/enu_enubias_545_param_544_Trace
[PlotMCMCDiag.cpp][warning] continuing along my way for Trace
[PlotMCMCDiag.cpp][info] Looking for Trace/enu_enubias_545_param_544_Trace from file /scratch/abipeake/March2026/Easter_finerxsecbinning_sat11ththapril_robbinsmonroemore2/chain_trimmed_last10M_MCMC_Diag.root
[PlotMCMCDiag.cpp][info] Trace/enu_enubias_546_param_545_Trace
[PlotMCMCDiag.cpp][warning] continuing along my way for Trace
[PlotMCMCDiag.cpp][info] Looking for Trace/enu_enubias_546_param_545_Trace from file /scratch/abipeake/March2026/Easter_finerxsecbinning_sat11ththapril_robbinsmonroemore2/chain_trimmed_last10M_MCMC_Diag.root
[PlotMCMCDiag.cpp][info] Trace/enu_enubias_547_param_546_Trace
[PlotMCMCDiag.cpp][warning] continuing along my way for Trace
[PlotMCMCDiag.cpp][info] Looking for Trace/enu_enubias_547_param_546_Trace from file /scratch/abipeake/March2026/Easter_finerxsecbinning_sat11ththapril_robbinsmonroemore2/chain_trimmed_last10M_MCMC_Diag.root
[PlotMCMCDiag.cpp][info] Trace/enu_enubias_548_param_547_Trace
[PlotMCMCDiag.cpp][warning] continuing along my way for Trace
[PlotMCMCDiag.cpp][info] Looking for Trace/enu_enubias_548_param_547_Trace from file /scratch/abipeake/March2026/Easter_finerxsecbinning_sat11ththapril_robbinsmonroemore2/chain_trimmed_last10M_MCMC_Diag.root
[PlotMCMCDiag.cpp][info] Trace/enu_enubias_549_param_548_Trace
[PlotMCMCDiag.cpp][warning] continuing along my way for Trace
[PlotMCMCDiag.cpp][info] Looking for Trace/enu_enubias_549_param_548_Trace from file /scratch/abipeake/March2026/Easter_finerxsecbinning_sat11ththapril_robbinsmonroemore2/chain_trimmed_last10M_MCMC_Diag.root
[PlotMCMCDiag.cpp][info] Trace/enu_enubias_550_param_549_Trace
[PlotMCMCDiag.cpp][warning] continuing along my way for Trace
[PlotMCMCDiag.cpp][info] Looking for Trace/enu_enubias_550_param_549_Trace from file /scratch/abipeake/March2026/Easter_finerxsecbinning_sat11ththapril_robbinsmonroemore2/chain_trimmed_last10M_MCMC_Diag.root
[PlotMCMCDiag.cpp][info] Trace/enu_enubias_551_param_550_Trace
[PlotMCMCDiag.cpp][warning] continuing along my way for Trace
[PlotMCMCDiag.cpp][info] Looking for Trace/enu_enubias_551_param_550_Trace from file /scratch/abipeake/March2026/Easter_finerxsecbinning_sat11ththapril_robbinsmonroemore2/chain_trimmed_last10M_MCMC_Diag.root
[PlotMCMCDiag.cpp][info] Trace/enu_enubias_552_param_551_Trace
[PlotMCMCDiag.cpp][warning] continuing along my way for Trace
[PlotMCMCDiag.cpp][info] Looking for Trace/enu_enubias_552_param_551_Trace from file /scratch/abipeake/March2026/Easter_finerxsecbinning_sat11ththapril_robbinsmonroemore2/chain_trimmed_last10M_MCMC_Diag.root
[PlotMCMCDiag.cpp][info] Trace/enu_enubias_553_param_552_Trace
[PlotMCMCDiag.cpp][warning] continuing along my way for Trace
[PlotMCMCDiag.cpp][info] Looking for Trace/enu_enubias_553_param_552_Trace from file /scratch/abipeake/March2026/Easter_finerxsecbinning_sat11ththapril_robbinsmonroemore2/chain_trimmed_last10M_MCMC_Diag.root
[PlotMCMCDiag.cpp][info] Trace/enu_enubias_554_param_553_Trace
[PlotMCMCDiag.cpp][warning] continuing along my way for Trace
[PlotMCMCDiag.cpp][info] Looking for Trace/enu_enubias_554_param_553_Trace from file /scratch/abipeake/March2026/Easter_finerxsecbinning_sat11ththapril_robbinsmonroemore2/chain_trimmed_last10M_MCMC_Diag.root
[PlotMCMCDiag.cpp][info] Trace/enu_enubias_555_param_554_Trace
[PlotMCMCDiag.cpp][warning] continuing along my way for Trace
[PlotMCMCDiag.cpp][info] Looking for Trace/enu_enubias_555_param_554_Trace from file /scratch/abipeake/March2026/Easter_finerxsecbinning_sat11ththapril_robbinsmonroemore2/chain_trimmed_last10M_MCMC_Diag.root
[PlotMCMCDiag.cpp][info] Trace/enu_enubias_556_param_555_Trace
[PlotMCMCDiag.cpp][warning] continuing along my way for Trace
[PlotMCMCDiag.cpp][info] Looking for Trace/enu_enubias_556_param_555_Trace from file /scratch/abipeake/March2026/Easter_finerxsecbinning_sat11ththapril_robbinsmonroemore2/chain_trimmed_last10M_MCMC_Diag.root
[PlotMCMCDiag.cpp][info] Trace/enu_enubias_557_param_556_Trace
[PlotMCMCDiag.cpp][warning] continuing along my way for Trace
[PlotMCMCDiag.cpp][info] Looking for Trace/enu_enubias_557_param_556_Trace from file /scratch/abipeake/March2026/Easter_finerxsecbinning_sat11ththapril_robbinsmonroemore2/chain_trimmed_last10M_MCMC_Diag.root
[PlotMCMCDiag.cpp][info] Trace/enu_enubias_558_param_557_Trace
[PlotMCMCDiag.cpp][warning] continuing along my way for Trace
[PlotMCMCDiag.cpp][info] Looking for Trace/enu_enubias_558_param_557_Trace from file /scratch/abipeake/March2026/Easter_finerxsecbinning_sat11ththapril_robbinsmonroemore2/chain_trimmed_last10M_MCMC_Diag.root
[PlotMCMCDiag.cpp][info] Trace/enu_enubias_559_param_558_Trace
[PlotMCMCDiag.cpp][warning] continuing along my way for Trace
[PlotMCMCDiag.cpp][info] Looking for Trace/enu_enubias_559_param_558_Trace from file /scratch/abipeake/March2026/Easter_finerxsecbinning_sat11ththapril_robbinsmonroemore2/chain_trimmed_last10M_MCMC_Diag.root
[PlotMCMCDiag.cpp][info] Trace/enu_enubias_560_param_559_Trace
[PlotMCMCDiag.cpp][warning] continuing along my way for Trace
[PlotMCMCDiag.cpp][info] Looking for Trace/enu_enubias_560_param_559_Trace from file /scratch/abipeake/March2026/Easter_finerxsecbinning_sat11ththapril_robbinsmonroemore2/chain_trimmed_last10M_MCMC_Diag.root
[PlotMCMCDiag.cpp][info] Trace/enu_enubias_561_param_560_Trace
[PlotMCMCDiag.cpp][warning] continuing along my way for Trace
[PlotMCMCDiag.cpp][info] Looking for Trace/enu_enubias_561_param_560_Trace from file /scratch/abipeake/March2026/Easter_finerxsecbinning_sat11ththapril_robbinsmonroemore2/chain_trimmed_last10M_MCMC_Diag.root
[PlotMCMCDiag.cpp][info] Trace/enu_enubias_562_param_561_Trace
[PlotMCMCDiag.cpp][warning] continuing along my way for Trace
[PlotMCMCDiag.cpp][info] Looking for Trace/enu_enubias_562_param_561_Trace from file /scratch/abipeake/March2026/Easter_finerxsecbinning_sat11ththapril_robbinsmonroemore2/chain_trimmed_last10M_MCMC_Diag.root
[PlotMCMCDiag.cpp][info] Trace/enu_enubias_563_param_562_Trace
[PlotMCMCDiag.cpp][warning] continuing along my way for Trace
[PlotMCMCDiag.cpp][info] Looking for Trace/enu_enubias_563_param_562_Trace from file /scratch/abipeake/March2026/Easter_finerxsecbinning_sat11ththapril_robbinsmonroemore2/chain_trimmed_last10M_MCMC_Diag.root
[PlotMCMCDiag.cpp][info] Trace/enu_enubias_564_param_563_Trace
[PlotMCMCDiag.cpp][warning] continuing along my way for Trace
[PlotMCMCDiag.cpp][info] Looking for Trace/enu_enubias_564_param_563_Trace from file /scratch/abipeake/March2026/Easter_finerxsecbinning_sat11ththapril_robbinsmonroemore2/chain_trimmed_last10M_MCMC_Diag.root
[PlotMCMCDiag.cpp][info] Trace/enu_enubias_565_param_564_Trace
[PlotMCMCDiag.cpp][warning] continuing along my way for Trace
[PlotMCMCDiag.cpp][info] Looking for Trace/enu_enubias_565_param_564_Trace from file /scratch/abipeake/March2026/Easter_finerxsecbinning_sat11ththapril_robbinsmonroemore2/chain_trimmed_last10M_MCMC_Diag.root
[PlotMCMCDiag.cpp][info] Trace/enu_enubias_566_param_565_Trace
[PlotMCMCDiag.cpp][warning] continuing along my way for Trace
[PlotMCMCDiag.cpp][info] Looking for Trace/enu_enubias_566_param_565_Trace from file /scratch/abipeake/March2026/Easter_finerxsecbinning_sat11ththapril_robbinsmonroemore2/chain_trimmed_last10M_MCMC_Diag.root
[PlotMCMCDiag.cpp][info] Trace/enu_enubias_567_param_566_Trace
[PlotMCMCDiag.cpp][warning] continuing along my way for Trace
[PlotMCMCDiag.cpp][info] Looking for Trace/enu_enubias_567_param_566_Trace from file /scratch/abipeake/March2026/Easter_finerxsecbinning_sat11ththapril_robbinsmonroemore2/chain_trimmed_last10M_MCMC_Diag.root
[PlotMCMCDiag.cpp][info] Trace/enu_enubias_568_param_567_Trace
[PlotMCMCDiag.cpp][warning] continuing along my way for Trace
[PlotMCMCDiag.cpp][info] Looking for Trace/enu_enubias_568_param_567_Trace from file /scratch/abipeake/March2026/Easter_finerxsecbinning_sat11ththapril_robbinsmonroemore2/chain_trimmed_last10M_MCMC_Diag.root
[PlotMCMCDiag.cpp][info] Trace/enu_enubias_569_param_568_Trace
[PlotMCMCDiag.cpp][warning] continuing along my way for Trace
[PlotMCMCDiag.cpp][info] Looking for Trace/enu_enubias_569_param_568_Trace from file /scratch/abipeake/March2026/Easter_finerxsecbinning_sat11ththapril_robbinsmonroemore2/chain_trimmed_last10M_MCMC_Diag.root
[PlotMCMCDiag.cpp][info] Trace/enu_enubias_570_param_569_Trace
[PlotMCMCDiag.cpp][warning] continuing along my way for Trace
[PlotMCMCDiag.cpp][info] Looking for Trace/enu_enubias_570_param_569_Trace from file /scratch/abipeake/March2026/Easter_finerxsecbinning_sat11ththapril_robbinsmonroemore2/chain_trimmed_last10M_MCMC_Diag.root
[PlotMCMCDiag.cpp][info] Trace/enu_enubias_571_param_570_Trace
[PlotMCMCDiag.cpp][warning] continuing along my way for Trace
[PlotMCMCDiag.cpp][info] Looking for Trace/enu_enubias_571_param_570_Trace from file /scratch/abipeake/March2026/Easter_finerxsecbinning_sat11ththapril_robbinsmonroemore2/chain_trimmed_last10M_MCMC_Diag.root
[PlotMCMCDiag.cpp][info] Trace/enu_enubias_572_param_571_Trace
[PlotMCMCDiag.cpp][warning] continuing along my way for Trace
[PlotMCMCDiag.cpp][info] Looking for Trace/enu_enubias_572_param_571_Trace from file /scratch/abipeake/March2026/Easter_finerxsecbinning_sat11ththapril_robbinsmonroemore2/chain_trimmed_last10M_MCMC_Diag.root
[PlotMCMCDiag.cpp][info] Trace/enu_enubias_573_param_572_Trace
[PlotMCMCDiag.cpp][warning] continuing along my way for Trace
[PlotMCMCDiag.cpp][info] Looking for Trace/enu_enubias_573_param_572_Trace from file /scratch/abipeake/March2026/Easter_finerxsecbinning_sat11ththapril_robbinsmonroemore2/chain_trimmed_last10M_MCMC_Diag.root
[PlotMCMCDiag.cpp][info] Trace/enu_enubias_574_param_573_Trace
[PlotMCMCDiag.cpp][warning] continuing along my way for Trace
[PlotMCMCDiag.cpp][info] Looking for Trace/enu_enubias_574_param_573_Trace from file /scratch/abipeake/March2026/Easter_finerxsecbinning_sat11ththapril_robbinsmonroemore2/chain_trimmed_last10M_MCMC_Diag.root
[PlotMCMCDiag.cpp][info] Trace/enu_enubias_575_param_574_Trace
[PlotMCMCDiag.cpp][warning] continuing along my way for Trace
[PlotMCMCDiag.cpp][info] Looking for Trace/enu_enubias_575_param_574_Trace from file /scratch/abipeake/March2026/Easter_finerxsecbinning_sat11ththapril_robbinsmonroemore2/chain_trimmed_last10M_MCMC_Diag.root
[PlotMCMCDiag.cpp][info] Trace/enu_enubias_576_param_575_Trace
[PlotMCMCDiag.cpp][warning] continuing along my way for Trace
[PlotMCMCDiag.cpp][info] Looking for Trace/enu_enubias_576_param_575_Trace from file /scratch/abipeake/March2026/Easter_finerxsecbinning_sat11ththapril_robbinsmonroemore2/chain_trimmed_last10M_MCMC_Diag.root
[PlotMCMCDiag.cpp][info] Trace/enu_enubias_577_param_576_Trace
[PlotMCMCDiag.cpp][warning] continuing along my way for Trace
[PlotMCMCDiag.cpp][info] Looking for Trace/enu_enubias_577_param_576_Trace from file /scratch/abipeake/March2026/Easter_finerxsecbinning_sat11ththapril_robbinsmonroemore2/chain_trimmed_last10M_MCMC_Diag.root
[PlotMCMCDiag.cpp][info] Trace/enu_enubias_578_param_577_Trace
[PlotMCMCDiag.cpp][warning] continuing along my way for Trace
[PlotMCMCDiag.cpp][info] Looking for Trace/enu_enubias_578_param_577_Trace from file /scratch/abipeake/March2026/Easter_finerxsecbinning_sat11ththapril_robbinsmonroemore2/chain_trimmed_last10M_MCMC_Diag.root
[PlotMCMCDiag.cpp][info] Trace/enu_enubias_579_param_578_Trace
[PlotMCMCDiag.cpp][warning] continuing along my way for Trace
[PlotMCMCDiag.cpp][info] Looking for Trace/enu_enubias_579_param_578_Trace from file /scratch/abipeake/March2026/Easter_finerxsecbinning_sat11ththapril_robbinsmonroemore2/chain_trimmed_last10M_MCMC_Diag.root
[PlotMCMCDiag.cpp][info] Trace/enu_enubias_580_param_579_Trace
[PlotMCMCDiag.cpp][warning] continuing along my way for Trace
[PlotMCMCDiag.cpp][info] Looking for Trace/enu_enubias_580_param_579_Trace from file /scratch/abipeake/March2026/Easter_finerxsecbinning_sat11ththapril_robbinsmonroemore2/chain_trimmed_last10M_MCMC_Diag.root
[PlotMCMCDiag.cpp][info] Trace/enu_enubias_581_param_580_Trace
[PlotMCMCDiag.cpp][warning] continuing along my way for Trace
[PlotMCMCDiag.cpp][info] Looking for Trace/enu_enubias_581_param_580_Trace from file /scratch/abipeake/March2026/Easter_finerxsecbinning_sat11ththapril_robbinsmonroemore2/chain_trimmed_last10M_MCMC_Diag.root
[PlotMCMCDiag.cpp][info] Trace/enu_enubias_582_param_581_Trace
[PlotMCMCDiag.cpp][warning] continuing along my way for Trace
[PlotMCMCDiag.cpp][info] Looking for Trace/enu_enubias_582_param_581_Trace from file /scratch/abipeake/March2026/Easter_finerxsecbinning_sat11ththapril_robbinsmonroemore2/chain_trimmed_last10M_MCMC_Diag.root
[PlotMCMCDiag.cpp][info] Trace/enu_enubias_583_param_582_Trace
[PlotMCMCDiag.cpp][warning] continuing along my way for Trace
[PlotMCMCDiag.cpp][info] Looking for Trace/enu_enubias_583_param_582_Trace from file /scratch/abipeake/March2026/Easter_finerxsecbinning_sat11ththapril_robbinsmonroemore2/chain_trimmed_last10M_MCMC_Diag.root
[PlotMCMCDiag.cpp][info] Trace/enu_enubias_584_param_583_Trace
[PlotMCMCDiag.cpp][warning] continuing along my way for Trace
[PlotMCMCDiag.cpp][info] Looking for Trace/enu_enubias_584_param_583_Trace from file /scratch/abipeake/March2026/Easter_finerxsecbinning_sat11ththapril_robbinsmonroemore2/chain_trimmed_last10M_MCMC_Diag.root
[PlotMCMCDiag.cpp][info] Trace/enu_enubias_585_param_584_Trace
[PlotMCMCDiag.cpp][warning] continuing along my way for Trace
[PlotMCMCDiag.cpp][info] Looking for Trace/enu_enubias_585_param_584_Trace from file /scratch/abipeake/March2026/Easter_finerxsecbinning_sat11ththapril_robbinsmonroemore2/chain_trimmed_last10M_MCMC_Diag.root
[PlotMCMCDiag.cpp][info] Trace/enu_enubias_586_param_585_Trace
[PlotMCMCDiag.cpp][warning] continuing along my way for Trace
[PlotMCMCDiag.cpp][info] Looking for Trace/enu_enubias_586_param_585_Trace from file /scratch/abipeake/March2026/Easter_finerxsecbinning_sat11ththapril_robbinsmonroemore2/chain_trimmed_last10M_MCMC_Diag.root
[PlotMCMCDiag.cpp][info] Trace/enu_enubias_587_param_586_Trace
[PlotMCMCDiag.cpp][warning] continuing along my way for Trace
[PlotMCMCDiag.cpp][info] Looking for Trace/enu_enubias_587_param_586_Trace from file /scratch/abipeake/March2026/Easter_finerxsecbinning_sat11ththapril_robbinsmonroemore2/chain_trimmed_last10M_MCMC_Diag.root
[PlotMCMCDiag.cpp][info] Trace/enu_enubias_588_param_587_Trace
[PlotMCMCDiag.cpp][warning] continuing along my way for Trace
[PlotMCMCDiag.cpp][info] Looking for Trace/enu_enubias_588_param_587_Trace from file /scratch/abipeake/March2026/Easter_finerxsecbinning_sat11ththapril_robbinsmonroemore2/chain_trimmed_last10M_MCMC_Diag.root
[PlotMCMCDiag.cpp][info] Trace/enu_enubias_589_param_588_Trace
[PlotMCMCDiag.cpp][warning] continuing along my way for Trace
[PlotMCMCDiag.cpp][info] Looking for Trace/enu_enubias_589_param_588_Trace from file /scratch/abipeake/March2026/Easter_finerxsecbinning_sat11ththapril_robbinsmonroemore2/chain_trimmed_last10M_MCMC_Diag.root
[PlotMCMCDiag.cpp][info] Trace/enu_enubias_590_param_589_Trace
[PlotMCMCDiag.cpp][warning] continuing along my way for Trace
[PlotMCMCDiag.cpp][info] Looking for Trace/enu_enubias_590_param_589_Trace from file /scratch/abipeake/March2026/Easter_finerxsecbinning_sat11ththapril_robbinsmonroemore2/chain_trimmed_last10M_MCMC_Diag.root
[PlotMCMCDiag.cpp][info] Trace/enu_enubias_591_param_590_Trace
[PlotMCMCDiag.cpp][warning] continuing along my way for Trace
[PlotMCMCDiag.cpp][info] Looking for Trace/enu_enubias_591_param_590_Trace from file /scratch/abipeake/March2026/Easter_finerxsecbinning_sat11ththapril_robbinsmonroemore2/chain_trimmed_last10M_MCMC_Diag.root
[PlotMCMCDiag.cpp][info] Trace/enu_enubias_592_param_591_Trace
[PlotMCMCDiag.cpp][warning] continuing along my way for Trace
[PlotMCMCDiag.cpp][info] Looking for Trace/enu_enubias_592_param_591_Trace from file /scratch/abipeake/March2026/Easter_finerxsecbinning_sat11ththapril_robbinsmonroemore2/chain_trimmed_last10M_MCMC_Diag.root
[PlotMCMCDiag.cpp][info] Trace/enu_enubias_593_param_592_Trace
[PlotMCMCDiag.cpp][warning] continuing along my way for Trace
[PlotMCMCDiag.cpp][info] Looking for Trace/enu_enubias_593_param_592_Trace from file /scratch/abipeake/March2026/Easter_finerxsecbinning_sat11ththapril_robbinsmonroemore2/chain_trimmed_last10M_MCMC_Diag.root
[PlotMCMCDiag.cpp][info] Trace/enu_enubias_594_param_593_Trace
[PlotMCMCDiag.cpp][warning] continuing along my way for Trace
[PlotMCMCDiag.cpp][info] Looking for Trace/enu_enubias_594_param_593_Trace from file /scratch/abipeake/March2026/Easter_finerxsecbinning_sat11ththapril_robbinsmonroemore2/chain_trimmed_last10M_MCMC_Diag.root
[PlotMCMCDiag.cpp][info] Trace/enu_enubias_595_param_594_Trace
[PlotMCMCDiag.cpp][warning] continuing along my way for Trace
[PlotMCMCDiag.cpp][info] Looking for Trace/enu_enubias_595_param_594_Trace from file /scratch/abipeake/March2026/Easter_finerxsecbinning_sat11ththapril_robbinsmonroemore2/chain_trimmed_last10M_MCMC_Diag.root
[PlotMCMCDiag.cpp][info] Trace/enu_enubias_596_param_595_Trace
[PlotMCMCDiag.cpp][warning] continuing along my way for Trace
[PlotMCMCDiag.cpp][info] Looking for Trace/enu_enubias_596_param_595_Trace from file /scratch/abipeake/March2026/Easter_finerxsecbinning_sat11ththapril_robbinsmonroemore2/chain_trimmed_last10M_MCMC_Diag.root
[PlotMCMCDiag.cpp][info] Trace/enu_enubias_597_param_596_Trace
[PlotMCMCDiag.cpp][warning] continuing along my way for Trace
[PlotMCMCDiag.cpp][info] Looking for Trace/enu_enubias_597_param_596_Trace from file /scratch/abipeake/March2026/Easter_finerxsecbinning_sat11ththapril_robbinsmonroemore2/chain_trimmed_last10M_MCMC_Diag.root
[PlotMCMCDiag.cpp][info] Trace/enu_enubias_598_param_597_Trace
[PlotMCMCDiag.cpp][warning] continuing along my way for Trace
[PlotMCMCDiag.cpp][info] Looking for Trace/enu_enubias_598_param_597_Trace from file /scratch/abipeake/March2026/Easter_finerxsecbinning_sat11ththapril_robbinsmonroemore2/chain_trimmed_last10M_MCMC_Diag.root
[PlotMCMCDiag.cpp][info] Trace/enu_enubias_599_param_598_Trace
[PlotMCMCDiag.cpp][warning] continuing along my way for Trace
[PlotMCMCDiag.cpp][info] Looking for Trace/enu_enubias_599_param_598_Trace from file /scratch/abipeake/March2026/Easter_finerxsecbinning_sat11ththapril_robbinsmonroemore2/chain_trimmed_last10M_MCMC_Diag.root
[PlotMCMCDiag.cpp][info] Trace/enu_enubias_600_param_599_Trace
[PlotMCMCDiag.cpp][warning] continuing along my way for Trace
[PlotMCMCDiag.cpp][info] Looking for Trace/enu_enubias_600_param_599_Trace from file /scratch/abipeake/March2026/Easter_finerxsecbinning_sat11ththapril_robbinsmonroemore2/chain_trimmed_last10M_MCMC_Diag.root
[PlotMCMCDiag.cpp][info] Trace/enu_enubias_601_param_600_Trace
[PlotMCMCDiag.cpp][warning] continuing along my way for Trace
[PlotMCMCDiag.cpp][info] Looking for Trace/enu_enubias_601_param_600_Trace from file /scratch/abipeake/March2026/Easter_finerxsecbinning_sat11ththapril_robbinsmonroemore2/chain_trimmed_last10M_MCMC_Diag.root
[PlotMCMCDiag.cpp][info] Trace/enu_enubias_602_param_601_Trace
[PlotMCMCDiag.cpp][warning] continuing along my way for Trace
[PlotMCMCDiag.cpp][info] Looking for Trace/enu_enubias_602_param_601_Trace from file /scratch/abipeake/March2026/Easter_finerxsecbinning_sat11ththapril_robbinsmonroemore2/chain_trimmed_last10M_MCMC_Diag.root
[PlotMCMCDiag.cpp][info] Trace/enu_enubias_603_param_602_Trace
[PlotMCMCDiag.cpp][warning] continuing along my way for Trace
[PlotMCMCDiag.cpp][info] Looking for Trace/enu_enubias_603_param_602_Trace from file /scratch/abipeake/March2026/Easter_finerxsecbinning_sat11ththapril_robbinsmonroemore2/chain_trimmed_last10M_MCMC_Diag.root
[PlotMCMCDiag.cpp][info] Trace/enu_enubias_604_param_603_Trace
[PlotMCMCDiag.cpp][warning] continuing along my way for Trace
[PlotMCMCDiag.cpp][info] Looking for Trace/enu_enubias_604_param_603_Trace from file /scratch/abipeake/March2026/Easter_finerxsecbinning_sat11ththapril_robbinsmonroemore2/chain_trimmed_last10M_MCMC_Diag.root
[PlotMCMCDiag.cpp][info] Trace/enu_enubias_605_param_604_Trace
[PlotMCMCDiag.cpp][warning] continuing along my way for Trace
[PlotMCMCDiag.cpp][info] Looking for Trace/enu_enubias_605_param_604_Trace from file /scratch/abipeake/March2026/Easter_finerxsecbinning_sat11ththapril_robbinsmonroemore2/chain_trimmed_last10M_MCMC_Diag.root
[PlotMCMCDiag.cpp][info] Trace/enu_enubias_606_param_605_Trace
[PlotMCMCDiag.cpp][warning] continuing along my way for Trace
[PlotMCMCDiag.cpp][info] Looking for Trace/enu_enubias_606_param_605_Trace from file /scratch/abipeake/March2026/Easter_finerxsecbinning_sat11ththapril_robbinsmonroemore2/chain_trimmed_last10M_MCMC_Diag.root
[PlotMCMCDiag.cpp][info] Trace/enu_enubias_607_param_606_Trace
[PlotMCMCDiag.cpp][warning] continuing along my way for Trace
[PlotMCMCDiag.cpp][info] Looking for Trace/enu_enubias_607_param_606_Trace from file /scratch/abipeake/March2026/Easter_finerxsecbinning_sat11ththapril_robbinsmonroemore2/chain_trimmed_last10M_MCMC_Diag.root
[PlotMCMCDiag.cpp][info] Trace/enu_enubias_608_param_607_Trace
[PlotMCMCDiag.cpp][warning] continuing along my way for Trace
[PlotMCMCDiag.cpp][info] Looking for Trace/enu_enubias_608_param_607_Trace from file /scratch/abipeake/March2026/Easter_finerxsecbinning_sat11ththapril_robbinsmonroemore2/chain_trimmed_last10M_MCMC_Diag.root
[PlotMCMCDiag.cpp][info] Trace/enu_enubias_609_param_608_Trace
[PlotMCMCDiag.cpp][warning] continuing along my way for Trace
[PlotMCMCDiag.cpp][info] Looking for Trace/enu_enubias_609_param_608_Trace from file /scratch/abipeake/March2026/Easter_finerxsecbinning_sat11ththapril_robbinsmonroemore2/chain_trimmed_last10M_MCMC_Diag.root
[PlotMCMCDiag.cpp][info] Trace/enu_enubias_610_param_609_Trace
[PlotMCMCDiag.cpp][warning] continuing along my way for Trace
[PlotMCMCDiag.cpp][info] Looking for Trace/enu_enubias_610_param_609_Trace from file /scratch/abipeake/March2026/Easter_finerxsecbinning_sat11ththapril_robbinsmonroemore2/chain_trimmed_last10M_MCMC_Diag.root
[PlotMCMCDiag.cpp][info] Trace/enu_enubias_611_param_610_Trace
[PlotMCMCDiag.cpp][warning] continuing along my way for Trace
[PlotMCMCDiag.cpp][info] Looking for Trace/enu_enubias_611_param_610_Trace from file /scratch/abipeake/March2026/Easter_finerxsecbinning_sat11ththapril_robbinsmonroemore2/chain_trimmed_last10M_MCMC_Diag.root
[PlotMCMCDiag.cpp][info] Trace/enu_enubias_612_param_611_Trace
[PlotMCMCDiag.cpp][warning] continuing along my way for Trace
[PlotMCMCDiag.cpp][info] Looking for Trace/enu_enubias_612_param_611_Trace from file /scratch/abipeake/March2026/Easter_finerxsecbinning_sat11ththapril_robbinsmonroemore2/chain_trimmed_last10M_MCMC_Diag.root
[PlotMCMCDiag.cpp][info] Trace/enu_enubias_613_param_612_Trace
[PlotMCMCDiag.cpp][warning] continuing along my way for Trace
[PlotMCMCDiag.cpp][info] Looking for Trace/enu_enubias_613_param_612_Trace from file /scratch/abipeake/March2026/Easter_finerxsecbinning_sat11ththapril_robbinsmonroemore2/chain_trimmed_last10M_MCMC_Diag.root
[PlotMCMCDiag.cpp][info] Trace/enu_enubias_614_param_613_Trace
[PlotMCMCDiag.cpp][warning] continuing along my way for Trace
[PlotMCMCDiag.cpp][info] Looking for Trace/enu_enubias_614_param_613_Trace from file /scratch/abipeake/March2026/Easter_finerxsecbinning_sat11ththapril_robbinsmonroemore2/chain_trimmed_last10M_MCMC_Diag.root
[PlotMCMCDiag.cpp][info] Trace/enu_enubias_615_param_614_Trace
[PlotMCMCDiag.cpp][warning] continuing along my way for Trace
[PlotMCMCDiag.cpp][info] Looking for Trace/enu_enubias_615_param_614_Trace from file /scratch/abipeake/March2026/Easter_finerxsecbinning_sat11ththapril_robbinsmonroemore2/chain_trimmed_last10M_MCMC_Diag.root
[PlotMCMCDiag.cpp][info] Trace/enu_enubias_616_param_615_Trace
[PlotMCMCDiag.cpp][warning] continuing along my way for Trace
[PlotMCMCDiag.cpp][info] Looking for Trace/enu_enubias_616_param_615_Trace from file /scratch/abipeake/March2026/Easter_finerxsecbinning_sat11ththapril_robbinsmonroemore2/chain_trimmed_last10M_MCMC_Diag.root
[PlotMCMCDiag.cpp][info] Trace/enu_enubias_617_param_616_Trace
[PlotMCMCDiag.cpp][warning] continuing along my way for Trace
[PlotMCMCDiag.cpp][info] Looking for Trace/enu_enubias_617_param_616_Trace from file /scratch/abipeake/March2026/Easter_finerxsecbinning_sat11ththapril_robbinsmonroemore2/chain_trimmed_last10M_MCMC_Diag.root
[PlotMCMCDiag.cpp][info] Trace/enu_enubias_618_param_617_Trace
[PlotMCMCDiag.cpp][warning] continuing along my way for Trace
[PlotMCMCDiag.cpp][info] Looking for Trace/enu_enubias_618_param_617_Trace from file /scratch/abipeake/March2026/Easter_finerxsecbinning_sat11ththapril_robbinsmonroemore2/chain_trimmed_last10M_MCMC_Diag.root
[PlotMCMCDiag.cpp][info] Trace/enu_enubias_619_param_618_Trace
[PlotMCMCDiag.cpp][warning] continuing along my way for Trace
[PlotMCMCDiag.cpp][info] Looking for Trace/enu_enubias_619_param_618_Trace from file /scratch/abipeake/March2026/Easter_finerxsecbinning_sat11ththapril_robbinsmonroemore2/chain_trimmed_last10M_MCMC_Diag.root
[PlotMCMCDiag.cpp][info] Trace/enu_enubias_620_param_619_Trace
[PlotMCMCDiag.cpp][warning] continuing along my way for Trace
[PlotMCMCDiag.cpp][info] Looking for Trace/enu_enubias_620_param_619_Trace from file /scratch/abipeake/March2026/Easter_finerxsecbinning_sat11ththapril_robbinsmonroemore2/chain_trimmed_last10M_MCMC_Diag.root
[PlotMCMCDiag.cpp][info] Trace/enu_enubias_621_param_620_Trace
[PlotMCMCDiag.cpp][warning] continuing along my way for Trace
[PlotMCMCDiag.cpp][info] Looking for Trace/enu_enubias_621_param_620_Trace from file /scratch/abipeake/March2026/Easter_finerxsecbinning_sat11ththapril_robbinsmonroemore2/chain_trimmed_last10M_MCMC_Diag.root
[PlotMCMCDiag.cpp][info] Trace/enu_enubias_622_param_621_Trace
[PlotMCMCDiag.cpp][warning] continuing along my way for Trace
[PlotMCMCDiag.cpp][info] Looking for Trace/enu_enubias_622_param_621_Trace from file /scratch/abipeake/March2026/Easter_finerxsecbinning_sat11ththapril_robbinsmonroemore2/chain_trimmed_last10M_MCMC_Diag.root
[PlotMCMCDiag.cpp][info] Trace/enu_enubias_623_param_622_Trace
[PlotMCMCDiag.cpp][warning] continuing along my way for Trace
[PlotMCMCDiag.cpp][info] Looking for Trace/enu_enubias_623_param_622_Trace from file /scratch/abipeake/March2026/Easter_finerxsecbinning_sat11ththapril_robbinsmonroemore2/chain_trimmed_last10M_MCMC_Diag.root
[PlotMCMCDiag.cpp][info] Trace/enu_enubias_624_param_623_Trace
[PlotMCMCDiag.cpp][warning] continuing along my way for Trace
[PlotMCMCDiag.cpp][info] Looking for Trace/enu_enubias_624_param_623_Trace from file /scratch/abipeake/March2026/Easter_finerxsecbinning_sat11ththapril_robbinsmonroemore2/chain_trimmed_last10M_MCMC_Diag.root
[PlotMCMCDiag.cpp][info] Trace/enu_enubias_625_param_624_Trace
[PlotMCMCDiag.cpp][warning] continuing along my way for Trace
[PlotMCMCDiag.cpp][info] Looking for Trace/enu_enubias_625_param_624_Trace from file /scratch/abipeake/March2026/Easter_finerxsecbinning_sat11ththapril_robbinsmonroemore2/chain_trimmed_last10M_MCMC_Diag.root
[PlotMCMCDiag.cpp][info] Trace/enu_enubias_626_param_625_Trace
[PlotMCMCDiag.cpp][warning] continuing along my way for Trace
[PlotMCMCDiag.cpp][info] Looking for Trace/enu_enubias_626_param_625_Trace from file /scratch/abipeake/March2026/Easter_finerxsecbinning_sat11ththapril_robbinsmonroemore2/chain_trimmed_last10M_MCMC_Diag.root
[PlotMCMCDiag.cpp][info] Trace/enu_enubias_627_param_626_Trace
[PlotMCMCDiag.cpp][warning] continuing along my way for Trace
[PlotMCMCDiag.cpp][info] Looking for Trace/enu_enubias_627_param_626_Trace from file /scratch/abipeake/March2026/Easter_finerxsecbinning_sat11ththapril_robbinsmonroemore2/chain_trimmed_last10M_MCMC_Diag.root
[PlotMCMCDiag.cpp][info] Trace/enu_enubias_628_param_627_Trace
[PlotMCMCDiag.cpp][warning] continuing along my way for Trace
[PlotMCMCDiag.cpp][info] Looking for Trace/enu_enubias_628_param_627_Trace from file /scratch/abipeake/March2026/Easter_finerxsecbinning_sat11ththapril_robbinsmonroemore2/chain_trimmed_last10M_MCMC_Diag.root
[PlotMCMCDiag.cpp][info] Trace/enu_enubias_629_param_628_Trace
[PlotMCMCDiag.cpp][warning] continuing along my way for Trace
[PlotMCMCDiag.cpp][info] Looking for Trace/enu_enubias_629_param_628_Trace from file /scratch/abipeake/March2026/Easter_finerxsecbinning_sat11ththapril_robbinsmonroemore2/chain_trimmed_last10M_MCMC_Diag.root
[PlotMCMCDiag.cpp][info] Trace/enu_enubias_630_param_629_Trace
[PlotMCMCDiag.cpp][warning] continuing along my way for Trace
[PlotMCMCDiag.cpp][info] Looking for Trace/enu_enubias_630_param_629_Trace from file /scratch/abipeake/March2026/Easter_finerxsecbinning_sat11ththapril_robbinsmonroemore2/chain_trimmed_last10M_MCMC_Diag.root
[PlotMCMCDiag.cpp][info] Trace/enu_enubias_631_param_630_Trace
[PlotMCMCDiag.cpp][warning] continuing along my way for Trace
[PlotMCMCDiag.cpp][info] Looking for Trace/enu_enubias_631_param_630_Trace from file /scratch/abipeake/March2026/Easter_finerxsecbinning_sat11ththapril_robbinsmonroemore2/chain_trimmed_last10M_MCMC_Diag.root
[PlotMCMCDiag.cpp][info] Trace/enu_enubias_632_param_631_Trace
[PlotMCMCDiag.cpp][warning] continuing along my way for Trace
[PlotMCMCDiag.cpp][info] Looking for Trace/enu_enubias_632_param_631_Trace from file /scratch/abipeake/March2026/Easter_finerxsecbinning_sat11ththapril_robbinsmonroemore2/chain_trimmed_last10M_MCMC_Diag.root
[PlotMCMCDiag.cpp][info] Trace/enu_enubias_633_param_632_Trace
[PlotMCMCDiag.cpp][warning] continuing along my way for Trace
[PlotMCMCDiag.cpp][info] Looking for Trace/enu_enubias_633_param_632_Trace from file /scratch/abipeake/March2026/Easter_finerxsecbinning_sat11ththapril_robbinsmonroemore2/chain_trimmed_last10M_MCMC_Diag.root
[PlotMCMCDiag.cpp][info] Trace/enu_enubias_634_param_633_Trace
[PlotMCMCDiag.cpp][warning] continuing along my way for Trace
[PlotMCMCDiag.cpp][info] Looking for Trace/enu_enubias_634_param_633_Trace from file /scratch/abipeake/March2026/Easter_finerxsecbinning_sat11ththapril_robbinsmonroemore2/chain_trimmed_last10M_MCMC_Diag.root
[PlotMCMCDiag.cpp][info] Trace/enu_enubias_635_param_634_Trace
[PlotMCMCDiag.cpp][warning] continuing along my way for Trace
[PlotMCMCDiag.cpp][info] Looking for Trace/enu_enubias_635_param_634_Trace from file /scratch/abipeake/March2026/Easter_finerxsecbinning_sat11ththapril_robbinsmonroemore2/chain_trimmed_last10M_MCMC_Diag.root
[PlotMCMCDiag.cpp][info] Trace/enu_enubias_636_param_635_Trace
[PlotMCMCDiag.cpp][warning] continuing along my way for Trace
[PlotMCMCDiag.cpp][info] Looking for Trace/enu_enubias_636_param_635_Trace from file /scratch/abipeake/March2026/Easter_finerxsecbinning_sat11ththapril_robbinsmonroemore2/chain_trimmed_last10M_MCMC_Diag.root
[PlotMCMCDiag.cpp][info] Trace/enu_enubias_637_param_636_Trace
[PlotMCMCDiag.cpp][warning] continuing along my way for Trace
[PlotMCMCDiag.cpp][info] Looking for Trace/enu_enubias_637_param_636_Trace from file /scratch/abipeake/March2026/Easter_finerxsecbinning_sat11ththapril_robbinsmonroemore2/chain_trimmed_last10M_MCMC_Diag.root
[PlotMCMCDiag.cpp][info] Trace/enu_enubias_638_param_637_Trace
[PlotMCMCDiag.cpp][warning] continuing along my way for Trace
[PlotMCMCDiag.cpp][info] Looking for Trace/enu_enubias_638_param_637_Trace from file /scratch/abipeake/March2026/Easter_finerxsecbinning_sat11ththapril_robbinsmonroemore2/chain_trimmed_last10M_MCMC_Diag.root
[PlotMCMCDiag.cpp][info] Trace/enu_enubias_639_param_638_Trace
[PlotMCMCDiag.cpp][warning] continuing along my way for Trace
[PlotMCMCDiag.cpp][info] Looking for Trace/enu_enubias_639_param_638_Trace from file /scratch/abipeake/March2026/Easter_finerxsecbinning_sat11ththapril_robbinsmonroemore2/chain_trimmed_last10M_MCMC_Diag.root
[PlotMCMCDiag.cpp][info] Trace/enu_enubias_640_param_639_Trace
[PlotMCMCDiag.cpp][warning] continuing along my way for Trace
[PlotMCMCDiag.cpp][info] Looking for Trace/enu_enubias_640_param_639_Trace from file /scratch/abipeake/March2026/Easter_finerxsecbinning_sat11ththapril_robbinsmonroemore2/chain_trimmed_last10M_MCMC_Diag.root
[PlotMCMCDiag.cpp][info] Trace/enu_enubias_641_param_640_Trace
[PlotMCMCDiag.cpp][warning] continuing along my way for Trace
[PlotMCMCDiag.cpp][info] Looking for Trace/enu_enubias_641_param_640_Trace from file /scratch/abipeake/March2026/Easter_finerxsecbinning_sat11ththapril_robbinsmonroemore2/chain_trimmed_last10M_MCMC_Diag.root
[PlotMCMCDiag.cpp][info] Trace/enu_enubias_642_param_641_Trace
[PlotMCMCDiag.cpp][warning] continuing along my way for Trace
[PlotMCMCDiag.cpp][info] Looking for Trace/enu_enubias_642_param_641_Trace from file /scratch/abipeake/March2026/Easter_finerxsecbinning_sat11ththapril_robbinsmonroemore2/chain_trimmed_last10M_MCMC_Diag.root
[PlotMCMCDiag.cpp][info] Trace/enu_enubias_643_param_642_Trace
[PlotMCMCDiag.cpp][warning] continuing along my way for Trace
[PlotMCMCDiag.cpp][info] Looking for Trace/enu_enubias_643_param_642_Trace from file /scratch/abipeake/March2026/Easter_finerxsecbinning_sat11ththapril_robbinsmonroemore2/chain_trimmed_last10M_MCMC_Diag.root
[PlotMCMCDiag.cpp][info] Trace/enu_enubias_644_param_643_Trace
[PlotMCMCDiag.cpp][warning] continuing along my way for Trace
[PlotMCMCDiag.cpp][info] Looking for Trace/enu_enubias_644_param_643_Trace from file /scratch/abipeake/March2026/Easter_finerxsecbinning_sat11ththapril_robbinsmonroemore2/chain_trimmed_last10M_MCMC_Diag.root
[PlotMCMCDiag.cpp][info] Trace/enu_enubias_645_param_644_Trace
[PlotMCMCDiag.cpp][warning] continuing along my way for Trace
[PlotMCMCDiag.cpp][info] Looking for Trace/enu_enubias_645_param_644_Trace from file /scratch/abipeake/March2026/Easter_finerxsecbinning_sat11ththapril_robbinsmonroemore2/chain_trimmed_last10M_MCMC_Diag.root
[PlotMCMCDiag.cpp][info] Trace/enu_enubias_646_param_645_Trace
[PlotMCMCDiag.cpp][warning] continuing along my way for Trace
[PlotMCMCDiag.cpp][info] Looking for Trace/enu_enubias_646_param_645_Trace from file /scratch/abipeake/March2026/Easter_finerxsecbinning_sat11ththapril_robbinsmonroemore2/chain_trimmed_last10M_MCMC_Diag.root
[PlotMCMCDiag.cpp][info] Trace/enu_enubias_647_param_646_Trace
[PlotMCMCDiag.cpp][warning] continuing along my way for Trace
[PlotMCMCDiag.cpp][info] Looking for Trace/enu_enubias_647_param_646_Trace from file /scratch/abipeake/March2026/Easter_finerxsecbinning_sat11ththapril_robbinsmonroemore2/chain_trimmed_last10M_MCMC_Diag.root
[PlotMCMCDiag.cpp][info] Trace/enu_enubias_648_param_647_Trace
[PlotMCMCDiag.cpp][warning] continuing along my way for Trace
[PlotMCMCDiag.cpp][info] Looking for Trace/enu_enubias_648_param_647_Trace from file /scratch/abipeake/March2026/Easter_finerxsecbinning_sat11ththapril_robbinsmonroemore2/chain_trimmed_last10M_MCMC_Diag.root
[PlotMCMCDiag.cpp][info] Trace/enu_enubias_649_param_648_Trace
[PlotMCMCDiag.cpp][warning] continuing along my way for Trace
[PlotMCMCDiag.cpp][info] Looking for Trace/enu_enubias_649_param_648_Trace from file /scratch/abipeake/March2026/Easter_finerxsecbinning_sat11ththapril_robbinsmonroemore2/chain_trimmed_last10M_MCMC_Diag.root
[PlotMCMCDiag.cpp][info] Trace/enu_enubias_650_param_649_Trace
[PlotMCMCDiag.cpp][warning] continuing along my way for Trace
[PlotMCMCDiag.cpp][info] Looking for Trace/enu_enubias_650_param_649_Trace from file /scratch/abipeake/March2026/Easter_finerxsecbinning_sat11ththapril_robbinsmonroemore2/chain_trimmed_last10M_MCMC_Diag.root
[PlotMCMCDiag.cpp][info] Trace/enu_enubias_651_param_650_Trace
[PlotMCMCDiag.cpp][warning] continuing along my way for Trace
[PlotMCMCDiag.cpp][info] Looking for Trace/enu_enubias_651_param_650_Trace from file /scratch/abipeake/March2026/Easter_finerxsecbinning_sat11ththapril_robbinsmonroemore2/chain_trimmed_last10M_MCMC_Diag.root
[PlotMCMCDiag.cpp][info] Trace/enu_enubias_652_param_651_Trace
[PlotMCMCDiag.cpp][warning] continuing along my way for Trace
[PlotMCMCDiag.cpp][info] Looking for Trace/enu_enubias_652_param_651_Trace from file /scratch/abipeake/March2026/Easter_finerxsecbinning_sat11ththapril_robbinsmonroemore2/chain_trimmed_last10M_MCMC_Diag.root
[PlotMCMCDiag.cpp][info] Trace/enu_enubias_653_param_652_Trace
[PlotMCMCDiag.cpp][warning] continuing along my way for Trace
[PlotMCMCDiag.cpp][info] Looking for Trace/enu_enubias_653_param_652_Trace from file /scratch/abipeake/March2026/Easter_finerxsecbinning_sat11ththapril_robbinsmonroemore2/chain_trimmed_last10M_MCMC_Diag.root
[PlotMCMCDiag.cpp][info] Trace/enu_enubias_654_param_653_Trace
[PlotMCMCDiag.cpp][warning] continuing along my way for Trace
[PlotMCMCDiag.cpp][info] Looking for Trace/enu_enubias_654_param_653_Trace from file /scratch/abipeake/March2026/Easter_finerxsecbinning_sat11ththapril_robbinsmonroemore2/chain_trimmed_last10M_MCMC_Diag.root
[PlotMCMCDiag.cpp][info] Trace/enu_enubias_655_param_654_Trace
[PlotMCMCDiag.cpp][warning] continuing along my way for Trace
[PlotMCMCDiag.cpp][info] Looking for Trace/enu_enubias_655_param_654_Trace from file /scratch/abipeake/March2026/Easter_finerxsecbinning_sat11ththapril_robbinsmonroemore2/chain_trimmed_last10M_MCMC_Diag.root
[PlotMCMCDiag.cpp][info] Trace/enu_enubias_656_param_655_Trace
[PlotMCMCDiag.cpp][warning] continuing along my way for Trace
[PlotMCMCDiag.cpp][info] Looking for Trace/enu_enubias_656_param_655_Trace from file /scratch/abipeake/March2026/Easter_finerxsecbinning_sat11ththapril_robbinsmonroemore2/chain_trimmed_last10M_MCMC_Diag.root
[PlotMCMCDiag.cpp][info] Trace/enu_enubias_657_param_656_Trace
[PlotMCMCDiag.cpp][warning] continuing along my way for Trace
[PlotMCMCDiag.cpp][info] Looking for Trace/enu_enubias_657_param_656_Trace from file /scratch/abipeake/March2026/Easter_finerxsecbinning_sat11ththapril_robbinsmonroemore2/chain_trimmed_last10M_MCMC_Diag.root
[PlotMCMCDiag.cpp][info] Trace/enu_enubias_658_param_657_Trace
[PlotMCMCDiag.cpp][warning] continuing along my way for Trace
[PlotMCMCDiag.cpp][info] Looking for Trace/enu_enubias_658_param_657_Trace from file /scratch/abipeake/March2026/Easter_finerxsecbinning_sat11ththapril_robbinsmonroemore2/chain_trimmed_last10M_MCMC_Diag.root
[PlotMCMCDiag.cpp][info] Trace/enu_enubias_659_param_658_Trace
[PlotMCMCDiag.cpp][warning] continuing along my way for Trace
[PlotMCMCDiag.cpp][info] Looking for Trace/enu_enubias_659_param_658_Trace from file /scratch/abipeake/March2026/Easter_finerxsecbinning_sat11ththapril_robbinsmonroemore2/chain_trimmed_last10M_MCMC_Diag.root
[PlotMCMCDiag.cpp][info] Trace/enu_enubias_660_param_659_Trace
[PlotMCMCDiag.cpp][warning] continuing along my way for Trace
[PlotMCMCDiag.cpp][info] Looking for Trace/enu_enubias_660_param_659_Trace from file /scratch/abipeake/March2026/Easter_finerxsecbinning_sat11ththapril_robbinsmonroemore2/chain_trimmed_last10M_MCMC_Diag.root
[PlotMCMCDiag.cpp][info] Trace/enu_enubias_661_param_660_Trace
[PlotMCMCDiag.cpp][warning] continuing along my way for Trace
[PlotMCMCDiag.cpp][info] Looking for Trace/enu_enubias_661_param_660_Trace from file /scratch/abipeake/March2026/Easter_finerxsecbinning_sat11ththapril_robbinsmonroemore2/chain_trimmed_last10M_MCMC_Diag.root
[PlotMCMCDiag.cpp][info] Trace/enu_enubias_662_param_661_Trace
[PlotMCMCDiag.cpp][warning] continuing along my way for Trace
[PlotMCMCDiag.cpp][info] Looking for Trace/enu_enubias_662_param_661_Trace from file /scratch/abipeake/March2026/Easter_finerxsecbinning_sat11ththapril_robbinsmonroemore2/chain_trimmed_last10M_MCMC_Diag.root
[PlotMCMCDiag.cpp][info] Trace/enu_enubias_663_param_662_Trace
[PlotMCMCDiag.cpp][warning] continuing along my way for Trace
[PlotMCMCDiag.cpp][info] Looking for Trace/enu_enubias_663_param_662_Trace from file /scratch/abipeake/March2026/Easter_finerxsecbinning_sat11ththapril_robbinsmonroemore2/chain_trimmed_last10M_MCMC_Diag.root
[PlotMCMCDiag.cpp][info] Trace/enu_enubias_664_param_663_Trace
[PlotMCMCDiag.cpp][warning] continuing along my way for Trace
[PlotMCMCDiag.cpp][info] Looking for Trace/enu_enubias_664_param_663_Trace from file /scratch/abipeake/March2026/Easter_finerxsecbinning_sat11ththapril_robbinsmonroemore2/chain_trimmed_last10M_MCMC_Diag.root
[PlotMCMCDiag.cpp][info] Trace/enu_enubias_665_param_664_Trace
[PlotMCMCDiag.cpp][warning] continuing along my way for Trace
[PlotMCMCDiag.cpp][info] Looking for Trace/enu_enubias_665_param_664_Trace from file /scratch/abipeake/March2026/Easter_finerxsecbinning_sat11ththapril_robbinsmonroemore2/chain_trimmed_last10M_MCMC_Diag.root
[PlotMCMCDiag.cpp][info] Trace/enu_enubias_666_param_665_Trace
[PlotMCMCDiag.cpp][warning] continuing along my way for Trace
[PlotMCMCDiag.cpp][info] Looking for Trace/enu_enubias_666_param_665_Trace from file /scratch/abipeake/March2026/Easter_finerxsecbinning_sat11ththapril_robbinsmonroemore2/chain_trimmed_last10M_MCMC_Diag.root
[PlotMCMCDiag.cpp][info] Trace/enu_enubias_667_param_666_Trace
[PlotMCMCDiag.cpp][warning] continuing along my way for Trace
[PlotMCMCDiag.cpp][info] Looking for Trace/enu_enubias_667_param_666_Trace from file /scratch/abipeake/March2026/Easter_finerxsecbinning_sat11ththapril_robbinsmonroemore2/chain_trimmed_last10M_MCMC_Diag.root
[PlotMCMCDiag.cpp][info] Trace/enu_enubias_668_param_667_Trace
[PlotMCMCDiag.cpp][warning] continuing along my way for Trace
[PlotMCMCDiag.cpp][info] Looking for Trace/enu_enubias_668_param_667_Trace from file /scratch/abipeake/March2026/Easter_finerxsecbinning_sat11ththapril_robbinsmonroemore2/chain_trimmed_last10M_MCMC_Diag.root
[PlotMCMCDiag.cpp][info] Trace/enu_enubias_669_param_668_Trace
[PlotMCMCDiag.cpp][warning] continuing along my way for Trace
[PlotMCMCDiag.cpp][info] Looking for Trace/enu_enubias_669_param_668_Trace from file /scratch/abipeake/March2026/Easter_finerxsecbinning_sat11ththapril_robbinsmonroemore2/chain_trimmed_last10M_MCMC_Diag.root
[PlotMCMCDiag.cpp][info] Trace/enu_enubias_670_param_669_Trace
[PlotMCMCDiag.cpp][warning] continuing along my way for Trace
[PlotMCMCDiag.cpp][info] Looking for Trace/enu_enubias_670_param_669_Trace from file /scratch/abipeake/March2026/Easter_finerxsecbinning_sat11ththapril_robbinsmonroemore2/chain_trimmed_last10M_MCMC_Diag.root
[PlotMCMCDiag.cpp][info] Trace/enu_enubias_671_param_670_Trace
[PlotMCMCDiag.cpp][warning] continuing along my way for Trace
[PlotMCMCDiag.cpp][info] Looking for Trace/enu_enubias_671_param_670_Trace from file /scratch/abipeake/March2026/Easter_finerxsecbinning_sat11ththapril_robbinsmonroemore2/chain_trimmed_last10M_MCMC_Diag.root
[PlotMCMCDiag.cpp][info] Trace/enu_enubias_672_param_671_Trace
[PlotMCMCDiag.cpp][warning] continuing along my way for Trace
[PlotMCMCDiag.cpp][info] Looking for Trace/enu_enubias_672_param_671_Trace from file /scratch/abipeake/March2026/Easter_finerxsecbinning_sat11ththapril_robbinsmonroemore2/chain_trimmed_last10M_MCMC_Diag.root
[PlotMCMCDiag.cpp][info] Trace/enu_enubias_673_param_672_Trace
[PlotMCMCDiag.cpp][warning] continuing along my way for Trace
[PlotMCMCDiag.cpp][info] Looking for Trace/enu_enubias_673_param_672_Trace from file /scratch/abipeake/March2026/Easter_finerxsecbinning_sat11ththapril_robbinsmonroemore2/chain_trimmed_last10M_MCMC_Diag.root
[PlotMCMCDiag.cpp][info] Trace/enu_enubias_674_param_673_Trace
[PlotMCMCDiag.cpp][warning] continuing along my way for Trace
[PlotMCMCDiag.cpp][info] Looking for Trace/enu_enubias_674_param_673_Trace from file /scratch/abipeake/March2026/Easter_finerxsecbinning_sat11ththapril_robbinsmonroemore2/chain_trimmed_last10M_MCMC_Diag.root
[PlotMCMCDiag.cpp][info] Trace/enu_enubias_675_param_674_Trace
[PlotMCMCDiag.cpp][warning] continuing along my way for Trace
[PlotMCMCDiag.cpp][info] Looking for Trace/enu_enubias_675_param_674_Trace from file /scratch/abipeake/March2026/Easter_finerxsecbinning_sat11ththapril_robbinsmonroemore2/chain_trimmed_last10M_MCMC_Diag.root
[PlotMCMCDiag.cpp][info] Trace/enu_enubias_676_param_675_Trace
[PlotMCMCDiag.cpp][warning] continuing along my way for Trace
[PlotMCMCDiag.cpp][info] Looking for Trace/enu_enubias_676_param_675_Trace from file /scratch/abipeake/March2026/Easter_finerxsecbinning_sat11ththapril_robbinsmonroemore2/chain_trimmed_last10M_MCMC_Diag.root
[PlotMCMCDiag.cpp][info] Trace/enu_enubias_677_param_676_Trace
[PlotMCMCDiag.cpp][warning] continuing along my way for Trace
[PlotMCMCDiag.cpp][info] Looking for Trace/enu_enubias_677_param_676_Trace from file /scratch/abipeake/March2026/Easter_finerxsecbinning_sat11ththapril_robbinsmonroemore2/chain_trimmed_last10M_MCMC_Diag.root
[PlotMCMCDiag.cpp][info] Trace/enu_enubias_678_param_677_Trace
[PlotMCMCDiag.cpp][warning] continuing along my way for Trace
[PlotMCMCDiag.cpp][info] Looking for Trace/enu_enubias_678_param_677_Trace from file /scratch/abipeake/March2026/Easter_finerxsecbinning_sat11ththapril_robbinsmonroemore2/chain_trimmed_last10M_MCMC_Diag.root
[PlotMCMCDiag.cpp][info] Trace/enu_enubias_679_param_678_Trace
[PlotMCMCDiag.cpp][warning] continuing along my way for Trace
[PlotMCMCDiag.cpp][info] Looking for Trace/enu_enubias_679_param_678_Trace from file /scratch/abipeake/March2026/Easter_finerxsecbinning_sat11ththapril_robbinsmonroemore2/chain_trimmed_last10M_MCMC_Diag.root
[PlotMCMCDiag.cpp][info] Trace/enu_enubias_680_param_679_Trace
[PlotMCMCDiag.cpp][warning] continuing along my way for Trace
[PlotMCMCDiag.cpp][info] Looking for Trace/enu_enubias_680_param_679_Trace from file /scratch/abipeake/March2026/Easter_finerxsecbinning_sat11ththapril_robbinsmonroemore2/chain_trimmed_last10M_MCMC_Diag.root
[PlotMCMCDiag.cpp][info] Trace/enu_enubias_681_param_680_Trace
[PlotMCMCDiag.cpp][warning] continuing along my way for Trace
[PlotMCMCDiag.cpp][info] Looking for Trace/enu_enubias_681_param_680_Trace from file /scratch/abipeake/March2026/Easter_finerxsecbinning_sat11ththapril_robbinsmonroemore2/chain_trimmed_last10M_MCMC_Diag.root
[PlotMCMCDiag.cpp][info] Trace/enu_enubias_682_param_681_Trace
[PlotMCMCDiag.cpp][warning] continuing along my way for Trace
[PlotMCMCDiag.cpp][info] Looking for Trace/enu_enubias_682_param_681_Trace from file /scratch/abipeake/March2026/Easter_finerxsecbinning_sat11ththapril_robbinsmonroemore2/chain_trimmed_last10M_MCMC_Diag.root
[PlotMCMCDiag.cpp][info] Trace/enu_enubias_683_param_682_Trace
[PlotMCMCDiag.cpp][warning] continuing along my way for Trace
[PlotMCMCDiag.cpp][info] Looking for Trace/enu_enubias_683_param_682_Trace from file /scratch/abipeake/March2026/Easter_finerxsecbinning_sat11ththapril_robbinsmonroemore2/chain_trimmed_last10M_MCMC_Diag.root
[PlotMCMCDiag.cpp][info] Trace/enu_enubias_684_param_683_Trace
[PlotMCMCDiag.cpp][warning] continuing along my way for Trace
[PlotMCMCDiag.cpp][info] Looking for Trace/enu_enubias_684_param_683_Trace from file /scratch/abipeake/March2026/Easter_finerxsecbinning_sat11ththapril_robbinsmonroemore2/chain_trimmed_last10M_MCMC_Diag.root
[PlotMCMCDiag.cpp][info] Trace/enu_enubias_685_param_684_Trace
[PlotMCMCDiag.cpp][warning] continuing along my way for Trace
[PlotMCMCDiag.cpp][info] Looking for Trace/enu_enubias_685_param_684_Trace from file /scratch/abipeake/March2026/Easter_finerxsecbinning_sat11ththapril_robbinsmonroemore2/chain_trimmed_last10M_MCMC_Diag.root
[PlotMCMCDiag.cpp][info] Trace/enu_enubias_686_param_685_Trace
[PlotMCMCDiag.cpp][warning] continuing along my way for Trace
[PlotMCMCDiag.cpp][info] Looking for Trace/enu_enubias_686_param_685_Trace from file /scratch/abipeake/March2026/Easter_finerxsecbinning_sat11ththapril_robbinsmonroemore2/chain_trimmed_last10M_MCMC_Diag.root
[PlotMCMCDiag.cpp][info] Trace/enu_enubias_687_param_686_Trace
[PlotMCMCDiag.cpp][warning] continuing along my way for Trace
[PlotMCMCDiag.cpp][info] Looking for Trace/enu_enubias_687_param_686_Trace from file /scratch/abipeake/March2026/Easter_finerxsecbinning_sat11ththapril_robbinsmonroemore2/chain_trimmed_last10M_MCMC_Diag.root
[PlotMCMCDiag.cpp][info] Trace/enu_enubias_688_param_687_Trace
[PlotMCMCDiag.cpp][warning] continuing along my way for Trace
[PlotMCMCDiag.cpp][info] Looking for Trace/enu_enubias_688_param_687_Trace from file /scratch/abipeake/March2026/Easter_finerxsecbinning_sat11ththapril_robbinsmonroemore2/chain_trimmed_last10M_MCMC_Diag.root
[PlotMCMCDiag.cpp][info] Trace/enu_enubias_689_param_688_Trace
[PlotMCMCDiag.cpp][warning] continuing along my way for Trace
[PlotMCMCDiag.cpp][info] Looking for Trace/enu_enubias_689_param_688_Trace from file /scratch/abipeake/March2026/Easter_finerxsecbinning_sat11ththapril_robbinsmonroemore2/chain_trimmed_last10M_MCMC_Diag.root
[PlotMCMCDiag.cpp][info] Trace/enu_enubias_690_param_689_Trace
[PlotMCMCDiag.cpp][warning] continuing along my way for Trace
[PlotMCMCDiag.cpp][info] Looking for Trace/enu_enubias_690_param_689_Trace from file /scratch/abipeake/March2026/Easter_finerxsecbinning_sat11ththapril_robbinsmonroemore2/chain_trimmed_last10M_MCMC_Diag.root
[PlotMCMCDiag.cpp][info] Trace/enu_enubias_691_param_690_Trace
[PlotMCMCDiag.cpp][warning] continuing along my way for Trace
[PlotMCMCDiag.cpp][info] Looking for Trace/enu_enubias_691_param_690_Trace from file /scratch/abipeake/March2026/Easter_finerxsecbinning_sat11ththapril_robbinsmonroemore2/chain_trimmed_last10M_MCMC_Diag.root
[PlotMCMCDiag.cpp][info] Trace/enu_enubias_692_param_691_Trace
[PlotMCMCDiag.cpp][warning] continuing along my way for Trace
[PlotMCMCDiag.cpp][info] Looking for Trace/enu_enubias_692_param_691_Trace from file /scratch/abipeake/March2026/Easter_finerxsecbinning_sat11ththapril_robbinsmonroemore2/chain_trimmed_last10M_MCMC_Diag.root
[PlotMCMCDiag.cpp][info] Trace/enu_enubias_693_param_692_Trace
[PlotMCMCDiag.cpp][warning] continuing along my way for Trace
[PlotMCMCDiag.cpp][info] Looking for Trace/enu_enubias_693_param_692_Trace from file /scratch/abipeake/March2026/Easter_finerxsecbinning_sat11ththapril_robbinsmonroemore2/chain_trimmed_last10M_MCMC_Diag.root
[PlotMCMCDiag.cpp][info] Trace/enu_enubias_694_param_693_Trace
[PlotMCMCDiag.cpp][warning] continuing along my way for Trace
[PlotMCMCDiag.cpp][info] Looking for Trace/enu_enubias_694_param_693_Trace from file /scratch/abipeake/March2026/Easter_finerxsecbinning_sat11ththapril_robbinsmonroemore2/chain_trimmed_last10M_MCMC_Diag.root
[PlotMCMCDiag.cpp][info] Trace/enu_enubias_695_param_694_Trace
[PlotMCMCDiag.cpp][warning] continuing along my way for Trace
[PlotMCMCDiag.cpp][info] Looking for Trace/enu_enubias_695_param_694_Trace from file /scratch/abipeake/March2026/Easter_finerxsecbinning_sat11ththapril_robbinsmonroemore2/chain_trimmed_last10M_MCMC_Diag.root
[PlotMCMCDiag.cpp][info] Trace/enu_enubias_696_param_695_Trace
[PlotMCMCDiag.cpp][warning] continuing along my way for Trace
[PlotMCMCDiag.cpp][info] Looking for Trace/enu_enubias_696_param_695_Trace from file /scratch/abipeake/March2026/Easter_finerxsecbinning_sat11ththapril_robbinsmonroemore2/chain_trimmed_last10M_MCMC_Diag.root
[PlotMCMCDiag.cpp][info] Trace/enu_enubias_697_param_696_Trace
[PlotMCMCDiag.cpp][warning] continuing along my way for Trace
[PlotMCMCDiag.cpp][info] Looking for Trace/enu_enubias_697_param_696_Trace from file /scratch/abipeake/March2026/Easter_finerxsecbinning_sat11ththapril_robbinsmonroemore2/chain_trimmed_last10M_MCMC_Diag.root
[PlotMCMCDiag.cpp][info] Trace/enu_enubias_698_param_697_Trace
[PlotMCMCDiag.cpp][warning] continuing along my way for Trace
[PlotMCMCDiag.cpp][info] Looking for Trace/enu_enubias_698_param_697_Trace from file /scratch/abipeake/March2026/Easter_finerxsecbinning_sat11ththapril_robbinsmonroemore2/chain_trimmed_last10M_MCMC_Diag.root
[PlotMCMCDiag.cpp][info] Trace/enu_enubias_699_param_698_Trace
[PlotMCMCDiag.cpp][warning] continuing along my way for Trace
[PlotMCMCDiag.cpp][info] Looking for Trace/enu_enubias_699_param_698_Trace from file /scratch/abipeake/March2026/Easter_finerxsecbinning_sat11ththapril_robbinsmonroemore2/chain_trimmed_last10M_MCMC_Diag.root
[PlotMCMCDiag.cpp][info] Trace/enu_enubias_700_param_699_Trace
[PlotMCMCDiag.cpp][warning] continuing along my way for Trace
[PlotMCMCDiag.cpp][info] Looking for Trace/enu_enubias_700_param_699_Trace from file /scratch/abipeake/March2026/Easter_finerxsecbinning_sat11ththapril_robbinsmonroemore2/chain_trimmed_last10M_MCMC_Diag.root
[PlotMCMCDiag.cpp][info] Trace/enu_enubias_701_param_700_Trace
[PlotMCMCDiag.cpp][warning] continuing along my way for Trace
[PlotMCMCDiag.cpp][info] Looking for Trace/enu_enubias_701_param_700_Trace from file /scratch/abipeake/March2026/Easter_finerxsecbinning_sat11ththapril_robbinsmonroemore2/chain_trimmed_last10M_MCMC_Diag.root
[PlotMCMCDiag.cpp][info] Trace/enu_enubias_702_param_701_Trace
[PlotMCMCDiag.cpp][warning] continuing along my way for Trace
[PlotMCMCDiag.cpp][info] Looking for Trace/enu_enubias_702_param_701_Trace from file /scratch/abipeake/March2026/Easter_finerxsecbinning_sat11ththapril_robbinsmonroemore2/chain_trimmed_last10M_MCMC_Diag.root
[PlotMCMCDiag.cpp][info] Trace/enu_enubias_703_param_702_Trace
[PlotMCMCDiag.cpp][warning] continuing along my way for Trace
[PlotMCMCDiag.cpp][info] Looking for Trace/enu_enubias_703_param_702_Trace from file /scratch/abipeake/March2026/Easter_finerxsecbinning_sat11ththapril_robbinsmonroemore2/chain_trimmed_last10M_MCMC_Diag.root
[PlotMCMCDiag.cpp][info] Trace/enu_enubias_704_param_703_Trace
[PlotMCMCDiag.cpp][warning] continuing along my way for Trace
[PlotMCMCDiag.cpp][info] Looking for Trace/enu_enubias_704_param_703_Trace from file /scratch/abipeake/March2026/Easter_finerxsecbinning_sat11ththapril_robbinsmonroemore2/chain_trimmed_last10M_MCMC_Diag.root
[PlotMCMCDiag.cpp][info] Trace/enu_enubias_705_param_704_Trace
[PlotMCMCDiag.cpp][warning] continuing along my way for Trace
[PlotMCMCDiag.cpp][info] Looking for Trace/enu_enubias_705_param_704_Trace from file /scratch/abipeake/March2026/Easter_finerxsecbinning_sat11ththapril_robbinsmonroemore2/chain_trimmed_last10M_MCMC_Diag.root
[PlotMCMCDiag.cpp][info] Trace/enu_enubias_706_param_705_Trace
[PlotMCMCDiag.cpp][warning] continuing along my way for Trace
[PlotMCMCDiag.cpp][info] Looking for Trace/enu_enubias_706_param_705_Trace from file /scratch/abipeake/March2026/Easter_finerxsecbinning_sat11ththapril_robbinsmonroemore2/chain_trimmed_last10M_MCMC_Diag.root
[PlotMCMCDiag.cpp][info] Trace/enu_enubias_707_param_706_Trace
[PlotMCMCDiag.cpp][warning] continuing along my way for Trace
[PlotMCMCDiag.cpp][info] Looking for Trace/enu_enubias_707_param_706_Trace from file /scratch/abipeake/March2026/Easter_finerxsecbinning_sat11ththapril_robbinsmonroemore2/chain_trimmed_last10M_MCMC_Diag.root
[PlotMCMCDiag.cpp][info] Trace/enu_enubias_708_param_707_Trace
[PlotMCMCDiag.cpp][warning] continuing along my way for Trace
[PlotMCMCDiag.cpp][info] Looking for Trace/enu_enubias_708_param_707_Trace from file /scratch/abipeake/March2026/Easter_finerxsecbinning_sat11ththapril_robbinsmonroemore2/chain_trimmed_last10M_MCMC_Diag.root
[PlotMCMCDiag.cpp][info] Trace/enu_enubias_709_param_708_Trace
[PlotMCMCDiag.cpp][warning] continuing along my way for Trace
[PlotMCMCDiag.cpp][info] Looking for Trace/enu_enubias_709_param_708_Trace from file /scratch/abipeake/March2026/Easter_finerxsecbinning_sat11ththapril_robbinsmonroemore2/chain_trimmed_last10M_MCMC_Diag.root
[PlotMCMCDiag.cpp][info] Trace/enu_enubias_710_param_709_Trace
[PlotMCMCDiag.cpp][warning] continuing along my way for Trace
[PlotMCMCDiag.cpp][info] Looking for Trace/enu_enubias_710_param_709_Trace from file /scratch/abipeake/March2026/Easter_finerxsecbinning_sat11ththapril_robbinsmonroemore2/chain_trimmed_last10M_MCMC_Diag.root
[PlotMCMCDiag.cpp][info] Trace/enu_enubias_711_param_710_Trace
[PlotMCMCDiag.cpp][warning] continuing along my way for Trace
[PlotMCMCDiag.cpp][info] Looking for Trace/enu_enubias_711_param_710_Trace from file /scratch/abipeake/March2026/Easter_finerxsecbinning_sat11ththapril_robbinsmonroemore2/chain_trimmed_last10M_MCMC_Diag.root
[PlotMCMCDiag.cpp][info] Trace/enu_enubias_712_param_711_Trace
[PlotMCMCDiag.cpp][warning] continuing along my way for Trace
[PlotMCMCDiag.cpp][info] Looking for Trace/enu_enubias_712_param_711_Trace from file /scratch/abipeake/March2026/Easter_finerxsecbinning_sat11ththapril_robbinsmonroemore2/chain_trimmed_last10M_MCMC_Diag.root
[PlotMCMCDiag.cpp][info] Trace/enu_enubias_713_param_712_Trace
[PlotMCMCDiag.cpp][warning] continuing along my way for Trace
[PlotMCMCDiag.cpp][info] Looking for Trace/enu_enubias_713_param_712_Trace from file /scratch/abipeake/March2026/Easter_finerxsecbinning_sat11ththapril_robbinsmonroemore2/chain_trimmed_last10M_MCMC_Diag.root
[PlotMCMCDiag.cpp][info] Trace/enu_enubias_714_param_713_Trace
[PlotMCMCDiag.cpp][warning] continuing along my way for Trace
[PlotMCMCDiag.cpp][info] Looking for Trace/enu_enubias_714_param_713_Trace from file /scratch/abipeake/March2026/Easter_finerxsecbinning_sat11ththapril_robbinsmonroemore2/chain_trimmed_last10M_MCMC_Diag.root
[PlotMCMCDiag.cpp][info] Trace/enu_enubias_715_param_714_Trace
[PlotMCMCDiag.cpp][warning] continuing along my way for Trace
[PlotMCMCDiag.cpp][info] Looking for Trace/enu_enubias_715_param_714_Trace from file /scratch/abipeake/March2026/Easter_finerxsecbinning_sat11ththapril_robbinsmonroemore2/chain_trimmed_last10M_MCMC_Diag.root
[PlotMCMCDiag.cpp][info] Trace/enu_enubias_716_param_715_Trace
[PlotMCMCDiag.cpp][warning] continuing along my way for Trace
[PlotMCMCDiag.cpp][info] Looking for Trace/enu_enubias_716_param_715_Trace from file /scratch/abipeake/March2026/Easter_finerxsecbinning_sat11ththapril_robbinsmonroemore2/chain_trimmed_last10M_MCMC_Diag.root
[PlotMCMCDiag.cpp][info] Trace/enu_enubias_717_param_716_Trace
[PlotMCMCDiag.cpp][warning] continuing along my way for Trace
[PlotMCMCDiag.cpp][info] Looking for Trace/enu_enubias_717_param_716_Trace from file /scratch/abipeake/March2026/Easter_finerxsecbinning_sat11ththapril_robbinsmonroemore2/chain_trimmed_last10M_MCMC_Diag.root
[PlotMCMCDiag.cpp][info] Trace/enu_enubias_718_param_717_Trace
[PlotMCMCDiag.cpp][warning] continuing along my way for Trace
[PlotMCMCDiag.cpp][info] Looking for Trace/enu_enubias_718_param_717_Trace from file /scratch/abipeake/March2026/Easter_finerxsecbinning_sat11ththapril_robbinsmonroemore2/chain_trimmed_last10M_MCMC_Diag.root
[PlotMCMCDiag.cpp][info] Trace/enu_enubias_719_param_718_Trace
[PlotMCMCDiag.cpp][warning] continuing along my way for Trace
[PlotMCMCDiag.cpp][info] Looking for Trace/enu_enubias_719_param_718_Trace from file /scratch/abipeake/March2026/Easter_finerxsecbinning_sat11ththapril_robbinsmonroemore2/chain_trimmed_last10M_MCMC_Diag.root
[PlotMCMCDiag.cpp][info] Trace/enu_enubias_720_param_719_Trace
[PlotMCMCDiag.cpp][warning] continuing along my way for Trace
[PlotMCMCDiag.cpp][info] Looking for Trace/enu_enubias_720_param_719_Trace from file /scratch/abipeake/March2026/Easter_finerxsecbinning_sat11ththapril_robbinsmonroemore2/chain_trimmed_last10M_MCMC_Diag.root
[PlotMCMCDiag.cpp][info] Trace/enu_enubias_721_param_720_Trace
[PlotMCMCDiag.cpp][warning] continuing along my way for Trace
[PlotMCMCDiag.cpp][info] Looking for Trace/enu_enubias_721_param_720_Trace from file /scratch/abipeake/March2026/Easter_finerxsecbinning_sat11ththapril_robbinsmonroemore2/chain_trimmed_last10M_MCMC_Diag.root
[PlotMCMCDiag.cpp][info] Trace/enu_enubias_722_param_721_Trace
[PlotMCMCDiag.cpp][warning] continuing along my way for Trace
[PlotMCMCDiag.cpp][info] Looking for Trace/enu_enubias_722_param_721_Trace from file /scratch/abipeake/March2026/Easter_finerxsecbinning_sat11ththapril_robbinsmonroemore2/chain_trimmed_last10M_MCMC_Diag.root
[PlotMCMCDiag.cpp][info] Trace/enu_enubias_723_param_722_Trace
[PlotMCMCDiag.cpp][warning] continuing along my way for Trace
[PlotMCMCDiag.cpp][info] Looking for Trace/enu_enubias_723_param_722_Trace from file /scratch/abipeake/March2026/Easter_finerxsecbinning_sat11ththapril_robbinsmonroemore2/chain_trimmed_last10M_MCMC_Diag.root
[PlotMCMCDiag.cpp][info] Trace/enu_enubias_724_param_723_Trace
[PlotMCMCDiag.cpp][warning] continuing along my way for Trace
[PlotMCMCDiag.cpp][info] Looking for Trace/enu_enubias_724_param_723_Trace from file /scratch/abipeake/March2026/Easter_finerxsecbinning_sat11ththapril_robbinsmonroemore2/chain_trimmed_last10M_MCMC_Diag.root
[PlotMCMCDiag.cpp][info] Trace/enu_enubias_725_param_724_Trace
[PlotMCMCDiag.cpp][warning] continuing along my way for Trace
[PlotMCMCDiag.cpp][info] Looking for Trace/enu_enubias_725_param_724_Trace from file /scratch/abipeake/March2026/Easter_finerxsecbinning_sat11ththapril_robbinsmonroemore2/chain_trimmed_last10M_MCMC_Diag.root
[PlotMCMCDiag.cpp][info] Trace/enu_enubias_726_param_725_Trace
[PlotMCMCDiag.cpp][warning] continuing along my way for Trace
[PlotMCMCDiag.cpp][info] Looking for Trace/enu_enubias_726_param_725_Trace from file /scratch/abipeake/March2026/Easter_finerxsecbinning_sat11ththapril_robbinsmonroemore2/chain_trimmed_last10M_MCMC_Diag.root
[PlotMCMCDiag.cpp][info] Trace/enu_enubias_727_param_726_Trace
[PlotMCMCDiag.cpp][warning] continuing along my way for Trace
[PlotMCMCDiag.cpp][info] Looking for Trace/enu_enubias_727_param_726_Trace from file /scratch/abipeake/March2026/Easter_finerxsecbinning_sat11ththapril_robbinsmonroemore2/chain_trimmed_last10M_MCMC_Diag.root
[PlotMCMCDiag.cpp][info] Trace/enu_enubias_728_param_727_Trace
[PlotMCMCDiag.cpp][warning] continuing along my way for Trace
[PlotMCMCDiag.cpp][info] Looking for Trace/enu_enubias_728_param_727_Trace from file /scratch/abipeake/March2026/Easter_finerxsecbinning_sat11ththapril_robbinsmonroemore2/chain_trimmed_last10M_MCMC_Diag.root
[PlotMCMCDiag.cpp][info] Trace/enu_enubias_729_param_728_Trace
[PlotMCMCDiag.cpp][warning] continuing along my way for Trace
[PlotMCMCDiag.cpp][info] Looking for Trace/enu_enubias_729_param_728_Trace from file /scratch/abipeake/March2026/Easter_finerxsecbinning_sat11ththapril_robbinsmonroemore2/chain_trimmed_last10M_MCMC_Diag.root
[PlotMCMCDiag.cpp][info] Trace/enu_enubias_730_param_729_Trace
[PlotMCMCDiag.cpp][warning] continuing along my way for Trace
[PlotMCMCDiag.cpp][info] Looking for Trace/enu_enubias_730_param_729_Trace from file /scratch/abipeake/March2026/Easter_finerxsecbinning_sat11ththapril_robbinsmonroemore2/chain_trimmed_last10M_MCMC_Diag.root
[PlotMCMCDiag.cpp][info] Trace/enu_enubias_731_param_730_Trace
[PlotMCMCDiag.cpp][warning] continuing along my way for Trace
[PlotMCMCDiag.cpp][info] Looking for Trace/enu_enubias_731_param_730_Trace from file /scratch/abipeake/March2026/Easter_finerxsecbinning_sat11ththapril_robbinsmonroemore2/chain_trimmed_last10M_MCMC_Diag.root
[PlotMCMCDiag.cpp][info] Trace/enu_enubias_732_param_731_Trace
[PlotMCMCDiag.cpp][warning] continuing along my way for Trace
[PlotMCMCDiag.cpp][info] Looking for Trace/enu_enubias_732_param_731_Trace from file /scratch/abipeake/March2026/Easter_finerxsecbinning_sat11ththapril_robbinsmonroemore2/chain_trimmed_last10M_MCMC_Diag.root
[PlotMCMCDiag.cpp][info] Trace/enu_enubias_733_param_732_Trace
[PlotMCMCDiag.cpp][warning] continuing along my way for Trace
[PlotMCMCDiag.cpp][info] Looking for Trace/enu_enubias_733_param_732_Trace from file /scratch/abipeake/March2026/Easter_finerxsecbinning_sat11ththapril_robbinsmonroemore2/chain_trimmed_last10M_MCMC_Diag.root
[PlotMCMCDiag.cpp][info] Trace/enu_enubias_734_param_733_Trace
[PlotMCMCDiag.cpp][warning] continuing along my way for Trace
[PlotMCMCDiag.cpp][info] Looking for Trace/enu_enubias_734_param_733_Trace from file /scratch/abipeake/March2026/Easter_finerxsecbinning_sat11ththapril_robbinsmonroemore2/chain_trimmed_last10M_MCMC_Diag.root
[PlotMCMCDiag.cpp][info] Trace/enu_enubias_735_param_734_Trace
[PlotMCMCDiag.cpp][warning] continuing along my way for Trace
[PlotMCMCDiag.cpp][info] Looking for Trace/enu_enubias_735_param_734_Trace from file /scratch/abipeake/March2026/Easter_finerxsecbinning_sat11ththapril_robbinsmonroemore2/chain_trimmed_last10M_MCMC_Diag.root
[PlotMCMCDiag.cpp][info] Trace/enu_enubias_736_param_735_Trace
[PlotMCMCDiag.cpp][warning] continuing along my way for Trace
[PlotMCMCDiag.cpp][info] Looking for Trace/enu_enubias_736_param_735_Trace from file /scratch/abipeake/March2026/Easter_finerxsecbinning_sat11ththapril_robbinsmonroemore2/chain_trimmed_last10M_MCMC_Diag.root
[PlotMCMCDiag.cpp][info] Trace/enu_enubias_737_param_736_Trace
[PlotMCMCDiag.cpp][warning] continuing along my way for Trace
[PlotMCMCDiag.cpp][info] Looking for Trace/enu_enubias_737_param_736_Trace from file /scratch/abipeake/March2026/Easter_finerxsecbinning_sat11ththapril_robbinsmonroemore2/chain_trimmed_last10M_MCMC_Diag.root
[PlotMCMCDiag.cpp][info] Trace/enu_enubias_738_param_737_Trace
[PlotMCMCDiag.cpp][warning] continuing along my way for Trace
[PlotMCMCDiag.cpp][info] Looking for Trace/enu_enubias_738_param_737_Trace from file /scratch/abipeake/March2026/Easter_finerxsecbinning_sat11ththapril_robbinsmonroemore2/chain_trimmed_last10M_MCMC_Diag.root
[PlotMCMCDiag.cpp][info] Trace/enu_enubias_739_param_738_Trace
[PlotMCMCDiag.cpp][warning] continuing along my way for Trace
[PlotMCMCDiag.cpp][info] Looking for Trace/enu_enubias_739_param_738_Trace from file /scratch/abipeake/March2026/Easter_finerxsecbinning_sat11ththapril_robbinsmonroemore2/chain_trimmed_last10M_MCMC_Diag.root
[PlotMCMCDiag.cpp][info] Trace/enu_enubias_740_param_739_Trace
[PlotMCMCDiag.cpp][warning] continuing along my way for Trace
[PlotMCMCDiag.cpp][info] Looking for Trace/enu_enubias_740_param_739_Trace from file /scratch/abipeake/March2026/Easter_finerxsecbinning_sat11ththapril_robbinsmonroemore2/chain_trimmed_last10M_MCMC_Diag.root
[PlotMCMCDiag.cpp][info] Trace/enu_enubias_741_param_740_Trace
[PlotMCMCDiag.cpp][warning] continuing along my way for Trace
[PlotMCMCDiag.cpp][info] Looking for Trace/enu_enubias_741_param_740_Trace from file /scratch/abipeake/March2026/Easter_finerxsecbinning_sat11ththapril_robbinsmonroemore2/chain_trimmed_last10M_MCMC_Diag.root
[PlotMCMCDiag.cpp][info] Trace/enu_enubias_742_param_741_Trace
[PlotMCMCDiag.cpp][warning] continuing along my way for Trace
[PlotMCMCDiag.cpp][info] Looking for Trace/enu_enubias_742_param_741_Trace from file /scratch/abipeake/March2026/Easter_finerxsecbinning_sat11ththapril_robbinsmonroemore2/chain_trimmed_last10M_MCMC_Diag.root
[PlotMCMCDiag.cpp][info] Trace/enu_enubias_743_param_742_Trace
[PlotMCMCDiag.cpp][warning] continuing along my way for Trace
[PlotMCMCDiag.cpp][info] Looking for Trace/enu_enubias_743_param_742_Trace from file /scratch/abipeake/March2026/Easter_finerxsecbinning_sat11ththapril_robbinsmonroemore2/chain_trimmed_last10M_MCMC_Diag.root
[PlotMCMCDiag.cpp][info] Trace/enu_enubias_744_param_743_Trace
[PlotMCMCDiag.cpp][warning] continuing along my way for Trace
[PlotMCMCDiag.cpp][info] Looking for Trace/enu_enubias_744_param_743_Trace from file /scratch/abipeake/March2026/Easter_finerxsecbinning_sat11ththapril_robbinsmonroemore2/chain_trimmed_last10M_MCMC_Diag.root
[PlotMCMCDiag.cpp][info] Trace/enu_enubias_745_param_744_Trace
[PlotMCMCDiag.cpp][warning] continuing along my way for Trace
[PlotMCMCDiag.cpp][info] Looking for Trace/enu_enubias_745_param_744_Trace from file /scratch/abipeake/March2026/Easter_finerxsecbinning_sat11ththapril_robbinsmonroemore2/chain_trimmed_last10M_MCMC_Diag.root
[PlotMCMCDiag.cpp][info] Trace/enu_enubias_746_param_745_Trace
[PlotMCMCDiag.cpp][warning] continuing along my way for Trace
[PlotMCMCDiag.cpp][info] Looking for Trace/enu_enubias_746_param_745_Trace from file /scratch/abipeake/March2026/Easter_finerxsecbinning_sat11ththapril_robbinsmonroemore2/chain_trimmed_last10M_MCMC_Diag.root
[PlotMCMCDiag.cpp][info] Trace/enu_enubias_747_param_746_Trace
[PlotMCMCDiag.cpp][warning] continuing along my way for Trace
[PlotMCMCDiag.cpp][info] Looking for Trace/enu_enubias_747_param_746_Trace from file /scratch/abipeake/March2026/Easter_finerxsecbinning_sat11ththapril_robbinsmonroemore2/chain_trimmed_last10M_MCMC_Diag.root
[PlotMCMCDiag.cpp][info] Trace/enu_enubias_748_param_747_Trace
[PlotMCMCDiag.cpp][warning] continuing along my way for Trace
[PlotMCMCDiag.cpp][info] Looking for Trace/enu_enubias_748_param_747_Trace from file /scratch/abipeake/March2026/Easter_finerxsecbinning_sat11ththapril_robbinsmonroemore2/chain_trimmed_last10M_MCMC_Diag.root
[PlotMCMCDiag.cpp][info] Trace/enu_enubias_749_param_748_Trace
[PlotMCMCDiag.cpp][warning] continuing along my way for Trace
[PlotMCMCDiag.cpp][info] Looking for Trace/enu_enubias_749_param_748_Trace from file /scratch/abipeake/March2026/Easter_finerxsecbinning_sat11ththapril_robbinsmonroemore2/chain_trimmed_last10M_MCMC_Diag.root
[PlotMCMCDiag.cpp][info] Trace/enu_enubias_750_param_749_Trace
[PlotMCMCDiag.cpp][warning] continuing along my way for Trace
[PlotMCMCDiag.cpp][info] Looking for Trace/enu_enubias_750_param_749_Trace from file /scratch/abipeake/March2026/Easter_finerxsecbinning_sat11ththapril_robbinsmonroemore2/chain_trimmed_last10M_MCMC_Diag.root
[PlotMCMCDiag.cpp][info] Trace/enu_enubias_751_param_750_Trace
[PlotMCMCDiag.cpp][warning] continuing along my way for Trace
[PlotMCMCDiag.cpp][info] Looking for Trace/enu_enubias_751_param_750_Trace from file /scratch/abipeake/March2026/Easter_finerxsecbinning_sat11ththapril_robbinsmonroemore2/chain_trimmed_last10M_MCMC_Diag.root
[PlotMCMCDiag.cpp][info] Trace/enu_enubias_752_param_751_Trace
[PlotMCMCDiag.cpp][warning] continuing along my way for Trace
[PlotMCMCDiag.cpp][info] Looking for Trace/enu_enubias_752_param_751_Trace from file /scratch/abipeake/March2026/Easter_finerxsecbinning_sat11ththapril_robbinsmonroemore2/chain_trimmed_last10M_MCMC_Diag.root
[PlotMCMCDiag.cpp][info] Trace/enu_enubias_753_param_752_Trace
[PlotMCMCDiag.cpp][warning] continuing along my way for Trace
[PlotMCMCDiag.cpp][info] Looking for Trace/enu_enubias_753_param_752_Trace from file /scratch/abipeake/March2026/Easter_finerxsecbinning_sat11ththapril_robbinsmonroemore2/chain_trimmed_last10M_MCMC_Diag.root
[PlotMCMCDiag.cpp][info] Trace/enu_enubias_754_param_753_Trace
[PlotMCMCDiag.cpp][warning] continuing along my way for Trace
[PlotMCMCDiag.cpp][info] Looking for Trace/enu_enubias_754_param_753_Trace from file /scratch/abipeake/March2026/Easter_finerxsecbinning_sat11ththapril_robbinsmonroemore2/chain_trimmed_last10M_MCMC_Diag.root
[PlotMCMCDiag.cpp][info] Trace/enu_enubias_755_param_754_Trace
[PlotMCMCDiag.cpp][warning] continuing along my way for Trace
[PlotMCMCDiag.cpp][info] Looking for Trace/enu_enubias_755_param_754_Trace from file /scratch/abipeake/March2026/Easter_finerxsecbinning_sat11ththapril_robbinsmonroemore2/chain_trimmed_last10M_MCMC_Diag.root
[PlotMCMCDiag.cpp][info] Trace/enu_enubias_756_param_755_Trace
[PlotMCMCDiag.cpp][warning] continuing along my way for Trace
[PlotMCMCDiag.cpp][info] Looking for Trace/enu_enubias_756_param_755_Trace from file /scratch/abipeake/March2026/Easter_finerxsecbinning_sat11ththapril_robbinsmonroemore2/chain_trimmed_last10M_MCMC_Diag.root
[PlotMCMCDiag.cpp][info] Trace/enu_enubias_757_param_756_Trace
[PlotMCMCDiag.cpp][warning] continuing along my way for Trace
[PlotMCMCDiag.cpp][info] Looking for Trace/enu_enubias_757_param_756_Trace from file /scratch/abipeake/March2026/Easter_finerxsecbinning_sat11ththapril_robbinsmonroemore2/chain_trimmed_last10M_MCMC_Diag.root
[PlotMCMCDiag.cpp][info] Trace/enu_enubias_758_param_757_Trace
[PlotMCMCDiag.cpp][warning] continuing along my way for Trace
[PlotMCMCDiag.cpp][info] Looking for Trace/enu_enubias_758_param_757_Trace from file /scratch/abipeake/March2026/Easter_finerxsecbinning_sat11ththapril_robbinsmonroemore2/chain_trimmed_last10M_MCMC_Diag.root
[PlotMCMCDiag.cpp][info] Trace/enu_enubias_759_param_758_Trace
[PlotMCMCDiag.cpp][warning] continuing along my way for Trace
[PlotMCMCDiag.cpp][info] Looking for Trace/enu_enubias_759_param_758_Trace from file /scratch/abipeake/March2026/Easter_finerxsecbinning_sat11ththapril_robbinsmonroemore2/chain_trimmed_last10M_MCMC_Diag.root
[PlotMCMCDiag.cpp][info] Trace/enu_enubias_760_param_759_Trace
[PlotMCMCDiag.cpp][warning] continuing along my way for Trace
[PlotMCMCDiag.cpp][info] Looking for Trace/enu_enubias_760_param_759_Trace from file /scratch/abipeake/March2026/Easter_finerxsecbinning_sat11ththapril_robbinsmonroemore2/chain_trimmed_last10M_MCMC_Diag.root
[PlotMCMCDiag.cpp][info] Trace/enu_enubias_761_param_760_Trace
[PlotMCMCDiag.cpp][warning] continuing along my way for Trace
[PlotMCMCDiag.cpp][info] Looking for Trace/enu_enubias_761_param_760_Trace from file /scratch/abipeake/March2026/Easter_finerxsecbinning_sat11ththapril_robbinsmonroemore2/chain_trimmed_last10M_MCMC_Diag.root
[PlotMCMCDiag.cpp][info] Trace/enu_enubias_762_param_761_Trace
[PlotMCMCDiag.cpp][warning] continuing along my way for Trace
[PlotMCMCDiag.cpp][info] Looking for Trace/enu_enubias_762_param_761_Trace from file /scratch/abipeake/March2026/Easter_finerxsecbinning_sat11ththapril_robbinsmonroemore2/chain_trimmed_last10M_MCMC_Diag.root
[PlotMCMCDiag.cpp][info] Trace/enu_enubias_763_param_762_Trace
[PlotMCMCDiag.cpp][warning] continuing along my way for Trace
[PlotMCMCDiag.cpp][info] Looking for Trace/enu_enubias_763_param_762_Trace from file /scratch/abipeake/March2026/Easter_finerxsecbinning_sat11ththapril_robbinsmonroemore2/chain_trimmed_last10M_MCMC_Diag.root
[PlotMCMCDiag.cpp][info] Trace/enu_enubias_764_param_763_Trace
[PlotMCMCDiag.cpp][warning] continuing along my way for Trace
[PlotMCMCDiag.cpp][info] Looking for Trace/enu_enubias_764_param_763_Trace from file /scratch/abipeake/March2026/Easter_finerxsecbinning_sat11ththapril_robbinsmonroemore2/chain_trimmed_last10M_MCMC_Diag.root
[PlotMCMCDiag.cpp][info] Trace/enu_enubias_765_param_764_Trace
[PlotMCMCDiag.cpp][warning] continuing along my way for Trace
[PlotMCMCDiag.cpp][info] Looking for Trace/enu_enubias_765_param_764_Trace from file /scratch/abipeake/March2026/Easter_finerxsecbinning_sat11ththapril_robbinsmonroemore2/chain_trimmed_last10M_MCMC_Diag.root
[PlotMCMCDiag.cpp][info] Trace/enu_enubias_766_param_765_Trace
[PlotMCMCDiag.cpp][warning] continuing along my way for Trace
[PlotMCMCDiag.cpp][info] Looking for Trace/enu_enubias_766_param_765_Trace from file /scratch/abipeake/March2026/Easter_finerxsecbinning_sat11ththapril_robbinsmonroemore2/chain_trimmed_last10M_MCMC_Diag.root
[PlotMCMCDiag.cpp][info] Trace/enu_enubias_767_param_766_Trace
[PlotMCMCDiag.cpp][warning] continuing along my way for Trace
[PlotMCMCDiag.cpp][info] Looking for Trace/enu_enubias_767_param_766_Trace from file /scratch/abipeake/March2026/Easter_finerxsecbinning_sat11ththapril_robbinsmonroemore2/chain_trimmed_last10M_MCMC_Diag.root
[PlotMCMCDiag.cpp][info] Trace/enu_enubias_768_param_767_Trace
[PlotMCMCDiag.cpp][warning] continuing along my way for Trace
[PlotMCMCDiag.cpp][info] Looking for Trace/enu_enubias_768_param_767_Trace from file /scratch/abipeake/March2026/Easter_finerxsecbinning_sat11ththapril_robbinsmonroemore2/chain_trimmed_last10M_MCMC_Diag.root
[PlotMCMCDiag.cpp][info] Trace/enu_enubias_769_param_768_Trace
[PlotMCMCDiag.cpp][warning] continuing along my way for Trace
[PlotMCMCDiag.cpp][info] Looking for Trace/enu_enubias_769_param_768_Trace from file /scratch/abipeake/March2026/Easter_finerxsecbinning_sat11ththapril_robbinsmonroemore2/chain_trimmed_last10M_MCMC_Diag.root
[PlotMCMCDiag.cpp][info] Trace/enu_enubias_770_param_769_Trace
[PlotMCMCDiag.cpp][warning] continuing along my way for Trace
[PlotMCMCDiag.cpp][info] Looking for Trace/enu_enubias_770_param_769_Trace from file /scratch/abipeake/March2026/Easter_finerxsecbinning_sat11ththapril_robbinsmonroemore2/chain_trimmed_last10M_MCMC_Diag.root
[PlotMCMCDiag.cpp][info] Trace/enu_enubias_771_param_770_Trace
[PlotMCMCDiag.cpp][warning] continuing along my way for Trace
[PlotMCMCDiag.cpp][info] Looking for Trace/enu_enubias_771_param_770_Trace from file /scratch/abipeake/March2026/Easter_finerxsecbinning_sat11ththapril_robbinsmonroemore2/chain_trimmed_last10M_MCMC_Diag.root
[PlotMCMCDiag.cpp][info] Trace/enu_enubias_772_param_771_Trace
[PlotMCMCDiag.cpp][warning] continuing along my way for Trace
[PlotMCMCDiag.cpp][info] Looking for Trace/enu_enubias_772_param_771_Trace from file /scratch/abipeake/March2026/Easter_finerxsecbinning_sat11ththapril_robbinsmonroemore2/chain_trimmed_last10M_MCMC_Diag.root
[PlotMCMCDiag.cpp][info] Trace/enu_enubias_773_param_772_Trace
[PlotMCMCDiag.cpp][warning] continuing along my way for Trace
[PlotMCMCDiag.cpp][info] Looking for Trace/enu_enubias_773_param_772_Trace from file /scratch/abipeake/March2026/Easter_finerxsecbinning_sat11ththapril_robbinsmonroemore2/chain_trimmed_last10M_MCMC_Diag.root
[PlotMCMCDiag.cpp][info] Trace/enu_enubias_774_param_773_Trace
[PlotMCMCDiag.cpp][warning] continuing along my way for Trace
[PlotMCMCDiag.cpp][info] Looking for Trace/enu_enubias_774_param_773_Trace from file /scratch/abipeake/March2026/Easter_finerxsecbinning_sat11ththapril_robbinsmonroemore2/chain_trimmed_last10M_MCMC_Diag.root
[PlotMCMCDiag.cpp][info] Trace/enu_enubias_775_param_774_Trace
[PlotMCMCDiag.cpp][warning] continuing along my way for Trace
[PlotMCMCDiag.cpp][info] Looking for Trace/enu_enubias_775_param_774_Trace from file /scratch/abipeake/March2026/Easter_finerxsecbinning_sat11ththapril_robbinsmonroemore2/chain_trimmed_last10M_MCMC_Diag.root
[PlotMCMCDiag.cpp][info] Trace/enu_enubias_776_param_775_Trace
[PlotMCMCDiag.cpp][warning] continuing along my way for Trace
[PlotMCMCDiag.cpp][info] Looking for Trace/enu_enubias_776_param_775_Trace from file /scratch/abipeake/March2026/Easter_finerxsecbinning_sat11ththapril_robbinsmonroemore2/chain_trimmed_last10M_MCMC_Diag.root
[PlotMCMCDiag.cpp][info] Trace/enu_enubias_777_param_776_Trace
[PlotMCMCDiag.cpp][warning] continuing along my way for Trace
[PlotMCMCDiag.cpp][info] Looking for Trace/enu_enubias_777_param_776_Trace from file /scratch/abipeake/March2026/Easter_finerxsecbinning_sat11ththapril_robbinsmonroemore2/chain_trimmed_last10M_MCMC_Diag.root
[PlotMCMCDiag.cpp][info] Trace/enu_enubias_778_param_777_Trace
[PlotMCMCDiag.cpp][warning] continuing along my way for Trace
[PlotMCMCDiag.cpp][info] Looking for Trace/enu_enubias_778_param_777_Trace from file /scratch/abipeake/March2026/Easter_finerxsecbinning_sat11ththapril_robbinsmonroemore2/chain_trimmed_last10M_MCMC_Diag.root
[PlotMCMCDiag.cpp][info] Trace/enu_enubias_779_param_778_Trace
[PlotMCMCDiag.cpp][warning] continuing along my way for Trace
[PlotMCMCDiag.cpp][info] Looking for Trace/enu_enubias_779_param_778_Trace from file /scratch/abipeake/March2026/Easter_finerxsecbinning_sat11ththapril_robbinsmonroemore2/chain_trimmed_last10M_MCMC_Diag.root
[PlotMCMCDiag.cpp][info] Trace/enu_enubias_780_param_779_Trace
[PlotMCMCDiag.cpp][warning] continuing along my way for Trace
[PlotMCMCDiag.cpp][info] Looking for Trace/enu_enubias_780_param_779_Trace from file /scratch/abipeake/March2026/Easter_finerxsecbinning_sat11ththapril_robbinsmonroemore2/chain_trimmed_last10M_MCMC_Diag.root
[PlotMCMCDiag.cpp][info] Trace/enu_enubias_781_param_780_Trace
[PlotMCMCDiag.cpp][warning] continuing along my way for Trace
[PlotMCMCDiag.cpp][info] Looking for Trace/enu_enubias_781_param_780_Trace from file /scratch/abipeake/March2026/Easter_finerxsecbinning_sat11ththapril_robbinsmonroemore2/chain_trimmed_last10M_MCMC_Diag.root
[PlotMCMCDiag.cpp][info] Trace/enu_enubias_782_param_781_Trace
[PlotMCMCDiag.cpp][warning] continuing along my way for Trace
[PlotMCMCDiag.cpp][info] Looking for Trace/enu_enubias_782_param_781_Trace from file /scratch/abipeake/March2026/Easter_finerxsecbinning_sat11ththapril_robbinsmonroemore2/chain_trimmed_last10M_MCMC_Diag.root
[PlotMCMCDiag.cpp][info] Trace/enu_enubias_783_param_782_Trace
[PlotMCMCDiag.cpp][warning] continuing along my way for Trace
[PlotMCMCDiag.cpp][info] Looking for Trace/enu_enubias_783_param_782_Trace from file /scratch/abipeake/March2026/Easter_finerxsecbinning_sat11ththapril_robbinsmonroemore2/chain_trimmed_last10M_MCMC_Diag.root
[PlotMCMCDiag.cpp][info] Trace/enu_enubias_784_param_783_Trace
[PlotMCMCDiag.cpp][warning] continuing along my way for Trace
[PlotMCMCDiag.cpp][info] Looking for Trace/enu_enubias_784_param_783_Trace from file /scratch/abipeake/March2026/Easter_finerxsecbinning_sat11ththapril_robbinsmonroemore2/chain_trimmed_last10M_MCMC_Diag.root
[PlotMCMCDiag.cpp][info] Trace/enu_enubias_785_param_784_Trace
[PlotMCMCDiag.cpp][warning] continuing along my way for Trace
[PlotMCMCDiag.cpp][info] Looking for Trace/enu_enubias_785_param_784_Trace from file /scratch/abipeake/March2026/Easter_finerxsecbinning_sat11ththapril_robbinsmonroemore2/chain_trimmed_last10M_MCMC_Diag.root
[PlotMCMCDiag.cpp][info] Trace/enu_enubias_786_param_785_Trace
[PlotMCMCDiag.cpp][warning] continuing along my way for Trace
[PlotMCMCDiag.cpp][info] Looking for Trace/enu_enubias_786_param_785_Trace from file /scratch/abipeake/March2026/Easter_finerxsecbinning_sat11ththapril_robbinsmonroemore2/chain_trimmed_last10M_MCMC_Diag.root
[PlotMCMCDiag.cpp][info] Trace/enu_enubias_787_param_786_Trace
[PlotMCMCDiag.cpp][warning] continuing along my way for Trace
[PlotMCMCDiag.cpp][info] Looking for Trace/enu_enubias_787_param_786_Trace from file /scratch/abipeake/March2026/Easter_finerxsecbinning_sat11ththapril_robbinsmonroemore2/chain_trimmed_last10M_MCMC_Diag.root
[PlotMCMCDiag.cpp][info] Trace/enu_enubias_788_param_787_Trace
[PlotMCMCDiag.cpp][warning] continuing along my way for Trace
[PlotMCMCDiag.cpp][info] Looking for Trace/enu_enubias_788_param_787_Trace from file /scratch/abipeake/March2026/Easter_finerxsecbinning_sat11ththapril_robbinsmonroemore2/chain_trimmed_last10M_MCMC_Diag.root
[PlotMCMCDiag.cpp][info] Trace/enu_enubias_789_param_788_Trace
[PlotMCMCDiag.cpp][warning] continuing along my way for Trace
[PlotMCMCDiag.cpp][info] Looking for Trace/enu_enubias_789_param_788_Trace from file /scratch/abipeake/March2026/Easter_finerxsecbinning_sat11ththapril_robbinsmonroemore2/chain_trimmed_last10M_MCMC_Diag.root
[PlotMCMCDiag.cpp][info] Trace/enu_enubias_790_param_789_Trace
[PlotMCMCDiag.cpp][warning] continuing along my way for Trace
[PlotMCMCDiag.cpp][info] Looking for Trace/enu_enubias_790_param_789_Trace from file /scratch/abipeake/March2026/Easter_finerxsecbinning_sat11ththapril_robbinsmonroemore2/chain_trimmed_last10M_MCMC_Diag.root
[PlotMCMCDiag.cpp][info] Trace/enu_enubias_791_param_790_Trace
[PlotMCMCDiag.cpp][warning] continuing along my way for Trace
[PlotMCMCDiag.cpp][info] Looking for Trace/enu_enubias_791_param_790_Trace from file /scratch/abipeake/March2026/Easter_finerxsecbinning_sat11ththapril_robbinsmonroemore2/chain_trimmed_last10M_MCMC_Diag.root
[PlotMCMCDiag.cpp][info] Trace/enu_enubias_792_param_791_Trace
[PlotMCMCDiag.cpp][warning] continuing along my way for Trace
[PlotMCMCDiag.cpp][info] Looking for Trace/enu_enubias_792_param_791_Trace from file /scratch/abipeake/March2026/Easter_finerxsecbinning_sat11ththapril_robbinsmonroemore2/chain_trimmed_last10M_MCMC_Diag.root
[PlotMCMCDiag.cpp][info] Trace/enu_enubias_793_param_792_Trace
[PlotMCMCDiag.cpp][warning] continuing along my way for Trace
[PlotMCMCDiag.cpp][info] Looking for Trace/enu_enubias_793_param_792_Trace from file /scratch/abipeake/March2026/Easter_finerxsecbinning_sat11ththapril_robbinsmonroemore2/chain_trimmed_last10M_MCMC_Diag.root
[PlotMCMCDiag.cpp][info] Trace/enu_enubias_794_param_793_Trace
[PlotMCMCDiag.cpp][warning] continuing along my way for Trace
[PlotMCMCDiag.cpp][info] Looking for Trace/enu_enubias_794_param_793_Trace from file /scratch/abipeake/March2026/Easter_finerxsecbinning_sat11ththapril_robbinsmonroemore2/chain_trimmed_last10M_MCMC_Diag.root
[PlotMCMCDiag.cpp][info] Trace/enu_enubias_795_param_794_Trace
[PlotMCMCDiag.cpp][warning] continuing along my way for Trace
[PlotMCMCDiag.cpp][info] Looking for Trace/enu_enubias_795_param_794_Trace from file /scratch/abipeake/March2026/Easter_finerxsecbinning_sat11ththapril_robbinsmonroemore2/chain_trimmed_last10M_MCMC_Diag.root
[PlotMCMCDiag.cpp][info] Trace/enu_enubias_796_param_795_Trace
[PlotMCMCDiag.cpp][warning] continuing along my way for Trace
[PlotMCMCDiag.cpp][info] Looking for Trace/enu_enubias_796_param_795_Trace from file /scratch/abipeake/March2026/Easter_finerxsecbinning_sat11ththapril_robbinsmonroemore2/chain_trimmed_last10M_MCMC_Diag.root
[PlotMCMCDiag.cpp][info] Trace/enu_enubias_797_param_796_Trace
[PlotMCMCDiag.cpp][warning] continuing along my way for Trace
[PlotMCMCDiag.cpp][info] Looking for Trace/enu_enubias_797_param_796_Trace from file /scratch/abipeake/March2026/Easter_finerxsecbinning_sat11ththapril_robbinsmonroemore2/chain_trimmed_last10M_MCMC_Diag.root
[PlotMCMCDiag.cpp][info] Trace/enu_enubias_798_param_797_Trace
[PlotMCMCDiag.cpp][warning] continuing along my way for Trace
[PlotMCMCDiag.cpp][info] Looking for Trace/enu_enubias_798_param_797_Trace from file /scratch/abipeake/March2026/Easter_finerxsecbinning_sat11ththapril_robbinsmonroemore2/chain_trimmed_last10M_MCMC_Diag.root
[PlotMCMCDiag.cpp][info] Trace/enu_enubias_799_param_798_Trace
[PlotMCMCDiag.cpp][warning] continuing along my way for Trace
[PlotMCMCDiag.cpp][info] Looking for Trace/enu_enubias_799_param_798_Trace from file /scratch/abipeake/March2026/Easter_finerxsecbinning_sat11ththapril_robbinsmonroemore2/chain_trimmed_last10M_MCMC_Diag.root
[PlotMCMCDiag.cpp][info] Trace/enu_enubias_800_param_799_Trace
[PlotMCMCDiag.cpp][warning] continuing along my way for Trace
[PlotMCMCDiag.cpp][info] Looking for Trace/enu_enubias_800_param_799_Trace from file /scratch/abipeake/March2026/Easter_finerxsecbinning_sat11ththapril_robbinsmonroemore2/chain_trimmed_last10M_MCMC_Diag.root
[PlotMCMCDiag.cpp][info] Trace/enu_enubias_801_param_800_Trace
[PlotMCMCDiag.cpp][warning] continuing along my way for Trace
[PlotMCMCDiag.cpp][info] Looking for Trace/enu_enubias_801_param_800_Trace from file /scratch/abipeake/March2026/Easter_finerxsecbinning_sat11ththapril_robbinsmonroemore2/chain_trimmed_last10M_MCMC_Diag.root
[PlotMCMCDiag.cpp][info] Trace/enu_enubias_802_param_801_Trace
[PlotMCMCDiag.cpp][warning] continuing along my way for Trace
[PlotMCMCDiag.cpp][info] Looking for Trace/enu_enubias_802_param_801_Trace from file /scratch/abipeake/March2026/Easter_finerxsecbinning_sat11ththapril_robbinsmonroemore2/chain_trimmed_last10M_MCMC_Diag.root
[PlotMCMCDiag.cpp][info] Trace/enu_enubias_803_param_802_Trace
[PlotMCMCDiag.cpp][warning] continuing along my way for Trace
[PlotMCMCDiag.cpp][info] Looking for Trace/enu_enubias_803_param_802_Trace from file /scratch/abipeake/March2026/Easter_finerxsecbinning_sat11ththapril_robbinsmonroemore2/chain_trimmed_last10M_MCMC_Diag.root
[PlotMCMCDiag.cpp][info] Trace/enu_enubias_804_param_803_Trace
[PlotMCMCDiag.cpp][warning] continuing along my way for Trace
[PlotMCMCDiag.cpp][info] Looking for Trace/enu_enubias_804_param_803_Trace from file /scratch/abipeake/March2026/Easter_finerxsecbinning_sat11ththapril_robbinsmonroemore2/chain_trimmed_last10M_MCMC_Diag.root
[PlotMCMCDiag.cpp][info] Trace/enu_enubias_805_param_804_Trace
[PlotMCMCDiag.cpp][warning] continuing along my way for Trace
[PlotMCMCDiag.cpp][info] Looking for Trace/enu_enubias_805_param_804_Trace from file /scratch/abipeake/March2026/Easter_finerxsecbinning_sat11ththapril_robbinsmonroemore2/chain_trimmed_last10M_MCMC_Diag.root
[PlotMCMCDiag.cpp][info] Trace/enu_enubias_806_param_805_Trace
[PlotMCMCDiag.cpp][warning] continuing along my way for Trace
[PlotMCMCDiag.cpp][info] Looking for Trace/enu_enubias_806_param_805_Trace from file /scratch/abipeake/March2026/Easter_finerxsecbinning_sat11ththapril_robbinsmonroemore2/chain_trimmed_last10M_MCMC_Diag.root
[PlotMCMCDiag.cpp][info] Trace/enu_enubias_807_param_806_Trace
[PlotMCMCDiag.cpp][warning] continuing along my way for Trace
[PlotMCMCDiag.cpp][info] Looking for Trace/enu_enubias_807_param_806_Trace from file /scratch/abipeake/March2026/Easter_finerxsecbinning_sat11ththapril_robbinsmonroemore2/chain_trimmed_last10M_MCMC_Diag.root
[PlotMCMCDiag.cpp][info] Trace/enu_enubias_808_param_807_Trace
[PlotMCMCDiag.cpp][warning] continuing along my way for Trace
[PlotMCMCDiag.cpp][info] Looking for Trace/enu_enubias_808_param_807_Trace from file /scratch/abipeake/March2026/Easter_finerxsecbinning_sat11ththapril_robbinsmonroemore2/chain_trimmed_last10M_MCMC_Diag.root
[PlotMCMCDiag.cpp][info] Trace/enu_enubias_809_param_808_Trace
[PlotMCMCDiag.cpp][warning] continuing along my way for Trace
[PlotMCMCDiag.cpp][info] Looking for Trace/enu_enubias_809_param_808_Trace from file /scratch/abipeake/March2026/Easter_finerxsecbinning_sat11ththapril_robbinsmonroemore2/chain_trimmed_last10M_MCMC_Diag.root
[PlotMCMCDiag.cpp][info] Trace/enu_enubias_810_param_809_Trace
[PlotMCMCDiag.cpp][warning] continuing along my way for Trace
[PlotMCMCDiag.cpp][info] Looking for Trace/enu_enubias_810_param_809_Trace from file /scratch/abipeake/March2026/Easter_finerxsecbinning_sat11ththapril_robbinsmonroemore2/chain_trimmed_last10M_MCMC_Diag.root
[PlotMCMCDiag.cpp][info] Trace/enu_enubias_811_param_810_Trace
[PlotMCMCDiag.cpp][warning] continuing along my way for Trace
[PlotMCMCDiag.cpp][info] Looking for Trace/enu_enubias_811_param_810_Trace from file /scratch/abipeake/March2026/Easter_finerxsecbinning_sat11ththapril_robbinsmonroemore2/chain_trimmed_last10M_MCMC_Diag.root
[PlotMCMCDiag.cpp][info] Trace/enu_enubias_812_param_811_Trace
[PlotMCMCDiag.cpp][warning] continuing along my way for Trace
[PlotMCMCDiag.cpp][info] Looking for Trace/enu_enubias_812_param_811_Trace from file /scratch/abipeake/March2026/Easter_finerxsecbinning_sat11ththapril_robbinsmonroemore2/chain_trimmed_last10M_MCMC_Diag.root
[PlotMCMCDiag.cpp][info] Trace/enu_enubias_813_param_812_Trace
[PlotMCMCDiag.cpp][warning] continuing along my way for Trace
[PlotMCMCDiag.cpp][info] Looking for Trace/enu_enubias_813_param_812_Trace from file /scratch/abipeake/March2026/Easter_finerxsecbinning_sat11ththapril_robbinsmonroemore2/chain_trimmed_last10M_MCMC_Diag.root
[PlotMCMCDiag.cpp][info] Trace/enu_enubias_814_param_813_Trace
[PlotMCMCDiag.cpp][warning] continuing along my way for Trace
[PlotMCMCDiag.cpp][info] Looking for Trace/enu_enubias_814_param_813_Trace from file /scratch/abipeake/March2026/Easter_finerxsecbinning_sat11ththapril_robbinsmonroemore2/chain_trimmed_last10M_MCMC_Diag.root
[PlotMCMCDiag.cpp][info] Trace/enu_enubias_815_param_814_Trace
[PlotMCMCDiag.cpp][warning] continuing along my way for Trace
[PlotMCMCDiag.cpp][info] Looking for Trace/enu_enubias_815_param_814_Trace from file /scratch/abipeake/March2026/Easter_finerxsecbinning_sat11ththapril_robbinsmonroemore2/chain_trimmed_last10M_MCMC_Diag.root
[PlotMCMCDiag.cpp][info] Trace/enu_enubias_816_param_815_Trace
[PlotMCMCDiag.cpp][warning] continuing along my way for Trace
[PlotMCMCDiag.cpp][info] Looking for Trace/enu_enubias_816_param_815_Trace from file /scratch/abipeake/March2026/Easter_finerxsecbinning_sat11ththapril_robbinsmonroemore2/chain_trimmed_last10M_MCMC_Diag.root
[PlotMCMCDiag.cpp][info] Trace/enu_enubias_817_param_816_Trace
[PlotMCMCDiag.cpp][warning] continuing along my way for Trace
[PlotMCMCDiag.cpp][info] Looking for Trace/enu_enubias_817_param_816_Trace from file /scratch/abipeake/March2026/Easter_finerxsecbinning_sat11ththapril_robbinsmonroemore2/chain_trimmed_last10M_MCMC_Diag.root
[PlotMCMCDiag.cpp][info] Trace/enu_enubias_818_param_817_Trace
[PlotMCMCDiag.cpp][warning] continuing along my way for Trace
[PlotMCMCDiag.cpp][info] Looking for Trace/enu_enubias_818_param_817_Trace from file /scratch/abipeake/March2026/Easter_finerxsecbinning_sat11ththapril_robbinsmonroemore2/chain_trimmed_last10M_MCMC_Diag.root
[PlotMCMCDiag.cpp][info] Trace/enu_enubias_819_param_818_Trace
[PlotMCMCDiag.cpp][warning] continuing along my way for Trace
[PlotMCMCDiag.cpp][info] Looking for Trace/enu_enubias_819_param_818_Trace from file /scratch/abipeake/March2026/Easter_finerxsecbinning_sat11ththapril_robbinsmonroemore2/chain_trimmed_last10M_MCMC_Diag.root
[PlotMCMCDiag.cpp][info] Trace/enu_enubias_820_param_819_Trace
[PlotMCMCDiag.cpp][warning] continuing along my way for Trace
[PlotMCMCDiag.cpp][info] Looking for Trace/enu_enubias_820_param_819_Trace from file /scratch/abipeake/March2026/Easter_finerxsecbinning_sat11ththapril_robbinsmonroemore2/chain_trimmed_last10M_MCMC_Diag.root
[PlotMCMCDiag.cpp][info] Trace/enu_enubias_821_param_820_Trace
[PlotMCMCDiag.cpp][warning] continuing along my way for Trace
[PlotMCMCDiag.cpp][info] Looking for Trace/enu_enubias_821_param_820_Trace from file /scratch/abipeake/March2026/Easter_finerxsecbinning_sat11ththapril_robbinsmonroemore2/chain_trimmed_last10M_MCMC_Diag.root
[PlotMCMCDiag.cpp][info] Trace/enu_enubias_822_param_821_Trace
[PlotMCMCDiag.cpp][warning] continuing along my way for Trace
[PlotMCMCDiag.cpp][info] Looking for Trace/enu_enubias_822_param_821_Trace from file /scratch/abipeake/March2026/Easter_finerxsecbinning_sat11ththapril_robbinsmonroemore2/chain_trimmed_last10M_MCMC_Diag.root
[PlotMCMCDiag.cpp][info] Trace/enu_enubias_823_param_822_Trace
[PlotMCMCDiag.cpp][warning] continuing along my way for Trace
[PlotMCMCDiag.cpp][info] Looking for Trace/enu_enubias_823_param_822_Trace from file /scratch/abipeake/March2026/Easter_finerxsecbinning_sat11ththapril_robbinsmonroemore2/chain_trimmed_last10M_MCMC_Diag.root
[PlotMCMCDiag.cpp][info] Trace/enu_enubias_824_param_823_Trace
[PlotMCMCDiag.cpp][warning] continuing along my way for Trace
[PlotMCMCDiag.cpp][info] Looking for Trace/enu_enubias_824_param_823_Trace from file /scratch/abipeake/March2026/Easter_finerxsecbinning_sat11ththapril_robbinsmonroemore2/chain_trimmed_last10M_MCMC_Diag.root
[PlotMCMCDiag.cpp][info] Trace/enu_enubias_825_param_824_Trace
[PlotMCMCDiag.cpp][warning] continuing along my way for Trace
[PlotMCMCDiag.cpp][info] Looking for Trace/enu_enubias_825_param_824_Trace from file /scratch/abipeake/March2026/Easter_finerxsecbinning_sat11ththapril_robbinsmonroemore2/chain_trimmed_last10M_MCMC_Diag.root
[PlotMCMCDiag.cpp][info] Trace/enu_enubias_826_param_825_Trace
[PlotMCMCDiag.cpp][warning] continuing along my way for Trace
[PlotMCMCDiag.cpp][info] Looking for Trace/enu_enubias_826_param_825_Trace from file /scratch/abipeake/March2026/Easter_finerxsecbinning_sat11ththapril_robbinsmonroemore2/chain_trimmed_last10M_MCMC_Diag.root
[PlotMCMCDiag.cpp][info] Trace/enu_enubias_827_param_826_Trace
[PlotMCMCDiag.cpp][warning] continuing along my way for Trace
[PlotMCMCDiag.cpp][info] Looking for Trace/enu_enubias_827_param_826_Trace from file /scratch/abipeake/March2026/Easter_finerxsecbinning_sat11ththapril_robbinsmonroemore2/chain_trimmed_last10M_MCMC_Diag.root
[PlotMCMCDiag.cpp][info] Trace/enu_enubias_828_param_827_Trace
[PlotMCMCDiag.cpp][warning] continuing along my way for Trace
[PlotMCMCDiag.cpp][info] Looking for Trace/enu_enubias_828_param_827_Trace from file /scratch/abipeake/March2026/Easter_finerxsecbinning_sat11ththapril_robbinsmonroemore2/chain_trimmed_last10M_MCMC_Diag.root
[PlotMCMCDiag.cpp][info] Trace/enu_enubias_829_param_828_Trace
[PlotMCMCDiag.cpp][warning] continuing along my way for Trace
[PlotMCMCDiag.cpp][info] Looking for Trace/enu_enubias_829_param_828_Trace from file /scratch/abipeake/March2026/Easter_finerxsecbinning_sat11ththapril_robbinsmonroemore2/chain_trimmed_last10M_MCMC_Diag.root
[PlotMCMCDiag.cpp][info] Trace/enu_enubias_830_param_829_Trace
[PlotMCMCDiag.cpp][warning] continuing along my way for Trace
[PlotMCMCDiag.cpp][info] Looking for Trace/enu_enubias_830_param_829_Trace from file /scratch/abipeake/March2026/Easter_finerxsecbinning_sat11ththapril_robbinsmonroemore2/chain_trimmed_last10M_MCMC_Diag.root
[PlotMCMCDiag.cpp][info] Trace/enu_enubias_831_param_830_Trace
[PlotMCMCDiag.cpp][warning] continuing along my way for Trace
[PlotMCMCDiag.cpp][info] Looking for Trace/enu_enubias_831_param_830_Trace from file /scratch/abipeake/March2026/Easter_finerxsecbinning_sat11ththapril_robbinsmonroemore2/chain_trimmed_last10M_MCMC_Diag.root
[PlotMCMCDiag.cpp][info] Trace/enu_enubias_832_param_831_Trace
[PlotMCMCDiag.cpp][warning] continuing along my way for Trace
[PlotMCMCDiag.cpp][info] Looking for Trace/enu_enubias_832_param_831_Trace from file /scratch/abipeake/March2026/Easter_finerxsecbinning_sat11ththapril_robbinsmonroemore2/chain_trimmed_last10M_MCMC_Diag.root
[PlotMCMCDiag.cpp][info] Trace/enu_enubias_833_param_832_Trace
[PlotMCMCDiag.cpp][warning] continuing along my way for Trace
[PlotMCMCDiag.cpp][info] Looking for Trace/enu_enubias_833_param_832_Trace from file /scratch/abipeake/March2026/Easter_finerxsecbinning_sat11ththapril_robbinsmonroemore2/chain_trimmed_last10M_MCMC_Diag.root
[PlotMCMCDiag.cpp][info] Trace/enu_enubias_834_param_833_Trace
[PlotMCMCDiag.cpp][warning] continuing along my way for Trace
[PlotMCMCDiag.cpp][info] Looking for Trace/enu_enubias_834_param_833_Trace from file /scratch/abipeake/March2026/Easter_finerxsecbinning_sat11ththapril_robbinsmonroemore2/chain_trimmed_last10M_MCMC_Diag.root
[PlotMCMCDiag.cpp][info] Trace/enu_enubias_835_param_834_Trace
[PlotMCMCDiag.cpp][warning] continuing along my way for Trace
[PlotMCMCDiag.cpp][info] Looking for Trace/enu_enubias_835_param_834_Trace from file /scratch/abipeake/March2026/Easter_finerxsecbinning_sat11ththapril_robbinsmonroemore2/chain_trimmed_last10M_MCMC_Diag.root
[PlotMCMCDiag.cpp][info] Trace/enu_enubias_836_param_835_Trace
[PlotMCMCDiag.cpp][warning] continuing along my way for Trace
[PlotMCMCDiag.cpp][info] Looking for Trace/enu_enubias_836_param_835_Trace from file /scratch/abipeake/March2026/Easter_finerxsecbinning_sat11ththapril_robbinsmonroemore2/chain_trimmed_last10M_MCMC_Diag.root
[PlotMCMCDiag.cpp][info] Trace/enu_enubias_837_param_836_Trace
[PlotMCMCDiag.cpp][warning] continuing along my way for Trace
[PlotMCMCDiag.cpp][info] Looking for Trace/enu_enubias_837_param_836_Trace from file /scratch/abipeake/March2026/Easter_finerxsecbinning_sat11ththapril_robbinsmonroemore2/chain_trimmed_last10M_MCMC_Diag.root
[PlotMCMCDiag.cpp][info] Trace/enu_enubias_838_param_837_Trace
[PlotMCMCDiag.cpp][warning] continuing along my way for Trace
[PlotMCMCDiag.cpp][info] Looking for Trace/enu_enubias_838_param_837_Trace from file /scratch/abipeake/March2026/Easter_finerxsecbinning_sat11ththapril_robbinsmonroemore2/chain_trimmed_last10M_MCMC_Diag.root
[PlotMCMCDiag.cpp][info] Trace/enu_enubias_839_param_838_Trace
[PlotMCMCDiag.cpp][warning] continuing along my way for Trace
[PlotMCMCDiag.cpp][info] Looking for Trace/enu_enubias_839_param_838_Trace from file /scratch/abipeake/March2026/Easter_finerxsecbinning_sat11ththapril_robbinsmonroemore2/chain_trimmed_last10M_MCMC_Diag.root
[PlotMCMCDiag.cpp][info] Trace/enu_enubias_840_param_839_Trace
[PlotMCMCDiag.cpp][warning] continuing along my way for Trace
[PlotMCMCDiag.cpp][info] Looking for Trace/enu_enubias_840_param_839_Trace from file /scratch/abipeake/March2026/Easter_finerxsecbinning_sat11ththapril_robbinsmonroemore2/chain_trimmed_last10M_MCMC_Diag.root
[PlotMCMCDiag.cpp][info] Trace/enu_enubias_841_param_840_Trace
[PlotMCMCDiag.cpp][warning] continuing along my way for Trace
[PlotMCMCDiag.cpp][info] Looking for Trace/enu_enubias_841_param_840_Trace from file /scratch/abipeake/March2026/Easter_finerxsecbinning_sat11ththapril_robbinsmonroemore2/chain_trimmed_last10M_MCMC_Diag.root
[PlotMCMCDiag.cpp][info] Trace/enu_enubias_842_param_841_Trace
[PlotMCMCDiag.cpp][warning] continuing along my way for Trace
[PlotMCMCDiag.cpp][info] Looking for Trace/enu_enubias_842_param_841_Trace from file /scratch/abipeake/March2026/Easter_finerxsecbinning_sat11ththapril_robbinsmonroemore2/chain_trimmed_last10M_MCMC_Diag.root
[PlotMCMCDiag.cpp][info] Trace/enu_enubias_843_param_842_Trace
[PlotMCMCDiag.cpp][warning] continuing along my way for Trace
[PlotMCMCDiag.cpp][info] Looking for Trace/enu_enubias_843_param_842_Trace from file /scratch/abipeake/March2026/Easter_finerxsecbinning_sat11ththapril_robbinsmonroemore2/chain_trimmed_last10M_MCMC_Diag.root
[PlotMCMCDiag.cpp][info] Trace/enu_enubias_844_param_843_Trace
[PlotMCMCDiag.cpp][warning] continuing along my way for Trace
[PlotMCMCDiag.cpp][info] Looking for Trace/enu_enubias_844_param_843_Trace from file /scratch/abipeake/March2026/Easter_finerxsecbinning_sat11ththapril_robbinsmonroemore2/chain_trimmed_last10M_MCMC_Diag.root
[PlotMCMCDiag.cpp][info] Trace/enu_enubias_845_param_844_Trace
[PlotMCMCDiag.cpp][warning] continuing along my way for Trace
[PlotMCMCDiag.cpp][info] Looking for Trace/enu_enubias_845_param_844_Trace from file /scratch/abipeake/March2026/Easter_finerxsecbinning_sat11ththapril_robbinsmonroemore2/chain_trimmed_last10M_MCMC_Diag.root
[PlotMCMCDiag.cpp][info] Trace/enu_enubias_846_param_845_Trace
[PlotMCMCDiag.cpp][warning] continuing along my way for Trace
[PlotMCMCDiag.cpp][info] Looking for Trace/enu_enubias_846_param_845_Trace from file /scratch/abipeake/March2026/Easter_finerxsecbinning_sat11ththapril_robbinsmonroemore2/chain_trimmed_last10M_MCMC_Diag.root
[PlotMCMCDiag.cpp][info] Trace/enu_enubias_847_param_846_Trace
[PlotMCMCDiag.cpp][warning] continuing along my way for Trace
[PlotMCMCDiag.cpp][info] Looking for Trace/enu_enubias_847_param_846_Trace from file /scratch/abipeake/March2026/Easter_finerxsecbinning_sat11ththapril_robbinsmonroemore2/chain_trimmed_last10M_MCMC_Diag.root
[PlotMCMCDiag.cpp][info] Trace/enu_enubias_848_param_847_Trace
[PlotMCMCDiag.cpp][warning] continuing along my way for Trace
[PlotMCMCDiag.cpp][info] Looking for Trace/enu_enubias_848_param_847_Trace from file /scratch/abipeake/March2026/Easter_finerxsecbinning_sat11ththapril_robbinsmonroemore2/chain_trimmed_last10M_MCMC_Diag.root
[PlotMCMCDiag.cpp][info] Trace/enu_enubias_849_param_848_Trace
[PlotMCMCDiag.cpp][warning] continuing along my way for Trace
[PlotMCMCDiag.cpp][info] Looking for Trace/enu_enubias_849_param_848_Trace from file /scratch/abipeake/March2026/Easter_finerxsecbinning_sat11ththapril_robbinsmonroemore2/chain_trimmed_last10M_MCMC_Diag.root
[PlotMCMCDiag.cpp][info] Trace/enu_enubias_850_param_849_Trace
[PlotMCMCDiag.cpp][warning] continuing along my way for Trace
[PlotMCMCDiag.cpp][info] Looking for Trace/enu_enubias_850_param_849_Trace from file /scratch/abipeake/March2026/Easter_finerxsecbinning_sat11ththapril_robbinsmonroemore2/chain_trimmed_last10M_MCMC_Diag.root
[PlotMCMCDiag.cpp][info] Trace/enu_enubias_851_param_850_Trace
[PlotMCMCDiag.cpp][warning] continuing along my way for Trace
[PlotMCMCDiag.cpp][info] Looking for Trace/enu_enubias_851_param_850_Trace from file /scratch/abipeake/March2026/Easter_finerxsecbinning_sat11ththapril_robbinsmonroemore2/chain_trimmed_last10M_MCMC_Diag.root
[PlotMCMCDiag.cpp][info] Trace/enu_enubias_852_param_851_Trace
[PlotMCMCDiag.cpp][warning] continuing along my way for Trace
[PlotMCMCDiag.cpp][info] Looking for Trace/enu_enubias_852_param_851_Trace from file /scratch/abipeake/March2026/Easter_finerxsecbinning_sat11ththapril_robbinsmonroemore2/chain_trimmed_last10M_MCMC_Diag.root
[PlotMCMCDiag.cpp][info] Trace/enu_enubias_853_param_852_Trace
[PlotMCMCDiag.cpp][warning] continuing along my way for Trace
[PlotMCMCDiag.cpp][info] Looking for Trace/enu_enubias_853_param_852_Trace from file /scratch/abipeake/March2026/Easter_finerxsecbinning_sat11ththapril_robbinsmonroemore2/chain_trimmed_last10M_MCMC_Diag.root
[PlotMCMCDiag.cpp][info] Trace/enu_enubias_854_param_853_Trace
[PlotMCMCDiag.cpp][warning] continuing along my way for Trace
[PlotMCMCDiag.cpp][info] Looking for Trace/enu_enubias_854_param_853_Trace from file /scratch/abipeake/March2026/Easter_finerxsecbinning_sat11ththapril_robbinsmonroemore2/chain_trimmed_last10M_MCMC_Diag.root
[PlotMCMCDiag.cpp][info] Trace/enu_enubias_855_param_854_Trace
[PlotMCMCDiag.cpp][warning] continuing along my way for Trace
[PlotMCMCDiag.cpp][info] Looking for Trace/enu_enubias_855_param_854_Trace from file /scratch/abipeake/March2026/Easter_finerxsecbinning_sat11ththapril_robbinsmonroemore2/chain_trimmed_last10M_MCMC_Diag.root
[PlotMCMCDiag.cpp][info] Trace/enu_enubias_856_param_855_Trace
[PlotMCMCDiag.cpp][warning] continuing along my way for Trace
[PlotMCMCDiag.cpp][info] Looking for Trace/enu_enubias_856_param_855_Trace from file /scratch/abipeake/March2026/Easter_finerxsecbinning_sat11ththapril_robbinsmonroemore2/chain_trimmed_last10M_MCMC_Diag.root
[PlotMCMCDiag.cpp][info] Trace/enu_enubias_857_param_856_Trace
[PlotMCMCDiag.cpp][warning] continuing along my way for Trace
[PlotMCMCDiag.cpp][info] Looking for Trace/enu_enubias_857_param_856_Trace from file /scratch/abipeake/March2026/Easter_finerxsecbinning_sat11ththapril_robbinsmonroemore2/chain_trimmed_last10M_MCMC_Diag.root
[PlotMCMCDiag.cpp][info] Trace/enu_enubias_858_param_857_Trace
[PlotMCMCDiag.cpp][warning] continuing along my way for Trace
[PlotMCMCDiag.cpp][info] Looking for Trace/enu_enubias_858_param_857_Trace from file /scratch/abipeake/March2026/Easter_finerxsecbinning_sat11ththapril_robbinsmonroemore2/chain_trimmed_last10M_MCMC_Diag.root
[PlotMCMCDiag.cpp][info] Auto_corr/enu_enubias_1_param_0_Lag
[PlotMCMCDiag.cpp][warning] continuing along my way for Auto_corr
[PlotMCMCDiag.cpp][info] Looking for Auto_corr/enu_enubias_1_param_0_Lag from file /scratch/abipeake/March2026/Easter_finerxsecbinning_sat11ththapril_robbinsmonroemore2/chain_trimmed_last10M_MCMC_Diag.root
[PlotMCMCDiag.cpp][info] Auto_corr/enu_enubias_2_param_1_Lag
[PlotMCMCDiag.cpp][warning] continuing along my way for Auto_corr
[PlotMCMCDiag.cpp][info] Looking for Auto_corr/enu_enubias_2_param_1_Lag from file /scratch/abipeake/March2026/Easter_finerxsecbinning_sat11ththapril_robbinsmonroemore2/chain_trimmed_last10M_MCMC_Diag.root
[PlotMCMCDiag.cpp][info] Auto_corr/enu_enubias_3_param_2_Lag
[PlotMCMCDiag.cpp][warning] continuing along my way for Auto_corr
[PlotMCMCDiag.cpp][info] Looking for Auto_corr/enu_enubias_3_param_2_Lag from file /scratch/abipeake/March2026/Easter_finerxsecbinning_sat11ththapril_robbinsmonroemore2/chain_trimmed_last10M_MCMC_Diag.root
[PlotMCMCDiag.cpp][info] Auto_corr/enu_enubias_4_param_3_Lag
[PlotMCMCDiag.cpp][warning] continuing along my way for Auto_corr
[PlotMCMCDiag.cpp][info] Looking for Auto_corr/enu_enubias_4_param_3_Lag from file /scratch/abipeake/March2026/Easter_finerxsecbinning_sat11ththapril_robbinsmonroemore2/chain_trimmed_last10M_MCMC_Diag.root
[PlotMCMCDiag.cpp][info] Auto_corr/enu_enubias_5_param_4_Lag
[PlotMCMCDiag.cpp][warning] continuing along my way for Auto_corr
[PlotMCMCDiag.cpp][info] Looking for Auto_corr/enu_enubias_5_param_4_Lag from file /scratch/abipeake/March2026/Easter_finerxsecbinning_sat11ththapril_robbinsmonroemore2/chain_trimmed_last10M_MCMC_Diag.root
[PlotMCMCDiag.cpp][info] Auto_corr/enu_enubias_6_param_5_Lag
[PlotMCMCDiag.cpp][warning] continuing along my way for Auto_corr
[PlotMCMCDiag.cpp][info] Looking for Auto_corr/enu_enubias_6_param_5_Lag from file /scratch/abipeake/March2026/Easter_finerxsecbinning_sat11ththapril_robbinsmonroemore2/chain_trimmed_last10M_MCMC_Diag.root
[PlotMCMCDiag.cpp][info] Auto_corr/enu_enubias_7_param_6_Lag
[PlotMCMCDiag.cpp][warning] continuing along my way for Auto_corr
[PlotMCMCDiag.cpp][info] Looking for Auto_corr/enu_enubias_7_param_6_Lag from file /scratch/abipeake/March2026/Easter_finerxsecbinning_sat11ththapril_robbinsmonroemore2/chain_trimmed_last10M_MCMC_Diag.root
[PlotMCMCDiag.cpp][info] Auto_corr/enu_enubias_8_param_7_Lag
[PlotMCMCDiag.cpp][warning] continuing along my way for Auto_corr
[PlotMCMCDiag.cpp][info] Looking for Auto_corr/enu_enubias_8_param_7_Lag from file /scratch/abipeake/March2026/Easter_finerxsecbinning_sat11ththapril_robbinsmonroemore2/chain_trimmed_last10M_MCMC_Diag.root
[PlotMCMCDiag.cpp][info] Auto_corr/enu_enubias_9_param_8_Lag
[PlotMCMCDiag.cpp][warning] continuing along my way for Auto_corr
[PlotMCMCDiag.cpp][info] Looking for Auto_corr/enu_enubias_9_param_8_Lag from file /scratch/abipeake/March2026/Easter_finerxsecbinning_sat11ththapril_robbinsmonroemore2/chain_trimmed_last10M_MCMC_Diag.root
[PlotMCMCDiag.cpp][info] Auto_corr/enu_enubias_10_param_9_Lag
[PlotMCMCDiag.cpp][warning] continuing along my way for Auto_corr
[PlotMCMCDiag.cpp][info] Looking for Auto_corr/enu_enubias_10_param_9_Lag from file /scratch/abipeake/March2026/Easter_finerxsecbinning_sat11ththapril_robbinsmonroemore2/chain_trimmed_last10M_MCMC_Diag.root
[PlotMCMCDiag.cpp][info] Auto_corr/enu_enubias_11_param_10_Lag
[PlotMCMCDiag.cpp][warning] continuing along my way for Auto_corr
[PlotMCMCDiag.cpp][info] Looking for Auto_corr/enu_enubias_11_param_10_Lag from file /scratch/abipeake/March2026/Easter_finerxsecbinning_sat11ththapril_robbinsmonroemore2/chain_trimmed_last10M_MCMC_Diag.root
[PlotMCMCDiag.cpp][info] Auto_corr/enu_enubias_12_param_11_Lag
[PlotMCMCDiag.cpp][warning] continuing along my way for Auto_corr
[PlotMCMCDiag.cpp][info] Looking for Auto_corr/enu_enubias_12_param_11_Lag from file /scratch/abipeake/March2026/Easter_finerxsecbinning_sat11ththapril_robbinsmonroemore2/chain_trimmed_last10M_MCMC_Diag.root
[PlotMCMCDiag.cpp][info] Auto_corr/enu_enubias_13_param_12_Lag
[PlotMCMCDiag.cpp][warning] continuing along my way for Auto_corr
[PlotMCMCDiag.cpp][info] Looking for Auto_corr/enu_enubias_13_param_12_Lag from file /scratch/abipeake/March2026/Easter_finerxsecbinning_sat11ththapril_robbinsmonroemore2/chain_trimmed_last10M_MCMC_Diag.root
[PlotMCMCDiag.cpp][info] Auto_corr/enu_enubias_14_param_13_Lag
[PlotMCMCDiag.cpp][warning] continuing along my way for Auto_corr
[PlotMCMCDiag.cpp][info] Looking for Auto_corr/enu_enubias_14_param_13_Lag from file /scratch/abipeake/March2026/Easter_finerxsecbinning_sat11ththapril_robbinsmonroemore2/chain_trimmed_last10M_MCMC_Diag.root
[PlotMCMCDiag.cpp][info] Auto_corr/enu_enubias_15_param_14_Lag
[PlotMCMCDiag.cpp][warning] continuing along my way for Auto_corr
[PlotMCMCDiag.cpp][info] Looking for Auto_corr/enu_enubias_15_param_14_Lag from file /scratch/abipeake/March2026/Easter_finerxsecbinning_sat11ththapril_robbinsmonroemore2/chain_trimmed_last10M_MCMC_Diag.root
[PlotMCMCDiag.cpp][info] Auto_corr/enu_enubias_16_param_15_Lag
[PlotMCMCDiag.cpp][warning] continuing along my way for Auto_corr
[PlotMCMCDiag.cpp][info] Looking for Auto_corr/enu_enubias_16_param_15_Lag from file /scratch/abipeake/March2026/Easter_finerxsecbinning_sat11ththapril_robbinsmonroemore2/chain_trimmed_last10M_MCMC_Diag.root
[PlotMCMCDiag.cpp][info] Auto_corr/enu_enubias_17_param_16_Lag
[PlotMCMCDiag.cpp][warning] continuing along my way for Auto_corr
[PlotMCMCDiag.cpp][info] Looking for Auto_corr/enu_enubias_17_param_16_Lag from file /scratch/abipeake/March2026/Easter_finerxsecbinning_sat11ththapril_robbinsmonroemore2/chain_trimmed_last10M_MCMC_Diag.root
[PlotMCMCDiag.cpp][info] Auto_corr/enu_enubias_18_param_17_Lag
[PlotMCMCDiag.cpp][warning] continuing along my way for Auto_corr
[PlotMCMCDiag.cpp][info] Looking for Auto_corr/enu_enubias_18_param_17_Lag from file /scratch/abipeake/March2026/Easter_finerxsecbinning_sat11ththapril_robbinsmonroemore2/chain_trimmed_last10M_MCMC_Diag.root
[PlotMCMCDiag.cpp][info] Auto_corr/enu_enubias_19_param_18_Lag
[PlotMCMCDiag.cpp][warning] continuing along my way for Auto_corr
[PlotMCMCDiag.cpp][info] Looking for Auto_corr/enu_enubias_19_param_18_Lag from file /scratch/abipeake/March2026/Easter_finerxsecbinning_sat11ththapril_robbinsmonroemore2/chain_trimmed_last10M_MCMC_Diag.root
[PlotMCMCDiag.cpp][info] Auto_corr/enu_enubias_20_param_19_Lag
[PlotMCMCDiag.cpp][warning] continuing along my way for Auto_corr
[PlotMCMCDiag.cpp][info] Looking for Auto_corr/enu_enubias_20_param_19_Lag from file /scratch/abipeake/March2026/Easter_finerxsecbinning_sat11ththapril_robbinsmonroemore2/chain_trimmed_last10M_MCMC_Diag.root
[PlotMCMCDiag.cpp][info] Auto_corr/enu_enubias_21_param_20_Lag
[PlotMCMCDiag.cpp][warning] continuing along my way for Auto_corr
[PlotMCMCDiag.cpp][info] Looking for Auto_corr/enu_enubias_21_param_20_Lag from file /scratch/abipeake/March2026/Easter_finerxsecbinning_sat11ththapril_robbinsmonroemore2/chain_trimmed_last10M_MCMC_Diag.root
[PlotMCMCDiag.cpp][info] Auto_corr/enu_enubias_22_param_21_Lag
[PlotMCMCDiag.cpp][warning] continuing along my way for Auto_corr
[PlotMCMCDiag.cpp][info] Looking for Auto_corr/enu_enubias_22_param_21_Lag from file /scratch/abipeake/March2026/Easter_finerxsecbinning_sat11ththapril_robbinsmonroemore2/chain_trimmed_last10M_MCMC_Diag.root
[PlotMCMCDiag.cpp][info] Auto_corr/enu_enubias_23_param_22_Lag
[PlotMCMCDiag.cpp][warning] continuing along my way for Auto_corr
[PlotMCMCDiag.cpp][info] Looking for Auto_corr/enu_enubias_23_param_22_Lag from file /scratch/abipeake/March2026/Easter_finerxsecbinning_sat11ththapril_robbinsmonroemore2/chain_trimmed_last10M_MCMC_Diag.root
[PlotMCMCDiag.cpp][info] Auto_corr/enu_enubias_24_param_23_Lag
[PlotMCMCDiag.cpp][warning] continuing along my way for Auto_corr
[PlotMCMCDiag.cpp][info] Looking for Auto_corr/enu_enubias_24_param_23_Lag from file /scratch/abipeake/March2026/Easter_finerxsecbinning_sat11ththapril_robbinsmonroemore2/chain_trimmed_last10M_MCMC_Diag.root
[PlotMCMCDiag.cpp][info] Auto_corr/enu_enubias_25_param_24_Lag
[PlotMCMCDiag.cpp][warning] continuing along my way for Auto_corr
[PlotMCMCDiag.cpp][info] Looking for Auto_corr/enu_enubias_25_param_24_Lag from file /scratch/abipeake/March2026/Easter_finerxsecbinning_sat11ththapril_robbinsmonroemore2/chain_trimmed_last10M_MCMC_Diag.root
[PlotMCMCDiag.cpp][info] Auto_corr/enu_enubias_26_param_25_Lag
[PlotMCMCDiag.cpp][warning] continuing along my way for Auto_corr
[PlotMCMCDiag.cpp][info] Looking for Auto_corr/enu_enubias_26_param_25_Lag from file /scratch/abipeake/March2026/Easter_finerxsecbinning_sat11ththapril_robbinsmonroemore2/chain_trimmed_last10M_MCMC_Diag.root
[PlotMCMCDiag.cpp][info] Auto_corr/enu_enubias_27_param_26_Lag
[PlotMCMCDiag.cpp][warning] continuing along my way for Auto_corr
[PlotMCMCDiag.cpp][info] Looking for Auto_corr/enu_enubias_27_param_26_Lag from file /scratch/abipeake/March2026/Easter_finerxsecbinning_sat11ththapril_robbinsmonroemore2/chain_trimmed_last10M_MCMC_Diag.root
[PlotMCMCDiag.cpp][info] Auto_corr/enu_enubias_28_param_27_Lag
[PlotMCMCDiag.cpp][warning] continuing along my way for Auto_corr
[PlotMCMCDiag.cpp][info] Looking for Auto_corr/enu_enubias_28_param_27_Lag from file /scratch/abipeake/March2026/Easter_finerxsecbinning_sat11ththapril_robbinsmonroemore2/chain_trimmed_last10M_MCMC_Diag.root
[PlotMCMCDiag.cpp][info] Auto_corr/enu_enubias_29_param_28_Lag
[PlotMCMCDiag.cpp][warning] continuing along my way for Auto_corr
[PlotMCMCDiag.cpp][info] Looking for Auto_corr/enu_enubias_29_param_28_Lag from file /scratch/abipeake/March2026/Easter_finerxsecbinning_sat11ththapril_robbinsmonroemore2/chain_trimmed_last10M_MCMC_Diag.root
[PlotMCMCDiag.cpp][info] Auto_corr/enu_enubias_30_param_29_Lag
[PlotMCMCDiag.cpp][warning] continuing along my way for Auto_corr
[PlotMCMCDiag.cpp][info] Looking for Auto_corr/enu_enubias_30_param_29_Lag from file /scratch/abipeake/March2026/Easter_finerxsecbinning_sat11ththapril_robbinsmonroemore2/chain_trimmed_last10M_MCMC_Diag.root
[PlotMCMCDiag.cpp][info] Auto_corr/enu_enubias_31_param_30_Lag
[PlotMCMCDiag.cpp][warning] continuing along my way for Auto_corr
[PlotMCMCDiag.cpp][info] Looking for Auto_corr/enu_enubias_31_param_30_Lag from file /scratch/abipeake/March2026/Easter_finerxsecbinning_sat11ththapril_robbinsmonroemore2/chain_trimmed_last10M_MCMC_Diag.root
[PlotMCMCDiag.cpp][info] Auto_corr/enu_enubias_32_param_31_Lag
[PlotMCMCDiag.cpp][warning] continuing along my way for Auto_corr
[PlotMCMCDiag.cpp][info] Looking for Auto_corr/enu_enubias_32_param_31_Lag from file /scratch/abipeake/March2026/Easter_finerxsecbinning_sat11ththapril_robbinsmonroemore2/chain_trimmed_last10M_MCMC_Diag.root
[PlotMCMCDiag.cpp][info] Auto_corr/enu_enubias_33_param_32_Lag
[PlotMCMCDiag.cpp][warning] continuing along my way for Auto_corr
[PlotMCMCDiag.cpp][info] Looking for Auto_corr/enu_enubias_33_param_32_Lag from file /scratch/abipeake/March2026/Easter_finerxsecbinning_sat11ththapril_robbinsmonroemore2/chain_trimmed_last10M_MCMC_Diag.root
[PlotMCMCDiag.cpp][info] Auto_corr/enu_enubias_34_param_33_Lag
[PlotMCMCDiag.cpp][warning] continuing along my way for Auto_corr
[PlotMCMCDiag.cpp][info] Looking for Auto_corr/enu_enubias_34_param_33_Lag from file /scratch/abipeake/March2026/Easter_finerxsecbinning_sat11ththapril_robbinsmonroemore2/chain_trimmed_last10M_MCMC_Diag.root
[PlotMCMCDiag.cpp][info] Auto_corr/enu_enubias_35_param_34_Lag
[PlotMCMCDiag.cpp][warning] continuing along my way for Auto_corr
[PlotMCMCDiag.cpp][info] Looking for Auto_corr/enu_enubias_35_param_34_Lag from file /scratch/abipeake/March2026/Easter_finerxsecbinning_sat11ththapril_robbinsmonroemore2/chain_trimmed_last10M_MCMC_Diag.root
[PlotMCMCDiag.cpp][info] Auto_corr/enu_enubias_36_param_35_Lag
[PlotMCMCDiag.cpp][warning] continuing along my way for Auto_corr
[PlotMCMCDiag.cpp][info] Looking for Auto_corr/enu_enubias_36_param_35_Lag from file /scratch/abipeake/March2026/Easter_finerxsecbinning_sat11ththapril_robbinsmonroemore2/chain_trimmed_last10M_MCMC_Diag.root
[PlotMCMCDiag.cpp][info] Auto_corr/enu_enubias_37_param_36_Lag
[PlotMCMCDiag.cpp][warning] continuing along my way for Auto_corr
[PlotMCMCDiag.cpp][info] Looking for Auto_corr/enu_enubias_37_param_36_Lag from file /scratch/abipeake/March2026/Easter_finerxsecbinning_sat11ththapril_robbinsmonroemore2/chain_trimmed_last10M_MCMC_Diag.root
[PlotMCMCDiag.cpp][info] Auto_corr/enu_enubias_38_param_37_Lag
[PlotMCMCDiag.cpp][warning] continuing along my way for Auto_corr
[PlotMCMCDiag.cpp][info] Looking for Auto_corr/enu_enubias_38_param_37_Lag from file /scratch/abipeake/March2026/Easter_finerxsecbinning_sat11ththapril_robbinsmonroemore2/chain_trimmed_last10M_MCMC_Diag.root
[PlotMCMCDiag.cpp][info] Auto_corr/enu_enubias_39_param_38_Lag
[PlotMCMCDiag.cpp][warning] continuing along my way for Auto_corr
[PlotMCMCDiag.cpp][info] Looking for Auto_corr/enu_enubias_39_param_38_Lag from file /scratch/abipeake/March2026/Easter_finerxsecbinning_sat11ththapril_robbinsmonroemore2/chain_trimmed_last10M_MCMC_Diag.root
[PlotMCMCDiag.cpp][info] Auto_corr/enu_enubias_40_param_39_Lag
[PlotMCMCDiag.cpp][warning] continuing along my way for Auto_corr
[PlotMCMCDiag.cpp][info] Looking for Auto_corr/enu_enubias_40_param_39_Lag from file /scratch/abipeake/March2026/Easter_finerxsecbinning_sat11ththapril_robbinsmonroemore2/chain_trimmed_last10M_MCMC_Diag.root
[PlotMCMCDiag.cpp][info] Auto_corr/enu_enubias_41_param_40_Lag
[PlotMCMCDiag.cpp][warning] continuing along my way for Auto_corr
[PlotMCMCDiag.cpp][info] Looking for Auto_corr/enu_enubias_41_param_40_Lag from file /scratch/abipeake/March2026/Easter_finerxsecbinning_sat11ththapril_robbinsmonroemore2/chain_trimmed_last10M_MCMC_Diag.root
[PlotMCMCDiag.cpp][info] Auto_corr/enu_enubias_42_param_41_Lag
[PlotMCMCDiag.cpp][warning] continuing along my way for Auto_corr
[PlotMCMCDiag.cpp][info] Looking for Auto_corr/enu_enubias_42_param_41_Lag from file /scratch/abipeake/March2026/Easter_finerxsecbinning_sat11ththapril_robbinsmonroemore2/chain_trimmed_last10M_MCMC_Diag.root
[PlotMCMCDiag.cpp][info] Auto_corr/enu_enubias_43_param_42_Lag
[PlotMCMCDiag.cpp][warning] continuing along my way for Auto_corr
[PlotMCMCDiag.cpp][info] Looking for Auto_corr/enu_enubias_43_param_42_Lag from file /scratch/abipeake/March2026/Easter_finerxsecbinning_sat11ththapril_robbinsmonroemore2/chain_trimmed_last10M_MCMC_Diag.root
[PlotMCMCDiag.cpp][info] Auto_corr/enu_enubias_44_param_43_Lag
[PlotMCMCDiag.cpp][warning] continuing along my way for Auto_corr
[PlotMCMCDiag.cpp][info] Looking for Auto_corr/enu_enubias_44_param_43_Lag from file /scratch/abipeake/March2026/Easter_finerxsecbinning_sat11ththapril_robbinsmonroemore2/chain_trimmed_last10M_MCMC_Diag.root
[PlotMCMCDiag.cpp][info] Auto_corr/enu_enubias_45_param_44_Lag
[PlotMCMCDiag.cpp][warning] continuing along my way for Auto_corr
[PlotMCMCDiag.cpp][info] Looking for Auto_corr/enu_enubias_45_param_44_Lag from file /scratch/abipeake/March2026/Easter_finerxsecbinning_sat11ththapril_robbinsmonroemore2/chain_trimmed_last10M_MCMC_Diag.root
[PlotMCMCDiag.cpp][info] Auto_corr/enu_enubias_46_param_45_Lag
[PlotMCMCDiag.cpp][warning] continuing along my way for Auto_corr
[PlotMCMCDiag.cpp][info] Looking for Auto_corr/enu_enubias_46_param_45_Lag from file /scratch/abipeake/March2026/Easter_finerxsecbinning_sat11ththapril_robbinsmonroemore2/chain_trimmed_last10M_MCMC_Diag.root
[PlotMCMCDiag.cpp][info] Auto_corr/enu_enubias_47_param_46_Lag
[PlotMCMCDiag.cpp][warning] continuing along my way for Auto_corr
[PlotMCMCDiag.cpp][info] Looking for Auto_corr/enu_enubias_47_param_46_Lag from file /scratch/abipeake/March2026/Easter_finerxsecbinning_sat11ththapril_robbinsmonroemore2/chain_trimmed_last10M_MCMC_Diag.root
[PlotMCMCDiag.cpp][info] Auto_corr/enu_enubias_48_param_47_Lag
[PlotMCMCDiag.cpp][warning] continuing along my way for Auto_corr
[PlotMCMCDiag.cpp][info] Looking for Auto_corr/enu_enubias_48_param_47_Lag from file /scratch/abipeake/March2026/Easter_finerxsecbinning_sat11ththapril_robbinsmonroemore2/chain_trimmed_last10M_MCMC_Diag.root
[PlotMCMCDiag.cpp][info] Auto_corr/enu_enubias_49_param_48_Lag
[PlotMCMCDiag.cpp][warning] continuing along my way for Auto_corr
[PlotMCMCDiag.cpp][info] Looking for Auto_corr/enu_enubias_49_param_48_Lag from file /scratch/abipeake/March2026/Easter_finerxsecbinning_sat11ththapril_robbinsmonroemore2/chain_trimmed_last10M_MCMC_Diag.root
[PlotMCMCDiag.cpp][info] Auto_corr/enu_enubias_50_param_49_Lag
[PlotMCMCDiag.cpp][warning] continuing along my way for Auto_corr
[PlotMCMCDiag.cpp][info] Looking for Auto_corr/enu_enubias_50_param_49_Lag from file /scratch/abipeake/March2026/Easter_finerxsecbinning_sat11ththapril_robbinsmonroemore2/chain_trimmed_last10M_MCMC_Diag.root
[PlotMCMCDiag.cpp][info] Auto_corr/enu_enubias_51_param_50_Lag
[PlotMCMCDiag.cpp][warning] continuing along my way for Auto_corr
[PlotMCMCDiag.cpp][info] Looking for Auto_corr/enu_enubias_51_param_50_Lag from file /scratch/abipeake/March2026/Easter_finerxsecbinning_sat11ththapril_robbinsmonroemore2/chain_trimmed_last10M_MCMC_Diag.root
[PlotMCMCDiag.cpp][info] Auto_corr/enu_enubias_52_param_51_Lag
[PlotMCMCDiag.cpp][warning] continuing along my way for Auto_corr
[PlotMCMCDiag.cpp][info] Looking for Auto_corr/enu_enubias_52_param_51_Lag from file /scratch/abipeake/March2026/Easter_finerxsecbinning_sat11ththapril_robbinsmonroemore2/chain_trimmed_last10M_MCMC_Diag.root
[PlotMCMCDiag.cpp][info] Auto_corr/enu_enubias_53_param_52_Lag
[PlotMCMCDiag.cpp][warning] continuing along my way for Auto_corr
[PlotMCMCDiag.cpp][info] Looking for Auto_corr/enu_enubias_53_param_52_Lag from file /scratch/abipeake/March2026/Easter_finerxsecbinning_sat11ththapril_robbinsmonroemore2/chain_trimmed_last10M_MCMC_Diag.root
[PlotMCMCDiag.cpp][info] Auto_corr/enu_enubias_54_param_53_Lag
[PlotMCMCDiag.cpp][warning] continuing along my way for Auto_corr
[PlotMCMCDiag.cpp][info] Looking for Auto_corr/enu_enubias_54_param_53_Lag from file /scratch/abipeake/March2026/Easter_finerxsecbinning_sat11ththapril_robbinsmonroemore2/chain_trimmed_last10M_MCMC_Diag.root
[PlotMCMCDiag.cpp][info] Auto_corr/enu_enubias_55_param_54_Lag
[PlotMCMCDiag.cpp][warning] continuing along my way for Auto_corr
[PlotMCMCDiag.cpp][info] Looking for Auto_corr/enu_enubias_55_param_54_Lag from file /scratch/abipeake/March2026/Easter_finerxsecbinning_sat11ththapril_robbinsmonroemore2/chain_trimmed_last10M_MCMC_Diag.root
[PlotMCMCDiag.cpp][info] Auto_corr/enu_enubias_56_param_55_Lag
[PlotMCMCDiag.cpp][warning] continuing along my way for Auto_corr
[PlotMCMCDiag.cpp][info] Looking for Auto_corr/enu_enubias_56_param_55_Lag from file /scratch/abipeake/March2026/Easter_finerxsecbinning_sat11ththapril_robbinsmonroemore2/chain_trimmed_last10M_MCMC_Diag.root
[PlotMCMCDiag.cpp][info] Auto_corr/enu_enubias_57_param_56_Lag
[PlotMCMCDiag.cpp][warning] continuing along my way for Auto_corr
[PlotMCMCDiag.cpp][info] Looking for Auto_corr/enu_enubias_57_param_56_Lag from file /scratch/abipeake/March2026/Easter_finerxsecbinning_sat11ththapril_robbinsmonroemore2/chain_trimmed_last10M_MCMC_Diag.root
[PlotMCMCDiag.cpp][info] Auto_corr/enu_enubias_58_param_57_Lag
[PlotMCMCDiag.cpp][warning] continuing along my way for Auto_corr
[PlotMCMCDiag.cpp][info] Looking for Auto_corr/enu_enubias_58_param_57_Lag from file /scratch/abipeake/March2026/Easter_finerxsecbinning_sat11ththapril_robbinsmonroemore2/chain_trimmed_last10M_MCMC_Diag.root
[PlotMCMCDiag.cpp][info] Auto_corr/enu_enubias_59_param_58_Lag
[PlotMCMCDiag.cpp][warning] continuing along my way for Auto_corr
[PlotMCMCDiag.cpp][info] Looking for Auto_corr/enu_enubias_59_param_58_Lag from file /scratch/abipeake/March2026/Easter_finerxsecbinning_sat11ththapril_robbinsmonroemore2/chain_trimmed_last10M_MCMC_Diag.root
[PlotMCMCDiag.cpp][info] Auto_corr/enu_enubias_60_param_59_Lag
[PlotMCMCDiag.cpp][warning] continuing along my way for Auto_corr
[PlotMCMCDiag.cpp][info] Looking for Auto_corr/enu_enubias_60_param_59_Lag from file /scratch/abipeake/March2026/Easter_finerxsecbinning_sat11ththapril_robbinsmonroemore2/chain_trimmed_last10M_MCMC_Diag.root
[PlotMCMCDiag.cpp][info] Auto_corr/enu_enubias_61_param_60_Lag
[PlotMCMCDiag.cpp][warning] continuing along my way for Auto_corr
[PlotMCMCDiag.cpp][info] Looking for Auto_corr/enu_enubias_61_param_60_Lag from file /scratch/abipeake/March2026/Easter_finerxsecbinning_sat11ththapril_robbinsmonroemore2/chain_trimmed_last10M_MCMC_Diag.root
[PlotMCMCDiag.cpp][info] Auto_corr/enu_enubias_62_param_61_Lag
[PlotMCMCDiag.cpp][warning] continuing along my way for Auto_corr
[PlotMCMCDiag.cpp][info] Looking for Auto_corr/enu_enubias_62_param_61_Lag from file /scratch/abipeake/March2026/Easter_finerxsecbinning_sat11ththapril_robbinsmonroemore2/chain_trimmed_last10M_MCMC_Diag.root
[PlotMCMCDiag.cpp][info] Auto_corr/enu_enubias_63_param_62_Lag
[PlotMCMCDiag.cpp][warning] continuing along my way for Auto_corr
[PlotMCMCDiag.cpp][info] Looking for Auto_corr/enu_enubias_63_param_62_Lag from file /scratch/abipeake/March2026/Easter_finerxsecbinning_sat11ththapril_robbinsmonroemore2/chain_trimmed_last10M_MCMC_Diag.root
[PlotMCMCDiag.cpp][info] Auto_corr/enu_enubias_64_param_63_Lag
[PlotMCMCDiag.cpp][warning] continuing along my way for Auto_corr
[PlotMCMCDiag.cpp][info] Looking for Auto_corr/enu_enubias_64_param_63_Lag from file /scratch/abipeake/March2026/Easter_finerxsecbinning_sat11ththapril_robbinsmonroemore2/chain_trimmed_last10M_MCMC_Diag.root
[PlotMCMCDiag.cpp][info] Auto_corr/enu_enubias_65_param_64_Lag
[PlotMCMCDiag.cpp][warning] continuing along my way for Auto_corr
[PlotMCMCDiag.cpp][info] Looking for Auto_corr/enu_enubias_65_param_64_Lag from file /scratch/abipeake/March2026/Easter_finerxsecbinning_sat11ththapril_robbinsmonroemore2/chain_trimmed_last10M_MCMC_Diag.root
[PlotMCMCDiag.cpp][info] Auto_corr/enu_enubias_66_param_65_Lag
[PlotMCMCDiag.cpp][warning] continuing along my way for Auto_corr
[PlotMCMCDiag.cpp][info] Looking for Auto_corr/enu_enubias_66_param_65_Lag from file /scratch/abipeake/March2026/Easter_finerxsecbinning_sat11ththapril_robbinsmonroemore2/chain_trimmed_last10M_MCMC_Diag.root
[PlotMCMCDiag.cpp][info] Auto_corr/enu_enubias_67_param_66_Lag
[PlotMCMCDiag.cpp][warning] continuing along my way for Auto_corr
[PlotMCMCDiag.cpp][info] Looking for Auto_corr/enu_enubias_67_param_66_Lag from file /scratch/abipeake/March2026/Easter_finerxsecbinning_sat11ththapril_robbinsmonroemore2/chain_trimmed_last10M_MCMC_Diag.root
[PlotMCMCDiag.cpp][info] Auto_corr/enu_enubias_68_param_67_Lag
[PlotMCMCDiag.cpp][warning] continuing along my way for Auto_corr
[PlotMCMCDiag.cpp][info] Looking for Auto_corr/enu_enubias_68_param_67_Lag from file /scratch/abipeake/March2026/Easter_finerxsecbinning_sat11ththapril_robbinsmonroemore2/chain_trimmed_last10M_MCMC_Diag.root
[PlotMCMCDiag.cpp][info] Auto_corr/enu_enubias_69_param_68_Lag
[PlotMCMCDiag.cpp][warning] continuing along my way for Auto_corr
[PlotMCMCDiag.cpp][info] Looking for Auto_corr/enu_enubias_69_param_68_Lag from file /scratch/abipeake/March2026/Easter_finerxsecbinning_sat11ththapril_robbinsmonroemore2/chain_trimmed_last10M_MCMC_Diag.root
[PlotMCMCDiag.cpp][info] Auto_corr/enu_enubias_70_param_69_Lag
[PlotMCMCDiag.cpp][warning] continuing along my way for Auto_corr
[PlotMCMCDiag.cpp][info] Looking for Auto_corr/enu_enubias_70_param_69_Lag from file /scratch/abipeake/March2026/Easter_finerxsecbinning_sat11ththapril_robbinsmonroemore2/chain_trimmed_last10M_MCMC_Diag.root
[PlotMCMCDiag.cpp][info] Auto_corr/enu_enubias_71_param_70_Lag
[PlotMCMCDiag.cpp][warning] continuing along my way for Auto_corr
[PlotMCMCDiag.cpp][info] Looking for Auto_corr/enu_enubias_71_param_70_Lag from file /scratch/abipeake/March2026/Easter_finerxsecbinning_sat11ththapril_robbinsmonroemore2/chain_trimmed_last10M_MCMC_Diag.root
[PlotMCMCDiag.cpp][info] Auto_corr/enu_enubias_72_param_71_Lag
[PlotMCMCDiag.cpp][warning] continuing along my way for Auto_corr
[PlotMCMCDiag.cpp][info] Looking for Auto_corr/enu_enubias_72_param_71_Lag from file /scratch/abipeake/March2026/Easter_finerxsecbinning_sat11ththapril_robbinsmonroemore2/chain_trimmed_last10M_MCMC_Diag.root
[PlotMCMCDiag.cpp][info] Auto_corr/enu_enubias_73_param_72_Lag
[PlotMCMCDiag.cpp][warning] continuing along my way for Auto_corr
[PlotMCMCDiag.cpp][info] Looking for Auto_corr/enu_enubias_73_param_72_Lag from file /scratch/abipeake/March2026/Easter_finerxsecbinning_sat11ththapril_robbinsmonroemore2/chain_trimmed_last10M_MCMC_Diag.root
[PlotMCMCDiag.cpp][info] Auto_corr/enu_enubias_74_param_73_Lag
[PlotMCMCDiag.cpp][warning] continuing along my way for Auto_corr
[PlotMCMCDiag.cpp][info] Looking for Auto_corr/enu_enubias_74_param_73_Lag from file /scratch/abipeake/March2026/Easter_finerxsecbinning_sat11ththapril_robbinsmonroemore2/chain_trimmed_last10M_MCMC_Diag.root
[PlotMCMCDiag.cpp][info] Auto_corr/enu_enubias_75_param_74_Lag
[PlotMCMCDiag.cpp][warning] continuing along my way for Auto_corr
[PlotMCMCDiag.cpp][info] Looking for Auto_corr/enu_enubias_75_param_74_Lag from file /scratch/abipeake/March2026/Easter_finerxsecbinning_sat11ththapril_robbinsmonroemore2/chain_trimmed_last10M_MCMC_Diag.root
[PlotMCMCDiag.cpp][info] Auto_corr/enu_enubias_76_param_75_Lag
[PlotMCMCDiag.cpp][warning] continuing along my way for Auto_corr
[PlotMCMCDiag.cpp][info] Looking for Auto_corr/enu_enubias_76_param_75_Lag from file /scratch/abipeake/March2026/Easter_finerxsecbinning_sat11ththapril_robbinsmonroemore2/chain_trimmed_last10M_MCMC_Diag.root
[PlotMCMCDiag.cpp][info] Auto_corr/enu_enubias_77_param_76_Lag
[PlotMCMCDiag.cpp][warning] continuing along my way for Auto_corr
[PlotMCMCDiag.cpp][info] Looking for Auto_corr/enu_enubias_77_param_76_Lag from file /scratch/abipeake/March2026/Easter_finerxsecbinning_sat11ththapril_robbinsmonroemore2/chain_trimmed_last10M_MCMC_Diag.root
[PlotMCMCDiag.cpp][info] Auto_corr/enu_enubias_78_param_77_Lag
[PlotMCMCDiag.cpp][warning] continuing along my way for Auto_corr
[PlotMCMCDiag.cpp][info] Looking for Auto_corr/enu_enubias_78_param_77_Lag from file /scratch/abipeake/March2026/Easter_finerxsecbinning_sat11ththapril_robbinsmonroemore2/chain_trimmed_last10M_MCMC_Diag.root
[PlotMCMCDiag.cpp][info] Auto_corr/enu_enubias_79_param_78_Lag
[PlotMCMCDiag.cpp][warning] continuing along my way for Auto_corr
[PlotMCMCDiag.cpp][info] Looking for Auto_corr/enu_enubias_79_param_78_Lag from file /scratch/abipeake/March2026/Easter_finerxsecbinning_sat11ththapril_robbinsmonroemore2/chain_trimmed_last10M_MCMC_Diag.root
[PlotMCMCDiag.cpp][info] Auto_corr/enu_enubias_80_param_79_Lag
[PlotMCMCDiag.cpp][warning] continuing along my way for Auto_corr
[PlotMCMCDiag.cpp][info] Looking for Auto_corr/enu_enubias_80_param_79_Lag from file /scratch/abipeake/March2026/Easter_finerxsecbinning_sat11ththapril_robbinsmonroemore2/chain_trimmed_last10M_MCMC_Diag.root
[PlotMCMCDiag.cpp][info] Auto_corr/enu_enubias_81_param_80_Lag
[PlotMCMCDiag.cpp][warning] continuing along my way for Auto_corr
[PlotMCMCDiag.cpp][info] Looking for Auto_corr/enu_enubias_81_param_80_Lag from file /scratch/abipeake/March2026/Easter_finerxsecbinning_sat11ththapril_robbinsmonroemore2/chain_trimmed_last10M_MCMC_Diag.root
[PlotMCMCDiag.cpp][info] Auto_corr/enu_enubias_82_param_81_Lag
[PlotMCMCDiag.cpp][warning] continuing along my way for Auto_corr
[PlotMCMCDiag.cpp][info] Looking for Auto_corr/enu_enubias_82_param_81_Lag from file /scratch/abipeake/March2026/Easter_finerxsecbinning_sat11ththapril_robbinsmonroemore2/chain_trimmed_last10M_MCMC_Diag.root
[PlotMCMCDiag.cpp][info] Auto_corr/enu_enubias_83_param_82_Lag
[PlotMCMCDiag.cpp][warning] continuing along my way for Auto_corr
[PlotMCMCDiag.cpp][info] Looking for Auto_corr/enu_enubias_83_param_82_Lag from file /scratch/abipeake/March2026/Easter_finerxsecbinning_sat11ththapril_robbinsmonroemore2/chain_trimmed_last10M_MCMC_Diag.root
[PlotMCMCDiag.cpp][info] Auto_corr/enu_enubias_84_param_83_Lag
[PlotMCMCDiag.cpp][warning] continuing along my way for Auto_corr
[PlotMCMCDiag.cpp][info] Looking for Auto_corr/enu_enubias_84_param_83_Lag from file /scratch/abipeake/March2026/Easter_finerxsecbinning_sat11ththapril_robbinsmonroemore2/chain_trimmed_last10M_MCMC_Diag.root
[PlotMCMCDiag.cpp][info] Auto_corr/enu_enubias_85_param_84_Lag
[PlotMCMCDiag.cpp][warning] continuing along my way for Auto_corr
[PlotMCMCDiag.cpp][info] Looking for Auto_corr/enu_enubias_85_param_84_Lag from file /scratch/abipeake/March2026/Easter_finerxsecbinning_sat11ththapril_robbinsmonroemore2/chain_trimmed_last10M_MCMC_Diag.root
[PlotMCMCDiag.cpp][info] Auto_corr/enu_enubias_86_param_85_Lag
[PlotMCMCDiag.cpp][warning] continuing along my way for Auto_corr
[PlotMCMCDiag.cpp][info] Looking for Auto_corr/enu_enubias_86_param_85_Lag from file /scratch/abipeake/March2026/Easter_finerxsecbinning_sat11ththapril_robbinsmonroemore2/chain_trimmed_last10M_MCMC_Diag.root
[PlotMCMCDiag.cpp][info] Auto_corr/enu_enubias_87_param_86_Lag
[PlotMCMCDiag.cpp][warning] continuing along my way for Auto_corr
[PlotMCMCDiag.cpp][info] Looking for Auto_corr/enu_enubias_87_param_86_Lag from file /scratch/abipeake/March2026/Easter_finerxsecbinning_sat11ththapril_robbinsmonroemore2/chain_trimmed_last10M_MCMC_Diag.root
[PlotMCMCDiag.cpp][info] Auto_corr/enu_enubias_88_param_87_Lag
[PlotMCMCDiag.cpp][warning] continuing along my way for Auto_corr
[PlotMCMCDiag.cpp][info] Looking for Auto_corr/enu_enubias_88_param_87_Lag from file /scratch/abipeake/March2026/Easter_finerxsecbinning_sat11ththapril_robbinsmonroemore2/chain_trimmed_last10M_MCMC_Diag.root
[PlotMCMCDiag.cpp][info] Auto_corr/enu_enubias_89_param_88_Lag
[PlotMCMCDiag.cpp][warning] continuing along my way for Auto_corr
[PlotMCMCDiag.cpp][info] Looking for Auto_corr/enu_enubias_89_param_88_Lag from file /scratch/abipeake/March2026/Easter_finerxsecbinning_sat11ththapril_robbinsmonroemore2/chain_trimmed_last10M_MCMC_Diag.root
[PlotMCMCDiag.cpp][info] Auto_corr/enu_enubias_90_param_89_Lag
[PlotMCMCDiag.cpp][warning] continuing along my way for Auto_corr
[PlotMCMCDiag.cpp][info] Looking for Auto_corr/enu_enubias_90_param_89_Lag from file /scratch/abipeake/March2026/Easter_finerxsecbinning_sat11ththapril_robbinsmonroemore2/chain_trimmed_last10M_MCMC_Diag.root
[PlotMCMCDiag.cpp][info] Auto_corr/enu_enubias_91_param_90_Lag
[PlotMCMCDiag.cpp][warning] continuing along my way for Auto_corr
[PlotMCMCDiag.cpp][info] Looking for Auto_corr/enu_enubias_91_param_90_Lag from file /scratch/abipeake/March2026/Easter_finerxsecbinning_sat11ththapril_robbinsmonroemore2/chain_trimmed_last10M_MCMC_Diag.root
[PlotMCMCDiag.cpp][info] Auto_corr/enu_enubias_92_param_91_Lag
[PlotMCMCDiag.cpp][warning] continuing along my way for Auto_corr
[PlotMCMCDiag.cpp][info] Looking for Auto_corr/enu_enubias_92_param_91_Lag from file /scratch/abipeake/March2026/Easter_finerxsecbinning_sat11ththapril_robbinsmonroemore2/chain_trimmed_last10M_MCMC_Diag.root
[PlotMCMCDiag.cpp][info] Auto_corr/enu_enubias_93_param_92_Lag
[PlotMCMCDiag.cpp][warning] continuing along my way for Auto_corr
[PlotMCMCDiag.cpp][info] Looking for Auto_corr/enu_enubias_93_param_92_Lag from file /scratch/abipeake/March2026/Easter_finerxsecbinning_sat11ththapril_robbinsmonroemore2/chain_trimmed_last10M_MCMC_Diag.root
[PlotMCMCDiag.cpp][info] Auto_corr/enu_enubias_94_param_93_Lag
[PlotMCMCDiag.cpp][warning] continuing along my way for Auto_corr
[PlotMCMCDiag.cpp][info] Looking for Auto_corr/enu_enubias_94_param_93_Lag from file /scratch/abipeake/March2026/Easter_finerxsecbinning_sat11ththapril_robbinsmonroemore2/chain_trimmed_last10M_MCMC_Diag.root
[PlotMCMCDiag.cpp][info] Auto_corr/enu_enubias_95_param_94_Lag
[PlotMCMCDiag.cpp][warning] continuing along my way for Auto_corr
[PlotMCMCDiag.cpp][info] Looking for Auto_corr/enu_enubias_95_param_94_Lag from file /scratch/abipeake/March2026/Easter_finerxsecbinning_sat11ththapril_robbinsmonroemore2/chain_trimmed_last10M_MCMC_Diag.root
[PlotMCMCDiag.cpp][info] Auto_corr/enu_enubias_96_param_95_Lag
[PlotMCMCDiag.cpp][warning] continuing along my way for Auto_corr
[PlotMCMCDiag.cpp][info] Looking for Auto_corr/enu_enubias_96_param_95_Lag from file /scratch/abipeake/March2026/Easter_finerxsecbinning_sat11ththapril_robbinsmonroemore2/chain_trimmed_last10M_MCMC_Diag.root
[PlotMCMCDiag.cpp][info] Auto_corr/enu_enubias_97_param_96_Lag
[PlotMCMCDiag.cpp][warning] continuing along my way for Auto_corr
[PlotMCMCDiag.cpp][info] Looking for Auto_corr/enu_enubias_97_param_96_Lag from file /scratch/abipeake/March2026/Easter_finerxsecbinning_sat11ththapril_robbinsmonroemore2/chain_trimmed_last10M_MCMC_Diag.root
[PlotMCMCDiag.cpp][info] Auto_corr/enu_enubias_98_param_97_Lag
[PlotMCMCDiag.cpp][warning] continuing along my way for Auto_corr
[PlotMCMCDiag.cpp][info] Looking for Auto_corr/enu_enubias_98_param_97_Lag from file /scratch/abipeake/March2026/Easter_finerxsecbinning_sat11ththapril_robbinsmonroemore2/chain_trimmed_last10M_MCMC_Diag.root
[PlotMCMCDiag.cpp][info] Auto_corr/enu_enubias_99_param_98_Lag
[PlotMCMCDiag.cpp][warning] continuing along my way for Auto_corr
[PlotMCMCDiag.cpp][info] Looking for Auto_corr/enu_enubias_99_param_98_Lag from file /scratch/abipeake/March2026/Easter_finerxsecbinning_sat11ththapril_robbinsmonroemore2/chain_trimmed_last10M_MCMC_Diag.root
[PlotMCMCDiag.cpp][info] Auto_corr/enu_enubias_100_param_99_Lag
[PlotMCMCDiag.cpp][warning] continuing along my way for Auto_corr
[PlotMCMCDiag.cpp][info] Looking for Auto_corr/enu_enubias_100_param_99_Lag from file /scratch/abipeake/March2026/Easter_finerxsecbinning_sat11ththapril_robbinsmonroemore2/chain_trimmed_last10M_MCMC_Diag.root
[PlotMCMCDiag.cpp][info] Auto_corr/enu_enubias_101_param_100_Lag
[PlotMCMCDiag.cpp][warning] continuing along my way for Auto_corr
[PlotMCMCDiag.cpp][info] Looking for Auto_corr/enu_enubias_101_param_100_Lag from file /scratch/abipeake/March2026/Easter_finerxsecbinning_sat11ththapril_robbinsmonroemore2/chain_trimmed_last10M_MCMC_Diag.root
[PlotMCMCDiag.cpp][info] Auto_corr/enu_enubias_102_param_101_Lag
[PlotMCMCDiag.cpp][warning] continuing along my way for Auto_corr
[PlotMCMCDiag.cpp][info] Looking for Auto_corr/enu_enubias_102_param_101_Lag from file /scratch/abipeake/March2026/Easter_finerxsecbinning_sat11ththapril_robbinsmonroemore2/chain_trimmed_last10M_MCMC_Diag.root
[PlotMCMCDiag.cpp][info] Auto_corr/enu_enubias_103_param_102_Lag
[PlotMCMCDiag.cpp][warning] continuing along my way for Auto_corr
[PlotMCMCDiag.cpp][info] Looking for Auto_corr/enu_enubias_103_param_102_Lag from file /scratch/abipeake/March2026/Easter_finerxsecbinning_sat11ththapril_robbinsmonroemore2/chain_trimmed_last10M_MCMC_Diag.root
[PlotMCMCDiag.cpp][info] Auto_corr/enu_enubias_104_param_103_Lag
[PlotMCMCDiag.cpp][warning] continuing along my way for Auto_corr
[PlotMCMCDiag.cpp][info] Looking for Auto_corr/enu_enubias_104_param_103_Lag from file /scratch/abipeake/March2026/Easter_finerxsecbinning_sat11ththapril_robbinsmonroemore2/chain_trimmed_last10M_MCMC_Diag.root
[PlotMCMCDiag.cpp][info] Auto_corr/enu_enubias_105_param_104_Lag
[PlotMCMCDiag.cpp][warning] continuing along my way for Auto_corr
[PlotMCMCDiag.cpp][info] Looking for Auto_corr/enu_enubias_105_param_104_Lag from file /scratch/abipeake/March2026/Easter_finerxsecbinning_sat11ththapril_robbinsmonroemore2/chain_trimmed_last10M_MCMC_Diag.root
[PlotMCMCDiag.cpp][info] Auto_corr/enu_enubias_106_param_105_Lag
[PlotMCMCDiag.cpp][warning] continuing along my way for Auto_corr
[PlotMCMCDiag.cpp][info] Looking for Auto_corr/enu_enubias_106_param_105_Lag from file /scratch/abipeake/March2026/Easter_finerxsecbinning_sat11ththapril_robbinsmonroemore2/chain_trimmed_last10M_MCMC_Diag.root
[PlotMCMCDiag.cpp][info] Auto_corr/enu_enubias_107_param_106_Lag
[PlotMCMCDiag.cpp][warning] continuing along my way for Auto_corr
[PlotMCMCDiag.cpp][info] Looking for Auto_corr/enu_enubias_107_param_106_Lag from file /scratch/abipeake/March2026/Easter_finerxsecbinning_sat11ththapril_robbinsmonroemore2/chain_trimmed_last10M_MCMC_Diag.root
[PlotMCMCDiag.cpp][info] Auto_corr/enu_enubias_108_param_107_Lag
[PlotMCMCDiag.cpp][warning] continuing along my way for Auto_corr
[PlotMCMCDiag.cpp][info] Looking for Auto_corr/enu_enubias_108_param_107_Lag from file /scratch/abipeake/March2026/Easter_finerxsecbinning_sat11ththapril_robbinsmonroemore2/chain_trimmed_last10M_MCMC_Diag.root
[PlotMCMCDiag.cpp][info] Auto_corr/enu_enubias_109_param_108_Lag
[PlotMCMCDiag.cpp][warning] continuing along my way for Auto_corr
[PlotMCMCDiag.cpp][info] Looking for Auto_corr/enu_enubias_109_param_108_Lag from file /scratch/abipeake/March2026/Easter_finerxsecbinning_sat11ththapril_robbinsmonroemore2/chain_trimmed_last10M_MCMC_Diag.root
[PlotMCMCDiag.cpp][info] Auto_corr/enu_enubias_110_param_109_Lag
[PlotMCMCDiag.cpp][warning] continuing along my way for Auto_corr
[PlotMCMCDiag.cpp][info] Looking for Auto_corr/enu_enubias_110_param_109_Lag from file /scratch/abipeake/March2026/Easter_finerxsecbinning_sat11ththapril_robbinsmonroemore2/chain_trimmed_last10M_MCMC_Diag.root
[PlotMCMCDiag.cpp][info] Auto_corr/enu_enubias_111_param_110_Lag
[PlotMCMCDiag.cpp][warning] continuing along my way for Auto_corr
[PlotMCMCDiag.cpp][info] Looking for Auto_corr/enu_enubias_111_param_110_Lag from file /scratch/abipeake/March2026/Easter_finerxsecbinning_sat11ththapril_robbinsmonroemore2/chain_trimmed_last10M_MCMC_Diag.root
[PlotMCMCDiag.cpp][info] Auto_corr/enu_enubias_112_param_111_Lag
[PlotMCMCDiag.cpp][warning] continuing along my way for Auto_corr
[PlotMCMCDiag.cpp][info] Looking for Auto_corr/enu_enubias_112_param_111_Lag from file /scratch/abipeake/March2026/Easter_finerxsecbinning_sat11ththapril_robbinsmonroemore2/chain_trimmed_last10M_MCMC_Diag.root
[PlotMCMCDiag.cpp][info] Auto_corr/enu_enubias_113_param_112_Lag
[PlotMCMCDiag.cpp][warning] continuing along my way for Auto_corr
[PlotMCMCDiag.cpp][info] Looking for Auto_corr/enu_enubias_113_param_112_Lag from file /scratch/abipeake/March2026/Easter_finerxsecbinning_sat11ththapril_robbinsmonroemore2/chain_trimmed_last10M_MCMC_Diag.root
[PlotMCMCDiag.cpp][info] Auto_corr/enu_enubias_114_param_113_Lag
[PlotMCMCDiag.cpp][warning] continuing along my way for Auto_corr
[PlotMCMCDiag.cpp][info] Looking for Auto_corr/enu_enubias_114_param_113_Lag from file /scratch/abipeake/March2026/Easter_finerxsecbinning_sat11ththapril_robbinsmonroemore2/chain_trimmed_last10M_MCMC_Diag.root
[PlotMCMCDiag.cpp][info] Auto_corr/enu_enubias_115_param_114_Lag
[PlotMCMCDiag.cpp][warning] continuing along my way for Auto_corr
[PlotMCMCDiag.cpp][info] Looking for Auto_corr/enu_enubias_115_param_114_Lag from file /scratch/abipeake/March2026/Easter_finerxsecbinning_sat11ththapril_robbinsmonroemore2/chain_trimmed_last10M_MCMC_Diag.root
[PlotMCMCDiag.cpp][info] Auto_corr/enu_enubias_116_param_115_Lag
[PlotMCMCDiag.cpp][warning] continuing along my way for Auto_corr
[PlotMCMCDiag.cpp][info] Looking for Auto_corr/enu_enubias_116_param_115_Lag from file /scratch/abipeake/March2026/Easter_finerxsecbinning_sat11ththapril_robbinsmonroemore2/chain_trimmed_last10M_MCMC_Diag.root
[PlotMCMCDiag.cpp][info] Auto_corr/enu_enubias_117_param_116_Lag
[PlotMCMCDiag.cpp][warning] continuing along my way for Auto_corr
[PlotMCMCDiag.cpp][info] Looking for Auto_corr/enu_enubias_117_param_116_Lag from file /scratch/abipeake/March2026/Easter_finerxsecbinning_sat11ththapril_robbinsmonroemore2/chain_trimmed_last10M_MCMC_Diag.root
[PlotMCMCDiag.cpp][info] Auto_corr/enu_enubias_118_param_117_Lag
[PlotMCMCDiag.cpp][warning] continuing along my way for Auto_corr
[PlotMCMCDiag.cpp][info] Looking for Auto_corr/enu_enubias_118_param_117_Lag from file /scratch/abipeake/March2026/Easter_finerxsecbinning_sat11ththapril_robbinsmonroemore2/chain_trimmed_last10M_MCMC_Diag.root
[PlotMCMCDiag.cpp][info] Auto_corr/enu_enubias_119_param_118_Lag
[PlotMCMCDiag.cpp][warning] continuing along my way for Auto_corr
[PlotMCMCDiag.cpp][info] Looking for Auto_corr/enu_enubias_119_param_118_Lag from file /scratch/abipeake/March2026/Easter_finerxsecbinning_sat11ththapril_robbinsmonroemore2/chain_trimmed_last10M_MCMC_Diag.root
[PlotMCMCDiag.cpp][info] Auto_corr/enu_enubias_120_param_119_Lag
[PlotMCMCDiag.cpp][warning] continuing along my way for Auto_corr
[PlotMCMCDiag.cpp][info] Looking for Auto_corr/enu_enubias_120_param_119_Lag from file /scratch/abipeake/March2026/Easter_finerxsecbinning_sat11ththapril_robbinsmonroemore2/chain_trimmed_last10M_MCMC_Diag.root
[PlotMCMCDiag.cpp][info] Auto_corr/enu_enubias_121_param_120_Lag
[PlotMCMCDiag.cpp][warning] continuing along my way for Auto_corr
[PlotMCMCDiag.cpp][info] Looking for Auto_corr/enu_enubias_121_param_120_Lag from file /scratch/abipeake/March2026/Easter_finerxsecbinning_sat11ththapril_robbinsmonroemore2/chain_trimmed_last10M_MCMC_Diag.root
[PlotMCMCDiag.cpp][info] Auto_corr/enu_enubias_122_param_121_Lag
[PlotMCMCDiag.cpp][warning] continuing along my way for Auto_corr
[PlotMCMCDiag.cpp][info] Looking for Auto_corr/enu_enubias_122_param_121_Lag from file /scratch/abipeake/March2026/Easter_finerxsecbinning_sat11ththapril_robbinsmonroemore2/chain_trimmed_last10M_MCMC_Diag.root
[PlotMCMCDiag.cpp][info] Auto_corr/enu_enubias_123_param_122_Lag
[PlotMCMCDiag.cpp][warning] continuing along my way for Auto_corr
[PlotMCMCDiag.cpp][info] Looking for Auto_corr/enu_enubias_123_param_122_Lag from file /scratch/abipeake/March2026/Easter_finerxsecbinning_sat11ththapril_robbinsmonroemore2/chain_trimmed_last10M_MCMC_Diag.root
[PlotMCMCDiag.cpp][info] Auto_corr/enu_enubias_124_param_123_Lag
[PlotMCMCDiag.cpp][warning] continuing along my way for Auto_corr
[PlotMCMCDiag.cpp][info] Looking for Auto_corr/enu_enubias_124_param_123_Lag from file /scratch/abipeake/March2026/Easter_finerxsecbinning_sat11ththapril_robbinsmonroemore2/chain_trimmed_last10M_MCMC_Diag.root
[PlotMCMCDiag.cpp][info] Auto_corr/enu_enubias_125_param_124_Lag
[PlotMCMCDiag.cpp][warning] continuing along my way for Auto_corr
[PlotMCMCDiag.cpp][info] Looking for Auto_corr/enu_enubias_125_param_124_Lag from file /scratch/abipeake/March2026/Easter_finerxsecbinning_sat11ththapril_robbinsmonroemore2/chain_trimmed_last10M_MCMC_Diag.root
[PlotMCMCDiag.cpp][info] Auto_corr/enu_enubias_126_param_125_Lag
[PlotMCMCDiag.cpp][warning] continuing along my way for Auto_corr
[PlotMCMCDiag.cpp][info] Looking for Auto_corr/enu_enubias_126_param_125_Lag from file /scratch/abipeake/March2026/Easter_finerxsecbinning_sat11ththapril_robbinsmonroemore2/chain_trimmed_last10M_MCMC_Diag.root
[PlotMCMCDiag.cpp][info] Auto_corr/enu_enubias_127_param_126_Lag
[PlotMCMCDiag.cpp][warning] continuing along my way for Auto_corr
[PlotMCMCDiag.cpp][info] Looking for Auto_corr/enu_enubias_127_param_126_Lag from file /scratch/abipeake/March2026/Easter_finerxsecbinning_sat11ththapril_robbinsmonroemore2/chain_trimmed_last10M_MCMC_Diag.root
[PlotMCMCDiag.cpp][info] Auto_corr/enu_enubias_128_param_127_Lag
[PlotMCMCDiag.cpp][warning] continuing along my way for Auto_corr
[PlotMCMCDiag.cpp][info] Looking for Auto_corr/enu_enubias_128_param_127_Lag from file /scratch/abipeake/March2026/Easter_finerxsecbinning_sat11ththapril_robbinsmonroemore2/chain_trimmed_last10M_MCMC_Diag.root
[PlotMCMCDiag.cpp][info] Auto_corr/enu_enubias_129_param_128_Lag
[PlotMCMCDiag.cpp][warning] continuing along my way for Auto_corr
[PlotMCMCDiag.cpp][info] Looking for Auto_corr/enu_enubias_129_param_128_Lag from file /scratch/abipeake/March2026/Easter_finerxsecbinning_sat11ththapril_robbinsmonroemore2/chain_trimmed_last10M_MCMC_Diag.root
[PlotMCMCDiag.cpp][info] Auto_corr/enu_enubias_130_param_129_Lag
[PlotMCMCDiag.cpp][warning] continuing along my way for Auto_corr
[PlotMCMCDiag.cpp][info] Looking for Auto_corr/enu_enubias_130_param_129_Lag from file /scratch/abipeake/March2026/Easter_finerxsecbinning_sat11ththapril_robbinsmonroemore2/chain_trimmed_last10M_MCMC_Diag.root
[PlotMCMCDiag.cpp][info] Auto_corr/enu_enubias_131_param_130_Lag
[PlotMCMCDiag.cpp][warning] continuing along my way for Auto_corr
[PlotMCMCDiag.cpp][info] Looking for Auto_corr/enu_enubias_131_param_130_Lag from file /scratch/abipeake/March2026/Easter_finerxsecbinning_sat11ththapril_robbinsmonroemore2/chain_trimmed_last10M_MCMC_Diag.root
[PlotMCMCDiag.cpp][info] Auto_corr/enu_enubias_132_param_131_Lag
[PlotMCMCDiag.cpp][warning] continuing along my way for Auto_corr
[PlotMCMCDiag.cpp][info] Looking for Auto_corr/enu_enubias_132_param_131_Lag from file /scratch/abipeake/March2026/Easter_finerxsecbinning_sat11ththapril_robbinsmonroemore2/chain_trimmed_last10M_MCMC_Diag.root
[PlotMCMCDiag.cpp][info] Auto_corr/enu_enubias_133_param_132_Lag
[PlotMCMCDiag.cpp][warning] continuing along my way for Auto_corr
[PlotMCMCDiag.cpp][info] Looking for Auto_corr/enu_enubias_133_param_132_Lag from file /scratch/abipeake/March2026/Easter_finerxsecbinning_sat11ththapril_robbinsmonroemore2/chain_trimmed_last10M_MCMC_Diag.root
[PlotMCMCDiag.cpp][info] Auto_corr/enu_enubias_134_param_133_Lag
[PlotMCMCDiag.cpp][warning] continuing along my way for Auto_corr
[PlotMCMCDiag.cpp][info] Looking for Auto_corr/enu_enubias_134_param_133_Lag from file /scratch/abipeake/March2026/Easter_finerxsecbinning_sat11ththapril_robbinsmonroemore2/chain_trimmed_last10M_MCMC_Diag.root
[PlotMCMCDiag.cpp][info] Auto_corr/enu_enubias_135_param_134_Lag
[PlotMCMCDiag.cpp][warning] continuing along my way for Auto_corr
[PlotMCMCDiag.cpp][info] Looking for Auto_corr/enu_enubias_135_param_134_Lag from file /scratch/abipeake/March2026/Easter_finerxsecbinning_sat11ththapril_robbinsmonroemore2/chain_trimmed_last10M_MCMC_Diag.root
[PlotMCMCDiag.cpp][info] Auto_corr/enu_enubias_136_param_135_Lag
[PlotMCMCDiag.cpp][warning] continuing along my way for Auto_corr
[PlotMCMCDiag.cpp][info] Looking for Auto_corr/enu_enubias_136_param_135_Lag from file /scratch/abipeake/March2026/Easter_finerxsecbinning_sat11ththapril_robbinsmonroemore2/chain_trimmed_last10M_MCMC_Diag.root
[PlotMCMCDiag.cpp][info] Auto_corr/enu_enubias_137_param_136_Lag
[PlotMCMCDiag.cpp][warning] continuing along my way for Auto_corr
[PlotMCMCDiag.cpp][info] Looking for Auto_corr/enu_enubias_137_param_136_Lag from file /scratch/abipeake/March2026/Easter_finerxsecbinning_sat11ththapril_robbinsmonroemore2/chain_trimmed_last10M_MCMC_Diag.root
[PlotMCMCDiag.cpp][info] Auto_corr/enu_enubias_138_param_137_Lag
[PlotMCMCDiag.cpp][warning] continuing along my way for Auto_corr
[PlotMCMCDiag.cpp][info] Looking for Auto_corr/enu_enubias_138_param_137_Lag from file /scratch/abipeake/March2026/Easter_finerxsecbinning_sat11ththapril_robbinsmonroemore2/chain_trimmed_last10M_MCMC_Diag.root
[PlotMCMCDiag.cpp][info] Auto_corr/enu_enubias_139_param_138_Lag
[PlotMCMCDiag.cpp][warning] continuing along my way for Auto_corr
[PlotMCMCDiag.cpp][info] Looking for Auto_corr/enu_enubias_139_param_138_Lag from file /scratch/abipeake/March2026/Easter_finerxsecbinning_sat11ththapril_robbinsmonroemore2/chain_trimmed_last10M_MCMC_Diag.root
[PlotMCMCDiag.cpp][info] Auto_corr/enu_enubias_140_param_139_Lag
[PlotMCMCDiag.cpp][warning] continuing along my way for Auto_corr
[PlotMCMCDiag.cpp][info] Looking for Auto_corr/enu_enubias_140_param_139_Lag from file /scratch/abipeake/March2026/Easter_finerxsecbinning_sat11ththapril_robbinsmonroemore2/chain_trimmed_last10M_MCMC_Diag.root
[PlotMCMCDiag.cpp][info] Auto_corr/enu_enubias_141_param_140_Lag
[PlotMCMCDiag.cpp][warning] continuing along my way for Auto_corr
[PlotMCMCDiag.cpp][info] Looking for Auto_corr/enu_enubias_141_param_140_Lag from file /scratch/abipeake/March2026/Easter_finerxsecbinning_sat11ththapril_robbinsmonroemore2/chain_trimmed_last10M_MCMC_Diag.root
[PlotMCMCDiag.cpp][info] Auto_corr/enu_enubias_142_param_141_Lag
[PlotMCMCDiag.cpp][warning] continuing along my way for Auto_corr
[PlotMCMCDiag.cpp][info] Looking for Auto_corr/enu_enubias_142_param_141_Lag from file /scratch/abipeake/March2026/Easter_finerxsecbinning_sat11ththapril_robbinsmonroemore2/chain_trimmed_last10M_MCMC_Diag.root
[PlotMCMCDiag.cpp][info] Auto_corr/enu_enubias_143_param_142_Lag
[PlotMCMCDiag.cpp][warning] continuing along my way for Auto_corr
[PlotMCMCDiag.cpp][info] Looking for Auto_corr/enu_enubias_143_param_142_Lag from file /scratch/abipeake/March2026/Easter_finerxsecbinning_sat11ththapril_robbinsmonroemore2/chain_trimmed_last10M_MCMC_Diag.root
[PlotMCMCDiag.cpp][info] Auto_corr/enu_enubias_144_param_143_Lag
[PlotMCMCDiag.cpp][warning] continuing along my way for Auto_corr
[PlotMCMCDiag.cpp][info] Looking for Auto_corr/enu_enubias_144_param_143_Lag from file /scratch/abipeake/March2026/Easter_finerxsecbinning_sat11ththapril_robbinsmonroemore2/chain_trimmed_last10M_MCMC_Diag.root
[PlotMCMCDiag.cpp][info] Auto_corr/enu_enubias_145_param_144_Lag
[PlotMCMCDiag.cpp][warning] continuing along my way for Auto_corr
[PlotMCMCDiag.cpp][info] Looking for Auto_corr/enu_enubias_145_param_144_Lag from file /scratch/abipeake/March2026/Easter_finerxsecbinning_sat11ththapril_robbinsmonroemore2/chain_trimmed_last10M_MCMC_Diag.root
[PlotMCMCDiag.cpp][info] Auto_corr/enu_enubias_146_param_145_Lag
[PlotMCMCDiag.cpp][warning] continuing along my way for Auto_corr
[PlotMCMCDiag.cpp][info] Looking for Auto_corr/enu_enubias_146_param_145_Lag from file /scratch/abipeake/March2026/Easter_finerxsecbinning_sat11ththapril_robbinsmonroemore2/chain_trimmed_last10M_MCMC_Diag.root
[PlotMCMCDiag.cpp][info] Auto_corr/enu_enubias_147_param_146_Lag
[PlotMCMCDiag.cpp][warning] continuing along my way for Auto_corr
[PlotMCMCDiag.cpp][info] Looking for Auto_corr/enu_enubias_147_param_146_Lag from file /scratch/abipeake/March2026/Easter_finerxsecbinning_sat11ththapril_robbinsmonroemore2/chain_trimmed_last10M_MCMC_Diag.root
[PlotMCMCDiag.cpp][info] Auto_corr/enu_enubias_148_param_147_Lag
[PlotMCMCDiag.cpp][warning] continuing along my way for Auto_corr
[PlotMCMCDiag.cpp][info] Looking for Auto_corr/enu_enubias_148_param_147_Lag from file /scratch/abipeake/March2026/Easter_finerxsecbinning_sat11ththapril_robbinsmonroemore2/chain_trimmed_last10M_MCMC_Diag.root
[PlotMCMCDiag.cpp][info] Auto_corr/enu_enubias_149_param_148_Lag
[PlotMCMCDiag.cpp][warning] continuing along my way for Auto_corr
[PlotMCMCDiag.cpp][info] Looking for Auto_corr/enu_enubias_149_param_148_Lag from file /scratch/abipeake/March2026/Easter_finerxsecbinning_sat11ththapril_robbinsmonroemore2/chain_trimmed_last10M_MCMC_Diag.root
[PlotMCMCDiag.cpp][info] Auto_corr/enu_enubias_150_param_149_Lag
[PlotMCMCDiag.cpp][warning] continuing along my way for Auto_corr
[PlotMCMCDiag.cpp][info] Looking for Auto_corr/enu_enubias_150_param_149_Lag from file /scratch/abipeake/March2026/Easter_finerxsecbinning_sat11ththapril_robbinsmonroemore2/chain_trimmed_last10M_MCMC_Diag.root
[PlotMCMCDiag.cpp][info] Auto_corr/enu_enubias_151_param_150_Lag
[PlotMCMCDiag.cpp][warning] continuing along my way for Auto_corr
[PlotMCMCDiag.cpp][info] Looking for Auto_corr/enu_enubias_151_param_150_Lag from file /scratch/abipeake/March2026/Easter_finerxsecbinning_sat11ththapril_robbinsmonroemore2/chain_trimmed_last10M_MCMC_Diag.root
[PlotMCMCDiag.cpp][info] Auto_corr/enu_enubias_152_param_151_Lag
[PlotMCMCDiag.cpp][warning] continuing along my way for Auto_corr
[PlotMCMCDiag.cpp][info] Looking for Auto_corr/enu_enubias_152_param_151_Lag from file /scratch/abipeake/March2026/Easter_finerxsecbinning_sat11ththapril_robbinsmonroemore2/chain_trimmed_last10M_MCMC_Diag.root
[PlotMCMCDiag.cpp][info] Auto_corr/enu_enubias_153_param_152_Lag
[PlotMCMCDiag.cpp][warning] continuing along my way for Auto_corr
[PlotMCMCDiag.cpp][info] Looking for Auto_corr/enu_enubias_153_param_152_Lag from file /scratch/abipeake/March2026/Easter_finerxsecbinning_sat11ththapril_robbinsmonroemore2/chain_trimmed_last10M_MCMC_Diag.root
[PlotMCMCDiag.cpp][info] Auto_corr/enu_enubias_154_param_153_Lag
[PlotMCMCDiag.cpp][warning] continuing along my way for Auto_corr
[PlotMCMCDiag.cpp][info] Looking for Auto_corr/enu_enubias_154_param_153_Lag from file /scratch/abipeake/March2026/Easter_finerxsecbinning_sat11ththapril_robbinsmonroemore2/chain_trimmed_last10M_MCMC_Diag.root
[PlotMCMCDiag.cpp][info] Auto_corr/enu_enubias_155_param_154_Lag
[PlotMCMCDiag.cpp][warning] continuing along my way for Auto_corr
[PlotMCMCDiag.cpp][info] Looking for Auto_corr/enu_enubias_155_param_154_Lag from file /scratch/abipeake/March2026/Easter_finerxsecbinning_sat11ththapril_robbinsmonroemore2/chain_trimmed_last10M_MCMC_Diag.root
[PlotMCMCDiag.cpp][info] Auto_corr/enu_enubias_156_param_155_Lag
[PlotMCMCDiag.cpp][warning] continuing along my way for Auto_corr
[PlotMCMCDiag.cpp][info] Looking for Auto_corr/enu_enubias_156_param_155_Lag from file /scratch/abipeake/March2026/Easter_finerxsecbinning_sat11ththapril_robbinsmonroemore2/chain_trimmed_last10M_MCMC_Diag.root
[PlotMCMCDiag.cpp][info] Auto_corr/enu_enubias_157_param_156_Lag
[PlotMCMCDiag.cpp][warning] continuing along my way for Auto_corr
[PlotMCMCDiag.cpp][info] Looking for Auto_corr/enu_enubias_157_param_156_Lag from file /scratch/abipeake/March2026/Easter_finerxsecbinning_sat11ththapril_robbinsmonroemore2/chain_trimmed_last10M_MCMC_Diag.root
[PlotMCMCDiag.cpp][info] Auto_corr/enu_enubias_158_param_157_Lag
[PlotMCMCDiag.cpp][warning] continuing along my way for Auto_corr
[PlotMCMCDiag.cpp][info] Looking for Auto_corr/enu_enubias_158_param_157_Lag from file /scratch/abipeake/March2026/Easter_finerxsecbinning_sat11ththapril_robbinsmonroemore2/chain_trimmed_last10M_MCMC_Diag.root
[PlotMCMCDiag.cpp][info] Auto_corr/enu_enubias_159_param_158_Lag
[PlotMCMCDiag.cpp][warning] continuing along my way for Auto_corr
[PlotMCMCDiag.cpp][info] Looking for Auto_corr/enu_enubias_159_param_158_Lag from file /scratch/abipeake/March2026/Easter_finerxsecbinning_sat11ththapril_robbinsmonroemore2/chain_trimmed_last10M_MCMC_Diag.root
[PlotMCMCDiag.cpp][info] Auto_corr/enu_enubias_160_param_159_Lag
[PlotMCMCDiag.cpp][warning] continuing along my way for Auto_corr
[PlotMCMCDiag.cpp][info] Looking for Auto_corr/enu_enubias_160_param_159_Lag from file /scratch/abipeake/March2026/Easter_finerxsecbinning_sat11ththapril_robbinsmonroemore2/chain_trimmed_last10M_MCMC_Diag.root
[PlotMCMCDiag.cpp][info] Auto_corr/enu_enubias_161_param_160_Lag
[PlotMCMCDiag.cpp][warning] continuing along my way for Auto_corr
[PlotMCMCDiag.cpp][info] Looking for Auto_corr/enu_enubias_161_param_160_Lag from file /scratch/abipeake/March2026/Easter_finerxsecbinning_sat11ththapril_robbinsmonroemore2/chain_trimmed_last10M_MCMC_Diag.root
[PlotMCMCDiag.cpp][info] Auto_corr/enu_enubias_162_param_161_Lag
[PlotMCMCDiag.cpp][warning] continuing along my way for Auto_corr
[PlotMCMCDiag.cpp][info] Looking for Auto_corr/enu_enubias_162_param_161_Lag from file /scratch/abipeake/March2026/Easter_finerxsecbinning_sat11ththapril_robbinsmonroemore2/chain_trimmed_last10M_MCMC_Diag.root
[PlotMCMCDiag.cpp][info] Auto_corr/enu_enubias_163_param_162_Lag
[PlotMCMCDiag.cpp][warning] continuing along my way for Auto_corr
[PlotMCMCDiag.cpp][info] Looking for Auto_corr/enu_enubias_163_param_162_Lag from file /scratch/abipeake/March2026/Easter_finerxsecbinning_sat11ththapril_robbinsmonroemore2/chain_trimmed_last10M_MCMC_Diag.root
[PlotMCMCDiag.cpp][info] Auto_corr/enu_enubias_164_param_163_Lag
[PlotMCMCDiag.cpp][warning] continuing along my way for Auto_corr
[PlotMCMCDiag.cpp][info] Looking for Auto_corr/enu_enubias_164_param_163_Lag from file /scratch/abipeake/March2026/Easter_finerxsecbinning_sat11ththapril_robbinsmonroemore2/chain_trimmed_last10M_MCMC_Diag.root
[PlotMCMCDiag.cpp][info] Auto_corr/enu_enubias_165_param_164_Lag
[PlotMCMCDiag.cpp][warning] continuing along my way for Auto_corr
[PlotMCMCDiag.cpp][info] Looking for Auto_corr/enu_enubias_165_param_164_Lag from file /scratch/abipeake/March2026/Easter_finerxsecbinning_sat11ththapril_robbinsmonroemore2/chain_trimmed_last10M_MCMC_Diag.root
[PlotMCMCDiag.cpp][info] Auto_corr/enu_enubias_166_param_165_Lag
[PlotMCMCDiag.cpp][warning] continuing along my way for Auto_corr
[PlotMCMCDiag.cpp][info] Looking for Auto_corr/enu_enubias_166_param_165_Lag from file /scratch/abipeake/March2026/Easter_finerxsecbinning_sat11ththapril_robbinsmonroemore2/chain_trimmed_last10M_MCMC_Diag.root
[PlotMCMCDiag.cpp][info] Auto_corr/enu_enubias_167_param_166_Lag
[PlotMCMCDiag.cpp][warning] continuing along my way for Auto_corr
[PlotMCMCDiag.cpp][info] Looking for Auto_corr/enu_enubias_167_param_166_Lag from file /scratch/abipeake/March2026/Easter_finerxsecbinning_sat11ththapril_robbinsmonroemore2/chain_trimmed_last10M_MCMC_Diag.root
[PlotMCMCDiag.cpp][info] Auto_corr/enu_enubias_168_param_167_Lag
[PlotMCMCDiag.cpp][warning] continuing along my way for Auto_corr
[PlotMCMCDiag.cpp][info] Looking for Auto_corr/enu_enubias_168_param_167_Lag from file /scratch/abipeake/March2026/Easter_finerxsecbinning_sat11ththapril_robbinsmonroemore2/chain_trimmed_last10M_MCMC_Diag.root
[PlotMCMCDiag.cpp][info] Auto_corr/enu_enubias_169_param_168_Lag
[PlotMCMCDiag.cpp][warning] continuing along my way for Auto_corr
[PlotMCMCDiag.cpp][info] Looking for Auto_corr/enu_enubias_169_param_168_Lag from file /scratch/abipeake/March2026/Easter_finerxsecbinning_sat11ththapril_robbinsmonroemore2/chain_trimmed_last10M_MCMC_Diag.root
[PlotMCMCDiag.cpp][info] Auto_corr/enu_enubias_170_param_169_Lag
[PlotMCMCDiag.cpp][warning] continuing along my way for Auto_corr
[PlotMCMCDiag.cpp][info] Looking for Auto_corr/enu_enubias_170_param_169_Lag from file /scratch/abipeake/March2026/Easter_finerxsecbinning_sat11ththapril_robbinsmonroemore2/chain_trimmed_last10M_MCMC_Diag.root
[PlotMCMCDiag.cpp][info] Auto_corr/enu_enubias_171_param_170_Lag
[PlotMCMCDiag.cpp][warning] continuing along my way for Auto_corr
[PlotMCMCDiag.cpp][info] Looking for Auto_corr/enu_enubias_171_param_170_Lag from file /scratch/abipeake/March2026/Easter_finerxsecbinning_sat11ththapril_robbinsmonroemore2/chain_trimmed_last10M_MCMC_Diag.root
[PlotMCMCDiag.cpp][info] Auto_corr/enu_enubias_172_param_171_Lag
[PlotMCMCDiag.cpp][warning] continuing along my way for Auto_corr
[PlotMCMCDiag.cpp][info] Looking for Auto_corr/enu_enubias_172_param_171_Lag from file /scratch/abipeake/March2026/Easter_finerxsecbinning_sat11ththapril_robbinsmonroemore2/chain_trimmed_last10M_MCMC_Diag.root
[PlotMCMCDiag.cpp][info] Auto_corr/enu_enubias_173_param_172_Lag
[PlotMCMCDiag.cpp][warning] continuing along my way for Auto_corr
[PlotMCMCDiag.cpp][info] Looking for Auto_corr/enu_enubias_173_param_172_Lag from file /scratch/abipeake/March2026/Easter_finerxsecbinning_sat11ththapril_robbinsmonroemore2/chain_trimmed_last10M_MCMC_Diag.root
[PlotMCMCDiag.cpp][info] Auto_corr/enu_enubias_174_param_173_Lag
[PlotMCMCDiag.cpp][warning] continuing along my way for Auto_corr
[PlotMCMCDiag.cpp][info] Looking for Auto_corr/enu_enubias_174_param_173_Lag from file /scratch/abipeake/March2026/Easter_finerxsecbinning_sat11ththapril_robbinsmonroemore2/chain_trimmed_last10M_MCMC_Diag.root
[PlotMCMCDiag.cpp][info] Auto_corr/enu_enubias_175_param_174_Lag
[PlotMCMCDiag.cpp][warning] continuing along my way for Auto_corr
[PlotMCMCDiag.cpp][info] Looking for Auto_corr/enu_enubias_175_param_174_Lag from file /scratch/abipeake/March2026/Easter_finerxsecbinning_sat11ththapril_robbinsmonroemore2/chain_trimmed_last10M_MCMC_Diag.root
[PlotMCMCDiag.cpp][info] Auto_corr/enu_enubias_176_param_175_Lag
[PlotMCMCDiag.cpp][warning] continuing along my way for Auto_corr
[PlotMCMCDiag.cpp][info] Looking for Auto_corr/enu_enubias_176_param_175_Lag from file /scratch/abipeake/March2026/Easter_finerxsecbinning_sat11ththapril_robbinsmonroemore2/chain_trimmed_last10M_MCMC_Diag.root
[PlotMCMCDiag.cpp][info] Auto_corr/enu_enubias_177_param_176_Lag
[PlotMCMCDiag.cpp][warning] continuing along my way for Auto_corr
[PlotMCMCDiag.cpp][info] Looking for Auto_corr/enu_enubias_177_param_176_Lag from file /scratch/abipeake/March2026/Easter_finerxsecbinning_sat11ththapril_robbinsmonroemore2/chain_trimmed_last10M_MCMC_Diag.root
[PlotMCMCDiag.cpp][info] Auto_corr/enu_enubias_178_param_177_Lag
[PlotMCMCDiag.cpp][warning] continuing along my way for Auto_corr
[PlotMCMCDiag.cpp][info] Looking for Auto_corr/enu_enubias_178_param_177_Lag from file /scratch/abipeake/March2026/Easter_finerxsecbinning_sat11ththapril_robbinsmonroemore2/chain_trimmed_last10M_MCMC_Diag.root
[PlotMCMCDiag.cpp][info] Auto_corr/enu_enubias_179_param_178_Lag
[PlotMCMCDiag.cpp][warning] continuing along my way for Auto_corr
[PlotMCMCDiag.cpp][info] Looking for Auto_corr/enu_enubias_179_param_178_Lag from file /scratch/abipeake/March2026/Easter_finerxsecbinning_sat11ththapril_robbinsmonroemore2/chain_trimmed_last10M_MCMC_Diag.root
[PlotMCMCDiag.cpp][info] Auto_corr/enu_enubias_180_param_179_Lag
[PlotMCMCDiag.cpp][warning] continuing along my way for Auto_corr
[PlotMCMCDiag.cpp][info] Looking for Auto_corr/enu_enubias_180_param_179_Lag from file /scratch/abipeake/March2026/Easter_finerxsecbinning_sat11ththapril_robbinsmonroemore2/chain_trimmed_last10M_MCMC_Diag.root
[PlotMCMCDiag.cpp][info] Auto_corr/enu_enubias_181_param_180_Lag
[PlotMCMCDiag.cpp][warning] continuing along my way for Auto_corr
[PlotMCMCDiag.cpp][info] Looking for Auto_corr/enu_enubias_181_param_180_Lag from file /scratch/abipeake/March2026/Easter_finerxsecbinning_sat11ththapril_robbinsmonroemore2/chain_trimmed_last10M_MCMC_Diag.root
[PlotMCMCDiag.cpp][info] Auto_corr/enu_enubias_182_param_181_Lag
[PlotMCMCDiag.cpp][warning] continuing along my way for Auto_corr
[PlotMCMCDiag.cpp][info] Looking for Auto_corr/enu_enubias_182_param_181_Lag from file /scratch/abipeake/March2026/Easter_finerxsecbinning_sat11ththapril_robbinsmonroemore2/chain_trimmed_last10M_MCMC_Diag.root
[PlotMCMCDiag.cpp][info] Auto_corr/enu_enubias_183_param_182_Lag
[PlotMCMCDiag.cpp][warning] continuing along my way for Auto_corr
[PlotMCMCDiag.cpp][info] Looking for Auto_corr/enu_enubias_183_param_182_Lag from file /scratch/abipeake/March2026/Easter_finerxsecbinning_sat11ththapril_robbinsmonroemore2/chain_trimmed_last10M_MCMC_Diag.root
[PlotMCMCDiag.cpp][info] Auto_corr/enu_enubias_184_param_183_Lag
[PlotMCMCDiag.cpp][warning] continuing along my way for Auto_corr
[PlotMCMCDiag.cpp][info] Looking for Auto_corr/enu_enubias_184_param_183_Lag from file /scratch/abipeake/March2026/Easter_finerxsecbinning_sat11ththapril_robbinsmonroemore2/chain_trimmed_last10M_MCMC_Diag.root
[PlotMCMCDiag.cpp][info] Auto_corr/enu_enubias_185_param_184_Lag
[PlotMCMCDiag.cpp][warning] continuing along my way for Auto_corr
[PlotMCMCDiag.cpp][info] Looking for Auto_corr/enu_enubias_185_param_184_Lag from file /scratch/abipeake/March2026/Easter_finerxsecbinning_sat11ththapril_robbinsmonroemore2/chain_trimmed_last10M_MCMC_Diag.root
[PlotMCMCDiag.cpp][info] Auto_corr/enu_enubias_186_param_185_Lag
[PlotMCMCDiag.cpp][warning] continuing along my way for Auto_corr
[PlotMCMCDiag.cpp][info] Looking for Auto_corr/enu_enubias_186_param_185_Lag from file /scratch/abipeake/March2026/Easter_finerxsecbinning_sat11ththapril_robbinsmonroemore2/chain_trimmed_last10M_MCMC_Diag.root
[PlotMCMCDiag.cpp][info] Auto_corr/enu_enubias_187_param_186_Lag
[PlotMCMCDiag.cpp][warning] continuing along my way for Auto_corr
[PlotMCMCDiag.cpp][info] Looking for Auto_corr/enu_enubias_187_param_186_Lag from file /scratch/abipeake/March2026/Easter_finerxsecbinning_sat11ththapril_robbinsmonroemore2/chain_trimmed_last10M_MCMC_Diag.root
[PlotMCMCDiag.cpp][info] Auto_corr/enu_enubias_188_param_187_Lag
[PlotMCMCDiag.cpp][warning] continuing along my way for Auto_corr
[PlotMCMCDiag.cpp][info] Looking for Auto_corr/enu_enubias_188_param_187_Lag from file /scratch/abipeake/March2026/Easter_finerxsecbinning_sat11ththapril_robbinsmonroemore2/chain_trimmed_last10M_MCMC_Diag.root
[PlotMCMCDiag.cpp][info] Auto_corr/enu_enubias_189_param_188_Lag
[PlotMCMCDiag.cpp][warning] continuing along my way for Auto_corr
[PlotMCMCDiag.cpp][info] Looking for Auto_corr/enu_enubias_189_param_188_Lag from file /scratch/abipeake/March2026/Easter_finerxsecbinning_sat11ththapril_robbinsmonroemore2/chain_trimmed_last10M_MCMC_Diag.root
[PlotMCMCDiag.cpp][info] Auto_corr/enu_enubias_190_param_189_Lag
[PlotMCMCDiag.cpp][warning] continuing along my way for Auto_corr
[PlotMCMCDiag.cpp][info] Looking for Auto_corr/enu_enubias_190_param_189_Lag from file /scratch/abipeake/March2026/Easter_finerxsecbinning_sat11ththapril_robbinsmonroemore2/chain_trimmed_last10M_MCMC_Diag.root
[PlotMCMCDiag.cpp][info] Auto_corr/enu_enubias_191_param_190_Lag
[PlotMCMCDiag.cpp][warning] continuing along my way for Auto_corr
[PlotMCMCDiag.cpp][info] Looking for Auto_corr/enu_enubias_191_param_190_Lag from file /scratch/abipeake/March2026/Easter_finerxsecbinning_sat11ththapril_robbinsmonroemore2/chain_trimmed_last10M_MCMC_Diag.root
[PlotMCMCDiag.cpp][info] Auto_corr/enu_enubias_192_param_191_Lag
[PlotMCMCDiag.cpp][warning] continuing along my way for Auto_corr
[PlotMCMCDiag.cpp][info] Looking for Auto_corr/enu_enubias_192_param_191_Lag from file /scratch/abipeake/March2026/Easter_finerxsecbinning_sat11ththapril_robbinsmonroemore2/chain_trimmed_last10M_MCMC_Diag.root
[PlotMCMCDiag.cpp][info] Auto_corr/enu_enubias_193_param_192_Lag
[PlotMCMCDiag.cpp][warning] continuing along my way for Auto_corr
[PlotMCMCDiag.cpp][info] Looking for Auto_corr/enu_enubias_193_param_192_Lag from file /scratch/abipeake/March2026/Easter_finerxsecbinning_sat11ththapril_robbinsmonroemore2/chain_trimmed_last10M_MCMC_Diag.root
[PlotMCMCDiag.cpp][info] Auto_corr/enu_enubias_194_param_193_Lag
[PlotMCMCDiag.cpp][warning] continuing along my way for Auto_corr
[PlotMCMCDiag.cpp][info] Looking for Auto_corr/enu_enubias_194_param_193_Lag from file /scratch/abipeake/March2026/Easter_finerxsecbinning_sat11ththapril_robbinsmonroemore2/chain_trimmed_last10M_MCMC_Diag.root
[PlotMCMCDiag.cpp][info] Auto_corr/enu_enubias_195_param_194_Lag
[PlotMCMCDiag.cpp][warning] continuing along my way for Auto_corr
[PlotMCMCDiag.cpp][info] Looking for Auto_corr/enu_enubias_195_param_194_Lag from file /scratch/abipeake/March2026/Easter_finerxsecbinning_sat11ththapril_robbinsmonroemore2/chain_trimmed_last10M_MCMC_Diag.root
[PlotMCMCDiag.cpp][info] Auto_corr/enu_enubias_196_param_195_Lag
[PlotMCMCDiag.cpp][warning] continuing along my way for Auto_corr
[PlotMCMCDiag.cpp][info] Looking for Auto_corr/enu_enubias_196_param_195_Lag from file /scratch/abipeake/March2026/Easter_finerxsecbinning_sat11ththapril_robbinsmonroemore2/chain_trimmed_last10M_MCMC_Diag.root
[PlotMCMCDiag.cpp][info] Auto_corr/enu_enubias_197_param_196_Lag
[PlotMCMCDiag.cpp][warning] continuing along my way for Auto_corr
[PlotMCMCDiag.cpp][info] Looking for Auto_corr/enu_enubias_197_param_196_Lag from file /scratch/abipeake/March2026/Easter_finerxsecbinning_sat11ththapril_robbinsmonroemore2/chain_trimmed_last10M_MCMC_Diag.root
[PlotMCMCDiag.cpp][info] Auto_corr/enu_enubias_198_param_197_Lag
[PlotMCMCDiag.cpp][warning] continuing along my way for Auto_corr
[PlotMCMCDiag.cpp][info] Looking for Auto_corr/enu_enubias_198_param_197_Lag from file /scratch/abipeake/March2026/Easter_finerxsecbinning_sat11ththapril_robbinsmonroemore2/chain_trimmed_last10M_MCMC_Diag.root
[PlotMCMCDiag.cpp][info] Auto_corr/enu_enubias_199_param_198_Lag
[PlotMCMCDiag.cpp][warning] continuing along my way for Auto_corr
[PlotMCMCDiag.cpp][info] Looking for Auto_corr/enu_enubias_199_param_198_Lag from file /scratch/abipeake/March2026/Easter_finerxsecbinning_sat11ththapril_robbinsmonroemore2/chain_trimmed_last10M_MCMC_Diag.root
[PlotMCMCDiag.cpp][info] Auto_corr/enu_enubias_200_param_199_Lag
[PlotMCMCDiag.cpp][warning] continuing along my way for Auto_corr
[PlotMCMCDiag.cpp][info] Looking for Auto_corr/enu_enubias_200_param_199_Lag from file /scratch/abipeake/March2026/Easter_finerxsecbinning_sat11ththapril_robbinsmonroemore2/chain_trimmed_last10M_MCMC_Diag.root
[PlotMCMCDiag.cpp][info] Auto_corr/enu_enubias_201_param_200_Lag
[PlotMCMCDiag.cpp][warning] continuing along my way for Auto_corr
[PlotMCMCDiag.cpp][info] Looking for Auto_corr/enu_enubias_201_param_200_Lag from file /scratch/abipeake/March2026/Easter_finerxsecbinning_sat11ththapril_robbinsmonroemore2/chain_trimmed_last10M_MCMC_Diag.root
[PlotMCMCDiag.cpp][info] Auto_corr/enu_enubias_202_param_201_Lag
[PlotMCMCDiag.cpp][warning] continuing along my way for Auto_corr
[PlotMCMCDiag.cpp][info] Looking for Auto_corr/enu_enubias_202_param_201_Lag from file /scratch/abipeake/March2026/Easter_finerxsecbinning_sat11ththapril_robbinsmonroemore2/chain_trimmed_last10M_MCMC_Diag.root
[PlotMCMCDiag.cpp][info] Auto_corr/enu_enubias_203_param_202_Lag
[PlotMCMCDiag.cpp][warning] continuing along my way for Auto_corr
[PlotMCMCDiag.cpp][info] Looking for Auto_corr/enu_enubias_203_param_202_Lag from file /scratch/abipeake/March2026/Easter_finerxsecbinning_sat11ththapril_robbinsmonroemore2/chain_trimmed_last10M_MCMC_Diag.root
[PlotMCMCDiag.cpp][info] Auto_corr/enu_enubias_204_param_203_Lag
[PlotMCMCDiag.cpp][warning] continuing along my way for Auto_corr
[PlotMCMCDiag.cpp][info] Looking for Auto_corr/enu_enubias_204_param_203_Lag from file /scratch/abipeake/March2026/Easter_finerxsecbinning_sat11ththapril_robbinsmonroemore2/chain_trimmed_last10M_MCMC_Diag.root
[PlotMCMCDiag.cpp][info] Auto_corr/enu_enubias_205_param_204_Lag
[PlotMCMCDiag.cpp][warning] continuing along my way for Auto_corr
[PlotMCMCDiag.cpp][info] Looking for Auto_corr/enu_enubias_205_param_204_Lag from file /scratch/abipeake/March2026/Easter_finerxsecbinning_sat11ththapril_robbinsmonroemore2/chain_trimmed_last10M_MCMC_Diag.root
[PlotMCMCDiag.cpp][info] Auto_corr/enu_enubias_206_param_205_Lag
[PlotMCMCDiag.cpp][warning] continuing along my way for Auto_corr
[PlotMCMCDiag.cpp][info] Looking for Auto_corr/enu_enubias_206_param_205_Lag from file /scratch/abipeake/March2026/Easter_finerxsecbinning_sat11ththapril_robbinsmonroemore2/chain_trimmed_last10M_MCMC_Diag.root
[PlotMCMCDiag.cpp][info] Auto_corr/enu_enubias_207_param_206_Lag
[PlotMCMCDiag.cpp][warning] continuing along my way for Auto_corr
[PlotMCMCDiag.cpp][info] Looking for Auto_corr/enu_enubias_207_param_206_Lag from file /scratch/abipeake/March2026/Easter_finerxsecbinning_sat11ththapril_robbinsmonroemore2/chain_trimmed_last10M_MCMC_Diag.root
[PlotMCMCDiag.cpp][info] Auto_corr/enu_enubias_208_param_207_Lag
[PlotMCMCDiag.cpp][warning] continuing along my way for Auto_corr
[PlotMCMCDiag.cpp][info] Looking for Auto_corr/enu_enubias_208_param_207_Lag from file /scratch/abipeake/March2026/Easter_finerxsecbinning_sat11ththapril_robbinsmonroemore2/chain_trimmed_last10M_MCMC_Diag.root
[PlotMCMCDiag.cpp][info] Auto_corr/enu_enubias_209_param_208_Lag
[PlotMCMCDiag.cpp][warning] continuing along my way for Auto_corr
[PlotMCMCDiag.cpp][info] Looking for Auto_corr/enu_enubias_209_param_208_Lag from file /scratch/abipeake/March2026/Easter_finerxsecbinning_sat11ththapril_robbinsmonroemore2/chain_trimmed_last10M_MCMC_Diag.root
[PlotMCMCDiag.cpp][info] Auto_corr/enu_enubias_210_param_209_Lag
[PlotMCMCDiag.cpp][warning] continuing along my way for Auto_corr
[PlotMCMCDiag.cpp][info] Looking for Auto_corr/enu_enubias_210_param_209_Lag from file /scratch/abipeake/March2026/Easter_finerxsecbinning_sat11ththapril_robbinsmonroemore2/chain_trimmed_last10M_MCMC_Diag.root
[PlotMCMCDiag.cpp][info] Auto_corr/enu_enubias_211_param_210_Lag
[PlotMCMCDiag.cpp][warning] continuing along my way for Auto_corr
[PlotMCMCDiag.cpp][info] Looking for Auto_corr/enu_enubias_211_param_210_Lag from file /scratch/abipeake/March2026/Easter_finerxsecbinning_sat11ththapril_robbinsmonroemore2/chain_trimmed_last10M_MCMC_Diag.root
[PlotMCMCDiag.cpp][info] Auto_corr/enu_enubias_212_param_211_Lag
[PlotMCMCDiag.cpp][warning] continuing along my way for Auto_corr
[PlotMCMCDiag.cpp][info] Looking for Auto_corr/enu_enubias_212_param_211_Lag from file /scratch/abipeake/March2026/Easter_finerxsecbinning_sat11ththapril_robbinsmonroemore2/chain_trimmed_last10M_MCMC_Diag.root
[PlotMCMCDiag.cpp][info] Auto_corr/enu_enubias_213_param_212_Lag
[PlotMCMCDiag.cpp][warning] continuing along my way for Auto_corr
[PlotMCMCDiag.cpp][info] Looking for Auto_corr/enu_enubias_213_param_212_Lag from file /scratch/abipeake/March2026/Easter_finerxsecbinning_sat11ththapril_robbinsmonroemore2/chain_trimmed_last10M_MCMC_Diag.root
[PlotMCMCDiag.cpp][info] Auto_corr/enu_enubias_214_param_213_Lag
[PlotMCMCDiag.cpp][warning] continuing along my way for Auto_corr
[PlotMCMCDiag.cpp][info] Looking for Auto_corr/enu_enubias_214_param_213_Lag from file /scratch/abipeake/March2026/Easter_finerxsecbinning_sat11ththapril_robbinsmonroemore2/chain_trimmed_last10M_MCMC_Diag.root
[PlotMCMCDiag.cpp][info] Auto_corr/enu_enubias_215_param_214_Lag
[PlotMCMCDiag.cpp][warning] continuing along my way for Auto_corr
[PlotMCMCDiag.cpp][info] Looking for Auto_corr/enu_enubias_215_param_214_Lag from file /scratch/abipeake/March2026/Easter_finerxsecbinning_sat11ththapril_robbinsmonroemore2/chain_trimmed_last10M_MCMC_Diag.root
[PlotMCMCDiag.cpp][info] Auto_corr/enu_enubias_216_param_215_Lag
[PlotMCMCDiag.cpp][warning] continuing along my way for Auto_corr
[PlotMCMCDiag.cpp][info] Looking for Auto_corr/enu_enubias_216_param_215_Lag from file /scratch/abipeake/March2026/Easter_finerxsecbinning_sat11ththapril_robbinsmonroemore2/chain_trimmed_last10M_MCMC_Diag.root
[PlotMCMCDiag.cpp][info] Auto_corr/enu_enubias_217_param_216_Lag
[PlotMCMCDiag.cpp][warning] continuing along my way for Auto_corr
[PlotMCMCDiag.cpp][info] Looking for Auto_corr/enu_enubias_217_param_216_Lag from file /scratch/abipeake/March2026/Easter_finerxsecbinning_sat11ththapril_robbinsmonroemore2/chain_trimmed_last10M_MCMC_Diag.root
[PlotMCMCDiag.cpp][info] Auto_corr/enu_enubias_218_param_217_Lag
[PlotMCMCDiag.cpp][warning] continuing along my way for Auto_corr
[PlotMCMCDiag.cpp][info] Looking for Auto_corr/enu_enubias_218_param_217_Lag from file /scratch/abipeake/March2026/Easter_finerxsecbinning_sat11ththapril_robbinsmonroemore2/chain_trimmed_last10M_MCMC_Diag.root
[PlotMCMCDiag.cpp][info] Auto_corr/enu_enubias_219_param_218_Lag
[PlotMCMCDiag.cpp][warning] continuing along my way for Auto_corr
[PlotMCMCDiag.cpp][info] Looking for Auto_corr/enu_enubias_219_param_218_Lag from file /scratch/abipeake/March2026/Easter_finerxsecbinning_sat11ththapril_robbinsmonroemore2/chain_trimmed_last10M_MCMC_Diag.root
[PlotMCMCDiag.cpp][info] Auto_corr/enu_enubias_220_param_219_Lag
[PlotMCMCDiag.cpp][warning] continuing along my way for Auto_corr
[PlotMCMCDiag.cpp][info] Looking for Auto_corr/enu_enubias_220_param_219_Lag from file /scratch/abipeake/March2026/Easter_finerxsecbinning_sat11ththapril_robbinsmonroemore2/chain_trimmed_last10M_MCMC_Diag.root
[PlotMCMCDiag.cpp][info] Auto_corr/enu_enubias_221_param_220_Lag
[PlotMCMCDiag.cpp][warning] continuing along my way for Auto_corr
[PlotMCMCDiag.cpp][info] Looking for Auto_corr/enu_enubias_221_param_220_Lag from file /scratch/abipeake/March2026/Easter_finerxsecbinning_sat11ththapril_robbinsmonroemore2/chain_trimmed_last10M_MCMC_Diag.root
[PlotMCMCDiag.cpp][info] Auto_corr/enu_enubias_222_param_221_Lag
[PlotMCMCDiag.cpp][warning] continuing along my way for Auto_corr
[PlotMCMCDiag.cpp][info] Looking for Auto_corr/enu_enubias_222_param_221_Lag from file /scratch/abipeake/March2026/Easter_finerxsecbinning_sat11ththapril_robbinsmonroemore2/chain_trimmed_last10M_MCMC_Diag.root
[PlotMCMCDiag.cpp][info] Auto_corr/enu_enubias_223_param_222_Lag
[PlotMCMCDiag.cpp][warning] continuing along my way for Auto_corr
[PlotMCMCDiag.cpp][info] Looking for Auto_corr/enu_enubias_223_param_222_Lag from file /scratch/abipeake/March2026/Easter_finerxsecbinning_sat11ththapril_robbinsmonroemore2/chain_trimmed_last10M_MCMC_Diag.root
[PlotMCMCDiag.cpp][info] Auto_corr/enu_enubias_224_param_223_Lag
[PlotMCMCDiag.cpp][warning] continuing along my way for Auto_corr
[PlotMCMCDiag.cpp][info] Looking for Auto_corr/enu_enubias_224_param_223_Lag from file /scratch/abipeake/March2026/Easter_finerxsecbinning_sat11ththapril_robbinsmonroemore2/chain_trimmed_last10M_MCMC_Diag.root
[PlotMCMCDiag.cpp][info] Auto_corr/enu_enubias_225_param_224_Lag
[PlotMCMCDiag.cpp][warning] continuing along my way for Auto_corr
[PlotMCMCDiag.cpp][info] Looking for Auto_corr/enu_enubias_225_param_224_Lag from file /scratch/abipeake/March2026/Easter_finerxsecbinning_sat11ththapril_robbinsmonroemore2/chain_trimmed_last10M_MCMC_Diag.root
[PlotMCMCDiag.cpp][info] Auto_corr/enu_enubias_226_param_225_Lag
[PlotMCMCDiag.cpp][warning] continuing along my way for Auto_corr
[PlotMCMCDiag.cpp][info] Looking for Auto_corr/enu_enubias_226_param_225_Lag from file /scratch/abipeake/March2026/Easter_finerxsecbinning_sat11ththapril_robbinsmonroemore2/chain_trimmed_last10M_MCMC_Diag.root
[PlotMCMCDiag.cpp][info] Auto_corr/enu_enubias_227_param_226_Lag
[PlotMCMCDiag.cpp][warning] continuing along my way for Auto_corr
[PlotMCMCDiag.cpp][info] Looking for Auto_corr/enu_enubias_227_param_226_Lag from file /scratch/abipeake/March2026/Easter_finerxsecbinning_sat11ththapril_robbinsmonroemore2/chain_trimmed_last10M_MCMC_Diag.root
[PlotMCMCDiag.cpp][info] Auto_corr/enu_enubias_228_param_227_Lag
[PlotMCMCDiag.cpp][warning] continuing along my way for Auto_corr
[PlotMCMCDiag.cpp][info] Looking for Auto_corr/enu_enubias_228_param_227_Lag from file /scratch/abipeake/March2026/Easter_finerxsecbinning_sat11ththapril_robbinsmonroemore2/chain_trimmed_last10M_MCMC_Diag.root
[PlotMCMCDiag.cpp][info] Auto_corr/enu_enubias_229_param_228_Lag
[PlotMCMCDiag.cpp][warning] continuing along my way for Auto_corr
[PlotMCMCDiag.cpp][info] Looking for Auto_corr/enu_enubias_229_param_228_Lag from file /scratch/abipeake/March2026/Easter_finerxsecbinning_sat11ththapril_robbinsmonroemore2/chain_trimmed_last10M_MCMC_Diag.root
[PlotMCMCDiag.cpp][info] Auto_corr/enu_enubias_230_param_229_Lag
[PlotMCMCDiag.cpp][warning] continuing along my way for Auto_corr
[PlotMCMCDiag.cpp][info] Looking for Auto_corr/enu_enubias_230_param_229_Lag from file /scratch/abipeake/March2026/Easter_finerxsecbinning_sat11ththapril_robbinsmonroemore2/chain_trimmed_last10M_MCMC_Diag.root
[PlotMCMCDiag.cpp][info] Auto_corr/enu_enubias_231_param_230_Lag
[PlotMCMCDiag.cpp][warning] continuing along my way for Auto_corr
[PlotMCMCDiag.cpp][info] Looking for Auto_corr/enu_enubias_231_param_230_Lag from file /scratch/abipeake/March2026/Easter_finerxsecbinning_sat11ththapril_robbinsmonroemore2/chain_trimmed_last10M_MCMC_Diag.root
[PlotMCMCDiag.cpp][info] Auto_corr/enu_enubias_232_param_231_Lag
[PlotMCMCDiag.cpp][warning] continuing along my way for Auto_corr
[PlotMCMCDiag.cpp][info] Looking for Auto_corr/enu_enubias_232_param_231_Lag from file /scratch/abipeake/March2026/Easter_finerxsecbinning_sat11ththapril_robbinsmonroemore2/chain_trimmed_last10M_MCMC_Diag.root
[PlotMCMCDiag.cpp][info] Auto_corr/enu_enubias_233_param_232_Lag
[PlotMCMCDiag.cpp][warning] continuing along my way for Auto_corr
[PlotMCMCDiag.cpp][info] Looking for Auto_corr/enu_enubias_233_param_232_Lag from file /scratch/abipeake/March2026/Easter_finerxsecbinning_sat11ththapril_robbinsmonroemore2/chain_trimmed_last10M_MCMC_Diag.root
[PlotMCMCDiag.cpp][info] Auto_corr/enu_enubias_234_param_233_Lag
[PlotMCMCDiag.cpp][warning] continuing along my way for Auto_corr
[PlotMCMCDiag.cpp][info] Looking for Auto_corr/enu_enubias_234_param_233_Lag from file /scratch/abipeake/March2026/Easter_finerxsecbinning_sat11ththapril_robbinsmonroemore2/chain_trimmed_last10M_MCMC_Diag.root
[PlotMCMCDiag.cpp][info] Auto_corr/enu_enubias_235_param_234_Lag
[PlotMCMCDiag.cpp][warning] continuing along my way for Auto_corr
[PlotMCMCDiag.cpp][info] Looking for Auto_corr/enu_enubias_235_param_234_Lag from file /scratch/abipeake/March2026/Easter_finerxsecbinning_sat11ththapril_robbinsmonroemore2/chain_trimmed_last10M_MCMC_Diag.root
[PlotMCMCDiag.cpp][info] Auto_corr/enu_enubias_236_param_235_Lag
[PlotMCMCDiag.cpp][warning] continuing along my way for Auto_corr
[PlotMCMCDiag.cpp][info] Looking for Auto_corr/enu_enubias_236_param_235_Lag from file /scratch/abipeake/March2026/Easter_finerxsecbinning_sat11ththapril_robbinsmonroemore2/chain_trimmed_last10M_MCMC_Diag.root
[PlotMCMCDiag.cpp][info] Auto_corr/enu_enubias_237_param_236_Lag
[PlotMCMCDiag.cpp][warning] continuing along my way for Auto_corr
[PlotMCMCDiag.cpp][info] Looking for Auto_corr/enu_enubias_237_param_236_Lag from file /scratch/abipeake/March2026/Easter_finerxsecbinning_sat11ththapril_robbinsmonroemore2/chain_trimmed_last10M_MCMC_Diag.root
[PlotMCMCDiag.cpp][info] Auto_corr/enu_enubias_238_param_237_Lag
[PlotMCMCDiag.cpp][warning] continuing along my way for Auto_corr
[PlotMCMCDiag.cpp][info] Looking for Auto_corr/enu_enubias_238_param_237_Lag from file /scratch/abipeake/March2026/Easter_finerxsecbinning_sat11ththapril_robbinsmonroemore2/chain_trimmed_last10M_MCMC_Diag.root
[PlotMCMCDiag.cpp][info] Auto_corr/enu_enubias_239_param_238_Lag
[PlotMCMCDiag.cpp][warning] continuing along my way for Auto_corr
[PlotMCMCDiag.cpp][info] Looking for Auto_corr/enu_enubias_239_param_238_Lag from file /scratch/abipeake/March2026/Easter_finerxsecbinning_sat11ththapril_robbinsmonroemore2/chain_trimmed_last10M_MCMC_Diag.root
[PlotMCMCDiag.cpp][info] Auto_corr/enu_enubias_240_param_239_Lag
[PlotMCMCDiag.cpp][warning] continuing along my way for Auto_corr
[PlotMCMCDiag.cpp][info] Looking for Auto_corr/enu_enubias_240_param_239_Lag from file /scratch/abipeake/March2026/Easter_finerxsecbinning_sat11ththapril_robbinsmonroemore2/chain_trimmed_last10M_MCMC_Diag.root
[PlotMCMCDiag.cpp][info] Auto_corr/enu_enubias_241_param_240_Lag
[PlotMCMCDiag.cpp][warning] continuing along my way for Auto_corr
[PlotMCMCDiag.cpp][info] Looking for Auto_corr/enu_enubias_241_param_240_Lag from file /scratch/abipeake/March2026/Easter_finerxsecbinning_sat11ththapril_robbinsmonroemore2/chain_trimmed_last10M_MCMC_Diag.root
[PlotMCMCDiag.cpp][info] Auto_corr/enu_enubias_242_param_241_Lag
[PlotMCMCDiag.cpp][warning] continuing along my way for Auto_corr
[PlotMCMCDiag.cpp][info] Looking for Auto_corr/enu_enubias_242_param_241_Lag from file /scratch/abipeake/March2026/Easter_finerxsecbinning_sat11ththapril_robbinsmonroemore2/chain_trimmed_last10M_MCMC_Diag.root
[PlotMCMCDiag.cpp][info] Auto_corr/enu_enubias_243_param_242_Lag
[PlotMCMCDiag.cpp][warning] continuing along my way for Auto_corr
[PlotMCMCDiag.cpp][info] Looking for Auto_corr/enu_enubias_243_param_242_Lag from file /scratch/abipeake/March2026/Easter_finerxsecbinning_sat11ththapril_robbinsmonroemore2/chain_trimmed_last10M_MCMC_Diag.root
[PlotMCMCDiag.cpp][info] Auto_corr/enu_enubias_244_param_243_Lag
[PlotMCMCDiag.cpp][warning] continuing along my way for Auto_corr
[PlotMCMCDiag.cpp][info] Looking for Auto_corr/enu_enubias_244_param_243_Lag from file /scratch/abipeake/March2026/Easter_finerxsecbinning_sat11ththapril_robbinsmonroemore2/chain_trimmed_last10M_MCMC_Diag.root
[PlotMCMCDiag.cpp][info] Auto_corr/enu_enubias_245_param_244_Lag
[PlotMCMCDiag.cpp][warning] continuing along my way for Auto_corr
[PlotMCMCDiag.cpp][info] Looking for Auto_corr/enu_enubias_245_param_244_Lag from file /scratch/abipeake/March2026/Easter_finerxsecbinning_sat11ththapril_robbinsmonroemore2/chain_trimmed_last10M_MCMC_Diag.root
[PlotMCMCDiag.cpp][info] Auto_corr/enu_enubias_246_param_245_Lag
[PlotMCMCDiag.cpp][warning] continuing along my way for Auto_corr
[PlotMCMCDiag.cpp][info] Looking for Auto_corr/enu_enubias_246_param_245_Lag from file /scratch/abipeake/March2026/Easter_finerxsecbinning_sat11ththapril_robbinsmonroemore2/chain_trimmed_last10M_MCMC_Diag.root
[PlotMCMCDiag.cpp][info] Auto_corr/enu_enubias_247_param_246_Lag
[PlotMCMCDiag.cpp][warning] continuing along my way for Auto_corr
[PlotMCMCDiag.cpp][info] Looking for Auto_corr/enu_enubias_247_param_246_Lag from file /scratch/abipeake/March2026/Easter_finerxsecbinning_sat11ththapril_robbinsmonroemore2/chain_trimmed_last10M_MCMC_Diag.root
[PlotMCMCDiag.cpp][info] Auto_corr/enu_enubias_248_param_247_Lag
[PlotMCMCDiag.cpp][warning] continuing along my way for Auto_corr
[PlotMCMCDiag.cpp][info] Looking for Auto_corr/enu_enubias_248_param_247_Lag from file /scratch/abipeake/March2026/Easter_finerxsecbinning_sat11ththapril_robbinsmonroemore2/chain_trimmed_last10M_MCMC_Diag.root
[PlotMCMCDiag.cpp][info] Auto_corr/enu_enubias_249_param_248_Lag
[PlotMCMCDiag.cpp][warning] continuing along my way for Auto_corr
[PlotMCMCDiag.cpp][info] Looking for Auto_corr/enu_enubias_249_param_248_Lag from file /scratch/abipeake/March2026/Easter_finerxsecbinning_sat11ththapril_robbinsmonroemore2/chain_trimmed_last10M_MCMC_Diag.root
[PlotMCMCDiag.cpp][info] Auto_corr/enu_enubias_250_param_249_Lag
[PlotMCMCDiag.cpp][warning] continuing along my way for Auto_corr
[PlotMCMCDiag.cpp][info] Looking for Auto_corr/enu_enubias_250_param_249_Lag from file /scratch/abipeake/March2026/Easter_finerxsecbinning_sat11ththapril_robbinsmonroemore2/chain_trimmed_last10M_MCMC_Diag.root
[PlotMCMCDiag.cpp][info] Auto_corr/enu_enubias_251_param_250_Lag
[PlotMCMCDiag.cpp][warning] continuing along my way for Auto_corr
[PlotMCMCDiag.cpp][info] Looking for Auto_corr/enu_enubias_251_param_250_Lag from file /scratch/abipeake/March2026/Easter_finerxsecbinning_sat11ththapril_robbinsmonroemore2/chain_trimmed_last10M_MCMC_Diag.root
[PlotMCMCDiag.cpp][info] Auto_corr/enu_enubias_252_param_251_Lag
[PlotMCMCDiag.cpp][warning] continuing along my way for Auto_corr
[PlotMCMCDiag.cpp][info] Looking for Auto_corr/enu_enubias_252_param_251_Lag from file /scratch/abipeake/March2026/Easter_finerxsecbinning_sat11ththapril_robbinsmonroemore2/chain_trimmed_last10M_MCMC_Diag.root
[PlotMCMCDiag.cpp][info] Auto_corr/enu_enubias_253_param_252_Lag
[PlotMCMCDiag.cpp][warning] continuing along my way for Auto_corr
[PlotMCMCDiag.cpp][info] Looking for Auto_corr/enu_enubias_253_param_252_Lag from file /scratch/abipeake/March2026/Easter_finerxsecbinning_sat11ththapril_robbinsmonroemore2/chain_trimmed_last10M_MCMC_Diag.root
[PlotMCMCDiag.cpp][info] Auto_corr/enu_enubias_254_param_253_Lag
[PlotMCMCDiag.cpp][warning] continuing along my way for Auto_corr
[PlotMCMCDiag.cpp][info] Looking for Auto_corr/enu_enubias_254_param_253_Lag from file /scratch/abipeake/March2026/Easter_finerxsecbinning_sat11ththapril_robbinsmonroemore2/chain_trimmed_last10M_MCMC_Diag.root
[PlotMCMCDiag.cpp][info] Auto_corr/enu_enubias_255_param_254_Lag
[PlotMCMCDiag.cpp][warning] continuing along my way for Auto_corr
[PlotMCMCDiag.cpp][info] Looking for Auto_corr/enu_enubias_255_param_254_Lag from file /scratch/abipeake/March2026/Easter_finerxsecbinning_sat11ththapril_robbinsmonroemore2/chain_trimmed_last10M_MCMC_Diag.root
[PlotMCMCDiag.cpp][info] Auto_corr/enu_enubias_256_param_255_Lag
[PlotMCMCDiag.cpp][warning] continuing along my way for Auto_corr
[PlotMCMCDiag.cpp][info] Looking for Auto_corr/enu_enubias_256_param_255_Lag from file /scratch/abipeake/March2026/Easter_finerxsecbinning_sat11ththapril_robbinsmonroemore2/chain_trimmed_last10M_MCMC_Diag.root
[PlotMCMCDiag.cpp][info] Auto_corr/enu_enubias_257_param_256_Lag
[PlotMCMCDiag.cpp][warning] continuing along my way for Auto_corr
[PlotMCMCDiag.cpp][info] Looking for Auto_corr/enu_enubias_257_param_256_Lag from file /scratch/abipeake/March2026/Easter_finerxsecbinning_sat11ththapril_robbinsmonroemore2/chain_trimmed_last10M_MCMC_Diag.root
[PlotMCMCDiag.cpp][info] Auto_corr/enu_enubias_258_param_257_Lag
[PlotMCMCDiag.cpp][warning] continuing along my way for Auto_corr
[PlotMCMCDiag.cpp][info] Looking for Auto_corr/enu_enubias_258_param_257_Lag from file /scratch/abipeake/March2026/Easter_finerxsecbinning_sat11ththapril_robbinsmonroemore2/chain_trimmed_last10M_MCMC_Diag.root
[PlotMCMCDiag.cpp][info] Auto_corr/enu_enubias_259_param_258_Lag
[PlotMCMCDiag.cpp][warning] continuing along my way for Auto_corr
[PlotMCMCDiag.cpp][info] Looking for Auto_corr/enu_enubias_259_param_258_Lag from file /scratch/abipeake/March2026/Easter_finerxsecbinning_sat11ththapril_robbinsmonroemore2/chain_trimmed_last10M_MCMC_Diag.root
[PlotMCMCDiag.cpp][info] Auto_corr/enu_enubias_260_param_259_Lag
[PlotMCMCDiag.cpp][warning] continuing along my way for Auto_corr
[PlotMCMCDiag.cpp][info] Looking for Auto_corr/enu_enubias_260_param_259_Lag from file /scratch/abipeake/March2026/Easter_finerxsecbinning_sat11ththapril_robbinsmonroemore2/chain_trimmed_last10M_MCMC_Diag.root
[PlotMCMCDiag.cpp][info] Auto_corr/enu_enubias_261_param_260_Lag
[PlotMCMCDiag.cpp][warning] continuing along my way for Auto_corr
[PlotMCMCDiag.cpp][info] Looking for Auto_corr/enu_enubias_261_param_260_Lag from file /scratch/abipeake/March2026/Easter_finerxsecbinning_sat11ththapril_robbinsmonroemore2/chain_trimmed_last10M_MCMC_Diag.root
[PlotMCMCDiag.cpp][info] Auto_corr/enu_enubias_262_param_261_Lag
[PlotMCMCDiag.cpp][warning] continuing along my way for Auto_corr
[PlotMCMCDiag.cpp][info] Looking for Auto_corr/enu_enubias_262_param_261_Lag from file /scratch/abipeake/March2026/Easter_finerxsecbinning_sat11ththapril_robbinsmonroemore2/chain_trimmed_last10M_MCMC_Diag.root
[PlotMCMCDiag.cpp][info] Auto_corr/enu_enubias_263_param_262_Lag
[PlotMCMCDiag.cpp][warning] continuing along my way for Auto_corr
[PlotMCMCDiag.cpp][info] Looking for Auto_corr/enu_enubias_263_param_262_Lag from file /scratch/abipeake/March2026/Easter_finerxsecbinning_sat11ththapril_robbinsmonroemore2/chain_trimmed_last10M_MCMC_Diag.root
[PlotMCMCDiag.cpp][info] Auto_corr/enu_enubias_264_param_263_Lag
[PlotMCMCDiag.cpp][warning] continuing along my way for Auto_corr
[PlotMCMCDiag.cpp][info] Looking for Auto_corr/enu_enubias_264_param_263_Lag from file /scratch/abipeake/March2026/Easter_finerxsecbinning_sat11ththapril_robbinsmonroemore2/chain_trimmed_last10M_MCMC_Diag.root
[PlotMCMCDiag.cpp][info] Auto_corr/enu_enubias_265_param_264_Lag
[PlotMCMCDiag.cpp][warning] continuing along my way for Auto_corr
[PlotMCMCDiag.cpp][info] Looking for Auto_corr/enu_enubias_265_param_264_Lag from file /scratch/abipeake/March2026/Easter_finerxsecbinning_sat11ththapril_robbinsmonroemore2/chain_trimmed_last10M_MCMC_Diag.root
[PlotMCMCDiag.cpp][info] Auto_corr/enu_enubias_266_param_265_Lag
[PlotMCMCDiag.cpp][warning] continuing along my way for Auto_corr
[PlotMCMCDiag.cpp][info] Looking for Auto_corr/enu_enubias_266_param_265_Lag from file /scratch/abipeake/March2026/Easter_finerxsecbinning_sat11ththapril_robbinsmonroemore2/chain_trimmed_last10M_MCMC_Diag.root
[PlotMCMCDiag.cpp][info] Auto_corr/enu_enubias_267_param_266_Lag
[PlotMCMCDiag.cpp][warning] continuing along my way for Auto_corr
[PlotMCMCDiag.cpp][info] Looking for Auto_corr/enu_enubias_267_param_266_Lag from file /scratch/abipeake/March2026/Easter_finerxsecbinning_sat11ththapril_robbinsmonroemore2/chain_trimmed_last10M_MCMC_Diag.root
[PlotMCMCDiag.cpp][info] Auto_corr/enu_enubias_268_param_267_Lag
[PlotMCMCDiag.cpp][warning] continuing along my way for Auto_corr
[PlotMCMCDiag.cpp][info] Looking for Auto_corr/enu_enubias_268_param_267_Lag from file /scratch/abipeake/March2026/Easter_finerxsecbinning_sat11ththapril_robbinsmonroemore2/chain_trimmed_last10M_MCMC_Diag.root
[PlotMCMCDiag.cpp][info] Auto_corr/enu_enubias_269_param_268_Lag
[PlotMCMCDiag.cpp][warning] continuing along my way for Auto_corr
[PlotMCMCDiag.cpp][info] Looking for Auto_corr/enu_enubias_269_param_268_Lag from file /scratch/abipeake/March2026/Easter_finerxsecbinning_sat11ththapril_robbinsmonroemore2/chain_trimmed_last10M_MCMC_Diag.root
[PlotMCMCDiag.cpp][info] Auto_corr/enu_enubias_270_param_269_Lag
[PlotMCMCDiag.cpp][warning] continuing along my way for Auto_corr
[PlotMCMCDiag.cpp][info] Looking for Auto_corr/enu_enubias_270_param_269_Lag from file /scratch/abipeake/March2026/Easter_finerxsecbinning_sat11ththapril_robbinsmonroemore2/chain_trimmed_last10M_MCMC_Diag.root
[PlotMCMCDiag.cpp][info] Auto_corr/enu_enubias_271_param_270_Lag
[PlotMCMCDiag.cpp][warning] continuing along my way for Auto_corr
[PlotMCMCDiag.cpp][info] Looking for Auto_corr/enu_enubias_271_param_270_Lag from file /scratch/abipeake/March2026/Easter_finerxsecbinning_sat11ththapril_robbinsmonroemore2/chain_trimmed_last10M_MCMC_Diag.root
[PlotMCMCDiag.cpp][info] Auto_corr/enu_enubias_272_param_271_Lag
[PlotMCMCDiag.cpp][warning] continuing along my way for Auto_corr
[PlotMCMCDiag.cpp][info] Looking for Auto_corr/enu_enubias_272_param_271_Lag from file /scratch/abipeake/March2026/Easter_finerxsecbinning_sat11ththapril_robbinsmonroemore2/chain_trimmed_last10M_MCMC_Diag.root
[PlotMCMCDiag.cpp][info] Auto_corr/enu_enubias_273_param_272_Lag
[PlotMCMCDiag.cpp][warning] continuing along my way for Auto_corr
[PlotMCMCDiag.cpp][info] Looking for Auto_corr/enu_enubias_273_param_272_Lag from file /scratch/abipeake/March2026/Easter_finerxsecbinning_sat11ththapril_robbinsmonroemore2/chain_trimmed_last10M_MCMC_Diag.root
[PlotMCMCDiag.cpp][info] Auto_corr/enu_enubias_274_param_273_Lag
[PlotMCMCDiag.cpp][warning] continuing along my way for Auto_corr
[PlotMCMCDiag.cpp][info] Looking for Auto_corr/enu_enubias_274_param_273_Lag from file /scratch/abipeake/March2026/Easter_finerxsecbinning_sat11ththapril_robbinsmonroemore2/chain_trimmed_last10M_MCMC_Diag.root
[PlotMCMCDiag.cpp][info] Auto_corr/enu_enubias_275_param_274_Lag
[PlotMCMCDiag.cpp][warning] continuing along my way for Auto_corr
[PlotMCMCDiag.cpp][info] Looking for Auto_corr/enu_enubias_275_param_274_Lag from file /scratch/abipeake/March2026/Easter_finerxsecbinning_sat11ththapril_robbinsmonroemore2/chain_trimmed_last10M_MCMC_Diag.root
[PlotMCMCDiag.cpp][info] Auto_corr/enu_enubias_276_param_275_Lag
[PlotMCMCDiag.cpp][warning] continuing along my way for Auto_corr
[PlotMCMCDiag.cpp][info] Looking for Auto_corr/enu_enubias_276_param_275_Lag from file /scratch/abipeake/March2026/Easter_finerxsecbinning_sat11ththapril_robbinsmonroemore2/chain_trimmed_last10M_MCMC_Diag.root
[PlotMCMCDiag.cpp][info] Auto_corr/enu_enubias_277_param_276_Lag
[PlotMCMCDiag.cpp][warning] continuing along my way for Auto_corr
[PlotMCMCDiag.cpp][info] Looking for Auto_corr/enu_enubias_277_param_276_Lag from file /scratch/abipeake/March2026/Easter_finerxsecbinning_sat11ththapril_robbinsmonroemore2/chain_trimmed_last10M_MCMC_Diag.root
[PlotMCMCDiag.cpp][info] Auto_corr/enu_enubias_278_param_277_Lag
[PlotMCMCDiag.cpp][warning] continuing along my way for Auto_corr
[PlotMCMCDiag.cpp][info] Looking for Auto_corr/enu_enubias_278_param_277_Lag from file /scratch/abipeake/March2026/Easter_finerxsecbinning_sat11ththapril_robbinsmonroemore2/chain_trimmed_last10M_MCMC_Diag.root
[PlotMCMCDiag.cpp][info] Auto_corr/enu_enubias_279_param_278_Lag
[PlotMCMCDiag.cpp][warning] continuing along my way for Auto_corr
[PlotMCMCDiag.cpp][info] Looking for Auto_corr/enu_enubias_279_param_278_Lag from file /scratch/abipeake/March2026/Easter_finerxsecbinning_sat11ththapril_robbinsmonroemore2/chain_trimmed_last10M_MCMC_Diag.root
[PlotMCMCDiag.cpp][info] Auto_corr/enu_enubias_280_param_279_Lag
[PlotMCMCDiag.cpp][warning] continuing along my way for Auto_corr
[PlotMCMCDiag.cpp][info] Looking for Auto_corr/enu_enubias_280_param_279_Lag from file /scratch/abipeake/March2026/Easter_finerxsecbinning_sat11ththapril_robbinsmonroemore2/chain_trimmed_last10M_MCMC_Diag.root
[PlotMCMCDiag.cpp][info] Auto_corr/enu_enubias_281_param_280_Lag
[PlotMCMCDiag.cpp][warning] continuing along my way for Auto_corr
[PlotMCMCDiag.cpp][info] Looking for Auto_corr/enu_enubias_281_param_280_Lag from file /scratch/abipeake/March2026/Easter_finerxsecbinning_sat11ththapril_robbinsmonroemore2/chain_trimmed_last10M_MCMC_Diag.root
[PlotMCMCDiag.cpp][info] Auto_corr/enu_enubias_282_param_281_Lag
[PlotMCMCDiag.cpp][warning] continuing along my way for Auto_corr
[PlotMCMCDiag.cpp][info] Looking for Auto_corr/enu_enubias_282_param_281_Lag from file /scratch/abipeake/March2026/Easter_finerxsecbinning_sat11ththapril_robbinsmonroemore2/chain_trimmed_last10M_MCMC_Diag.root
[PlotMCMCDiag.cpp][info] Auto_corr/enu_enubias_283_param_282_Lag
[PlotMCMCDiag.cpp][warning] continuing along my way for Auto_corr
[PlotMCMCDiag.cpp][info] Looking for Auto_corr/enu_enubias_283_param_282_Lag from file /scratch/abipeake/March2026/Easter_finerxsecbinning_sat11ththapril_robbinsmonroemore2/chain_trimmed_last10M_MCMC_Diag.root
[PlotMCMCDiag.cpp][info] Auto_corr/enu_enubias_284_param_283_Lag
[PlotMCMCDiag.cpp][warning] continuing along my way for Auto_corr
[PlotMCMCDiag.cpp][info] Looking for Auto_corr/enu_enubias_284_param_283_Lag from file /scratch/abipeake/March2026/Easter_finerxsecbinning_sat11ththapril_robbinsmonroemore2/chain_trimmed_last10M_MCMC_Diag.root
[PlotMCMCDiag.cpp][info] Auto_corr/enu_enubias_285_param_284_Lag
[PlotMCMCDiag.cpp][warning] continuing along my way for Auto_corr
[PlotMCMCDiag.cpp][info] Looking for Auto_corr/enu_enubias_285_param_284_Lag from file /scratch/abipeake/March2026/Easter_finerxsecbinning_sat11ththapril_robbinsmonroemore2/chain_trimmed_last10M_MCMC_Diag.root
[PlotMCMCDiag.cpp][info] Auto_corr/enu_enubias_286_param_285_Lag
[PlotMCMCDiag.cpp][warning] continuing along my way for Auto_corr
[PlotMCMCDiag.cpp][info] Looking for Auto_corr/enu_enubias_286_param_285_Lag from file /scratch/abipeake/March2026/Easter_finerxsecbinning_sat11ththapril_robbinsmonroemore2/chain_trimmed_last10M_MCMC_Diag.root
[PlotMCMCDiag.cpp][info] Auto_corr/enu_enubias_287_param_286_Lag
[PlotMCMCDiag.cpp][warning] continuing along my way for Auto_corr
[PlotMCMCDiag.cpp][info] Looking for Auto_corr/enu_enubias_287_param_286_Lag from file /scratch/abipeake/March2026/Easter_finerxsecbinning_sat11ththapril_robbinsmonroemore2/chain_trimmed_last10M_MCMC_Diag.root
[PlotMCMCDiag.cpp][info] Auto_corr/enu_enubias_288_param_287_Lag
[PlotMCMCDiag.cpp][warning] continuing along my way for Auto_corr
[PlotMCMCDiag.cpp][info] Looking for Auto_corr/enu_enubias_288_param_287_Lag from file /scratch/abipeake/March2026/Easter_finerxsecbinning_sat11ththapril_robbinsmonroemore2/chain_trimmed_last10M_MCMC_Diag.root
[PlotMCMCDiag.cpp][info] Auto_corr/enu_enubias_289_param_288_Lag
[PlotMCMCDiag.cpp][warning] continuing along my way for Auto_corr
[PlotMCMCDiag.cpp][info] Looking for Auto_corr/enu_enubias_289_param_288_Lag from file /scratch/abipeake/March2026/Easter_finerxsecbinning_sat11ththapril_robbinsmonroemore2/chain_trimmed_last10M_MCMC_Diag.root
[PlotMCMCDiag.cpp][info] Auto_corr/enu_enubias_290_param_289_Lag
[PlotMCMCDiag.cpp][warning] continuing along my way for Auto_corr
[PlotMCMCDiag.cpp][info] Looking for Auto_corr/enu_enubias_290_param_289_Lag from file /scratch/abipeake/March2026/Easter_finerxsecbinning_sat11ththapril_robbinsmonroemore2/chain_trimmed_last10M_MCMC_Diag.root
[PlotMCMCDiag.cpp][info] Auto_corr/enu_enubias_291_param_290_Lag
[PlotMCMCDiag.cpp][warning] continuing along my way for Auto_corr
[PlotMCMCDiag.cpp][info] Looking for Auto_corr/enu_enubias_291_param_290_Lag from file /scratch/abipeake/March2026/Easter_finerxsecbinning_sat11ththapril_robbinsmonroemore2/chain_trimmed_last10M_MCMC_Diag.root
[PlotMCMCDiag.cpp][info] Auto_corr/enu_enubias_292_param_291_Lag
[PlotMCMCDiag.cpp][warning] continuing along my way for Auto_corr
[PlotMCMCDiag.cpp][info] Looking for Auto_corr/enu_enubias_292_param_291_Lag from file /scratch/abipeake/March2026/Easter_finerxsecbinning_sat11ththapril_robbinsmonroemore2/chain_trimmed_last10M_MCMC_Diag.root
[PlotMCMCDiag.cpp][info] Auto_corr/enu_enubias_293_param_292_Lag
[PlotMCMCDiag.cpp][warning] continuing along my way for Auto_corr
[PlotMCMCDiag.cpp][info] Looking for Auto_corr/enu_enubias_293_param_292_Lag from file /scratch/abipeake/March2026/Easter_finerxsecbinning_sat11ththapril_robbinsmonroemore2/chain_trimmed_last10M_MCMC_Diag.root
[PlotMCMCDiag.cpp][info] Auto_corr/enu_enubias_294_param_293_Lag
[PlotMCMCDiag.cpp][warning] continuing along my way for Auto_corr
[PlotMCMCDiag.cpp][info] Looking for Auto_corr/enu_enubias_294_param_293_Lag from file /scratch/abipeake/March2026/Easter_finerxsecbinning_sat11ththapril_robbinsmonroemore2/chain_trimmed_last10M_MCMC_Diag.root
[PlotMCMCDiag.cpp][info] Auto_corr/enu_enubias_295_param_294_Lag
[PlotMCMCDiag.cpp][warning] continuing along my way for Auto_corr
[PlotMCMCDiag.cpp][info] Looking for Auto_corr/enu_enubias_295_param_294_Lag from file /scratch/abipeake/March2026/Easter_finerxsecbinning_sat11ththapril_robbinsmonroemore2/chain_trimmed_last10M_MCMC_Diag.root
[PlotMCMCDiag.cpp][info] Auto_corr/enu_enubias_296_param_295_Lag
[PlotMCMCDiag.cpp][warning] continuing along my way for Auto_corr
[PlotMCMCDiag.cpp][info] Looking for Auto_corr/enu_enubias_296_param_295_Lag from file /scratch/abipeake/March2026/Easter_finerxsecbinning_sat11ththapril_robbinsmonroemore2/chain_trimmed_last10M_MCMC_Diag.root
[PlotMCMCDiag.cpp][info] Auto_corr/enu_enubias_297_param_296_Lag
[PlotMCMCDiag.cpp][warning] continuing along my way for Auto_corr
[PlotMCMCDiag.cpp][info] Looking for Auto_corr/enu_enubias_297_param_296_Lag from file /scratch/abipeake/March2026/Easter_finerxsecbinning_sat11ththapril_robbinsmonroemore2/chain_trimmed_last10M_MCMC_Diag.root
[PlotMCMCDiag.cpp][info] Auto_corr/enu_enubias_298_param_297_Lag
[PlotMCMCDiag.cpp][warning] continuing along my way for Auto_corr
[PlotMCMCDiag.cpp][info] Looking for Auto_corr/enu_enubias_298_param_297_Lag from file /scratch/abipeake/March2026/Easter_finerxsecbinning_sat11ththapril_robbinsmonroemore2/chain_trimmed_last10M_MCMC_Diag.root
[PlotMCMCDiag.cpp][info] Auto_corr/enu_enubias_299_param_298_Lag
[PlotMCMCDiag.cpp][warning] continuing along my way for Auto_corr
[PlotMCMCDiag.cpp][info] Looking for Auto_corr/enu_enubias_299_param_298_Lag from file /scratch/abipeake/March2026/Easter_finerxsecbinning_sat11ththapril_robbinsmonroemore2/chain_trimmed_last10M_MCMC_Diag.root
[PlotMCMCDiag.cpp][info] Auto_corr/enu_enubias_300_param_299_Lag
[PlotMCMCDiag.cpp][warning] continuing along my way for Auto_corr
[PlotMCMCDiag.cpp][info] Looking for Auto_corr/enu_enubias_300_param_299_Lag from file /scratch/abipeake/March2026/Easter_finerxsecbinning_sat11ththapril_robbinsmonroemore2/chain_trimmed_last10M_MCMC_Diag.root
[PlotMCMCDiag.cpp][info] Auto_corr/enu_enubias_301_param_300_Lag
[PlotMCMCDiag.cpp][warning] continuing along my way for Auto_corr
[PlotMCMCDiag.cpp][info] Looking for Auto_corr/enu_enubias_301_param_300_Lag from file /scratch/abipeake/March2026/Easter_finerxsecbinning_sat11ththapril_robbinsmonroemore2/chain_trimmed_last10M_MCMC_Diag.root
[PlotMCMCDiag.cpp][info] Auto_corr/enu_enubias_302_param_301_Lag
[PlotMCMCDiag.cpp][warning] continuing along my way for Auto_corr
[PlotMCMCDiag.cpp][info] Looking for Auto_corr/enu_enubias_302_param_301_Lag from file /scratch/abipeake/March2026/Easter_finerxsecbinning_sat11ththapril_robbinsmonroemore2/chain_trimmed_last10M_MCMC_Diag.root
[PlotMCMCDiag.cpp][info] Auto_corr/enu_enubias_303_param_302_Lag
[PlotMCMCDiag.cpp][warning] continuing along my way for Auto_corr
[PlotMCMCDiag.cpp][info] Looking for Auto_corr/enu_enubias_303_param_302_Lag from file /scratch/abipeake/March2026/Easter_finerxsecbinning_sat11ththapril_robbinsmonroemore2/chain_trimmed_last10M_MCMC_Diag.root
[PlotMCMCDiag.cpp][info] Auto_corr/enu_enubias_304_param_303_Lag
[PlotMCMCDiag.cpp][warning] continuing along my way for Auto_corr
[PlotMCMCDiag.cpp][info] Looking for Auto_corr/enu_enubias_304_param_303_Lag from file /scratch/abipeake/March2026/Easter_finerxsecbinning_sat11ththapril_robbinsmonroemore2/chain_trimmed_last10M_MCMC_Diag.root
[PlotMCMCDiag.cpp][info] Auto_corr/enu_enubias_305_param_304_Lag
[PlotMCMCDiag.cpp][warning] continuing along my way for Auto_corr
[PlotMCMCDiag.cpp][info] Looking for Auto_corr/enu_enubias_305_param_304_Lag from file /scratch/abipeake/March2026/Easter_finerxsecbinning_sat11ththapril_robbinsmonroemore2/chain_trimmed_last10M_MCMC_Diag.root
[PlotMCMCDiag.cpp][info] Auto_corr/enu_enubias_306_param_305_Lag
[PlotMCMCDiag.cpp][warning] continuing along my way for Auto_corr
[PlotMCMCDiag.cpp][info] Looking for Auto_corr/enu_enubias_306_param_305_Lag from file /scratch/abipeake/March2026/Easter_finerxsecbinning_sat11ththapril_robbinsmonroemore2/chain_trimmed_last10M_MCMC_Diag.root
[PlotMCMCDiag.cpp][info] Auto_corr/enu_enubias_307_param_306_Lag
[PlotMCMCDiag.cpp][warning] continuing along my way for Auto_corr
[PlotMCMCDiag.cpp][info] Looking for Auto_corr/enu_enubias_307_param_306_Lag from file /scratch/abipeake/March2026/Easter_finerxsecbinning_sat11ththapril_robbinsmonroemore2/chain_trimmed_last10M_MCMC_Diag.root
[PlotMCMCDiag.cpp][info] Auto_corr/enu_enubias_308_param_307_Lag
[PlotMCMCDiag.cpp][warning] continuing along my way for Auto_corr
[PlotMCMCDiag.cpp][info] Looking for Auto_corr/enu_enubias_308_param_307_Lag from file /scratch/abipeake/March2026/Easter_finerxsecbinning_sat11ththapril_robbinsmonroemore2/chain_trimmed_last10M_MCMC_Diag.root
[PlotMCMCDiag.cpp][info] Auto_corr/enu_enubias_309_param_308_Lag
[PlotMCMCDiag.cpp][warning] continuing along my way for Auto_corr
[PlotMCMCDiag.cpp][info] Looking for Auto_corr/enu_enubias_309_param_308_Lag from file /scratch/abipeake/March2026/Easter_finerxsecbinning_sat11ththapril_robbinsmonroemore2/chain_trimmed_last10M_MCMC_Diag.root
[PlotMCMCDiag.cpp][info] Auto_corr/enu_enubias_310_param_309_Lag
[PlotMCMCDiag.cpp][warning] continuing along my way for Auto_corr
[PlotMCMCDiag.cpp][info] Looking for Auto_corr/enu_enubias_310_param_309_Lag from file /scratch/abipeake/March2026/Easter_finerxsecbinning_sat11ththapril_robbinsmonroemore2/chain_trimmed_last10M_MCMC_Diag.root
[PlotMCMCDiag.cpp][info] Auto_corr/enu_enubias_311_param_310_Lag
[PlotMCMCDiag.cpp][warning] continuing along my way for Auto_corr
[PlotMCMCDiag.cpp][info] Looking for Auto_corr/enu_enubias_311_param_310_Lag from file /scratch/abipeake/March2026/Easter_finerxsecbinning_sat11ththapril_robbinsmonroemore2/chain_trimmed_last10M_MCMC_Diag.root
[PlotMCMCDiag.cpp][info] Auto_corr/enu_enubias_312_param_311_Lag
[PlotMCMCDiag.cpp][warning] continuing along my way for Auto_corr
[PlotMCMCDiag.cpp][info] Looking for Auto_corr/enu_enubias_312_param_311_Lag from file /scratch/abipeake/March2026/Easter_finerxsecbinning_sat11ththapril_robbinsmonroemore2/chain_trimmed_last10M_MCMC_Diag.root
[PlotMCMCDiag.cpp][info] Auto_corr/enu_enubias_313_param_312_Lag
[PlotMCMCDiag.cpp][warning] continuing along my way for Auto_corr
[PlotMCMCDiag.cpp][info] Looking for Auto_corr/enu_enubias_313_param_312_Lag from file /scratch/abipeake/March2026/Easter_finerxsecbinning_sat11ththapril_robbinsmonroemore2/chain_trimmed_last10M_MCMC_Diag.root
[PlotMCMCDiag.cpp][info] Auto_corr/enu_enubias_314_param_313_Lag
[PlotMCMCDiag.cpp][warning] continuing along my way for Auto_corr
[PlotMCMCDiag.cpp][info] Looking for Auto_corr/enu_enubias_314_param_313_Lag from file /scratch/abipeake/March2026/Easter_finerxsecbinning_sat11ththapril_robbinsmonroemore2/chain_trimmed_last10M_MCMC_Diag.root
[PlotMCMCDiag.cpp][info] Auto_corr/enu_enubias_315_param_314_Lag
[PlotMCMCDiag.cpp][warning] continuing along my way for Auto_corr
[PlotMCMCDiag.cpp][info] Looking for Auto_corr/enu_enubias_315_param_314_Lag from file /scratch/abipeake/March2026/Easter_finerxsecbinning_sat11ththapril_robbinsmonroemore2/chain_trimmed_last10M_MCMC_Diag.root
[PlotMCMCDiag.cpp][info] Auto_corr/enu_enubias_316_param_315_Lag
[PlotMCMCDiag.cpp][warning] continuing along my way for Auto_corr
[PlotMCMCDiag.cpp][info] Looking for Auto_corr/enu_enubias_316_param_315_Lag from file /scratch/abipeake/March2026/Easter_finerxsecbinning_sat11ththapril_robbinsmonroemore2/chain_trimmed_last10M_MCMC_Diag.root
[PlotMCMCDiag.cpp][info] Auto_corr/enu_enubias_317_param_316_Lag
[PlotMCMCDiag.cpp][warning] continuing along my way for Auto_corr
[PlotMCMCDiag.cpp][info] Looking for Auto_corr/enu_enubias_317_param_316_Lag from file /scratch/abipeake/March2026/Easter_finerxsecbinning_sat11ththapril_robbinsmonroemore2/chain_trimmed_last10M_MCMC_Diag.root
[PlotMCMCDiag.cpp][info] Auto_corr/enu_enubias_318_param_317_Lag
[PlotMCMCDiag.cpp][warning] continuing along my way for Auto_corr
[PlotMCMCDiag.cpp][info] Looking for Auto_corr/enu_enubias_318_param_317_Lag from file /scratch/abipeake/March2026/Easter_finerxsecbinning_sat11ththapril_robbinsmonroemore2/chain_trimmed_last10M_MCMC_Diag.root
[PlotMCMCDiag.cpp][info] Auto_corr/enu_enubias_319_param_318_Lag
[PlotMCMCDiag.cpp][warning] continuing along my way for Auto_corr
[PlotMCMCDiag.cpp][info] Looking for Auto_corr/enu_enubias_319_param_318_Lag from file /scratch/abipeake/March2026/Easter_finerxsecbinning_sat11ththapril_robbinsmonroemore2/chain_trimmed_last10M_MCMC_Diag.root
[PlotMCMCDiag.cpp][info] Auto_corr/enu_enubias_320_param_319_Lag
[PlotMCMCDiag.cpp][warning] continuing along my way for Auto_corr
[PlotMCMCDiag.cpp][info] Looking for Auto_corr/enu_enubias_320_param_319_Lag from file /scratch/abipeake/March2026/Easter_finerxsecbinning_sat11ththapril_robbinsmonroemore2/chain_trimmed_last10M_MCMC_Diag.root
[PlotMCMCDiag.cpp][info] Auto_corr/enu_enubias_321_param_320_Lag
[PlotMCMCDiag.cpp][warning] continuing along my way for Auto_corr
[PlotMCMCDiag.cpp][info] Looking for Auto_corr/enu_enubias_321_param_320_Lag from file /scratch/abipeake/March2026/Easter_finerxsecbinning_sat11ththapril_robbinsmonroemore2/chain_trimmed_last10M_MCMC_Diag.root
[PlotMCMCDiag.cpp][info] Auto_corr/enu_enubias_322_param_321_Lag
[PlotMCMCDiag.cpp][warning] continuing along my way for Auto_corr
[PlotMCMCDiag.cpp][info] Looking for Auto_corr/enu_enubias_322_param_321_Lag from file /scratch/abipeake/March2026/Easter_finerxsecbinning_sat11ththapril_robbinsmonroemore2/chain_trimmed_last10M_MCMC_Diag.root
[PlotMCMCDiag.cpp][info] Auto_corr/enu_enubias_323_param_322_Lag
[PlotMCMCDiag.cpp][warning] continuing along my way for Auto_corr
[PlotMCMCDiag.cpp][info] Looking for Auto_corr/enu_enubias_323_param_322_Lag from file /scratch/abipeake/March2026/Easter_finerxsecbinning_sat11ththapril_robbinsmonroemore2/chain_trimmed_last10M_MCMC_Diag.root
[PlotMCMCDiag.cpp][info] Auto_corr/enu_enubias_324_param_323_Lag
[PlotMCMCDiag.cpp][warning] continuing along my way for Auto_corr
[PlotMCMCDiag.cpp][info] Looking for Auto_corr/enu_enubias_324_param_323_Lag from file /scratch/abipeake/March2026/Easter_finerxsecbinning_sat11ththapril_robbinsmonroemore2/chain_trimmed_last10M_MCMC_Diag.root
[PlotMCMCDiag.cpp][info] Auto_corr/enu_enubias_325_param_324_Lag
[PlotMCMCDiag.cpp][warning] continuing along my way for Auto_corr
[PlotMCMCDiag.cpp][info] Looking for Auto_corr/enu_enubias_325_param_324_Lag from file /scratch/abipeake/March2026/Easter_finerxsecbinning_sat11ththapril_robbinsmonroemore2/chain_trimmed_last10M_MCMC_Diag.root
[PlotMCMCDiag.cpp][info] Auto_corr/enu_enubias_326_param_325_Lag
[PlotMCMCDiag.cpp][warning] continuing along my way for Auto_corr
[PlotMCMCDiag.cpp][info] Looking for Auto_corr/enu_enubias_326_param_325_Lag from file /scratch/abipeake/March2026/Easter_finerxsecbinning_sat11ththapril_robbinsmonroemore2/chain_trimmed_last10M_MCMC_Diag.root
[PlotMCMCDiag.cpp][info] Auto_corr/enu_enubias_327_param_326_Lag
[PlotMCMCDiag.cpp][warning] continuing along my way for Auto_corr
[PlotMCMCDiag.cpp][info] Looking for Auto_corr/enu_enubias_327_param_326_Lag from file /scratch/abipeake/March2026/Easter_finerxsecbinning_sat11ththapril_robbinsmonroemore2/chain_trimmed_last10M_MCMC_Diag.root
[PlotMCMCDiag.cpp][info] Auto_corr/enu_enubias_328_param_327_Lag
[PlotMCMCDiag.cpp][warning] continuing along my way for Auto_corr
[PlotMCMCDiag.cpp][info] Looking for Auto_corr/enu_enubias_328_param_327_Lag from file /scratch/abipeake/March2026/Easter_finerxsecbinning_sat11ththapril_robbinsmonroemore2/chain_trimmed_last10M_MCMC_Diag.root
[PlotMCMCDiag.cpp][info] Auto_corr/enu_enubias_329_param_328_Lag
[PlotMCMCDiag.cpp][warning] continuing along my way for Auto_corr
[PlotMCMCDiag.cpp][info] Looking for Auto_corr/enu_enubias_329_param_328_Lag from file /scratch/abipeake/March2026/Easter_finerxsecbinning_sat11ththapril_robbinsmonroemore2/chain_trimmed_last10M_MCMC_Diag.root
[PlotMCMCDiag.cpp][info] Auto_corr/enu_enubias_330_param_329_Lag
[PlotMCMCDiag.cpp][warning] continuing along my way for Auto_corr
[PlotMCMCDiag.cpp][info] Looking for Auto_corr/enu_enubias_330_param_329_Lag from file /scratch/abipeake/March2026/Easter_finerxsecbinning_sat11ththapril_robbinsmonroemore2/chain_trimmed_last10M_MCMC_Diag.root
[PlotMCMCDiag.cpp][info] Auto_corr/enu_enubias_331_param_330_Lag
[PlotMCMCDiag.cpp][warning] continuing along my way for Auto_corr
[PlotMCMCDiag.cpp][info] Looking for Auto_corr/enu_enubias_331_param_330_Lag from file /scratch/abipeake/March2026/Easter_finerxsecbinning_sat11ththapril_robbinsmonroemore2/chain_trimmed_last10M_MCMC_Diag.root
[PlotMCMCDiag.cpp][info] Auto_corr/enu_enubias_332_param_331_Lag
[PlotMCMCDiag.cpp][warning] continuing along my way for Auto_corr
[PlotMCMCDiag.cpp][info] Looking for Auto_corr/enu_enubias_332_param_331_Lag from file /scratch/abipeake/March2026/Easter_finerxsecbinning_sat11ththapril_robbinsmonroemore2/chain_trimmed_last10M_MCMC_Diag.root
[PlotMCMCDiag.cpp][info] Auto_corr/enu_enubias_333_param_332_Lag
[PlotMCMCDiag.cpp][warning] continuing along my way for Auto_corr
[PlotMCMCDiag.cpp][info] Looking for Auto_corr/enu_enubias_333_param_332_Lag from file /scratch/abipeake/March2026/Easter_finerxsecbinning_sat11ththapril_robbinsmonroemore2/chain_trimmed_last10M_MCMC_Diag.root
[PlotMCMCDiag.cpp][info] Auto_corr/enu_enubias_334_param_333_Lag
[PlotMCMCDiag.cpp][warning] continuing along my way for Auto_corr
[PlotMCMCDiag.cpp][info] Looking for Auto_corr/enu_enubias_334_param_333_Lag from file /scratch/abipeake/March2026/Easter_finerxsecbinning_sat11ththapril_robbinsmonroemore2/chain_trimmed_last10M_MCMC_Diag.root
[PlotMCMCDiag.cpp][info] Auto_corr/enu_enubias_335_param_334_Lag
[PlotMCMCDiag.cpp][warning] continuing along my way for Auto_corr
[PlotMCMCDiag.cpp][info] Looking for Auto_corr/enu_enubias_335_param_334_Lag from file /scratch/abipeake/March2026/Easter_finerxsecbinning_sat11ththapril_robbinsmonroemore2/chain_trimmed_last10M_MCMC_Diag.root
[PlotMCMCDiag.cpp][info] Auto_corr/enu_enubias_336_param_335_Lag
[PlotMCMCDiag.cpp][warning] continuing along my way for Auto_corr
[PlotMCMCDiag.cpp][info] Looking for Auto_corr/enu_enubias_336_param_335_Lag from file /scratch/abipeake/March2026/Easter_finerxsecbinning_sat11ththapril_robbinsmonroemore2/chain_trimmed_last10M_MCMC_Diag.root
[PlotMCMCDiag.cpp][info] Auto_corr/enu_enubias_337_param_336_Lag
[PlotMCMCDiag.cpp][warning] continuing along my way for Auto_corr
[PlotMCMCDiag.cpp][info] Looking for Auto_corr/enu_enubias_337_param_336_Lag from file /scratch/abipeake/March2026/Easter_finerxsecbinning_sat11ththapril_robbinsmonroemore2/chain_trimmed_last10M_MCMC_Diag.root
[PlotMCMCDiag.cpp][info] Auto_corr/enu_enubias_338_param_337_Lag
[PlotMCMCDiag.cpp][warning] continuing along my way for Auto_corr
[PlotMCMCDiag.cpp][info] Looking for Auto_corr/enu_enubias_338_param_337_Lag from file /scratch/abipeake/March2026/Easter_finerxsecbinning_sat11ththapril_robbinsmonroemore2/chain_trimmed_last10M_MCMC_Diag.root
[PlotMCMCDiag.cpp][info] Auto_corr/enu_enubias_339_param_338_Lag
[PlotMCMCDiag.cpp][warning] continuing along my way for Auto_corr
[PlotMCMCDiag.cpp][info] Looking for Auto_corr/enu_enubias_339_param_338_Lag from file /scratch/abipeake/March2026/Easter_finerxsecbinning_sat11ththapril_robbinsmonroemore2/chain_trimmed_last10M_MCMC_Diag.root
[PlotMCMCDiag.cpp][info] Auto_corr/enu_enubias_340_param_339_Lag
[PlotMCMCDiag.cpp][warning] continuing along my way for Auto_corr
[PlotMCMCDiag.cpp][info] Looking for Auto_corr/enu_enubias_340_param_339_Lag from file /scratch/abipeake/March2026/Easter_finerxsecbinning_sat11ththapril_robbinsmonroemore2/chain_trimmed_last10M_MCMC_Diag.root
[PlotMCMCDiag.cpp][info] Auto_corr/enu_enubias_341_param_340_Lag
[PlotMCMCDiag.cpp][warning] continuing along my way for Auto_corr
[PlotMCMCDiag.cpp][info] Looking for Auto_corr/enu_enubias_341_param_340_Lag from file /scratch/abipeake/March2026/Easter_finerxsecbinning_sat11ththapril_robbinsmonroemore2/chain_trimmed_last10M_MCMC_Diag.root
[PlotMCMCDiag.cpp][info] Auto_corr/enu_enubias_342_param_341_Lag
[PlotMCMCDiag.cpp][warning] continuing along my way for Auto_corr
[PlotMCMCDiag.cpp][info] Looking for Auto_corr/enu_enubias_342_param_341_Lag from file /scratch/abipeake/March2026/Easter_finerxsecbinning_sat11ththapril_robbinsmonroemore2/chain_trimmed_last10M_MCMC_Diag.root
[PlotMCMCDiag.cpp][info] Auto_corr/enu_enubias_343_param_342_Lag
[PlotMCMCDiag.cpp][warning] continuing along my way for Auto_corr
[PlotMCMCDiag.cpp][info] Looking for Auto_corr/enu_enubias_343_param_342_Lag from file /scratch/abipeake/March2026/Easter_finerxsecbinning_sat11ththapril_robbinsmonroemore2/chain_trimmed_last10M_MCMC_Diag.root
[PlotMCMCDiag.cpp][info] Auto_corr/enu_enubias_344_param_343_Lag
[PlotMCMCDiag.cpp][warning] continuing along my way for Auto_corr
[PlotMCMCDiag.cpp][info] Looking for Auto_corr/enu_enubias_344_param_343_Lag from file /scratch/abipeake/March2026/Easter_finerxsecbinning_sat11ththapril_robbinsmonroemore2/chain_trimmed_last10M_MCMC_Diag.root
[PlotMCMCDiag.cpp][info] Auto_corr/enu_enubias_345_param_344_Lag
[PlotMCMCDiag.cpp][warning] continuing along my way for Auto_corr
[PlotMCMCDiag.cpp][info] Looking for Auto_corr/enu_enubias_345_param_344_Lag from file /scratch/abipeake/March2026/Easter_finerxsecbinning_sat11ththapril_robbinsmonroemore2/chain_trimmed_last10M_MCMC_Diag.root
[PlotMCMCDiag.cpp][info] Auto_corr/enu_enubias_346_param_345_Lag
[PlotMCMCDiag.cpp][warning] continuing along my way for Auto_corr
[PlotMCMCDiag.cpp][info] Looking for Auto_corr/enu_enubias_346_param_345_Lag from file /scratch/abipeake/March2026/Easter_finerxsecbinning_sat11ththapril_robbinsmonroemore2/chain_trimmed_last10M_MCMC_Diag.root
[PlotMCMCDiag.cpp][info] Auto_corr/enu_enubias_347_param_346_Lag
[PlotMCMCDiag.cpp][warning] continuing along my way for Auto_corr
[PlotMCMCDiag.cpp][info] Looking for Auto_corr/enu_enubias_347_param_346_Lag from file /scratch/abipeake/March2026/Easter_finerxsecbinning_sat11ththapril_robbinsmonroemore2/chain_trimmed_last10M_MCMC_Diag.root
[PlotMCMCDiag.cpp][info] Auto_corr/enu_enubias_348_param_347_Lag
[PlotMCMCDiag.cpp][warning] continuing along my way for Auto_corr
[PlotMCMCDiag.cpp][info] Looking for Auto_corr/enu_enubias_348_param_347_Lag from file /scratch/abipeake/March2026/Easter_finerxsecbinning_sat11ththapril_robbinsmonroemore2/chain_trimmed_last10M_MCMC_Diag.root
[PlotMCMCDiag.cpp][info] Auto_corr/enu_enubias_349_param_348_Lag
[PlotMCMCDiag.cpp][warning] continuing along my way for Auto_corr
[PlotMCMCDiag.cpp][info] Looking for Auto_corr/enu_enubias_349_param_348_Lag from file /scratch/abipeake/March2026/Easter_finerxsecbinning_sat11ththapril_robbinsmonroemore2/chain_trimmed_last10M_MCMC_Diag.root
[PlotMCMCDiag.cpp][info] Auto_corr/enu_enubias_350_param_349_Lag
[PlotMCMCDiag.cpp][warning] continuing along my way for Auto_corr
[PlotMCMCDiag.cpp][info] Looking for Auto_corr/enu_enubias_350_param_349_Lag from file /scratch/abipeake/March2026/Easter_finerxsecbinning_sat11ththapril_robbinsmonroemore2/chain_trimmed_last10M_MCMC_Diag.root
[PlotMCMCDiag.cpp][info] Auto_corr/enu_enubias_351_param_350_Lag
[PlotMCMCDiag.cpp][warning] continuing along my way for Auto_corr
[PlotMCMCDiag.cpp][info] Looking for Auto_corr/enu_enubias_351_param_350_Lag from file /scratch/abipeake/March2026/Easter_finerxsecbinning_sat11ththapril_robbinsmonroemore2/chain_trimmed_last10M_MCMC_Diag.root
[PlotMCMCDiag.cpp][info] Auto_corr/enu_enubias_352_param_351_Lag
[PlotMCMCDiag.cpp][warning] continuing along my way for Auto_corr
[PlotMCMCDiag.cpp][info] Looking for Auto_corr/enu_enubias_352_param_351_Lag from file /scratch/abipeake/March2026/Easter_finerxsecbinning_sat11ththapril_robbinsmonroemore2/chain_trimmed_last10M_MCMC_Diag.root
[PlotMCMCDiag.cpp][info] Auto_corr/enu_enubias_353_param_352_Lag
[PlotMCMCDiag.cpp][warning] continuing along my way for Auto_corr
[PlotMCMCDiag.cpp][info] Looking for Auto_corr/enu_enubias_353_param_352_Lag from file /scratch/abipeake/March2026/Easter_finerxsecbinning_sat11ththapril_robbinsmonroemore2/chain_trimmed_last10M_MCMC_Diag.root
[PlotMCMCDiag.cpp][info] Auto_corr/enu_enubias_354_param_353_Lag
[PlotMCMCDiag.cpp][warning] continuing along my way for Auto_corr
[PlotMCMCDiag.cpp][info] Looking for Auto_corr/enu_enubias_354_param_353_Lag from file /scratch/abipeake/March2026/Easter_finerxsecbinning_sat11ththapril_robbinsmonroemore2/chain_trimmed_last10M_MCMC_Diag.root
[PlotMCMCDiag.cpp][info] Auto_corr/enu_enubias_355_param_354_Lag
[PlotMCMCDiag.cpp][warning] continuing along my way for Auto_corr
[PlotMCMCDiag.cpp][info] Looking for Auto_corr/enu_enubias_355_param_354_Lag from file /scratch/abipeake/March2026/Easter_finerxsecbinning_sat11ththapril_robbinsmonroemore2/chain_trimmed_last10M_MCMC_Diag.root
[PlotMCMCDiag.cpp][info] Auto_corr/enu_enubias_356_param_355_Lag
[PlotMCMCDiag.cpp][warning] continuing along my way for Auto_corr
[PlotMCMCDiag.cpp][info] Looking for Auto_corr/enu_enubias_356_param_355_Lag from file /scratch/abipeake/March2026/Easter_finerxsecbinning_sat11ththapril_robbinsmonroemore2/chain_trimmed_last10M_MCMC_Diag.root
[PlotMCMCDiag.cpp][info] Auto_corr/enu_enubias_357_param_356_Lag
[PlotMCMCDiag.cpp][warning] continuing along my way for Auto_corr
[PlotMCMCDiag.cpp][info] Looking for Auto_corr/enu_enubias_357_param_356_Lag from file /scratch/abipeake/March2026/Easter_finerxsecbinning_sat11ththapril_robbinsmonroemore2/chain_trimmed_last10M_MCMC_Diag.root
[PlotMCMCDiag.cpp][info] Auto_corr/enu_enubias_358_param_357_Lag
[PlotMCMCDiag.cpp][warning] continuing along my way for Auto_corr
[PlotMCMCDiag.cpp][info] Looking for Auto_corr/enu_enubias_358_param_357_Lag from file /scratch/abipeake/March2026/Easter_finerxsecbinning_sat11ththapril_robbinsmonroemore2/chain_trimmed_last10M_MCMC_Diag.root
[PlotMCMCDiag.cpp][info] Auto_corr/enu_enubias_359_param_358_Lag
[PlotMCMCDiag.cpp][warning] continuing along my way for Auto_corr
[PlotMCMCDiag.cpp][info] Looking for Auto_corr/enu_enubias_359_param_358_Lag from file /scratch/abipeake/March2026/Easter_finerxsecbinning_sat11ththapril_robbinsmonroemore2/chain_trimmed_last10M_MCMC_Diag.root
[PlotMCMCDiag.cpp][info] Auto_corr/enu_enubias_360_param_359_Lag
[PlotMCMCDiag.cpp][warning] continuing along my way for Auto_corr
[PlotMCMCDiag.cpp][info] Looking for Auto_corr/enu_enubias_360_param_359_Lag from file /scratch/abipeake/March2026/Easter_finerxsecbinning_sat11ththapril_robbinsmonroemore2/chain_trimmed_last10M_MCMC_Diag.root
[PlotMCMCDiag.cpp][info] Auto_corr/enu_enubias_361_param_360_Lag
[PlotMCMCDiag.cpp][warning] continuing along my way for Auto_corr
[PlotMCMCDiag.cpp][info] Looking for Auto_corr/enu_enubias_361_param_360_Lag from file /scratch/abipeake/March2026/Easter_finerxsecbinning_sat11ththapril_robbinsmonroemore2/chain_trimmed_last10M_MCMC_Diag.root
[PlotMCMCDiag.cpp][info] Auto_corr/enu_enubias_362_param_361_Lag
[PlotMCMCDiag.cpp][warning] continuing along my way for Auto_corr
[PlotMCMCDiag.cpp][info] Looking for Auto_corr/enu_enubias_362_param_361_Lag from file /scratch/abipeake/March2026/Easter_finerxsecbinning_sat11ththapril_robbinsmonroemore2/chain_trimmed_last10M_MCMC_Diag.root
[PlotMCMCDiag.cpp][info] Auto_corr/enu_enubias_363_param_362_Lag
[PlotMCMCDiag.cpp][warning] continuing along my way for Auto_corr
[PlotMCMCDiag.cpp][info] Looking for Auto_corr/enu_enubias_363_param_362_Lag from file /scratch/abipeake/March2026/Easter_finerxsecbinning_sat11ththapril_robbinsmonroemore2/chain_trimmed_last10M_MCMC_Diag.root
[PlotMCMCDiag.cpp][info] Auto_corr/enu_enubias_364_param_363_Lag
[PlotMCMCDiag.cpp][warning] continuing along my way for Auto_corr
[PlotMCMCDiag.cpp][info] Looking for Auto_corr/enu_enubias_364_param_363_Lag from file /scratch/abipeake/March2026/Easter_finerxsecbinning_sat11ththapril_robbinsmonroemore2/chain_trimmed_last10M_MCMC_Diag.root
[PlotMCMCDiag.cpp][info] Auto_corr/enu_enubias_365_param_364_Lag
[PlotMCMCDiag.cpp][warning] continuing along my way for Auto_corr
[PlotMCMCDiag.cpp][info] Looking for Auto_corr/enu_enubias_365_param_364_Lag from file /scratch/abipeake/March2026/Easter_finerxsecbinning_sat11ththapril_robbinsmonroemore2/chain_trimmed_last10M_MCMC_Diag.root
[PlotMCMCDiag.cpp][info] Auto_corr/enu_enubias_366_param_365_Lag
[PlotMCMCDiag.cpp][warning] continuing along my way for Auto_corr
[PlotMCMCDiag.cpp][info] Looking for Auto_corr/enu_enubias_366_param_365_Lag from file /scratch/abipeake/March2026/Easter_finerxsecbinning_sat11ththapril_robbinsmonroemore2/chain_trimmed_last10M_MCMC_Diag.root
[PlotMCMCDiag.cpp][info] Auto_corr/enu_enubias_367_param_366_Lag
[PlotMCMCDiag.cpp][warning] continuing along my way for Auto_corr
[PlotMCMCDiag.cpp][info] Looking for Auto_corr/enu_enubias_367_param_366_Lag from file /scratch/abipeake/March2026/Easter_finerxsecbinning_sat11ththapril_robbinsmonroemore2/chain_trimmed_last10M_MCMC_Diag.root
[PlotMCMCDiag.cpp][info] Auto_corr/enu_enubias_368_param_367_Lag
[PlotMCMCDiag.cpp][warning] continuing along my way for Auto_corr
[PlotMCMCDiag.cpp][info] Looking for Auto_corr/enu_enubias_368_param_367_Lag from file /scratch/abipeake/March2026/Easter_finerxsecbinning_sat11ththapril_robbinsmonroemore2/chain_trimmed_last10M_MCMC_Diag.root
[PlotMCMCDiag.cpp][info] Auto_corr/enu_enubias_369_param_368_Lag
[PlotMCMCDiag.cpp][warning] continuing along my way for Auto_corr
[PlotMCMCDiag.cpp][info] Looking for Auto_corr/enu_enubias_369_param_368_Lag from file /scratch/abipeake/March2026/Easter_finerxsecbinning_sat11ththapril_robbinsmonroemore2/chain_trimmed_last10M_MCMC_Diag.root
[PlotMCMCDiag.cpp][info] Auto_corr/enu_enubias_370_param_369_Lag
[PlotMCMCDiag.cpp][warning] continuing along my way for Auto_corr
[PlotMCMCDiag.cpp][info] Looking for Auto_corr/enu_enubias_370_param_369_Lag from file /scratch/abipeake/March2026/Easter_finerxsecbinning_sat11ththapril_robbinsmonroemore2/chain_trimmed_last10M_MCMC_Diag.root
[PlotMCMCDiag.cpp][info] Auto_corr/enu_enubias_371_param_370_Lag
[PlotMCMCDiag.cpp][warning] continuing along my way for Auto_corr
[PlotMCMCDiag.cpp][info] Looking for Auto_corr/enu_enubias_371_param_370_Lag from file /scratch/abipeake/March2026/Easter_finerxsecbinning_sat11ththapril_robbinsmonroemore2/chain_trimmed_last10M_MCMC_Diag.root
[PlotMCMCDiag.cpp][info] Auto_corr/enu_enubias_372_param_371_Lag
[PlotMCMCDiag.cpp][warning] continuing along my way for Auto_corr
[PlotMCMCDiag.cpp][info] Looking for Auto_corr/enu_enubias_372_param_371_Lag from file /scratch/abipeake/March2026/Easter_finerxsecbinning_sat11ththapril_robbinsmonroemore2/chain_trimmed_last10M_MCMC_Diag.root
[PlotMCMCDiag.cpp][info] Auto_corr/enu_enubias_373_param_372_Lag
[PlotMCMCDiag.cpp][warning] continuing along my way for Auto_corr
[PlotMCMCDiag.cpp][info] Looking for Auto_corr/enu_enubias_373_param_372_Lag from file /scratch/abipeake/March2026/Easter_finerxsecbinning_sat11ththapril_robbinsmonroemore2/chain_trimmed_last10M_MCMC_Diag.root
[PlotMCMCDiag.cpp][info] Auto_corr/enu_enubias_374_param_373_Lag
[PlotMCMCDiag.cpp][warning] continuing along my way for Auto_corr
[PlotMCMCDiag.cpp][info] Looking for Auto_corr/enu_enubias_374_param_373_Lag from file /scratch/abipeake/March2026/Easter_finerxsecbinning_sat11ththapril_robbinsmonroemore2/chain_trimmed_last10M_MCMC_Diag.root
[PlotMCMCDiag.cpp][info] Auto_corr/enu_enubias_375_param_374_Lag
[PlotMCMCDiag.cpp][warning] continuing along my way for Auto_corr
[PlotMCMCDiag.cpp][info] Looking for Auto_corr/enu_enubias_375_param_374_Lag from file /scratch/abipeake/March2026/Easter_finerxsecbinning_sat11ththapril_robbinsmonroemore2/chain_trimmed_last10M_MCMC_Diag.root
[PlotMCMCDiag.cpp][info] Auto_corr/enu_enubias_376_param_375_Lag
[PlotMCMCDiag.cpp][warning] continuing along my way for Auto_corr
[PlotMCMCDiag.cpp][info] Looking for Auto_corr/enu_enubias_376_param_375_Lag from file /scratch/abipeake/March2026/Easter_finerxsecbinning_sat11ththapril_robbinsmonroemore2/chain_trimmed_last10M_MCMC_Diag.root
[PlotMCMCDiag.cpp][info] Auto_corr/enu_enubias_377_param_376_Lag
[PlotMCMCDiag.cpp][warning] continuing along my way for Auto_corr
[PlotMCMCDiag.cpp][info] Looking for Auto_corr/enu_enubias_377_param_376_Lag from file /scratch/abipeake/March2026/Easter_finerxsecbinning_sat11ththapril_robbinsmonroemore2/chain_trimmed_last10M_MCMC_Diag.root
[PlotMCMCDiag.cpp][info] Auto_corr/enu_enubias_378_param_377_Lag
[PlotMCMCDiag.cpp][warning] continuing along my way for Auto_corr
[PlotMCMCDiag.cpp][info] Looking for Auto_corr/enu_enubias_378_param_377_Lag from file /scratch/abipeake/March2026/Easter_finerxsecbinning_sat11ththapril_robbinsmonroemore2/chain_trimmed_last10M_MCMC_Diag.root
[PlotMCMCDiag.cpp][info] Auto_corr/enu_enubias_379_param_378_Lag
[PlotMCMCDiag.cpp][warning] continuing along my way for Auto_corr
[PlotMCMCDiag.cpp][info] Looking for Auto_corr/enu_enubias_379_param_378_Lag from file /scratch/abipeake/March2026/Easter_finerxsecbinning_sat11ththapril_robbinsmonroemore2/chain_trimmed_last10M_MCMC_Diag.root
[PlotMCMCDiag.cpp][info] Auto_corr/enu_enubias_380_param_379_Lag
[PlotMCMCDiag.cpp][warning] continuing along my way for Auto_corr
[PlotMCMCDiag.cpp][info] Looking for Auto_corr/enu_enubias_380_param_379_Lag from file /scratch/abipeake/March2026/Easter_finerxsecbinning_sat11ththapril_robbinsmonroemore2/chain_trimmed_last10M_MCMC_Diag.root
[PlotMCMCDiag.cpp][info] Auto_corr/enu_enubias_381_param_380_Lag
[PlotMCMCDiag.cpp][warning] continuing along my way for Auto_corr
[PlotMCMCDiag.cpp][info] Looking for Auto_corr/enu_enubias_381_param_380_Lag from file /scratch/abipeake/March2026/Easter_finerxsecbinning_sat11ththapril_robbinsmonroemore2/chain_trimmed_last10M_MCMC_Diag.root
[PlotMCMCDiag.cpp][info] Auto_corr/enu_enubias_382_param_381_Lag
[PlotMCMCDiag.cpp][warning] continuing along my way for Auto_corr
[PlotMCMCDiag.cpp][info] Looking for Auto_corr/enu_enubias_382_param_381_Lag from file /scratch/abipeake/March2026/Easter_finerxsecbinning_sat11ththapril_robbinsmonroemore2/chain_trimmed_last10M_MCMC_Diag.root
[PlotMCMCDiag.cpp][info] Auto_corr/enu_enubias_383_param_382_Lag
[PlotMCMCDiag.cpp][warning] continuing along my way for Auto_corr
[PlotMCMCDiag.cpp][info] Looking for Auto_corr/enu_enubias_383_param_382_Lag from file /scratch/abipeake/March2026/Easter_finerxsecbinning_sat11ththapril_robbinsmonroemore2/chain_trimmed_last10M_MCMC_Diag.root
[PlotMCMCDiag.cpp][info] Auto_corr/enu_enubias_384_param_383_Lag
[PlotMCMCDiag.cpp][warning] continuing along my way for Auto_corr
[PlotMCMCDiag.cpp][info] Looking for Auto_corr/enu_enubias_384_param_383_Lag from file /scratch/abipeake/March2026/Easter_finerxsecbinning_sat11ththapril_robbinsmonroemore2/chain_trimmed_last10M_MCMC_Diag.root
[PlotMCMCDiag.cpp][info] Auto_corr/enu_enubias_385_param_384_Lag
[PlotMCMCDiag.cpp][warning] continuing along my way for Auto_corr
[PlotMCMCDiag.cpp][info] Looking for Auto_corr/enu_enubias_385_param_384_Lag from file /scratch/abipeake/March2026/Easter_finerxsecbinning_sat11ththapril_robbinsmonroemore2/chain_trimmed_last10M_MCMC_Diag.root
[PlotMCMCDiag.cpp][info] Auto_corr/enu_enubias_386_param_385_Lag
[PlotMCMCDiag.cpp][warning] continuing along my way for Auto_corr
[PlotMCMCDiag.cpp][info] Looking for Auto_corr/enu_enubias_386_param_385_Lag from file /scratch/abipeake/March2026/Easter_finerxsecbinning_sat11ththapril_robbinsmonroemore2/chain_trimmed_last10M_MCMC_Diag.root
[PlotMCMCDiag.cpp][info] Auto_corr/enu_enubias_387_param_386_Lag
[PlotMCMCDiag.cpp][warning] continuing along my way for Auto_corr
[PlotMCMCDiag.cpp][info] Looking for Auto_corr/enu_enubias_387_param_386_Lag from file /scratch/abipeake/March2026/Easter_finerxsecbinning_sat11ththapril_robbinsmonroemore2/chain_trimmed_last10M_MCMC_Diag.root
[PlotMCMCDiag.cpp][info] Auto_corr/enu_enubias_388_param_387_Lag
[PlotMCMCDiag.cpp][warning] continuing along my way for Auto_corr
[PlotMCMCDiag.cpp][info] Looking for Auto_corr/enu_enubias_388_param_387_Lag from file /scratch/abipeake/March2026/Easter_finerxsecbinning_sat11ththapril_robbinsmonroemore2/chain_trimmed_last10M_MCMC_Diag.root
[PlotMCMCDiag.cpp][info] Auto_corr/enu_enubias_389_param_388_Lag
[PlotMCMCDiag.cpp][warning] continuing along my way for Auto_corr
[PlotMCMCDiag.cpp][info] Looking for Auto_corr/enu_enubias_389_param_388_Lag from file /scratch/abipeake/March2026/Easter_finerxsecbinning_sat11ththapril_robbinsmonroemore2/chain_trimmed_last10M_MCMC_Diag.root
[PlotMCMCDiag.cpp][info] Auto_corr/enu_enubias_390_param_389_Lag
[PlotMCMCDiag.cpp][warning] continuing along my way for Auto_corr
[PlotMCMCDiag.cpp][info] Looking for Auto_corr/enu_enubias_390_param_389_Lag from file /scratch/abipeake/March2026/Easter_finerxsecbinning_sat11ththapril_robbinsmonroemore2/chain_trimmed_last10M_MCMC_Diag.root
[PlotMCMCDiag.cpp][info] Auto_corr/enu_enubias_391_param_390_Lag
[PlotMCMCDiag.cpp][warning] continuing along my way for Auto_corr
[PlotMCMCDiag.cpp][info] Looking for Auto_corr/enu_enubias_391_param_390_Lag from file /scratch/abipeake/March2026/Easter_finerxsecbinning_sat11ththapril_robbinsmonroemore2/chain_trimmed_last10M_MCMC_Diag.root
[PlotMCMCDiag.cpp][info] Auto_corr/enu_enubias_392_param_391_Lag
[PlotMCMCDiag.cpp][warning] continuing along my way for Auto_corr
[PlotMCMCDiag.cpp][info] Looking for Auto_corr/enu_enubias_392_param_391_Lag from file /scratch/abipeake/March2026/Easter_finerxsecbinning_sat11ththapril_robbinsmonroemore2/chain_trimmed_last10M_MCMC_Diag.root
[PlotMCMCDiag.cpp][info] Auto_corr/enu_enubias_393_param_392_Lag
[PlotMCMCDiag.cpp][warning] continuing along my way for Auto_corr
[PlotMCMCDiag.cpp][info] Looking for Auto_corr/enu_enubias_393_param_392_Lag from file /scratch/abipeake/March2026/Easter_finerxsecbinning_sat11ththapril_robbinsmonroemore2/chain_trimmed_last10M_MCMC_Diag.root
[PlotMCMCDiag.cpp][info] Auto_corr/enu_enubias_394_param_393_Lag
[PlotMCMCDiag.cpp][warning] continuing along my way for Auto_corr
[PlotMCMCDiag.cpp][info] Looking for Auto_corr/enu_enubias_394_param_393_Lag from file /scratch/abipeake/March2026/Easter_finerxsecbinning_sat11ththapril_robbinsmonroemore2/chain_trimmed_last10M_MCMC_Diag.root
[PlotMCMCDiag.cpp][info] Auto_corr/enu_enubias_395_param_394_Lag
[PlotMCMCDiag.cpp][warning] continuing along my way for Auto_corr
[PlotMCMCDiag.cpp][info] Looking for Auto_corr/enu_enubias_395_param_394_Lag from file /scratch/abipeake/March2026/Easter_finerxsecbinning_sat11ththapril_robbinsmonroemore2/chain_trimmed_last10M_MCMC_Diag.root
[PlotMCMCDiag.cpp][info] Auto_corr/enu_enubias_396_param_395_Lag
[PlotMCMCDiag.cpp][warning] continuing along my way for Auto_corr
[PlotMCMCDiag.cpp][info] Looking for Auto_corr/enu_enubias_396_param_395_Lag from file /scratch/abipeake/March2026/Easter_finerxsecbinning_sat11ththapril_robbinsmonroemore2/chain_trimmed_last10M_MCMC_Diag.root
[PlotMCMCDiag.cpp][info] Auto_corr/enu_enubias_397_param_396_Lag
[PlotMCMCDiag.cpp][warning] continuing along my way for Auto_corr
[PlotMCMCDiag.cpp][info] Looking for Auto_corr/enu_enubias_397_param_396_Lag from file /scratch/abipeake/March2026/Easter_finerxsecbinning_sat11ththapril_robbinsmonroemore2/chain_trimmed_last10M_MCMC_Diag.root
[PlotMCMCDiag.cpp][info] Auto_corr/enu_enubias_398_param_397_Lag
[PlotMCMCDiag.cpp][warning] continuing along my way for Auto_corr
[PlotMCMCDiag.cpp][info] Looking for Auto_corr/enu_enubias_398_param_397_Lag from file /scratch/abipeake/March2026/Easter_finerxsecbinning_sat11ththapril_robbinsmonroemore2/chain_trimmed_last10M_MCMC_Diag.root
[PlotMCMCDiag.cpp][info] Auto_corr/enu_enubias_399_param_398_Lag
[PlotMCMCDiag.cpp][warning] continuing along my way for Auto_corr
[PlotMCMCDiag.cpp][info] Looking for Auto_corr/enu_enubias_399_param_398_Lag from file /scratch/abipeake/March2026/Easter_finerxsecbinning_sat11ththapril_robbinsmonroemore2/chain_trimmed_last10M_MCMC_Diag.root
[PlotMCMCDiag.cpp][info] Auto_corr/enu_enubias_400_param_399_Lag
[PlotMCMCDiag.cpp][warning] continuing along my way for Auto_corr
[PlotMCMCDiag.cpp][info] Looking for Auto_corr/enu_enubias_400_param_399_Lag from file /scratch/abipeake/March2026/Easter_finerxsecbinning_sat11ththapril_robbinsmonroemore2/chain_trimmed_last10M_MCMC_Diag.root
[PlotMCMCDiag.cpp][info] Auto_corr/enu_enubias_401_param_400_Lag
[PlotMCMCDiag.cpp][warning] continuing along my way for Auto_corr
[PlotMCMCDiag.cpp][info] Looking for Auto_corr/enu_enubias_401_param_400_Lag from file /scratch/abipeake/March2026/Easter_finerxsecbinning_sat11ththapril_robbinsmonroemore2/chain_trimmed_last10M_MCMC_Diag.root
[PlotMCMCDiag.cpp][info] Auto_corr/enu_enubias_402_param_401_Lag
[PlotMCMCDiag.cpp][warning] continuing along my way for Auto_corr
[PlotMCMCDiag.cpp][info] Looking for Auto_corr/enu_enubias_402_param_401_Lag from file /scratch/abipeake/March2026/Easter_finerxsecbinning_sat11ththapril_robbinsmonroemore2/chain_trimmed_last10M_MCMC_Diag.root
[PlotMCMCDiag.cpp][info] Auto_corr/enu_enubias_403_param_402_Lag
[PlotMCMCDiag.cpp][warning] continuing along my way for Auto_corr
[PlotMCMCDiag.cpp][info] Looking for Auto_corr/enu_enubias_403_param_402_Lag from file /scratch/abipeake/March2026/Easter_finerxsecbinning_sat11ththapril_robbinsmonroemore2/chain_trimmed_last10M_MCMC_Diag.root
[PlotMCMCDiag.cpp][info] Auto_corr/enu_enubias_404_param_403_Lag
[PlotMCMCDiag.cpp][warning] continuing along my way for Auto_corr
[PlotMCMCDiag.cpp][info] Looking for Auto_corr/enu_enubias_404_param_403_Lag from file /scratch/abipeake/March2026/Easter_finerxsecbinning_sat11ththapril_robbinsmonroemore2/chain_trimmed_last10M_MCMC_Diag.root
[PlotMCMCDiag.cpp][info] Auto_corr/enu_enubias_405_param_404_Lag
[PlotMCMCDiag.cpp][warning] continuing along my way for Auto_corr
[PlotMCMCDiag.cpp][info] Looking for Auto_corr/enu_enubias_405_param_404_Lag from file /scratch/abipeake/March2026/Easter_finerxsecbinning_sat11ththapril_robbinsmonroemore2/chain_trimmed_last10M_MCMC_Diag.root
[PlotMCMCDiag.cpp][info] Auto_corr/enu_enubias_406_param_405_Lag
[PlotMCMCDiag.cpp][warning] continuing along my way for Auto_corr
[PlotMCMCDiag.cpp][info] Looking for Auto_corr/enu_enubias_406_param_405_Lag from file /scratch/abipeake/March2026/Easter_finerxsecbinning_sat11ththapril_robbinsmonroemore2/chain_trimmed_last10M_MCMC_Diag.root
[PlotMCMCDiag.cpp][info] Auto_corr/enu_enubias_407_param_406_Lag
[PlotMCMCDiag.cpp][warning] continuing along my way for Auto_corr
[PlotMCMCDiag.cpp][info] Looking for Auto_corr/enu_enubias_407_param_406_Lag from file /scratch/abipeake/March2026/Easter_finerxsecbinning_sat11ththapril_robbinsmonroemore2/chain_trimmed_last10M_MCMC_Diag.root
[PlotMCMCDiag.cpp][info] Auto_corr/enu_enubias_408_param_407_Lag
[PlotMCMCDiag.cpp][warning] continuing along my way for Auto_corr
[PlotMCMCDiag.cpp][info] Looking for Auto_corr/enu_enubias_408_param_407_Lag from file /scratch/abipeake/March2026/Easter_finerxsecbinning_sat11ththapril_robbinsmonroemore2/chain_trimmed_last10M_MCMC_Diag.root
[PlotMCMCDiag.cpp][info] Auto_corr/enu_enubias_409_param_408_Lag
[PlotMCMCDiag.cpp][warning] continuing along my way for Auto_corr
[PlotMCMCDiag.cpp][info] Looking for Auto_corr/enu_enubias_409_param_408_Lag from file /scratch/abipeake/March2026/Easter_finerxsecbinning_sat11ththapril_robbinsmonroemore2/chain_trimmed_last10M_MCMC_Diag.root
[PlotMCMCDiag.cpp][info] Auto_corr/enu_enubias_410_param_409_Lag
[PlotMCMCDiag.cpp][warning] continuing along my way for Auto_corr
[PlotMCMCDiag.cpp][info] Looking for Auto_corr/enu_enubias_410_param_409_Lag from file /scratch/abipeake/March2026/Easter_finerxsecbinning_sat11ththapril_robbinsmonroemore2/chain_trimmed_last10M_MCMC_Diag.root
[PlotMCMCDiag.cpp][info] Auto_corr/enu_enubias_411_param_410_Lag
[PlotMCMCDiag.cpp][warning] continuing along my way for Auto_corr
[PlotMCMCDiag.cpp][info] Looking for Auto_corr/enu_enubias_411_param_410_Lag from file /scratch/abipeake/March2026/Easter_finerxsecbinning_sat11ththapril_robbinsmonroemore2/chain_trimmed_last10M_MCMC_Diag.root
[PlotMCMCDiag.cpp][info] Auto_corr/enu_enubias_412_param_411_Lag
[PlotMCMCDiag.cpp][warning] continuing along my way for Auto_corr
[PlotMCMCDiag.cpp][info] Looking for Auto_corr/enu_enubias_412_param_411_Lag from file /scratch/abipeake/March2026/Easter_finerxsecbinning_sat11ththapril_robbinsmonroemore2/chain_trimmed_last10M_MCMC_Diag.root
[PlotMCMCDiag.cpp][info] Auto_corr/enu_enubias_413_param_412_Lag
[PlotMCMCDiag.cpp][warning] continuing along my way for Auto_corr
[PlotMCMCDiag.cpp][info] Looking for Auto_corr/enu_enubias_413_param_412_Lag from file /scratch/abipeake/March2026/Easter_finerxsecbinning_sat11ththapril_robbinsmonroemore2/chain_trimmed_last10M_MCMC_Diag.root
[PlotMCMCDiag.cpp][info] Auto_corr/enu_enubias_414_param_413_Lag
[PlotMCMCDiag.cpp][warning] continuing along my way for Auto_corr
[PlotMCMCDiag.cpp][info] Looking for Auto_corr/enu_enubias_414_param_413_Lag from file /scratch/abipeake/March2026/Easter_finerxsecbinning_sat11ththapril_robbinsmonroemore2/chain_trimmed_last10M_MCMC_Diag.root
[PlotMCMCDiag.cpp][info] Auto_corr/enu_enubias_415_param_414_Lag
[PlotMCMCDiag.cpp][warning] continuing along my way for Auto_corr
[PlotMCMCDiag.cpp][info] Looking for Auto_corr/enu_enubias_415_param_414_Lag from file /scratch/abipeake/March2026/Easter_finerxsecbinning_sat11ththapril_robbinsmonroemore2/chain_trimmed_last10M_MCMC_Diag.root
[PlotMCMCDiag.cpp][info] Auto_corr/enu_enubias_416_param_415_Lag
[PlotMCMCDiag.cpp][warning] continuing along my way for Auto_corr
[PlotMCMCDiag.cpp][info] Looking for Auto_corr/enu_enubias_416_param_415_Lag from file /scratch/abipeake/March2026/Easter_finerxsecbinning_sat11ththapril_robbinsmonroemore2/chain_trimmed_last10M_MCMC_Diag.root
[PlotMCMCDiag.cpp][info] Auto_corr/enu_enubias_417_param_416_Lag
[PlotMCMCDiag.cpp][warning] continuing along my way for Auto_corr
[PlotMCMCDiag.cpp][info] Looking for Auto_corr/enu_enubias_417_param_416_Lag from file /scratch/abipeake/March2026/Easter_finerxsecbinning_sat11ththapril_robbinsmonroemore2/chain_trimmed_last10M_MCMC_Diag.root
[PlotMCMCDiag.cpp][info] Auto_corr/enu_enubias_418_param_417_Lag
[PlotMCMCDiag.cpp][warning] continuing along my way for Auto_corr
[PlotMCMCDiag.cpp][info] Looking for Auto_corr/enu_enubias_418_param_417_Lag from file /scratch/abipeake/March2026/Easter_finerxsecbinning_sat11ththapril_robbinsmonroemore2/chain_trimmed_last10M_MCMC_Diag.root
[PlotMCMCDiag.cpp][info] Auto_corr/enu_enubias_419_param_418_Lag
[PlotMCMCDiag.cpp][warning] continuing along my way for Auto_corr
[PlotMCMCDiag.cpp][info] Looking for Auto_corr/enu_enubias_419_param_418_Lag from file /scratch/abipeake/March2026/Easter_finerxsecbinning_sat11ththapril_robbinsmonroemore2/chain_trimmed_last10M_MCMC_Diag.root
[PlotMCMCDiag.cpp][info] Auto_corr/enu_enubias_420_param_419_Lag
[PlotMCMCDiag.cpp][warning] continuing along my way for Auto_corr
[PlotMCMCDiag.cpp][info] Looking for Auto_corr/enu_enubias_420_param_419_Lag from file /scratch/abipeake/March2026/Easter_finerxsecbinning_sat11ththapril_robbinsmonroemore2/chain_trimmed_last10M_MCMC_Diag.root
[PlotMCMCDiag.cpp][info] Auto_corr/enu_enubias_421_param_420_Lag
[PlotMCMCDiag.cpp][warning] continuing along my way for Auto_corr
[PlotMCMCDiag.cpp][info] Looking for Auto_corr/enu_enubias_421_param_420_Lag from file /scratch/abipeake/March2026/Easter_finerxsecbinning_sat11ththapril_robbinsmonroemore2/chain_trimmed_last10M_MCMC_Diag.root
[PlotMCMCDiag.cpp][info] Auto_corr/enu_enubias_422_param_421_Lag
[PlotMCMCDiag.cpp][warning] continuing along my way for Auto_corr
[PlotMCMCDiag.cpp][info] Looking for Auto_corr/enu_enubias_422_param_421_Lag from file /scratch/abipeake/March2026/Easter_finerxsecbinning_sat11ththapril_robbinsmonroemore2/chain_trimmed_last10M_MCMC_Diag.root
[PlotMCMCDiag.cpp][info] Auto_corr/enu_enubias_423_param_422_Lag
[PlotMCMCDiag.cpp][warning] continuing along my way for Auto_corr
[PlotMCMCDiag.cpp][info] Looking for Auto_corr/enu_enubias_423_param_422_Lag from file /scratch/abipeake/March2026/Easter_finerxsecbinning_sat11ththapril_robbinsmonroemore2/chain_trimmed_last10M_MCMC_Diag.root
[PlotMCMCDiag.cpp][info] Auto_corr/enu_enubias_424_param_423_Lag
[PlotMCMCDiag.cpp][warning] continuing along my way for Auto_corr
[PlotMCMCDiag.cpp][info] Looking for Auto_corr/enu_enubias_424_param_423_Lag from file /scratch/abipeake/March2026/Easter_finerxsecbinning_sat11ththapril_robbinsmonroemore2/chain_trimmed_last10M_MCMC_Diag.root
[PlotMCMCDiag.cpp][info] Auto_corr/enu_enubias_425_param_424_Lag
[PlotMCMCDiag.cpp][warning] continuing along my way for Auto_corr
[PlotMCMCDiag.cpp][info] Looking for Auto_corr/enu_enubias_425_param_424_Lag from file /scratch/abipeake/March2026/Easter_finerxsecbinning_sat11ththapril_robbinsmonroemore2/chain_trimmed_last10M_MCMC_Diag.root
[PlotMCMCDiag.cpp][info] Auto_corr/enu_enubias_426_param_425_Lag
[PlotMCMCDiag.cpp][warning] continuing along my way for Auto_corr
[PlotMCMCDiag.cpp][info] Looking for Auto_corr/enu_enubias_426_param_425_Lag from file /scratch/abipeake/March2026/Easter_finerxsecbinning_sat11ththapril_robbinsmonroemore2/chain_trimmed_last10M_MCMC_Diag.root
[PlotMCMCDiag.cpp][info] Auto_corr/enu_enubias_427_param_426_Lag
[PlotMCMCDiag.cpp][warning] continuing along my way for Auto_corr
[PlotMCMCDiag.cpp][info] Looking for Auto_corr/enu_enubias_427_param_426_Lag from file /scratch/abipeake/March2026/Easter_finerxsecbinning_sat11ththapril_robbinsmonroemore2/chain_trimmed_last10M_MCMC_Diag.root
[PlotMCMCDiag.cpp][info] Auto_corr/enu_enubias_428_param_427_Lag
[PlotMCMCDiag.cpp][warning] continuing along my way for Auto_corr
[PlotMCMCDiag.cpp][info] Looking for Auto_corr/enu_enubias_428_param_427_Lag from file /scratch/abipeake/March2026/Easter_finerxsecbinning_sat11ththapril_robbinsmonroemore2/chain_trimmed_last10M_MCMC_Diag.root
[PlotMCMCDiag.cpp][info] Auto_corr/enu_enubias_429_param_428_Lag
[PlotMCMCDiag.cpp][warning] continuing along my way for Auto_corr
[PlotMCMCDiag.cpp][info] Looking for Auto_corr/enu_enubias_429_param_428_Lag from file /scratch/abipeake/March2026/Easter_finerxsecbinning_sat11ththapril_robbinsmonroemore2/chain_trimmed_last10M_MCMC_Diag.root
[PlotMCMCDiag.cpp][info] Auto_corr/enu_enubias_430_param_429_Lag
[PlotMCMCDiag.cpp][warning] continuing along my way for Auto_corr
[PlotMCMCDiag.cpp][info] Looking for Auto_corr/enu_enubias_430_param_429_Lag from file /scratch/abipeake/March2026/Easter_finerxsecbinning_sat11ththapril_robbinsmonroemore2/chain_trimmed_last10M_MCMC_Diag.root
[PlotMCMCDiag.cpp][info] Auto_corr/enu_enubias_431_param_430_Lag
[PlotMCMCDiag.cpp][warning] continuing along my way for Auto_corr
[PlotMCMCDiag.cpp][info] Looking for Auto_corr/enu_enubias_431_param_430_Lag from file /scratch/abipeake/March2026/Easter_finerxsecbinning_sat11ththapril_robbinsmonroemore2/chain_trimmed_last10M_MCMC_Diag.root
[PlotMCMCDiag.cpp][info] Auto_corr/enu_enubias_432_param_431_Lag
[PlotMCMCDiag.cpp][warning] continuing along my way for Auto_corr
[PlotMCMCDiag.cpp][info] Looking for Auto_corr/enu_enubias_432_param_431_Lag from file /scratch/abipeake/March2026/Easter_finerxsecbinning_sat11ththapril_robbinsmonroemore2/chain_trimmed_last10M_MCMC_Diag.root
[PlotMCMCDiag.cpp][info] Auto_corr/enu_enubias_433_param_432_Lag
[PlotMCMCDiag.cpp][warning] continuing along my way for Auto_corr
[PlotMCMCDiag.cpp][info] Looking for Auto_corr/enu_enubias_433_param_432_Lag from file /scratch/abipeake/March2026/Easter_finerxsecbinning_sat11ththapril_robbinsmonroemore2/chain_trimmed_last10M_MCMC_Diag.root
[PlotMCMCDiag.cpp][info] Auto_corr/enu_enubias_434_param_433_Lag
[PlotMCMCDiag.cpp][warning] continuing along my way for Auto_corr
[PlotMCMCDiag.cpp][info] Looking for Auto_corr/enu_enubias_434_param_433_Lag from file /scratch/abipeake/March2026/Easter_finerxsecbinning_sat11ththapril_robbinsmonroemore2/chain_trimmed_last10M_MCMC_Diag.root
[PlotMCMCDiag.cpp][info] Auto_corr/enu_enubias_435_param_434_Lag
[PlotMCMCDiag.cpp][warning] continuing along my way for Auto_corr
[PlotMCMCDiag.cpp][info] Looking for Auto_corr/enu_enubias_435_param_434_Lag from file /scratch/abipeake/March2026/Easter_finerxsecbinning_sat11ththapril_robbinsmonroemore2/chain_trimmed_last10M_MCMC_Diag.root
[PlotMCMCDiag.cpp][info] Auto_corr/enu_enubias_436_param_435_Lag
[PlotMCMCDiag.cpp][warning] continuing along my way for Auto_corr
[PlotMCMCDiag.cpp][info] Looking for Auto_corr/enu_enubias_436_param_435_Lag from file /scratch/abipeake/March2026/Easter_finerxsecbinning_sat11ththapril_robbinsmonroemore2/chain_trimmed_last10M_MCMC_Diag.root
[PlotMCMCDiag.cpp][info] Auto_corr/enu_enubias_437_param_436_Lag
[PlotMCMCDiag.cpp][warning] continuing along my way for Auto_corr
[PlotMCMCDiag.cpp][info] Looking for Auto_corr/enu_enubias_437_param_436_Lag from file /scratch/abipeake/March2026/Easter_finerxsecbinning_sat11ththapril_robbinsmonroemore2/chain_trimmed_last10M_MCMC_Diag.root
[PlotMCMCDiag.cpp][info] Auto_corr/enu_enubias_438_param_437_Lag
[PlotMCMCDiag.cpp][warning] continuing along my way for Auto_corr
[PlotMCMCDiag.cpp][info] Looking for Auto_corr/enu_enubias_438_param_437_Lag from file /scratch/abipeake/March2026/Easter_finerxsecbinning_sat11ththapril_robbinsmonroemore2/chain_trimmed_last10M_MCMC_Diag.root
[PlotMCMCDiag.cpp][info] Auto_corr/enu_enubias_439_param_438_Lag
[PlotMCMCDiag.cpp][warning] continuing along my way for Auto_corr
[PlotMCMCDiag.cpp][info] Looking for Auto_corr/enu_enubias_439_param_438_Lag from file /scratch/abipeake/March2026/Easter_finerxsecbinning_sat11ththapril_robbinsmonroemore2/chain_trimmed_last10M_MCMC_Diag.root
[PlotMCMCDiag.cpp][info] Auto_corr/enu_enubias_440_param_439_Lag
[PlotMCMCDiag.cpp][warning] continuing along my way for Auto_corr
[PlotMCMCDiag.cpp][info] Looking for Auto_corr/enu_enubias_440_param_439_Lag from file /scratch/abipeake/March2026/Easter_finerxsecbinning_sat11ththapril_robbinsmonroemore2/chain_trimmed_last10M_MCMC_Diag.root
[PlotMCMCDiag.cpp][info] Auto_corr/enu_enubias_441_param_440_Lag
[PlotMCMCDiag.cpp][warning] continuing along my way for Auto_corr
[PlotMCMCDiag.cpp][info] Looking for Auto_corr/enu_enubias_441_param_440_Lag from file /scratch/abipeake/March2026/Easter_finerxsecbinning_sat11ththapril_robbinsmonroemore2/chain_trimmed_last10M_MCMC_Diag.root
[PlotMCMCDiag.cpp][info] Auto_corr/enu_enubias_442_param_441_Lag
[PlotMCMCDiag.cpp][warning] continuing along my way for Auto_corr
[PlotMCMCDiag.cpp][info] Looking for Auto_corr/enu_enubias_442_param_441_Lag from file /scratch/abipeake/March2026/Easter_finerxsecbinning_sat11ththapril_robbinsmonroemore2/chain_trimmed_last10M_MCMC_Diag.root
[PlotMCMCDiag.cpp][info] Auto_corr/enu_enubias_443_param_442_Lag
[PlotMCMCDiag.cpp][warning] continuing along my way for Auto_corr
[PlotMCMCDiag.cpp][info] Looking for Auto_corr/enu_enubias_443_param_442_Lag from file /scratch/abipeake/March2026/Easter_finerxsecbinning_sat11ththapril_robbinsmonroemore2/chain_trimmed_last10M_MCMC_Diag.root
[PlotMCMCDiag.cpp][info] Auto_corr/enu_enubias_444_param_443_Lag
[PlotMCMCDiag.cpp][warning] continuing along my way for Auto_corr
[PlotMCMCDiag.cpp][info] Looking for Auto_corr/enu_enubias_444_param_443_Lag from file /scratch/abipeake/March2026/Easter_finerxsecbinning_sat11ththapril_robbinsmonroemore2/chain_trimmed_last10M_MCMC_Diag.root
[PlotMCMCDiag.cpp][info] Auto_corr/enu_enubias_445_param_444_Lag
[PlotMCMCDiag.cpp][warning] continuing along my way for Auto_corr
[PlotMCMCDiag.cpp][info] Looking for Auto_corr/enu_enubias_445_param_444_Lag from file /scratch/abipeake/March2026/Easter_finerxsecbinning_sat11ththapril_robbinsmonroemore2/chain_trimmed_last10M_MCMC_Diag.root
[PlotMCMCDiag.cpp][info] Auto_corr/enu_enubias_446_param_445_Lag
[PlotMCMCDiag.cpp][warning] continuing along my way for Auto_corr
[PlotMCMCDiag.cpp][info] Looking for Auto_corr/enu_enubias_446_param_445_Lag from file /scratch/abipeake/March2026/Easter_finerxsecbinning_sat11ththapril_robbinsmonroemore2/chain_trimmed_last10M_MCMC_Diag.root
[PlotMCMCDiag.cpp][info] Auto_corr/enu_enubias_447_param_446_Lag
[PlotMCMCDiag.cpp][warning] continuing along my way for Auto_corr
[PlotMCMCDiag.cpp][info] Looking for Auto_corr/enu_enubias_447_param_446_Lag from file /scratch/abipeake/March2026/Easter_finerxsecbinning_sat11ththapril_robbinsmonroemore2/chain_trimmed_last10M_MCMC_Diag.root
[PlotMCMCDiag.cpp][info] Auto_corr/enu_enubias_448_param_447_Lag
[PlotMCMCDiag.cpp][warning] continuing along my way for Auto_corr
[PlotMCMCDiag.cpp][info] Looking for Auto_corr/enu_enubias_448_param_447_Lag from file /scratch/abipeake/March2026/Easter_finerxsecbinning_sat11ththapril_robbinsmonroemore2/chain_trimmed_last10M_MCMC_Diag.root
[PlotMCMCDiag.cpp][info] Auto_corr/enu_enubias_449_param_448_Lag
[PlotMCMCDiag.cpp][warning] continuing along my way for Auto_corr
[PlotMCMCDiag.cpp][info] Looking for Auto_corr/enu_enubias_449_param_448_Lag from file /scratch/abipeake/March2026/Easter_finerxsecbinning_sat11ththapril_robbinsmonroemore2/chain_trimmed_last10M_MCMC_Diag.root
[PlotMCMCDiag.cpp][info] Auto_corr/enu_enubias_450_param_449_Lag
[PlotMCMCDiag.cpp][warning] continuing along my way for Auto_corr
[PlotMCMCDiag.cpp][info] Looking for Auto_corr/enu_enubias_450_param_449_Lag from file /scratch/abipeake/March2026/Easter_finerxsecbinning_sat11ththapril_robbinsmonroemore2/chain_trimmed_last10M_MCMC_Diag.root
[PlotMCMCDiag.cpp][info] Auto_corr/enu_enubias_451_param_450_Lag
[PlotMCMCDiag.cpp][warning] continuing along my way for Auto_corr
[PlotMCMCDiag.cpp][info] Looking for Auto_corr/enu_enubias_451_param_450_Lag from file /scratch/abipeake/March2026/Easter_finerxsecbinning_sat11ththapril_robbinsmonroemore2/chain_trimmed_last10M_MCMC_Diag.root
[PlotMCMCDiag.cpp][info] Auto_corr/enu_enubias_452_param_451_Lag
[PlotMCMCDiag.cpp][warning] continuing along my way for Auto_corr
[PlotMCMCDiag.cpp][info] Looking for Auto_corr/enu_enubias_452_param_451_Lag from file /scratch/abipeake/March2026/Easter_finerxsecbinning_sat11ththapril_robbinsmonroemore2/chain_trimmed_last10M_MCMC_Diag.root
[PlotMCMCDiag.cpp][info] Auto_corr/enu_enubias_453_param_452_Lag
[PlotMCMCDiag.cpp][warning] continuing along my way for Auto_corr
[PlotMCMCDiag.cpp][info] Looking for Auto_corr/enu_enubias_453_param_452_Lag from file /scratch/abipeake/March2026/Easter_finerxsecbinning_sat11ththapril_robbinsmonroemore2/chain_trimmed_last10M_MCMC_Diag.root
[PlotMCMCDiag.cpp][info] Auto_corr/enu_enubias_454_param_453_Lag
[PlotMCMCDiag.cpp][warning] continuing along my way for Auto_corr
[PlotMCMCDiag.cpp][info] Looking for Auto_corr/enu_enubias_454_param_453_Lag from file /scratch/abipeake/March2026/Easter_finerxsecbinning_sat11ththapril_robbinsmonroemore2/chain_trimmed_last10M_MCMC_Diag.root
[PlotMCMCDiag.cpp][info] Auto_corr/enu_enubias_455_param_454_Lag
[PlotMCMCDiag.cpp][warning] continuing along my way for Auto_corr
[PlotMCMCDiag.cpp][info] Looking for Auto_corr/enu_enubias_455_param_454_Lag from file /scratch/abipeake/March2026/Easter_finerxsecbinning_sat11ththapril_robbinsmonroemore2/chain_trimmed_last10M_MCMC_Diag.root
[PlotMCMCDiag.cpp][info] Auto_corr/enu_enubias_456_param_455_Lag
[PlotMCMCDiag.cpp][warning] continuing along my way for Auto_corr
[PlotMCMCDiag.cpp][info] Looking for Auto_corr/enu_enubias_456_param_455_Lag from file /scratch/abipeake/March2026/Easter_finerxsecbinning_sat11ththapril_robbinsmonroemore2/chain_trimmed_last10M_MCMC_Diag.root
[PlotMCMCDiag.cpp][info] Auto_corr/enu_enubias_457_param_456_Lag
[PlotMCMCDiag.cpp][warning] continuing along my way for Auto_corr
[PlotMCMCDiag.cpp][info] Looking for Auto_corr/enu_enubias_457_param_456_Lag from file /scratch/abipeake/March2026/Easter_finerxsecbinning_sat11ththapril_robbinsmonroemore2/chain_trimmed_last10M_MCMC_Diag.root
[PlotMCMCDiag.cpp][info] Auto_corr/enu_enubias_458_param_457_Lag
[PlotMCMCDiag.cpp][warning] continuing along my way for Auto_corr
[PlotMCMCDiag.cpp][info] Looking for Auto_corr/enu_enubias_458_param_457_Lag from file /scratch/abipeake/March2026/Easter_finerxsecbinning_sat11ththapril_robbinsmonroemore2/chain_trimmed_last10M_MCMC_Diag.root
[PlotMCMCDiag.cpp][info] Auto_corr/enu_enubias_459_param_458_Lag
[PlotMCMCDiag.cpp][warning] continuing along my way for Auto_corr
[PlotMCMCDiag.cpp][info] Looking for Auto_corr/enu_enubias_459_param_458_Lag from file /scratch/abipeake/March2026/Easter_finerxsecbinning_sat11ththapril_robbinsmonroemore2/chain_trimmed_last10M_MCMC_Diag.root
[PlotMCMCDiag.cpp][info] Auto_corr/enu_enubias_460_param_459_Lag
[PlotMCMCDiag.cpp][warning] continuing along my way for Auto_corr
[PlotMCMCDiag.cpp][info] Looking for Auto_corr/enu_enubias_460_param_459_Lag from file /scratch/abipeake/March2026/Easter_finerxsecbinning_sat11ththapril_robbinsmonroemore2/chain_trimmed_last10M_MCMC_Diag.root
[PlotMCMCDiag.cpp][info] Auto_corr/enu_enubias_461_param_460_Lag
[PlotMCMCDiag.cpp][warning] continuing along my way for Auto_corr
[PlotMCMCDiag.cpp][info] Looking for Auto_corr/enu_enubias_461_param_460_Lag from file /scratch/abipeake/March2026/Easter_finerxsecbinning_sat11ththapril_robbinsmonroemore2/chain_trimmed_last10M_MCMC_Diag.root
[PlotMCMCDiag.cpp][info] Auto_corr/enu_enubias_462_param_461_Lag
[PlotMCMCDiag.cpp][warning] continuing along my way for Auto_corr
[PlotMCMCDiag.cpp][info] Looking for Auto_corr/enu_enubias_462_param_461_Lag from file /scratch/abipeake/March2026/Easter_finerxsecbinning_sat11ththapril_robbinsmonroemore2/chain_trimmed_last10M_MCMC_Diag.root
[PlotMCMCDiag.cpp][info] Auto_corr/enu_enubias_463_param_462_Lag
[PlotMCMCDiag.cpp][warning] continuing along my way for Auto_corr
[PlotMCMCDiag.cpp][info] Looking for Auto_corr/enu_enubias_463_param_462_Lag from file /scratch/abipeake/March2026/Easter_finerxsecbinning_sat11ththapril_robbinsmonroemore2/chain_trimmed_last10M_MCMC_Diag.root
[PlotMCMCDiag.cpp][info] Auto_corr/enu_enubias_464_param_463_Lag
[PlotMCMCDiag.cpp][warning] continuing along my way for Auto_corr
[PlotMCMCDiag.cpp][info] Looking for Auto_corr/enu_enubias_464_param_463_Lag from file /scratch/abipeake/March2026/Easter_finerxsecbinning_sat11ththapril_robbinsmonroemore2/chain_trimmed_last10M_MCMC_Diag.root
[PlotMCMCDiag.cpp][info] Auto_corr/enu_enubias_465_param_464_Lag
[PlotMCMCDiag.cpp][warning] continuing along my way for Auto_corr
[PlotMCMCDiag.cpp][info] Looking for Auto_corr/enu_enubias_465_param_464_Lag from file /scratch/abipeake/March2026/Easter_finerxsecbinning_sat11ththapril_robbinsmonroemore2/chain_trimmed_last10M_MCMC_Diag.root
[PlotMCMCDiag.cpp][info] Auto_corr/enu_enubias_466_param_465_Lag
[PlotMCMCDiag.cpp][warning] continuing along my way for Auto_corr
[PlotMCMCDiag.cpp][info] Looking for Auto_corr/enu_enubias_466_param_465_Lag from file /scratch/abipeake/March2026/Easter_finerxsecbinning_sat11ththapril_robbinsmonroemore2/chain_trimmed_last10M_MCMC_Diag.root
[PlotMCMCDiag.cpp][info] Auto_corr/enu_enubias_467_param_466_Lag
[PlotMCMCDiag.cpp][warning] continuing along my way for Auto_corr
[PlotMCMCDiag.cpp][info] Looking for Auto_corr/enu_enubias_467_param_466_Lag from file /scratch/abipeake/March2026/Easter_finerxsecbinning_sat11ththapril_robbinsmonroemore2/chain_trimmed_last10M_MCMC_Diag.root
[PlotMCMCDiag.cpp][info] Auto_corr/enu_enubias_468_param_467_Lag
[PlotMCMCDiag.cpp][warning] continuing along my way for Auto_corr
[PlotMCMCDiag.cpp][info] Looking for Auto_corr/enu_enubias_468_param_467_Lag from file /scratch/abipeake/March2026/Easter_finerxsecbinning_sat11ththapril_robbinsmonroemore2/chain_trimmed_last10M_MCMC_Diag.root
[PlotMCMCDiag.cpp][info] Auto_corr/enu_enubias_469_param_468_Lag
[PlotMCMCDiag.cpp][warning] continuing along my way for Auto_corr
[PlotMCMCDiag.cpp][info] Looking for Auto_corr/enu_enubias_469_param_468_Lag from file /scratch/abipeake/March2026/Easter_finerxsecbinning_sat11ththapril_robbinsmonroemore2/chain_trimmed_last10M_MCMC_Diag.root
[PlotMCMCDiag.cpp][info] Auto_corr/enu_enubias_470_param_469_Lag
[PlotMCMCDiag.cpp][warning] continuing along my way for Auto_corr
[PlotMCMCDiag.cpp][info] Looking for Auto_corr/enu_enubias_470_param_469_Lag from file /scratch/abipeake/March2026/Easter_finerxsecbinning_sat11ththapril_robbinsmonroemore2/chain_trimmed_last10M_MCMC_Diag.root
[PlotMCMCDiag.cpp][info] Auto_corr/enu_enubias_471_param_470_Lag
[PlotMCMCDiag.cpp][warning] continuing along my way for Auto_corr
[PlotMCMCDiag.cpp][info] Looking for Auto_corr/enu_enubias_471_param_470_Lag from file /scratch/abipeake/March2026/Easter_finerxsecbinning_sat11ththapril_robbinsmonroemore2/chain_trimmed_last10M_MCMC_Diag.root
[PlotMCMCDiag.cpp][info] Auto_corr/enu_enubias_472_param_471_Lag
[PlotMCMCDiag.cpp][warning] continuing along my way for Auto_corr
[PlotMCMCDiag.cpp][info] Looking for Auto_corr/enu_enubias_472_param_471_Lag from file /scratch/abipeake/March2026/Easter_finerxsecbinning_sat11ththapril_robbinsmonroemore2/chain_trimmed_last10M_MCMC_Diag.root
[PlotMCMCDiag.cpp][info] Auto_corr/enu_enubias_473_param_472_Lag
[PlotMCMCDiag.cpp][warning] continuing along my way for Auto_corr
[PlotMCMCDiag.cpp][info] Looking for Auto_corr/enu_enubias_473_param_472_Lag from file /scratch/abipeake/March2026/Easter_finerxsecbinning_sat11ththapril_robbinsmonroemore2/chain_trimmed_last10M_MCMC_Diag.root
[PlotMCMCDiag.cpp][info] Auto_corr/enu_enubias_474_param_473_Lag
[PlotMCMCDiag.cpp][warning] continuing along my way for Auto_corr
[PlotMCMCDiag.cpp][info] Looking for Auto_corr/enu_enubias_474_param_473_Lag from file /scratch/abipeake/March2026/Easter_finerxsecbinning_sat11ththapril_robbinsmonroemore2/chain_trimmed_last10M_MCMC_Diag.root
[PlotMCMCDiag.cpp][info] Auto_corr/enu_enubias_475_param_474_Lag
[PlotMCMCDiag.cpp][warning] continuing along my way for Auto_corr
[PlotMCMCDiag.cpp][info] Looking for Auto_corr/enu_enubias_475_param_474_Lag from file /scratch/abipeake/March2026/Easter_finerxsecbinning_sat11ththapril_robbinsmonroemore2/chain_trimmed_last10M_MCMC_Diag.root
[PlotMCMCDiag.cpp][info] Auto_corr/enu_enubias_476_param_475_Lag
[PlotMCMCDiag.cpp][warning] continuing along my way for Auto_corr
[PlotMCMCDiag.cpp][info] Looking for Auto_corr/enu_enubias_476_param_475_Lag from file /scratch/abipeake/March2026/Easter_finerxsecbinning_sat11ththapril_robbinsmonroemore2/chain_trimmed_last10M_MCMC_Diag.root
[PlotMCMCDiag.cpp][info] Auto_corr/enu_enubias_477_param_476_Lag
[PlotMCMCDiag.cpp][warning] continuing along my way for Auto_corr
[PlotMCMCDiag.cpp][info] Looking for Auto_corr/enu_enubias_477_param_476_Lag from file /scratch/abipeake/March2026/Easter_finerxsecbinning_sat11ththapril_robbinsmonroemore2/chain_trimmed_last10M_MCMC_Diag.root
[PlotMCMCDiag.cpp][info] Auto_corr/enu_enubias_478_param_477_Lag
[PlotMCMCDiag.cpp][warning] continuing along my way for Auto_corr
[PlotMCMCDiag.cpp][info] Looking for Auto_corr/enu_enubias_478_param_477_Lag from file /scratch/abipeake/March2026/Easter_finerxsecbinning_sat11ththapril_robbinsmonroemore2/chain_trimmed_last10M_MCMC_Diag.root
[PlotMCMCDiag.cpp][info] Auto_corr/enu_enubias_479_param_478_Lag
[PlotMCMCDiag.cpp][warning] continuing along my way for Auto_corr
[PlotMCMCDiag.cpp][info] Looking for Auto_corr/enu_enubias_479_param_478_Lag from file /scratch/abipeake/March2026/Easter_finerxsecbinning_sat11ththapril_robbinsmonroemore2/chain_trimmed_last10M_MCMC_Diag.root
[PlotMCMCDiag.cpp][info] Auto_corr/enu_enubias_480_param_479_Lag
[PlotMCMCDiag.cpp][warning] continuing along my way for Auto_corr
[PlotMCMCDiag.cpp][info] Looking for Auto_corr/enu_enubias_480_param_479_Lag from file /scratch/abipeake/March2026/Easter_finerxsecbinning_sat11ththapril_robbinsmonroemore2/chain_trimmed_last10M_MCMC_Diag.root
[PlotMCMCDiag.cpp][info] Auto_corr/enu_enubias_481_param_480_Lag
[PlotMCMCDiag.cpp][warning] continuing along my way for Auto_corr
[PlotMCMCDiag.cpp][info] Looking for Auto_corr/enu_enubias_481_param_480_Lag from file /scratch/abipeake/March2026/Easter_finerxsecbinning_sat11ththapril_robbinsmonroemore2/chain_trimmed_last10M_MCMC_Diag.root
[PlotMCMCDiag.cpp][info] Auto_corr/enu_enubias_482_param_481_Lag
[PlotMCMCDiag.cpp][warning] continuing along my way for Auto_corr
[PlotMCMCDiag.cpp][info] Looking for Auto_corr/enu_enubias_482_param_481_Lag from file /scratch/abipeake/March2026/Easter_finerxsecbinning_sat11ththapril_robbinsmonroemore2/chain_trimmed_last10M_MCMC_Diag.root
[PlotMCMCDiag.cpp][info] Auto_corr/enu_enubias_483_param_482_Lag
[PlotMCMCDiag.cpp][warning] continuing along my way for Auto_corr
[PlotMCMCDiag.cpp][info] Looking for Auto_corr/enu_enubias_483_param_482_Lag from file /scratch/abipeake/March2026/Easter_finerxsecbinning_sat11ththapril_robbinsmonroemore2/chain_trimmed_last10M_MCMC_Diag.root
[PlotMCMCDiag.cpp][info] Auto_corr/enu_enubias_484_param_483_Lag
[PlotMCMCDiag.cpp][warning] continuing along my way for Auto_corr
[PlotMCMCDiag.cpp][info] Looking for Auto_corr/enu_enubias_484_param_483_Lag from file /scratch/abipeake/March2026/Easter_finerxsecbinning_sat11ththapril_robbinsmonroemore2/chain_trimmed_last10M_MCMC_Diag.root
[PlotMCMCDiag.cpp][info] Auto_corr/enu_enubias_485_param_484_Lag
[PlotMCMCDiag.cpp][warning] continuing along my way for Auto_corr
[PlotMCMCDiag.cpp][info] Looking for Auto_corr/enu_enubias_485_param_484_Lag from file /scratch/abipeake/March2026/Easter_finerxsecbinning_sat11ththapril_robbinsmonroemore2/chain_trimmed_last10M_MCMC_Diag.root
[PlotMCMCDiag.cpp][info] Auto_corr/enu_enubias_486_param_485_Lag
[PlotMCMCDiag.cpp][warning] continuing along my way for Auto_corr
[PlotMCMCDiag.cpp][info] Looking for Auto_corr/enu_enubias_486_param_485_Lag from file /scratch/abipeake/March2026/Easter_finerxsecbinning_sat11ththapril_robbinsmonroemore2/chain_trimmed_last10M_MCMC_Diag.root
[PlotMCMCDiag.cpp][info] Auto_corr/enu_enubias_487_param_486_Lag
[PlotMCMCDiag.cpp][warning] continuing along my way for Auto_corr
[PlotMCMCDiag.cpp][info] Looking for Auto_corr/enu_enubias_487_param_486_Lag from file /scratch/abipeake/March2026/Easter_finerxsecbinning_sat11ththapril_robbinsmonroemore2/chain_trimmed_last10M_MCMC_Diag.root
[PlotMCMCDiag.cpp][info] Auto_corr/enu_enubias_488_param_487_Lag
[PlotMCMCDiag.cpp][warning] continuing along my way for Auto_corr
[PlotMCMCDiag.cpp][info] Looking for Auto_corr/enu_enubias_488_param_487_Lag from file /scratch/abipeake/March2026/Easter_finerxsecbinning_sat11ththapril_robbinsmonroemore2/chain_trimmed_last10M_MCMC_Diag.root
[PlotMCMCDiag.cpp][info] Auto_corr/enu_enubias_489_param_488_Lag
[PlotMCMCDiag.cpp][warning] continuing along my way for Auto_corr
[PlotMCMCDiag.cpp][info] Looking for Auto_corr/enu_enubias_489_param_488_Lag from file /scratch/abipeake/March2026/Easter_finerxsecbinning_sat11ththapril_robbinsmonroemore2/chain_trimmed_last10M_MCMC_Diag.root
[PlotMCMCDiag.cpp][info] Auto_corr/enu_enubias_490_param_489_Lag
[PlotMCMCDiag.cpp][warning] continuing along my way for Auto_corr
[PlotMCMCDiag.cpp][info] Looking for Auto_corr/enu_enubias_490_param_489_Lag from file /scratch/abipeake/March2026/Easter_finerxsecbinning_sat11ththapril_robbinsmonroemore2/chain_trimmed_last10M_MCMC_Diag.root
[PlotMCMCDiag.cpp][info] Auto_corr/enu_enubias_491_param_490_Lag
[PlotMCMCDiag.cpp][warning] continuing along my way for Auto_corr
[PlotMCMCDiag.cpp][info] Looking for Auto_corr/enu_enubias_491_param_490_Lag from file /scratch/abipeake/March2026/Easter_finerxsecbinning_sat11ththapril_robbinsmonroemore2/chain_trimmed_last10M_MCMC_Diag.root
[PlotMCMCDiag.cpp][info] Auto_corr/enu_enubias_492_param_491_Lag
[PlotMCMCDiag.cpp][warning] continuing along my way for Auto_corr
[PlotMCMCDiag.cpp][info] Looking for Auto_corr/enu_enubias_492_param_491_Lag from file /scratch/abipeake/March2026/Easter_finerxsecbinning_sat11ththapril_robbinsmonroemore2/chain_trimmed_last10M_MCMC_Diag.root
[PlotMCMCDiag.cpp][info] Auto_corr/enu_enubias_493_param_492_Lag
[PlotMCMCDiag.cpp][warning] continuing along my way for Auto_corr
[PlotMCMCDiag.cpp][info] Looking for Auto_corr/enu_enubias_493_param_492_Lag from file /scratch/abipeake/March2026/Easter_finerxsecbinning_sat11ththapril_robbinsmonroemore2/chain_trimmed_last10M_MCMC_Diag.root
[PlotMCMCDiag.cpp][info] Auto_corr/enu_enubias_494_param_493_Lag
[PlotMCMCDiag.cpp][warning] continuing along my way for Auto_corr
[PlotMCMCDiag.cpp][info] Looking for Auto_corr/enu_enubias_494_param_493_Lag from file /scratch/abipeake/March2026/Easter_finerxsecbinning_sat11ththapril_robbinsmonroemore2/chain_trimmed_last10M_MCMC_Diag.root
[PlotMCMCDiag.cpp][info] Auto_corr/enu_enubias_495_param_494_Lag
[PlotMCMCDiag.cpp][warning] continuing along my way for Auto_corr
[PlotMCMCDiag.cpp][info] Looking for Auto_corr/enu_enubias_495_param_494_Lag from file /scratch/abipeake/March2026/Easter_finerxsecbinning_sat11ththapril_robbinsmonroemore2/chain_trimmed_last10M_MCMC_Diag.root
[PlotMCMCDiag.cpp][info] Auto_corr/enu_enubias_496_param_495_Lag
[PlotMCMCDiag.cpp][warning] continuing along my way for Auto_corr
[PlotMCMCDiag.cpp][info] Looking for Auto_corr/enu_enubias_496_param_495_Lag from file /scratch/abipeake/March2026/Easter_finerxsecbinning_sat11ththapril_robbinsmonroemore2/chain_trimmed_last10M_MCMC_Diag.root
[PlotMCMCDiag.cpp][info] Auto_corr/enu_enubias_497_param_496_Lag
[PlotMCMCDiag.cpp][warning] continuing along my way for Auto_corr
[PlotMCMCDiag.cpp][info] Looking for Auto_corr/enu_enubias_497_param_496_Lag from file /scratch/abipeake/March2026/Easter_finerxsecbinning_sat11ththapril_robbinsmonroemore2/chain_trimmed_last10M_MCMC_Diag.root
[PlotMCMCDiag.cpp][info] Auto_corr/enu_enubias_498_param_497_Lag
[PlotMCMCDiag.cpp][warning] continuing along my way for Auto_corr
[PlotMCMCDiag.cpp][info] Looking for Auto_corr/enu_enubias_498_param_497_Lag from file /scratch/abipeake/March2026/Easter_finerxsecbinning_sat11ththapril_robbinsmonroemore2/chain_trimmed_last10M_MCMC_Diag.root
[PlotMCMCDiag.cpp][info] Auto_corr/enu_enubias_499_param_498_Lag
[PlotMCMCDiag.cpp][warning] continuing along my way for Auto_corr
[PlotMCMCDiag.cpp][info] Looking for Auto_corr/enu_enubias_499_param_498_Lag from file /scratch/abipeake/March2026/Easter_finerxsecbinning_sat11ththapril_robbinsmonroemore2/chain_trimmed_last10M_MCMC_Diag.root
[PlotMCMCDiag.cpp][info] Auto_corr/enu_enubias_500_param_499_Lag
[PlotMCMCDiag.cpp][warning] continuing along my way for Auto_corr
[PlotMCMCDiag.cpp][info] Looking for Auto_corr/enu_enubias_500_param_499_Lag from file /scratch/abipeake/March2026/Easter_finerxsecbinning_sat11ththapril_robbinsmonroemore2/chain_trimmed_last10M_MCMC_Diag.root
[PlotMCMCDiag.cpp][info] Auto_corr/enu_enubias_501_param_500_Lag
[PlotMCMCDiag.cpp][warning] continuing along my way for Auto_corr
[PlotMCMCDiag.cpp][info] Looking for Auto_corr/enu_enubias_501_param_500_Lag from file /scratch/abipeake/March2026/Easter_finerxsecbinning_sat11ththapril_robbinsmonroemore2/chain_trimmed_last10M_MCMC_Diag.root
[PlotMCMCDiag.cpp][info] Auto_corr/enu_enubias_502_param_501_Lag
[PlotMCMCDiag.cpp][warning] continuing along my way for Auto_corr
[PlotMCMCDiag.cpp][info] Looking for Auto_corr/enu_enubias_502_param_501_Lag from file /scratch/abipeake/March2026/Easter_finerxsecbinning_sat11ththapril_robbinsmonroemore2/chain_trimmed_last10M_MCMC_Diag.root
[PlotMCMCDiag.cpp][info] Auto_corr/enu_enubias_503_param_502_Lag
[PlotMCMCDiag.cpp][warning] continuing along my way for Auto_corr
[PlotMCMCDiag.cpp][info] Looking for Auto_corr/enu_enubias_503_param_502_Lag from file /scratch/abipeake/March2026/Easter_finerxsecbinning_sat11ththapril_robbinsmonroemore2/chain_trimmed_last10M_MCMC_Diag.root
[PlotMCMCDiag.cpp][info] Auto_corr/enu_enubias_504_param_503_Lag
[PlotMCMCDiag.cpp][warning] continuing along my way for Auto_corr
[PlotMCMCDiag.cpp][info] Looking for Auto_corr/enu_enubias_504_param_503_Lag from file /scratch/abipeake/March2026/Easter_finerxsecbinning_sat11ththapril_robbinsmonroemore2/chain_trimmed_last10M_MCMC_Diag.root
[PlotMCMCDiag.cpp][info] Auto_corr/enu_enubias_505_param_504_Lag
[PlotMCMCDiag.cpp][warning] continuing along my way for Auto_corr
[PlotMCMCDiag.cpp][info] Looking for Auto_corr/enu_enubias_505_param_504_Lag from file /scratch/abipeake/March2026/Easter_finerxsecbinning_sat11ththapril_robbinsmonroemore2/chain_trimmed_last10M_MCMC_Diag.root
[PlotMCMCDiag.cpp][info] Auto_corr/enu_enubias_506_param_505_Lag
[PlotMCMCDiag.cpp][warning] continuing along my way for Auto_corr
[PlotMCMCDiag.cpp][info] Looking for Auto_corr/enu_enubias_506_param_505_Lag from file /scratch/abipeake/March2026/Easter_finerxsecbinning_sat11ththapril_robbinsmonroemore2/chain_trimmed_last10M_MCMC_Diag.root
[PlotMCMCDiag.cpp][info] Auto_corr/enu_enubias_507_param_506_Lag
[PlotMCMCDiag.cpp][warning] continuing along my way for Auto_corr
[PlotMCMCDiag.cpp][info] Looking for Auto_corr/enu_enubias_507_param_506_Lag from file /scratch/abipeake/March2026/Easter_finerxsecbinning_sat11ththapril_robbinsmonroemore2/chain_trimmed_last10M_MCMC_Diag.root
[PlotMCMCDiag.cpp][info] Auto_corr/enu_enubias_508_param_507_Lag
[PlotMCMCDiag.cpp][warning] continuing along my way for Auto_corr
[PlotMCMCDiag.cpp][info] Looking for Auto_corr/enu_enubias_508_param_507_Lag from file /scratch/abipeake/March2026/Easter_finerxsecbinning_sat11ththapril_robbinsmonroemore2/chain_trimmed_last10M_MCMC_Diag.root
[PlotMCMCDiag.cpp][info] Auto_corr/enu_enubias_509_param_508_Lag
[PlotMCMCDiag.cpp][warning] continuing along my way for Auto_corr
[PlotMCMCDiag.cpp][info] Looking for Auto_corr/enu_enubias_509_param_508_Lag from file /scratch/abipeake/March2026/Easter_finerxsecbinning_sat11ththapril_robbinsmonroemore2/chain_trimmed_last10M_MCMC_Diag.root
[PlotMCMCDiag.cpp][info] Auto_corr/enu_enubias_510_param_509_Lag
[PlotMCMCDiag.cpp][warning] continuing along my way for Auto_corr
[PlotMCMCDiag.cpp][info] Looking for Auto_corr/enu_enubias_510_param_509_Lag from file /scratch/abipeake/March2026/Easter_finerxsecbinning_sat11ththapril_robbinsmonroemore2/chain_trimmed_last10M_MCMC_Diag.root
[PlotMCMCDiag.cpp][info] Auto_corr/enu_enubias_511_param_510_Lag
[PlotMCMCDiag.cpp][warning] continuing along my way for Auto_corr
[PlotMCMCDiag.cpp][info] Looking for Auto_corr/enu_enubias_511_param_510_Lag from file /scratch/abipeake/March2026/Easter_finerxsecbinning_sat11ththapril_robbinsmonroemore2/chain_trimmed_last10M_MCMC_Diag.root
[PlotMCMCDiag.cpp][info] Auto_corr/enu_enubias_512_param_511_Lag
[PlotMCMCDiag.cpp][warning] continuing along my way for Auto_corr
[PlotMCMCDiag.cpp][info] Looking for Auto_corr/enu_enubias_512_param_511_Lag from file /scratch/abipeake/March2026/Easter_finerxsecbinning_sat11ththapril_robbinsmonroemore2/chain_trimmed_last10M_MCMC_Diag.root
[PlotMCMCDiag.cpp][info] Auto_corr/enu_enubias_513_param_512_Lag
[PlotMCMCDiag.cpp][warning] continuing along my way for Auto_corr
[PlotMCMCDiag.cpp][info] Looking for Auto_corr/enu_enubias_513_param_512_Lag from file /scratch/abipeake/March2026/Easter_finerxsecbinning_sat11ththapril_robbinsmonroemore2/chain_trimmed_last10M_MCMC_Diag.root
[PlotMCMCDiag.cpp][info] Auto_corr/enu_enubias_514_param_513_Lag
[PlotMCMCDiag.cpp][warning] continuing along my way for Auto_corr
[PlotMCMCDiag.cpp][info] Looking for Auto_corr/enu_enubias_514_param_513_Lag from file /scratch/abipeake/March2026/Easter_finerxsecbinning_sat11ththapril_robbinsmonroemore2/chain_trimmed_last10M_MCMC_Diag.root
[PlotMCMCDiag.cpp][info] Auto_corr/enu_enubias_515_param_514_Lag
[PlotMCMCDiag.cpp][warning] continuing along my way for Auto_corr
[PlotMCMCDiag.cpp][info] Looking for Auto_corr/enu_enubias_515_param_514_Lag from file /scratch/abipeake/March2026/Easter_finerxsecbinning_sat11ththapril_robbinsmonroemore2/chain_trimmed_last10M_MCMC_Diag.root
[PlotMCMCDiag.cpp][info] Auto_corr/enu_enubias_516_param_515_Lag
[PlotMCMCDiag.cpp][warning] continuing along my way for Auto_corr
[PlotMCMCDiag.cpp][info] Looking for Auto_corr/enu_enubias_516_param_515_Lag from file /scratch/abipeake/March2026/Easter_finerxsecbinning_sat11ththapril_robbinsmonroemore2/chain_trimmed_last10M_MCMC_Diag.root
[PlotMCMCDiag.cpp][info] Auto_corr/enu_enubias_517_param_516_Lag
[PlotMCMCDiag.cpp][warning] continuing along my way for Auto_corr
[PlotMCMCDiag.cpp][info] Looking for Auto_corr/enu_enubias_517_param_516_Lag from file /scratch/abipeake/March2026/Easter_finerxsecbinning_sat11ththapril_robbinsmonroemore2/chain_trimmed_last10M_MCMC_Diag.root
[PlotMCMCDiag.cpp][info] Auto_corr/enu_enubias_518_param_517_Lag
[PlotMCMCDiag.cpp][warning] continuing along my way for Auto_corr
[PlotMCMCDiag.cpp][info] Looking for Auto_corr/enu_enubias_518_param_517_Lag from file /scratch/abipeake/March2026/Easter_finerxsecbinning_sat11ththapril_robbinsmonroemore2/chain_trimmed_last10M_MCMC_Diag.root
[PlotMCMCDiag.cpp][info] Auto_corr/enu_enubias_519_param_518_Lag
[PlotMCMCDiag.cpp][warning] continuing along my way for Auto_corr
[PlotMCMCDiag.cpp][info] Looking for Auto_corr/enu_enubias_519_param_518_Lag from file /scratch/abipeake/March2026/Easter_finerxsecbinning_sat11ththapril_robbinsmonroemore2/chain_trimmed_last10M_MCMC_Diag.root
[PlotMCMCDiag.cpp][info] Auto_corr/enu_enubias_520_param_519_Lag
[PlotMCMCDiag.cpp][warning] continuing along my way for Auto_corr
[PlotMCMCDiag.cpp][info] Looking for Auto_corr/enu_enubias_520_param_519_Lag from file /scratch/abipeake/March2026/Easter_finerxsecbinning_sat11ththapril_robbinsmonroemore2/chain_trimmed_last10M_MCMC_Diag.root
[PlotMCMCDiag.cpp][info] Auto_corr/enu_enubias_521_param_520_Lag
[PlotMCMCDiag.cpp][warning] continuing along my way for Auto_corr
[PlotMCMCDiag.cpp][info] Looking for Auto_corr/enu_enubias_521_param_520_Lag from file /scratch/abipeake/March2026/Easter_finerxsecbinning_sat11ththapril_robbinsmonroemore2/chain_trimmed_last10M_MCMC_Diag.root
[PlotMCMCDiag.cpp][info] Auto_corr/enu_enubias_522_param_521_Lag
[PlotMCMCDiag.cpp][warning] continuing along my way for Auto_corr
[PlotMCMCDiag.cpp][info] Looking for Auto_corr/enu_enubias_522_param_521_Lag from file /scratch/abipeake/March2026/Easter_finerxsecbinning_sat11ththapril_robbinsmonroemore2/chain_trimmed_last10M_MCMC_Diag.root
[PlotMCMCDiag.cpp][info] Auto_corr/enu_enubias_523_param_522_Lag
[PlotMCMCDiag.cpp][warning] continuing along my way for Auto_corr
[PlotMCMCDiag.cpp][info] Looking for Auto_corr/enu_enubias_523_param_522_Lag from file /scratch/abipeake/March2026/Easter_finerxsecbinning_sat11ththapril_robbinsmonroemore2/chain_trimmed_last10M_MCMC_Diag.root
[PlotMCMCDiag.cpp][info] Auto_corr/enu_enubias_524_param_523_Lag
[PlotMCMCDiag.cpp][warning] continuing along my way for Auto_corr
[PlotMCMCDiag.cpp][info] Looking for Auto_corr/enu_enubias_524_param_523_Lag from file /scratch/abipeake/March2026/Easter_finerxsecbinning_sat11ththapril_robbinsmonroemore2/chain_trimmed_last10M_MCMC_Diag.root
[PlotMCMCDiag.cpp][info] Auto_corr/enu_enubias_525_param_524_Lag
[PlotMCMCDiag.cpp][warning] continuing along my way for Auto_corr
[PlotMCMCDiag.cpp][info] Looking for Auto_corr/enu_enubias_525_param_524_Lag from file /scratch/abipeake/March2026/Easter_finerxsecbinning_sat11ththapril_robbinsmonroemore2/chain_trimmed_last10M_MCMC_Diag.root
[PlotMCMCDiag.cpp][info] Auto_corr/enu_enubias_526_param_525_Lag
[PlotMCMCDiag.cpp][warning] continuing along my way for Auto_corr
[PlotMCMCDiag.cpp][info] Looking for Auto_corr/enu_enubias_526_param_525_Lag from file /scratch/abipeake/March2026/Easter_finerxsecbinning_sat11ththapril_robbinsmonroemore2/chain_trimmed_last10M_MCMC_Diag.root
[PlotMCMCDiag.cpp][info] Auto_corr/enu_enubias_527_param_526_Lag
[PlotMCMCDiag.cpp][warning] continuing along my way for Auto_corr
[PlotMCMCDiag.cpp][info] Looking for Auto_corr/enu_enubias_527_param_526_Lag from file /scratch/abipeake/March2026/Easter_finerxsecbinning_sat11ththapril_robbinsmonroemore2/chain_trimmed_last10M_MCMC_Diag.root
[PlotMCMCDiag.cpp][info] Auto_corr/enu_enubias_528_param_527_Lag
[PlotMCMCDiag.cpp][warning] continuing along my way for Auto_corr
[PlotMCMCDiag.cpp][info] Looking for Auto_corr/enu_enubias_528_param_527_Lag from file /scratch/abipeake/March2026/Easter_finerxsecbinning_sat11ththapril_robbinsmonroemore2/chain_trimmed_last10M_MCMC_Diag.root
[PlotMCMCDiag.cpp][info] Auto_corr/enu_enubias_529_param_528_Lag
[PlotMCMCDiag.cpp][warning] continuing along my way for Auto_corr
[PlotMCMCDiag.cpp][info] Looking for Auto_corr/enu_enubias_529_param_528_Lag from file /scratch/abipeake/March2026/Easter_finerxsecbinning_sat11ththapril_robbinsmonroemore2/chain_trimmed_last10M_MCMC_Diag.root
[PlotMCMCDiag.cpp][info] Auto_corr/enu_enubias_530_param_529_Lag
[PlotMCMCDiag.cpp][warning] continuing along my way for Auto_corr
[PlotMCMCDiag.cpp][info] Looking for Auto_corr/enu_enubias_530_param_529_Lag from file /scratch/abipeake/March2026/Easter_finerxsecbinning_sat11ththapril_robbinsmonroemore2/chain_trimmed_last10M_MCMC_Diag.root
[PlotMCMCDiag.cpp][info] Auto_corr/enu_enubias_531_param_530_Lag
[PlotMCMCDiag.cpp][warning] continuing along my way for Auto_corr
[PlotMCMCDiag.cpp][info] Looking for Auto_corr/enu_enubias_531_param_530_Lag from file /scratch/abipeake/March2026/Easter_finerxsecbinning_sat11ththapril_robbinsmonroemore2/chain_trimmed_last10M_MCMC_Diag.root
[PlotMCMCDiag.cpp][info] Auto_corr/enu_enubias_532_param_531_Lag
[PlotMCMCDiag.cpp][warning] continuing along my way for Auto_corr
[PlotMCMCDiag.cpp][info] Looking for Auto_corr/enu_enubias_532_param_531_Lag from file /scratch/abipeake/March2026/Easter_finerxsecbinning_sat11ththapril_robbinsmonroemore2/chain_trimmed_last10M_MCMC_Diag.root
[PlotMCMCDiag.cpp][info] Auto_corr/enu_enubias_533_param_532_Lag
[PlotMCMCDiag.cpp][warning] continuing along my way for Auto_corr
[PlotMCMCDiag.cpp][info] Looking for Auto_corr/enu_enubias_533_param_532_Lag from file /scratch/abipeake/March2026/Easter_finerxsecbinning_sat11ththapril_robbinsmonroemore2/chain_trimmed_last10M_MCMC_Diag.root
[PlotMCMCDiag.cpp][info] Auto_corr/enu_enubias_534_param_533_Lag
[PlotMCMCDiag.cpp][warning] continuing along my way for Auto_corr
[PlotMCMCDiag.cpp][info] Looking for Auto_corr/enu_enubias_534_param_533_Lag from file /scratch/abipeake/March2026/Easter_finerxsecbinning_sat11ththapril_robbinsmonroemore2/chain_trimmed_last10M_MCMC_Diag.root
[PlotMCMCDiag.cpp][info] Auto_corr/enu_enubias_535_param_534_Lag
[PlotMCMCDiag.cpp][warning] continuing along my way for Auto_corr
[PlotMCMCDiag.cpp][info] Looking for Auto_corr/enu_enubias_535_param_534_Lag from file /scratch/abipeake/March2026/Easter_finerxsecbinning_sat11ththapril_robbinsmonroemore2/chain_trimmed_last10M_MCMC_Diag.root
[PlotMCMCDiag.cpp][info] Auto_corr/enu_enubias_536_param_535_Lag
[PlotMCMCDiag.cpp][warning] continuing along my way for Auto_corr
[PlotMCMCDiag.cpp][info] Looking for Auto_corr/enu_enubias_536_param_535_Lag from file /scratch/abipeake/March2026/Easter_finerxsecbinning_sat11ththapril_robbinsmonroemore2/chain_trimmed_last10M_MCMC_Diag.root
[PlotMCMCDiag.cpp][info] Auto_corr/enu_enubias_537_param_536_Lag
[PlotMCMCDiag.cpp][warning] continuing along my way for Auto_corr
[PlotMCMCDiag.cpp][info] Looking for Auto_corr/enu_enubias_537_param_536_Lag from file /scratch/abipeake/March2026/Easter_finerxsecbinning_sat11ththapril_robbinsmonroemore2/chain_trimmed_last10M_MCMC_Diag.root
[PlotMCMCDiag.cpp][info] Auto_corr/enu_enubias_538_param_537_Lag
[PlotMCMCDiag.cpp][warning] continuing along my way for Auto_corr
[PlotMCMCDiag.cpp][info] Looking for Auto_corr/enu_enubias_538_param_537_Lag from file /scratch/abipeake/March2026/Easter_finerxsecbinning_sat11ththapril_robbinsmonroemore2/chain_trimmed_last10M_MCMC_Diag.root
[PlotMCMCDiag.cpp][info] Auto_corr/enu_enubias_539_param_538_Lag
[PlotMCMCDiag.cpp][warning] continuing along my way for Auto_corr
[PlotMCMCDiag.cpp][info] Looking for Auto_corr/enu_enubias_539_param_538_Lag from file /scratch/abipeake/March2026/Easter_finerxsecbinning_sat11ththapril_robbinsmonroemore2/chain_trimmed_last10M_MCMC_Diag.root
[PlotMCMCDiag.cpp][info] Auto_corr/enu_enubias_540_param_539_Lag
[PlotMCMCDiag.cpp][warning] continuing along my way for Auto_corr
[PlotMCMCDiag.cpp][info] Looking for Auto_corr/enu_enubias_540_param_539_Lag from file /scratch/abipeake/March2026/Easter_finerxsecbinning_sat11ththapril_robbinsmonroemore2/chain_trimmed_last10M_MCMC_Diag.root
[PlotMCMCDiag.cpp][info] Auto_corr/enu_enubias_541_param_540_Lag
[PlotMCMCDiag.cpp][warning] continuing along my way for Auto_corr
[PlotMCMCDiag.cpp][info] Looking for Auto_corr/enu_enubias_541_param_540_Lag from file /scratch/abipeake/March2026/Easter_finerxsecbinning_sat11ththapril_robbinsmonroemore2/chain_trimmed_last10M_MCMC_Diag.root
[PlotMCMCDiag.cpp][info] Auto_corr/enu_enubias_542_param_541_Lag
[PlotMCMCDiag.cpp][warning] continuing along my way for Auto_corr
[PlotMCMCDiag.cpp][info] Looking for Auto_corr/enu_enubias_542_param_541_Lag from file /scratch/abipeake/March2026/Easter_finerxsecbinning_sat11ththapril_robbinsmonroemore2/chain_trimmed_last10M_MCMC_Diag.root
[PlotMCMCDiag.cpp][info] Auto_corr/enu_enubias_543_param_542_Lag
[PlotMCMCDiag.cpp][warning] continuing along my way for Auto_corr
[PlotMCMCDiag.cpp][info] Looking for Auto_corr/enu_enubias_543_param_542_Lag from file /scratch/abipeake/March2026/Easter_finerxsecbinning_sat11ththapril_robbinsmonroemore2/chain_trimmed_last10M_MCMC_Diag.root
[PlotMCMCDiag.cpp][info] Auto_corr/enu_enubias_544_param_543_Lag
[PlotMCMCDiag.cpp][warning] continuing along my way for Auto_corr
[PlotMCMCDiag.cpp][info] Looking for Auto_corr/enu_enubias_544_param_543_Lag from file /scratch/abipeake/March2026/Easter_finerxsecbinning_sat11ththapril_robbinsmonroemore2/chain_trimmed_last10M_MCMC_Diag.root
[PlotMCMCDiag.cpp][info] Auto_corr/enu_enubias_545_param_544_Lag
[PlotMCMCDiag.cpp][warning] continuing along my way for Auto_corr
[PlotMCMCDiag.cpp][info] Looking for Auto_corr/enu_enubias_545_param_544_Lag from file /scratch/abipeake/March2026/Easter_finerxsecbinning_sat11ththapril_robbinsmonroemore2/chain_trimmed_last10M_MCMC_Diag.root
[PlotMCMCDiag.cpp][info] Auto_corr/enu_enubias_546_param_545_Lag
[PlotMCMCDiag.cpp][warning] continuing along my way for Auto_corr
[PlotMCMCDiag.cpp][info] Looking for Auto_corr/enu_enubias_546_param_545_Lag from file /scratch/abipeake/March2026/Easter_finerxsecbinning_sat11ththapril_robbinsmonroemore2/chain_trimmed_last10M_MCMC_Diag.root
[PlotMCMCDiag.cpp][info] Auto_corr/enu_enubias_547_param_546_Lag
[PlotMCMCDiag.cpp][warning] continuing along my way for Auto_corr
[PlotMCMCDiag.cpp][info] Looking for Auto_corr/enu_enubias_547_param_546_Lag from file /scratch/abipeake/March2026/Easter_finerxsecbinning_sat11ththapril_robbinsmonroemore2/chain_trimmed_last10M_MCMC_Diag.root
[PlotMCMCDiag.cpp][info] Auto_corr/enu_enubias_548_param_547_Lag
[PlotMCMCDiag.cpp][warning] continuing along my way for Auto_corr
[PlotMCMCDiag.cpp][info] Looking for Auto_corr/enu_enubias_548_param_547_Lag from file /scratch/abipeake/March2026/Easter_finerxsecbinning_sat11ththapril_robbinsmonroemore2/chain_trimmed_last10M_MCMC_Diag.root
[PlotMCMCDiag.cpp][info] Auto_corr/enu_enubias_549_param_548_Lag
[PlotMCMCDiag.cpp][warning] continuing along my way for Auto_corr
[PlotMCMCDiag.cpp][info] Looking for Auto_corr/enu_enubias_549_param_548_Lag from file /scratch/abipeake/March2026/Easter_finerxsecbinning_sat11ththapril_robbinsmonroemore2/chain_trimmed_last10M_MCMC_Diag.root
[PlotMCMCDiag.cpp][info] Auto_corr/enu_enubias_550_param_549_Lag
[PlotMCMCDiag.cpp][warning] continuing along my way for Auto_corr
[PlotMCMCDiag.cpp][info] Looking for Auto_corr/enu_enubias_550_param_549_Lag from file /scratch/abipeake/March2026/Easter_finerxsecbinning_sat11ththapril_robbinsmonroemore2/chain_trimmed_last10M_MCMC_Diag.root
[PlotMCMCDiag.cpp][info] Auto_corr/enu_enubias_551_param_550_Lag
[PlotMCMCDiag.cpp][warning] continuing along my way for Auto_corr
[PlotMCMCDiag.cpp][info] Looking for Auto_corr/enu_enubias_551_param_550_Lag from file /scratch/abipeake/March2026/Easter_finerxsecbinning_sat11ththapril_robbinsmonroemore2/chain_trimmed_last10M_MCMC_Diag.root
[PlotMCMCDiag.cpp][info] Auto_corr/enu_enubias_552_param_551_Lag
[PlotMCMCDiag.cpp][warning] continuing along my way for Auto_corr
[PlotMCMCDiag.cpp][info] Looking for Auto_corr/enu_enubias_552_param_551_Lag from file /scratch/abipeake/March2026/Easter_finerxsecbinning_sat11ththapril_robbinsmonroemore2/chain_trimmed_last10M_MCMC_Diag.root
[PlotMCMCDiag.cpp][info] Auto_corr/enu_enubias_553_param_552_Lag
[PlotMCMCDiag.cpp][warning] continuing along my way for Auto_corr
[PlotMCMCDiag.cpp][info] Looking for Auto_corr/enu_enubias_553_param_552_Lag from file /scratch/abipeake/March2026/Easter_finerxsecbinning_sat11ththapril_robbinsmonroemore2/chain_trimmed_last10M_MCMC_Diag.root
[PlotMCMCDiag.cpp][info] Auto_corr/enu_enubias_554_param_553_Lag
[PlotMCMCDiag.cpp][warning] continuing along my way for Auto_corr
[PlotMCMCDiag.cpp][info] Looking for Auto_corr/enu_enubias_554_param_553_Lag from file /scratch/abipeake/March2026/Easter_finerxsecbinning_sat11ththapril_robbinsmonroemore2/chain_trimmed_last10M_MCMC_Diag.root
[PlotMCMCDiag.cpp][info] Auto_corr/enu_enubias_555_param_554_Lag
[PlotMCMCDiag.cpp][warning] continuing along my way for Auto_corr
[PlotMCMCDiag.cpp][info] Looking for Auto_corr/enu_enubias_555_param_554_Lag from file /scratch/abipeake/March2026/Easter_finerxsecbinning_sat11ththapril_robbinsmonroemore2/chain_trimmed_last10M_MCMC_Diag.root
[PlotMCMCDiag.cpp][info] Auto_corr/enu_enubias_556_param_555_Lag
[PlotMCMCDiag.cpp][warning] continuing along my way for Auto_corr
[PlotMCMCDiag.cpp][info] Looking for Auto_corr/enu_enubias_556_param_555_Lag from file /scratch/abipeake/March2026/Easter_finerxsecbinning_sat11ththapril_robbinsmonroemore2/chain_trimmed_last10M_MCMC_Diag.root
[PlotMCMCDiag.cpp][info] Auto_corr/enu_enubias_557_param_556_Lag
[PlotMCMCDiag.cpp][warning] continuing along my way for Auto_corr
[PlotMCMCDiag.cpp][info] Looking for Auto_corr/enu_enubias_557_param_556_Lag from file /scratch/abipeake/March2026/Easter_finerxsecbinning_sat11ththapril_robbinsmonroemore2/chain_trimmed_last10M_MCMC_Diag.root
[PlotMCMCDiag.cpp][info] Auto_corr/enu_enubias_558_param_557_Lag
[PlotMCMCDiag.cpp][warning] continuing along my way for Auto_corr
[PlotMCMCDiag.cpp][info] Looking for Auto_corr/enu_enubias_558_param_557_Lag from file /scratch/abipeake/March2026/Easter_finerxsecbinning_sat11ththapril_robbinsmonroemore2/chain_trimmed_last10M_MCMC_Diag.root
[PlotMCMCDiag.cpp][info] Auto_corr/enu_enubias_559_param_558_Lag
[PlotMCMCDiag.cpp][warning] continuing along my way for Auto_corr
[PlotMCMCDiag.cpp][info] Looking for Auto_corr/enu_enubias_559_param_558_Lag from file /scratch/abipeake/March2026/Easter_finerxsecbinning_sat11ththapril_robbinsmonroemore2/chain_trimmed_last10M_MCMC_Diag.root
[PlotMCMCDiag.cpp][info] Auto_corr/enu_enubias_560_param_559_Lag
[PlotMCMCDiag.cpp][warning] continuing along my way for Auto_corr
[PlotMCMCDiag.cpp][info] Looking for Auto_corr/enu_enubias_560_param_559_Lag from file /scratch/abipeake/March2026/Easter_finerxsecbinning_sat11ththapril_robbinsmonroemore2/chain_trimmed_last10M_MCMC_Diag.root
[PlotMCMCDiag.cpp][info] Auto_corr/enu_enubias_561_param_560_Lag
[PlotMCMCDiag.cpp][warning] continuing along my way for Auto_corr
[PlotMCMCDiag.cpp][info] Looking for Auto_corr/enu_enubias_561_param_560_Lag from file /scratch/abipeake/March2026/Easter_finerxsecbinning_sat11ththapril_robbinsmonroemore2/chain_trimmed_last10M_MCMC_Diag.root
[PlotMCMCDiag.cpp][info] Auto_corr/enu_enubias_562_param_561_Lag
[PlotMCMCDiag.cpp][warning] continuing along my way for Auto_corr
[PlotMCMCDiag.cpp][info] Looking for Auto_corr/enu_enubias_562_param_561_Lag from file /scratch/abipeake/March2026/Easter_finerxsecbinning_sat11ththapril_robbinsmonroemore2/chain_trimmed_last10M_MCMC_Diag.root
[PlotMCMCDiag.cpp][info] Auto_corr/enu_enubias_563_param_562_Lag
[PlotMCMCDiag.cpp][warning] continuing along my way for Auto_corr
[PlotMCMCDiag.cpp][info] Looking for Auto_corr/enu_enubias_563_param_562_Lag from file /scratch/abipeake/March2026/Easter_finerxsecbinning_sat11ththapril_robbinsmonroemore2/chain_trimmed_last10M_MCMC_Diag.root
[PlotMCMCDiag.cpp][info] Auto_corr/enu_enubias_564_param_563_Lag
[PlotMCMCDiag.cpp][warning] continuing along my way for Auto_corr
[PlotMCMCDiag.cpp][info] Looking for Auto_corr/enu_enubias_564_param_563_Lag from file /scratch/abipeake/March2026/Easter_finerxsecbinning_sat11ththapril_robbinsmonroemore2/chain_trimmed_last10M_MCMC_Diag.root
[PlotMCMCDiag.cpp][info] Auto_corr/enu_enubias_565_param_564_Lag
[PlotMCMCDiag.cpp][warning] continuing along my way for Auto_corr
[PlotMCMCDiag.cpp][info] Looking for Auto_corr/enu_enubias_565_param_564_Lag from file /scratch/abipeake/March2026/Easter_finerxsecbinning_sat11ththapril_robbinsmonroemore2/chain_trimmed_last10M_MCMC_Diag.root
[PlotMCMCDiag.cpp][info] Auto_corr/enu_enubias_566_param_565_Lag
[PlotMCMCDiag.cpp][warning] continuing along my way for Auto_corr
[PlotMCMCDiag.cpp][info] Looking for Auto_corr/enu_enubias_566_param_565_Lag from file /scratch/abipeake/March2026/Easter_finerxsecbinning_sat11ththapril_robbinsmonroemore2/chain_trimmed_last10M_MCMC_Diag.root
[PlotMCMCDiag.cpp][info] Auto_corr/enu_enubias_567_param_566_Lag
[PlotMCMCDiag.cpp][warning] continuing along my way for Auto_corr
[PlotMCMCDiag.cpp][info] Looking for Auto_corr/enu_enubias_567_param_566_Lag from file /scratch/abipeake/March2026/Easter_finerxsecbinning_sat11ththapril_robbinsmonroemore2/chain_trimmed_last10M_MCMC_Diag.root
[PlotMCMCDiag.cpp][info] Auto_corr/enu_enubias_568_param_567_Lag
[PlotMCMCDiag.cpp][warning] continuing along my way for Auto_corr
[PlotMCMCDiag.cpp][info] Looking for Auto_corr/enu_enubias_568_param_567_Lag from file /scratch/abipeake/March2026/Easter_finerxsecbinning_sat11ththapril_robbinsmonroemore2/chain_trimmed_last10M_MCMC_Diag.root
[PlotMCMCDiag.cpp][info] Auto_corr/enu_enubias_569_param_568_Lag
[PlotMCMCDiag.cpp][warning] continuing along my way for Auto_corr
[PlotMCMCDiag.cpp][info] Looking for Auto_corr/enu_enubias_569_param_568_Lag from file /scratch/abipeake/March2026/Easter_finerxsecbinning_sat11ththapril_robbinsmonroemore2/chain_trimmed_last10M_MCMC_Diag.root
[PlotMCMCDiag.cpp][info] Auto_corr/enu_enubias_570_param_569_Lag
[PlotMCMCDiag.cpp][warning] continuing along my way for Auto_corr
[PlotMCMCDiag.cpp][info] Looking for Auto_corr/enu_enubias_570_param_569_Lag from file /scratch/abipeake/March2026/Easter_finerxsecbinning_sat11ththapril_robbinsmonroemore2/chain_trimmed_last10M_MCMC_Diag.root
[PlotMCMCDiag.cpp][info] Auto_corr/enu_enubias_571_param_570_Lag
[PlotMCMCDiag.cpp][warning] continuing along my way for Auto_corr
[PlotMCMCDiag.cpp][info] Looking for Auto_corr/enu_enubias_571_param_570_Lag from file /scratch/abipeake/March2026/Easter_finerxsecbinning_sat11ththapril_robbinsmonroemore2/chain_trimmed_last10M_MCMC_Diag.root
[PlotMCMCDiag.cpp][info] Auto_corr/enu_enubias_572_param_571_Lag
[PlotMCMCDiag.cpp][warning] continuing along my way for Auto_corr
[PlotMCMCDiag.cpp][info] Looking for Auto_corr/enu_enubias_572_param_571_Lag from file /scratch/abipeake/March2026/Easter_finerxsecbinning_sat11ththapril_robbinsmonroemore2/chain_trimmed_last10M_MCMC_Diag.root
[PlotMCMCDiag.cpp][info] Auto_corr/enu_enubias_573_param_572_Lag
[PlotMCMCDiag.cpp][warning] continuing along my way for Auto_corr
[PlotMCMCDiag.cpp][info] Looking for Auto_corr/enu_enubias_573_param_572_Lag from file /scratch/abipeake/March2026/Easter_finerxsecbinning_sat11ththapril_robbinsmonroemore2/chain_trimmed_last10M_MCMC_Diag.root
[PlotMCMCDiag.cpp][info] Auto_corr/enu_enubias_574_param_573_Lag
[PlotMCMCDiag.cpp][warning] continuing along my way for Auto_corr
[PlotMCMCDiag.cpp][info] Looking for Auto_corr/enu_enubias_574_param_573_Lag from file /scratch/abipeake/March2026/Easter_finerxsecbinning_sat11ththapril_robbinsmonroemore2/chain_trimmed_last10M_MCMC_Diag.root
[PlotMCMCDiag.cpp][info] Auto_corr/enu_enubias_575_param_574_Lag
[PlotMCMCDiag.cpp][warning] continuing along my way for Auto_corr
[PlotMCMCDiag.cpp][info] Looking for Auto_corr/enu_enubias_575_param_574_Lag from file /scratch/abipeake/March2026/Easter_finerxsecbinning_sat11ththapril_robbinsmonroemore2/chain_trimmed_last10M_MCMC_Diag.root
[PlotMCMCDiag.cpp][info] Auto_corr/enu_enubias_576_param_575_Lag
[PlotMCMCDiag.cpp][warning] continuing along my way for Auto_corr
[PlotMCMCDiag.cpp][info] Looking for Auto_corr/enu_enubias_576_param_575_Lag from file /scratch/abipeake/March2026/Easter_finerxsecbinning_sat11ththapril_robbinsmonroemore2/chain_trimmed_last10M_MCMC_Diag.root
[PlotMCMCDiag.cpp][info] Auto_corr/enu_enubias_577_param_576_Lag
[PlotMCMCDiag.cpp][warning] continuing along my way for Auto_corr
[PlotMCMCDiag.cpp][info] Looking for Auto_corr/enu_enubias_577_param_576_Lag from file /scratch/abipeake/March2026/Easter_finerxsecbinning_sat11ththapril_robbinsmonroemore2/chain_trimmed_last10M_MCMC_Diag.root
[PlotMCMCDiag.cpp][info] Auto_corr/enu_enubias_578_param_577_Lag
[PlotMCMCDiag.cpp][warning] continuing along my way for Auto_corr
[PlotMCMCDiag.cpp][info] Looking for Auto_corr/enu_enubias_578_param_577_Lag from file /scratch/abipeake/March2026/Easter_finerxsecbinning_sat11ththapril_robbinsmonroemore2/chain_trimmed_last10M_MCMC_Diag.root
[PlotMCMCDiag.cpp][info] Auto_corr/enu_enubias_579_param_578_Lag
[PlotMCMCDiag.cpp][warning] continuing along my way for Auto_corr
[PlotMCMCDiag.cpp][info] Looking for Auto_corr/enu_enubias_579_param_578_Lag from file /scratch/abipeake/March2026/Easter_finerxsecbinning_sat11ththapril_robbinsmonroemore2/chain_trimmed_last10M_MCMC_Diag.root
[PlotMCMCDiag.cpp][info] Auto_corr/enu_enubias_580_param_579_Lag
[PlotMCMCDiag.cpp][warning] continuing along my way for Auto_corr
[PlotMCMCDiag.cpp][info] Looking for Auto_corr/enu_enubias_580_param_579_Lag from file /scratch/abipeake/March2026/Easter_finerxsecbinning_sat11ththapril_robbinsmonroemore2/chain_trimmed_last10M_MCMC_Diag.root
[PlotMCMCDiag.cpp][info] Auto_corr/enu_enubias_581_param_580_Lag
[PlotMCMCDiag.cpp][warning] continuing along my way for Auto_corr
[PlotMCMCDiag.cpp][info] Looking for Auto_corr/enu_enubias_581_param_580_Lag from file /scratch/abipeake/March2026/Easter_finerxsecbinning_sat11ththapril_robbinsmonroemore2/chain_trimmed_last10M_MCMC_Diag.root
[PlotMCMCDiag.cpp][info] Auto_corr/enu_enubias_582_param_581_Lag
[PlotMCMCDiag.cpp][warning] continuing along my way for Auto_corr
[PlotMCMCDiag.cpp][info] Looking for Auto_corr/enu_enubias_582_param_581_Lag from file /scratch/abipeake/March2026/Easter_finerxsecbinning_sat11ththapril_robbinsmonroemore2/chain_trimmed_last10M_MCMC_Diag.root
[PlotMCMCDiag.cpp][info] Auto_corr/enu_enubias_583_param_582_Lag
[PlotMCMCDiag.cpp][warning] continuing along my way for Auto_corr
[PlotMCMCDiag.cpp][info] Looking for Auto_corr/enu_enubias_583_param_582_Lag from file /scratch/abipeake/March2026/Easter_finerxsecbinning_sat11ththapril_robbinsmonroemore2/chain_trimmed_last10M_MCMC_Diag.root
[PlotMCMCDiag.cpp][info] Auto_corr/enu_enubias_584_param_583_Lag
[PlotMCMCDiag.cpp][warning] continuing along my way for Auto_corr
[PlotMCMCDiag.cpp][info] Looking for Auto_corr/enu_enubias_584_param_583_Lag from file /scratch/abipeake/March2026/Easter_finerxsecbinning_sat11ththapril_robbinsmonroemore2/chain_trimmed_last10M_MCMC_Diag.root
[PlotMCMCDiag.cpp][info] Auto_corr/enu_enubias_585_param_584_Lag
[PlotMCMCDiag.cpp][warning] continuing along my way for Auto_corr
[PlotMCMCDiag.cpp][info] Looking for Auto_corr/enu_enubias_585_param_584_Lag from file /scratch/abipeake/March2026/Easter_finerxsecbinning_sat11ththapril_robbinsmonroemore2/chain_trimmed_last10M_MCMC_Diag.root
[PlotMCMCDiag.cpp][info] Auto_corr/enu_enubias_586_param_585_Lag
[PlotMCMCDiag.cpp][warning] continuing along my way for Auto_corr
[PlotMCMCDiag.cpp][info] Looking for Auto_corr/enu_enubias_586_param_585_Lag from file /scratch/abipeake/March2026/Easter_finerxsecbinning_sat11ththapril_robbinsmonroemore2/chain_trimmed_last10M_MCMC_Diag.root
[PlotMCMCDiag.cpp][info] Auto_corr/enu_enubias_587_param_586_Lag
[PlotMCMCDiag.cpp][warning] continuing along my way for Auto_corr
[PlotMCMCDiag.cpp][info] Looking for Auto_corr/enu_enubias_587_param_586_Lag from file /scratch/abipeake/March2026/Easter_finerxsecbinning_sat11ththapril_robbinsmonroemore2/chain_trimmed_last10M_MCMC_Diag.root
[PlotMCMCDiag.cpp][info] Auto_corr/enu_enubias_588_param_587_Lag
[PlotMCMCDiag.cpp][warning] continuing along my way for Auto_corr
[PlotMCMCDiag.cpp][info] Looking for Auto_corr/enu_enubias_588_param_587_Lag from file /scratch/abipeake/March2026/Easter_finerxsecbinning_sat11ththapril_robbinsmonroemore2/chain_trimmed_last10M_MCMC_Diag.root
[PlotMCMCDiag.cpp][info] Auto_corr/enu_enubias_589_param_588_Lag
[PlotMCMCDiag.cpp][warning] continuing along my way for Auto_corr
[PlotMCMCDiag.cpp][info] Looking for Auto_corr/enu_enubias_589_param_588_Lag from file /scratch/abipeake/March2026/Easter_finerxsecbinning_sat11ththapril_robbinsmonroemore2/chain_trimmed_last10M_MCMC_Diag.root
[PlotMCMCDiag.cpp][info] Auto_corr/enu_enubias_590_param_589_Lag
[PlotMCMCDiag.cpp][warning] continuing along my way for Auto_corr
[PlotMCMCDiag.cpp][info] Looking for Auto_corr/enu_enubias_590_param_589_Lag from file /scratch/abipeake/March2026/Easter_finerxsecbinning_sat11ththapril_robbinsmonroemore2/chain_trimmed_last10M_MCMC_Diag.root
[PlotMCMCDiag.cpp][info] Auto_corr/enu_enubias_591_param_590_Lag
[PlotMCMCDiag.cpp][warning] continuing along my way for Auto_corr
[PlotMCMCDiag.cpp][info] Looking for Auto_corr/enu_enubias_591_param_590_Lag from file /scratch/abipeake/March2026/Easter_finerxsecbinning_sat11ththapril_robbinsmonroemore2/chain_trimmed_last10M_MCMC_Diag.root
[PlotMCMCDiag.cpp][info] Auto_corr/enu_enubias_592_param_591_Lag
[PlotMCMCDiag.cpp][warning] continuing along my way for Auto_corr
[PlotMCMCDiag.cpp][info] Looking for Auto_corr/enu_enubias_592_param_591_Lag from file /scratch/abipeake/March2026/Easter_finerxsecbinning_sat11ththapril_robbinsmonroemore2/chain_trimmed_last10M_MCMC_Diag.root
[PlotMCMCDiag.cpp][info] Auto_corr/enu_enubias_593_param_592_Lag
[PlotMCMCDiag.cpp][warning] continuing along my way for Auto_corr
[PlotMCMCDiag.cpp][info] Looking for Auto_corr/enu_enubias_593_param_592_Lag from file /scratch/abipeake/March2026/Easter_finerxsecbinning_sat11ththapril_robbinsmonroemore2/chain_trimmed_last10M_MCMC_Diag.root
[PlotMCMCDiag.cpp][info] Auto_corr/enu_enubias_594_param_593_Lag
[PlotMCMCDiag.cpp][warning] continuing along my way for Auto_corr
[PlotMCMCDiag.cpp][info] Looking for Auto_corr/enu_enubias_594_param_593_Lag from file /scratch/abipeake/March2026/Easter_finerxsecbinning_sat11ththapril_robbinsmonroemore2/chain_trimmed_last10M_MCMC_Diag.root
[PlotMCMCDiag.cpp][info] Auto_corr/enu_enubias_595_param_594_Lag
[PlotMCMCDiag.cpp][warning] continuing along my way for Auto_corr
[PlotMCMCDiag.cpp][info] Looking for Auto_corr/enu_enubias_595_param_594_Lag from file /scratch/abipeake/March2026/Easter_finerxsecbinning_sat11ththapril_robbinsmonroemore2/chain_trimmed_last10M_MCMC_Diag.root
[PlotMCMCDiag.cpp][info] Auto_corr/enu_enubias_596_param_595_Lag
[PlotMCMCDiag.cpp][warning] continuing along my way for Auto_corr
[PlotMCMCDiag.cpp][info] Looking for Auto_corr/enu_enubias_596_param_595_Lag from file /scratch/abipeake/March2026/Easter_finerxsecbinning_sat11ththapril_robbinsmonroemore2/chain_trimmed_last10M_MCMC_Diag.root
[PlotMCMCDiag.cpp][info] Auto_corr/enu_enubias_597_param_596_Lag
[PlotMCMCDiag.cpp][warning] continuing along my way for Auto_corr
[PlotMCMCDiag.cpp][info] Looking for Auto_corr/enu_enubias_597_param_596_Lag from file /scratch/abipeake/March2026/Easter_finerxsecbinning_sat11ththapril_robbinsmonroemore2/chain_trimmed_last10M_MCMC_Diag.root
[PlotMCMCDiag.cpp][info] Auto_corr/enu_enubias_598_param_597_Lag
[PlotMCMCDiag.cpp][warning] continuing along my way for Auto_corr
[PlotMCMCDiag.cpp][info] Looking for Auto_corr/enu_enubias_598_param_597_Lag from file /scratch/abipeake/March2026/Easter_finerxsecbinning_sat11ththapril_robbinsmonroemore2/chain_trimmed_last10M_MCMC_Diag.root
[PlotMCMCDiag.cpp][info] Auto_corr/enu_enubias_599_param_598_Lag
[PlotMCMCDiag.cpp][warning] continuing along my way for Auto_corr
[PlotMCMCDiag.cpp][info] Looking for Auto_corr/enu_enubias_599_param_598_Lag from file /scratch/abipeake/March2026/Easter_finerxsecbinning_sat11ththapril_robbinsmonroemore2/chain_trimmed_last10M_MCMC_Diag.root
[PlotMCMCDiag.cpp][info] Auto_corr/enu_enubias_600_param_599_Lag
[PlotMCMCDiag.cpp][warning] continuing along my way for Auto_corr
[PlotMCMCDiag.cpp][info] Looking for Auto_corr/enu_enubias_600_param_599_Lag from file /scratch/abipeake/March2026/Easter_finerxsecbinning_sat11ththapril_robbinsmonroemore2/chain_trimmed_last10M_MCMC_Diag.root
[PlotMCMCDiag.cpp][info] Auto_corr/enu_enubias_601_param_600_Lag
[PlotMCMCDiag.cpp][warning] continuing along my way for Auto_corr
[PlotMCMCDiag.cpp][info] Looking for Auto_corr/enu_enubias_601_param_600_Lag from file /scratch/abipeake/March2026/Easter_finerxsecbinning_sat11ththapril_robbinsmonroemore2/chain_trimmed_last10M_MCMC_Diag.root
[PlotMCMCDiag.cpp][info] Auto_corr/enu_enubias_602_param_601_Lag
[PlotMCMCDiag.cpp][warning] continuing along my way for Auto_corr
[PlotMCMCDiag.cpp][info] Looking for Auto_corr/enu_enubias_602_param_601_Lag from file /scratch/abipeake/March2026/Easter_finerxsecbinning_sat11ththapril_robbinsmonroemore2/chain_trimmed_last10M_MCMC_Diag.root
[PlotMCMCDiag.cpp][info] Auto_corr/enu_enubias_603_param_602_Lag
[PlotMCMCDiag.cpp][warning] continuing along my way for Auto_corr
[PlotMCMCDiag.cpp][info] Looking for Auto_corr/enu_enubias_603_param_602_Lag from file /scratch/abipeake/March2026/Easter_finerxsecbinning_sat11ththapril_robbinsmonroemore2/chain_trimmed_last10M_MCMC_Diag.root
[PlotMCMCDiag.cpp][info] Auto_corr/enu_enubias_604_param_603_Lag
[PlotMCMCDiag.cpp][warning] continuing along my way for Auto_corr
[PlotMCMCDiag.cpp][info] Looking for Auto_corr/enu_enubias_604_param_603_Lag from file /scratch/abipeake/March2026/Easter_finerxsecbinning_sat11ththapril_robbinsmonroemore2/chain_trimmed_last10M_MCMC_Diag.root
[PlotMCMCDiag.cpp][info] Auto_corr/enu_enubias_605_param_604_Lag
[PlotMCMCDiag.cpp][warning] continuing along my way for Auto_corr
[PlotMCMCDiag.cpp][info] Looking for Auto_corr/enu_enubias_605_param_604_Lag from file /scratch/abipeake/March2026/Easter_finerxsecbinning_sat11ththapril_robbinsmonroemore2/chain_trimmed_last10M_MCMC_Diag.root
[PlotMCMCDiag.cpp][info] Auto_corr/enu_enubias_606_param_605_Lag
[PlotMCMCDiag.cpp][warning] continuing along my way for Auto_corr
[PlotMCMCDiag.cpp][info] Looking for Auto_corr/enu_enubias_606_param_605_Lag from file /scratch/abipeake/March2026/Easter_finerxsecbinning_sat11ththapril_robbinsmonroemore2/chain_trimmed_last10M_MCMC_Diag.root
[PlotMCMCDiag.cpp][info] Auto_corr/enu_enubias_607_param_606_Lag
[PlotMCMCDiag.cpp][warning] continuing along my way for Auto_corr
[PlotMCMCDiag.cpp][info] Looking for Auto_corr/enu_enubias_607_param_606_Lag from file /scratch/abipeake/March2026/Easter_finerxsecbinning_sat11ththapril_robbinsmonroemore2/chain_trimmed_last10M_MCMC_Diag.root
[PlotMCMCDiag.cpp][info] Auto_corr/enu_enubias_608_param_607_Lag
[PlotMCMCDiag.cpp][warning] continuing along my way for Auto_corr
[PlotMCMCDiag.cpp][info] Looking for Auto_corr/enu_enubias_608_param_607_Lag from file /scratch/abipeake/March2026/Easter_finerxsecbinning_sat11ththapril_robbinsmonroemore2/chain_trimmed_last10M_MCMC_Diag.root
[PlotMCMCDiag.cpp][info] Auto_corr/enu_enubias_609_param_608_Lag
[PlotMCMCDiag.cpp][warning] continuing along my way for Auto_corr
[PlotMCMCDiag.cpp][info] Looking for Auto_corr/enu_enubias_609_param_608_Lag from file /scratch/abipeake/March2026/Easter_finerxsecbinning_sat11ththapril_robbinsmonroemore2/chain_trimmed_last10M_MCMC_Diag.root
[PlotMCMCDiag.cpp][info] Auto_corr/enu_enubias_610_param_609_Lag
[PlotMCMCDiag.cpp][warning] continuing along my way for Auto_corr
[PlotMCMCDiag.cpp][info] Looking for Auto_corr/enu_enubias_610_param_609_Lag from file /scratch/abipeake/March2026/Easter_finerxsecbinning_sat11ththapril_robbinsmonroemore2/chain_trimmed_last10M_MCMC_Diag.root
[PlotMCMCDiag.cpp][info] Auto_corr/enu_enubias_611_param_610_Lag
[PlotMCMCDiag.cpp][warning] continuing along my way for Auto_corr
[PlotMCMCDiag.cpp][info] Looking for Auto_corr/enu_enubias_611_param_610_Lag from file /scratch/abipeake/March2026/Easter_finerxsecbinning_sat11ththapril_robbinsmonroemore2/chain_trimmed_last10M_MCMC_Diag.root
[PlotMCMCDiag.cpp][info] Auto_corr/enu_enubias_612_param_611_Lag
[PlotMCMCDiag.cpp][warning] continuing along my way for Auto_corr
[PlotMCMCDiag.cpp][info] Looking for Auto_corr/enu_enubias_612_param_611_Lag from file /scratch/abipeake/March2026/Easter_finerxsecbinning_sat11ththapril_robbinsmonroemore2/chain_trimmed_last10M_MCMC_Diag.root
[PlotMCMCDiag.cpp][info] Auto_corr/enu_enubias_613_param_612_Lag
[PlotMCMCDiag.cpp][warning] continuing along my way for Auto_corr
[PlotMCMCDiag.cpp][info] Looking for Auto_corr/enu_enubias_613_param_612_Lag from file /scratch/abipeake/March2026/Easter_finerxsecbinning_sat11ththapril_robbinsmonroemore2/chain_trimmed_last10M_MCMC_Diag.root
[PlotMCMCDiag.cpp][info] Auto_corr/enu_enubias_614_param_613_Lag
[PlotMCMCDiag.cpp][warning] continuing along my way for Auto_corr
[PlotMCMCDiag.cpp][info] Looking for Auto_corr/enu_enubias_614_param_613_Lag from file /scratch/abipeake/March2026/Easter_finerxsecbinning_sat11ththapril_robbinsmonroemore2/chain_trimmed_last10M_MCMC_Diag.root
[PlotMCMCDiag.cpp][info] Auto_corr/enu_enubias_615_param_614_Lag
[PlotMCMCDiag.cpp][warning] continuing along my way for Auto_corr
[PlotMCMCDiag.cpp][info] Looking for Auto_corr/enu_enubias_615_param_614_Lag from file /scratch/abipeake/March2026/Easter_finerxsecbinning_sat11ththapril_robbinsmonroemore2/chain_trimmed_last10M_MCMC_Diag.root
[PlotMCMCDiag.cpp][info] Auto_corr/enu_enubias_616_param_615_Lag
[PlotMCMCDiag.cpp][warning] continuing along my way for Auto_corr
[PlotMCMCDiag.cpp][info] Looking for Auto_corr/enu_enubias_616_param_615_Lag from file /scratch/abipeake/March2026/Easter_finerxsecbinning_sat11ththapril_robbinsmonroemore2/chain_trimmed_last10M_MCMC_Diag.root
[PlotMCMCDiag.cpp][info] Auto_corr/enu_enubias_617_param_616_Lag
[PlotMCMCDiag.cpp][warning] continuing along my way for Auto_corr
[PlotMCMCDiag.cpp][info] Looking for Auto_corr/enu_enubias_617_param_616_Lag from file /scratch/abipeake/March2026/Easter_finerxsecbinning_sat11ththapril_robbinsmonroemore2/chain_trimmed_last10M_MCMC_Diag.root
[PlotMCMCDiag.cpp][info] Auto_corr/enu_enubias_618_param_617_Lag
[PlotMCMCDiag.cpp][warning] continuing along my way for Auto_corr
[PlotMCMCDiag.cpp][info] Looking for Auto_corr/enu_enubias_618_param_617_Lag from file /scratch/abipeake/March2026/Easter_finerxsecbinning_sat11ththapril_robbinsmonroemore2/chain_trimmed_last10M_MCMC_Diag.root
[PlotMCMCDiag.cpp][info] Auto_corr/enu_enubias_619_param_618_Lag
[PlotMCMCDiag.cpp][warning] continuing along my way for Auto_corr
[PlotMCMCDiag.cpp][info] Looking for Auto_corr/enu_enubias_619_param_618_Lag from file /scratch/abipeake/March2026/Easter_finerxsecbinning_sat11ththapril_robbinsmonroemore2/chain_trimmed_last10M_MCMC_Diag.root
[PlotMCMCDiag.cpp][info] Auto_corr/enu_enubias_620_param_619_Lag
[PlotMCMCDiag.cpp][warning] continuing along my way for Auto_corr
[PlotMCMCDiag.cpp][info] Looking for Auto_corr/enu_enubias_620_param_619_Lag from file /scratch/abipeake/March2026/Easter_finerxsecbinning_sat11ththapril_robbinsmonroemore2/chain_trimmed_last10M_MCMC_Diag.root
[PlotMCMCDiag.cpp][info] Auto_corr/enu_enubias_621_param_620_Lag
[PlotMCMCDiag.cpp][warning] continuing along my way for Auto_corr
[PlotMCMCDiag.cpp][info] Looking for Auto_corr/enu_enubias_621_param_620_Lag from file /scratch/abipeake/March2026/Easter_finerxsecbinning_sat11ththapril_robbinsmonroemore2/chain_trimmed_last10M_MCMC_Diag.root
[PlotMCMCDiag.cpp][info] Auto_corr/enu_enubias_622_param_621_Lag
[PlotMCMCDiag.cpp][warning] continuing along my way for Auto_corr
[PlotMCMCDiag.cpp][info] Looking for Auto_corr/enu_enubias_622_param_621_Lag from file /scratch/abipeake/March2026/Easter_finerxsecbinning_sat11ththapril_robbinsmonroemore2/chain_trimmed_last10M_MCMC_Diag.root
[PlotMCMCDiag.cpp][info] Auto_corr/enu_enubias_623_param_622_Lag
[PlotMCMCDiag.cpp][warning] continuing along my way for Auto_corr
[PlotMCMCDiag.cpp][info] Looking for Auto_corr/enu_enubias_623_param_622_Lag from file /scratch/abipeake/March2026/Easter_finerxsecbinning_sat11ththapril_robbinsmonroemore2/chain_trimmed_last10M_MCMC_Diag.root
[PlotMCMCDiag.cpp][info] Auto_corr/enu_enubias_624_param_623_Lag
[PlotMCMCDiag.cpp][warning] continuing along my way for Auto_corr
[PlotMCMCDiag.cpp][info] Looking for Auto_corr/enu_enubias_624_param_623_Lag from file /scratch/abipeake/March2026/Easter_finerxsecbinning_sat11ththapril_robbinsmonroemore2/chain_trimmed_last10M_MCMC_Diag.root
[PlotMCMCDiag.cpp][info] Auto_corr/enu_enubias_625_param_624_Lag
[PlotMCMCDiag.cpp][warning] continuing along my way for Auto_corr
[PlotMCMCDiag.cpp][info] Looking for Auto_corr/enu_enubias_625_param_624_Lag from file /scratch/abipeake/March2026/Easter_finerxsecbinning_sat11ththapril_robbinsmonroemore2/chain_trimmed_last10M_MCMC_Diag.root
[PlotMCMCDiag.cpp][info] Auto_corr/enu_enubias_626_param_625_Lag
[PlotMCMCDiag.cpp][warning] continuing along my way for Auto_corr
[PlotMCMCDiag.cpp][info] Looking for Auto_corr/enu_enubias_626_param_625_Lag from file /scratch/abipeake/March2026/Easter_finerxsecbinning_sat11ththapril_robbinsmonroemore2/chain_trimmed_last10M_MCMC_Diag.root
[PlotMCMCDiag.cpp][info] Auto_corr/enu_enubias_627_param_626_Lag
[PlotMCMCDiag.cpp][warning] continuing along my way for Auto_corr
[PlotMCMCDiag.cpp][info] Looking for Auto_corr/enu_enubias_627_param_626_Lag from file /scratch/abipeake/March2026/Easter_finerxsecbinning_sat11ththapril_robbinsmonroemore2/chain_trimmed_last10M_MCMC_Diag.root
[PlotMCMCDiag.cpp][info] Auto_corr/enu_enubias_628_param_627_Lag
[PlotMCMCDiag.cpp][warning] continuing along my way for Auto_corr
[PlotMCMCDiag.cpp][info] Looking for Auto_corr/enu_enubias_628_param_627_Lag from file /scratch/abipeake/March2026/Easter_finerxsecbinning_sat11ththapril_robbinsmonroemore2/chain_trimmed_last10M_MCMC_Diag.root
[PlotMCMCDiag.cpp][info] Auto_corr/enu_enubias_629_param_628_Lag
[PlotMCMCDiag.cpp][warning] continuing along my way for Auto_corr
[PlotMCMCDiag.cpp][info] Looking for Auto_corr/enu_enubias_629_param_628_Lag from file /scratch/abipeake/March2026/Easter_finerxsecbinning_sat11ththapril_robbinsmonroemore2/chain_trimmed_last10M_MCMC_Diag.root
[PlotMCMCDiag.cpp][info] Auto_corr/enu_enubias_630_param_629_Lag
[PlotMCMCDiag.cpp][warning] continuing along my way for Auto_corr
[PlotMCMCDiag.cpp][info] Looking for Auto_corr/enu_enubias_630_param_629_Lag from file /scratch/abipeake/March2026/Easter_finerxsecbinning_sat11ththapril_robbinsmonroemore2/chain_trimmed_last10M_MCMC_Diag.root
[PlotMCMCDiag.cpp][info] Auto_corr/enu_enubias_631_param_630_Lag
[PlotMCMCDiag.cpp][warning] continuing along my way for Auto_corr
[PlotMCMCDiag.cpp][info] Looking for Auto_corr/enu_enubias_631_param_630_Lag from file /scratch/abipeake/March2026/Easter_finerxsecbinning_sat11ththapril_robbinsmonroemore2/chain_trimmed_last10M_MCMC_Diag.root
[PlotMCMCDiag.cpp][info] Auto_corr/enu_enubias_632_param_631_Lag
[PlotMCMCDiag.cpp][warning] continuing along my way for Auto_corr
[PlotMCMCDiag.cpp][info] Looking for Auto_corr/enu_enubias_632_param_631_Lag from file /scratch/abipeake/March2026/Easter_finerxsecbinning_sat11ththapril_robbinsmonroemore2/chain_trimmed_last10M_MCMC_Diag.root
[PlotMCMCDiag.cpp][info] Auto_corr/enu_enubias_633_param_632_Lag
[PlotMCMCDiag.cpp][warning] continuing along my way for Auto_corr
[PlotMCMCDiag.cpp][info] Looking for Auto_corr/enu_enubias_633_param_632_Lag from file /scratch/abipeake/March2026/Easter_finerxsecbinning_sat11ththapril_robbinsmonroemore2/chain_trimmed_last10M_MCMC_Diag.root
[PlotMCMCDiag.cpp][info] Auto_corr/enu_enubias_634_param_633_Lag
[PlotMCMCDiag.cpp][warning] continuing along my way for Auto_corr
[PlotMCMCDiag.cpp][info] Looking for Auto_corr/enu_enubias_634_param_633_Lag from file /scratch/abipeake/March2026/Easter_finerxsecbinning_sat11ththapril_robbinsmonroemore2/chain_trimmed_last10M_MCMC_Diag.root
[PlotMCMCDiag.cpp][info] Auto_corr/enu_enubias_635_param_634_Lag
[PlotMCMCDiag.cpp][warning] continuing along my way for Auto_corr
[PlotMCMCDiag.cpp][info] Looking for Auto_corr/enu_enubias_635_param_634_Lag from file /scratch/abipeake/March2026/Easter_finerxsecbinning_sat11ththapril_robbinsmonroemore2/chain_trimmed_last10M_MCMC_Diag.root
[PlotMCMCDiag.cpp][info] Auto_corr/enu_enubias_636_param_635_Lag
[PlotMCMCDiag.cpp][warning] continuing along my way for Auto_corr
[PlotMCMCDiag.cpp][info] Looking for Auto_corr/enu_enubias_636_param_635_Lag from file /scratch/abipeake/March2026/Easter_finerxsecbinning_sat11ththapril_robbinsmonroemore2/chain_trimmed_last10M_MCMC_Diag.root
[PlotMCMCDiag.cpp][info] Auto_corr/enu_enubias_637_param_636_Lag
[PlotMCMCDiag.cpp][warning] continuing along my way for Auto_corr
[PlotMCMCDiag.cpp][info] Looking for Auto_corr/enu_enubias_637_param_636_Lag from file /scratch/abipeake/March2026/Easter_finerxsecbinning_sat11ththapril_robbinsmonroemore2/chain_trimmed_last10M_MCMC_Diag.root
[PlotMCMCDiag.cpp][info] Auto_corr/enu_enubias_638_param_637_Lag
[PlotMCMCDiag.cpp][warning] continuing along my way for Auto_corr
[PlotMCMCDiag.cpp][info] Looking for Auto_corr/enu_enubias_638_param_637_Lag from file /scratch/abipeake/March2026/Easter_finerxsecbinning_sat11ththapril_robbinsmonroemore2/chain_trimmed_last10M_MCMC_Diag.root
[PlotMCMCDiag.cpp][info] Auto_corr/enu_enubias_639_param_638_Lag
[PlotMCMCDiag.cpp][warning] continuing along my way for Auto_corr
[PlotMCMCDiag.cpp][info] Looking for Auto_corr/enu_enubias_639_param_638_Lag from file /scratch/abipeake/March2026/Easter_finerxsecbinning_sat11ththapril_robbinsmonroemore2/chain_trimmed_last10M_MCMC_Diag.root
[PlotMCMCDiag.cpp][info] Auto_corr/enu_enubias_640_param_639_Lag
[PlotMCMCDiag.cpp][warning] continuing along my way for Auto_corr
[PlotMCMCDiag.cpp][info] Looking for Auto_corr/enu_enubias_640_param_639_Lag from file /scratch/abipeake/March2026/Easter_finerxsecbinning_sat11ththapril_robbinsmonroemore2/chain_trimmed_last10M_MCMC_Diag.root
[PlotMCMCDiag.cpp][info] Auto_corr/enu_enubias_641_param_640_Lag
[PlotMCMCDiag.cpp][warning] continuing along my way for Auto_corr
[PlotMCMCDiag.cpp][info] Looking for Auto_corr/enu_enubias_641_param_640_Lag from file /scratch/abipeake/March2026/Easter_finerxsecbinning_sat11ththapril_robbinsmonroemore2/chain_trimmed_last10M_MCMC_Diag.root
[PlotMCMCDiag.cpp][info] Auto_corr/enu_enubias_642_param_641_Lag
[PlotMCMCDiag.cpp][warning] continuing along my way for Auto_corr
[PlotMCMCDiag.cpp][info] Looking for Auto_corr/enu_enubias_642_param_641_Lag from file /scratch/abipeake/March2026/Easter_finerxsecbinning_sat11ththapril_robbinsmonroemore2/chain_trimmed_last10M_MCMC_Diag.root
[PlotMCMCDiag.cpp][info] Auto_corr/enu_enubias_643_param_642_Lag
[PlotMCMCDiag.cpp][warning] continuing along my way for Auto_corr
[PlotMCMCDiag.cpp][info] Looking for Auto_corr/enu_enubias_643_param_642_Lag from file /scratch/abipeake/March2026/Easter_finerxsecbinning_sat11ththapril_robbinsmonroemore2/chain_trimmed_last10M_MCMC_Diag.root
[PlotMCMCDiag.cpp][info] Auto_corr/enu_enubias_644_param_643_Lag
[PlotMCMCDiag.cpp][warning] continuing along my way for Auto_corr
[PlotMCMCDiag.cpp][info] Looking for Auto_corr/enu_enubias_644_param_643_Lag from file /scratch/abipeake/March2026/Easter_finerxsecbinning_sat11ththapril_robbinsmonroemore2/chain_trimmed_last10M_MCMC_Diag.root
[PlotMCMCDiag.cpp][info] Auto_corr/enu_enubias_645_param_644_Lag
[PlotMCMCDiag.cpp][warning] continuing along my way for Auto_corr
[PlotMCMCDiag.cpp][info] Looking for Auto_corr/enu_enubias_645_param_644_Lag from file /scratch/abipeake/March2026/Easter_finerxsecbinning_sat11ththapril_robbinsmonroemore2/chain_trimmed_last10M_MCMC_Diag.root
[PlotMCMCDiag.cpp][info] Auto_corr/enu_enubias_646_param_645_Lag
[PlotMCMCDiag.cpp][warning] continuing along my way for Auto_corr
[PlotMCMCDiag.cpp][info] Looking for Auto_corr/enu_enubias_646_param_645_Lag from file /scratch/abipeake/March2026/Easter_finerxsecbinning_sat11ththapril_robbinsmonroemore2/chain_trimmed_last10M_MCMC_Diag.root
[PlotMCMCDiag.cpp][info] Auto_corr/enu_enubias_647_param_646_Lag
[PlotMCMCDiag.cpp][warning] continuing along my way for Auto_corr
[PlotMCMCDiag.cpp][info] Looking for Auto_corr/enu_enubias_647_param_646_Lag from file /scratch/abipeake/March2026/Easter_finerxsecbinning_sat11ththapril_robbinsmonroemore2/chain_trimmed_last10M_MCMC_Diag.root
[PlotMCMCDiag.cpp][info] Auto_corr/enu_enubias_648_param_647_Lag
[PlotMCMCDiag.cpp][warning] continuing along my way for Auto_corr
[PlotMCMCDiag.cpp][info] Looking for Auto_corr/enu_enubias_648_param_647_Lag from file /scratch/abipeake/March2026/Easter_finerxsecbinning_sat11ththapril_robbinsmonroemore2/chain_trimmed_last10M_MCMC_Diag.root
[PlotMCMCDiag.cpp][info] Auto_corr/enu_enubias_649_param_648_Lag
[PlotMCMCDiag.cpp][warning] continuing along my way for Auto_corr
[PlotMCMCDiag.cpp][info] Looking for Auto_corr/enu_enubias_649_param_648_Lag from file /scratch/abipeake/March2026/Easter_finerxsecbinning_sat11ththapril_robbinsmonroemore2/chain_trimmed_last10M_MCMC_Diag.root
[PlotMCMCDiag.cpp][info] Auto_corr/enu_enubias_650_param_649_Lag
[PlotMCMCDiag.cpp][warning] continuing along my way for Auto_corr
[PlotMCMCDiag.cpp][info] Looking for Auto_corr/enu_enubias_650_param_649_Lag from file /scratch/abipeake/March2026/Easter_finerxsecbinning_sat11ththapril_robbinsmonroemore2/chain_trimmed_last10M_MCMC_Diag.root
[PlotMCMCDiag.cpp][info] Auto_corr/enu_enubias_651_param_650_Lag
[PlotMCMCDiag.cpp][warning] continuing along my way for Auto_corr
[PlotMCMCDiag.cpp][info] Looking for Auto_corr/enu_enubias_651_param_650_Lag from file /scratch/abipeake/March2026/Easter_finerxsecbinning_sat11ththapril_robbinsmonroemore2/chain_trimmed_last10M_MCMC_Diag.root
[PlotMCMCDiag.cpp][info] Auto_corr/enu_enubias_652_param_651_Lag
[PlotMCMCDiag.cpp][warning] continuing along my way for Auto_corr
[PlotMCMCDiag.cpp][info] Looking for Auto_corr/enu_enubias_652_param_651_Lag from file /scratch/abipeake/March2026/Easter_finerxsecbinning_sat11ththapril_robbinsmonroemore2/chain_trimmed_last10M_MCMC_Diag.root
[PlotMCMCDiag.cpp][info] Auto_corr/enu_enubias_653_param_652_Lag
[PlotMCMCDiag.cpp][warning] continuing along my way for Auto_corr
[PlotMCMCDiag.cpp][info] Looking for Auto_corr/enu_enubias_653_param_652_Lag from file /scratch/abipeake/March2026/Easter_finerxsecbinning_sat11ththapril_robbinsmonroemore2/chain_trimmed_last10M_MCMC_Diag.root
[PlotMCMCDiag.cpp][info] Auto_corr/enu_enubias_654_param_653_Lag
[PlotMCMCDiag.cpp][warning] continuing along my way for Auto_corr
[PlotMCMCDiag.cpp][info] Looking for Auto_corr/enu_enubias_654_param_653_Lag from file /scratch/abipeake/March2026/Easter_finerxsecbinning_sat11ththapril_robbinsmonroemore2/chain_trimmed_last10M_MCMC_Diag.root
[PlotMCMCDiag.cpp][info] Auto_corr/enu_enubias_655_param_654_Lag
[PlotMCMCDiag.cpp][warning] continuing along my way for Auto_corr
[PlotMCMCDiag.cpp][info] Looking for Auto_corr/enu_enubias_655_param_654_Lag from file /scratch/abipeake/March2026/Easter_finerxsecbinning_sat11ththapril_robbinsmonroemore2/chain_trimmed_last10M_MCMC_Diag.root
[PlotMCMCDiag.cpp][info] Auto_corr/enu_enubias_656_param_655_Lag
[PlotMCMCDiag.cpp][warning] continuing along my way for Auto_corr
[PlotMCMCDiag.cpp][info] Looking for Auto_corr/enu_enubias_656_param_655_Lag from file /scratch/abipeake/March2026/Easter_finerxsecbinning_sat11ththapril_robbinsmonroemore2/chain_trimmed_last10M_MCMC_Diag.root
[PlotMCMCDiag.cpp][info] Auto_corr/enu_enubias_657_param_656_Lag
[PlotMCMCDiag.cpp][warning] continuing along my way for Auto_corr
[PlotMCMCDiag.cpp][info] Looking for Auto_corr/enu_enubias_657_param_656_Lag from file /scratch/abipeake/March2026/Easter_finerxsecbinning_sat11ththapril_robbinsmonroemore2/chain_trimmed_last10M_MCMC_Diag.root
[PlotMCMCDiag.cpp][info] Auto_corr/enu_enubias_658_param_657_Lag
[PlotMCMCDiag.cpp][warning] continuing along my way for Auto_corr
[PlotMCMCDiag.cpp][info] Looking for Auto_corr/enu_enubias_658_param_657_Lag from file /scratch/abipeake/March2026/Easter_finerxsecbinning_sat11ththapril_robbinsmonroemore2/chain_trimmed_last10M_MCMC_Diag.root
[PlotMCMCDiag.cpp][info] Auto_corr/enu_enubias_659_param_658_Lag
[PlotMCMCDiag.cpp][warning] continuing along my way for Auto_corr
[PlotMCMCDiag.cpp][info] Looking for Auto_corr/enu_enubias_659_param_658_Lag from file /scratch/abipeake/March2026/Easter_finerxsecbinning_sat11ththapril_robbinsmonroemore2/chain_trimmed_last10M_MCMC_Diag.root
[PlotMCMCDiag.cpp][info] Auto_corr/enu_enubias_660_param_659_Lag
[PlotMCMCDiag.cpp][warning] continuing along my way for Auto_corr
[PlotMCMCDiag.cpp][info] Looking for Auto_corr/enu_enubias_660_param_659_Lag from file /scratch/abipeake/March2026/Easter_finerxsecbinning_sat11ththapril_robbinsmonroemore2/chain_trimmed_last10M_MCMC_Diag.root
[PlotMCMCDiag.cpp][info] Auto_corr/enu_enubias_661_param_660_Lag
[PlotMCMCDiag.cpp][warning] continuing along my way for Auto_corr
[PlotMCMCDiag.cpp][info] Looking for Auto_corr/enu_enubias_661_param_660_Lag from file /scratch/abipeake/March2026/Easter_finerxsecbinning_sat11ththapril_robbinsmonroemore2/chain_trimmed_last10M_MCMC_Diag.root
[PlotMCMCDiag.cpp][info] Auto_corr/enu_enubias_662_param_661_Lag
[PlotMCMCDiag.cpp][warning] continuing along my way for Auto_corr
[PlotMCMCDiag.cpp][info] Looking for Auto_corr/enu_enubias_662_param_661_Lag from file /scratch/abipeake/March2026/Easter_finerxsecbinning_sat11ththapril_robbinsmonroemore2/chain_trimmed_last10M_MCMC_Diag.root
[PlotMCMCDiag.cpp][info] Auto_corr/enu_enubias_663_param_662_Lag
[PlotMCMCDiag.cpp][warning] continuing along my way for Auto_corr
[PlotMCMCDiag.cpp][info] Looking for Auto_corr/enu_enubias_663_param_662_Lag from file /scratch/abipeake/March2026/Easter_finerxsecbinning_sat11ththapril_robbinsmonroemore2/chain_trimmed_last10M_MCMC_Diag.root
[PlotMCMCDiag.cpp][info] Auto_corr/enu_enubias_664_param_663_Lag
[PlotMCMCDiag.cpp][warning] continuing along my way for Auto_corr
[PlotMCMCDiag.cpp][info] Looking for Auto_corr/enu_enubias_664_param_663_Lag from file /scratch/abipeake/March2026/Easter_finerxsecbinning_sat11ththapril_robbinsmonroemore2/chain_trimmed_last10M_MCMC_Diag.root
[PlotMCMCDiag.cpp][info] Auto_corr/enu_enubias_665_param_664_Lag
[PlotMCMCDiag.cpp][warning] continuing along my way for Auto_corr
[PlotMCMCDiag.cpp][info] Looking for Auto_corr/enu_enubias_665_param_664_Lag from file /scratch/abipeake/March2026/Easter_finerxsecbinning_sat11ththapril_robbinsmonroemore2/chain_trimmed_last10M_MCMC_Diag.root
[PlotMCMCDiag.cpp][info] Auto_corr/enu_enubias_666_param_665_Lag
[PlotMCMCDiag.cpp][warning] continuing along my way for Auto_corr
[PlotMCMCDiag.cpp][info] Looking for Auto_corr/enu_enubias_666_param_665_Lag from file /scratch/abipeake/March2026/Easter_finerxsecbinning_sat11ththapril_robbinsmonroemore2/chain_trimmed_last10M_MCMC_Diag.root
[PlotMCMCDiag.cpp][info] Auto_corr/enu_enubias_667_param_666_Lag
[PlotMCMCDiag.cpp][warning] continuing along my way for Auto_corr
[PlotMCMCDiag.cpp][info] Looking for Auto_corr/enu_enubias_667_param_666_Lag from file /scratch/abipeake/March2026/Easter_finerxsecbinning_sat11ththapril_robbinsmonroemore2/chain_trimmed_last10M_MCMC_Diag.root
[PlotMCMCDiag.cpp][info] Auto_corr/enu_enubias_668_param_667_Lag
[PlotMCMCDiag.cpp][warning] continuing along my way for Auto_corr
[PlotMCMCDiag.cpp][info] Looking for Auto_corr/enu_enubias_668_param_667_Lag from file /scratch/abipeake/March2026/Easter_finerxsecbinning_sat11ththapril_robbinsmonroemore2/chain_trimmed_last10M_MCMC_Diag.root
[PlotMCMCDiag.cpp][info] Auto_corr/enu_enubias_669_param_668_Lag
[PlotMCMCDiag.cpp][warning] continuing along my way for Auto_corr
[PlotMCMCDiag.cpp][info] Looking for Auto_corr/enu_enubias_669_param_668_Lag from file /scratch/abipeake/March2026/Easter_finerxsecbinning_sat11ththapril_robbinsmonroemore2/chain_trimmed_last10M_MCMC_Diag.root
[PlotMCMCDiag.cpp][info] Auto_corr/enu_enubias_670_param_669_Lag
[PlotMCMCDiag.cpp][warning] continuing along my way for Auto_corr
[PlotMCMCDiag.cpp][info] Looking for Auto_corr/enu_enubias_670_param_669_Lag from file /scratch/abipeake/March2026/Easter_finerxsecbinning_sat11ththapril_robbinsmonroemore2/chain_trimmed_last10M_MCMC_Diag.root
[PlotMCMCDiag.cpp][info] Auto_corr/enu_enubias_671_param_670_Lag
[PlotMCMCDiag.cpp][warning] continuing along my way for Auto_corr
[PlotMCMCDiag.cpp][info] Looking for Auto_corr/enu_enubias_671_param_670_Lag from file /scratch/abipeake/March2026/Easter_finerxsecbinning_sat11ththapril_robbinsmonroemore2/chain_trimmed_last10M_MCMC_Diag.root
[PlotMCMCDiag.cpp][info] Auto_corr/enu_enubias_672_param_671_Lag
[PlotMCMCDiag.cpp][warning] continuing along my way for Auto_corr
[PlotMCMCDiag.cpp][info] Looking for Auto_corr/enu_enubias_672_param_671_Lag from file /scratch/abipeake/March2026/Easter_finerxsecbinning_sat11ththapril_robbinsmonroemore2/chain_trimmed_last10M_MCMC_Diag.root
[PlotMCMCDiag.cpp][info] Auto_corr/enu_enubias_673_param_672_Lag
[PlotMCMCDiag.cpp][warning] continuing along my way for Auto_corr
[PlotMCMCDiag.cpp][info] Looking for Auto_corr/enu_enubias_673_param_672_Lag from file /scratch/abipeake/March2026/Easter_finerxsecbinning_sat11ththapril_robbinsmonroemore2/chain_trimmed_last10M_MCMC_Diag.root
[PlotMCMCDiag.cpp][info] Auto_corr/enu_enubias_674_param_673_Lag
[PlotMCMCDiag.cpp][warning] continuing along my way for Auto_corr
[PlotMCMCDiag.cpp][info] Looking for Auto_corr/enu_enubias_674_param_673_Lag from file /scratch/abipeake/March2026/Easter_finerxsecbinning_sat11ththapril_robbinsmonroemore2/chain_trimmed_last10M_MCMC_Diag.root
[PlotMCMCDiag.cpp][info] Auto_corr/enu_enubias_675_param_674_Lag
[PlotMCMCDiag.cpp][warning] continuing along my way for Auto_corr
[PlotMCMCDiag.cpp][info] Looking for Auto_corr/enu_enubias_675_param_674_Lag from file /scratch/abipeake/March2026/Easter_finerxsecbinning_sat11ththapril_robbinsmonroemore2/chain_trimmed_last10M_MCMC_Diag.root
[PlotMCMCDiag.cpp][info] Auto_corr/enu_enubias_676_param_675_Lag
[PlotMCMCDiag.cpp][warning] continuing along my way for Auto_corr
[PlotMCMCDiag.cpp][info] Looking for Auto_corr/enu_enubias_676_param_675_Lag from file /scratch/abipeake/March2026/Easter_finerxsecbinning_sat11ththapril_robbinsmonroemore2/chain_trimmed_last10M_MCMC_Diag.root
[PlotMCMCDiag.cpp][info] Auto_corr/enu_enubias_677_param_676_Lag
[PlotMCMCDiag.cpp][warning] continuing along my way for Auto_corr
[PlotMCMCDiag.cpp][info] Looking for Auto_corr/enu_enubias_677_param_676_Lag from file /scratch/abipeake/March2026/Easter_finerxsecbinning_sat11ththapril_robbinsmonroemore2/chain_trimmed_last10M_MCMC_Diag.root
[PlotMCMCDiag.cpp][info] Auto_corr/enu_enubias_678_param_677_Lag
[PlotMCMCDiag.cpp][warning] continuing along my way for Auto_corr
[PlotMCMCDiag.cpp][info] Looking for Auto_corr/enu_enubias_678_param_677_Lag from file /scratch/abipeake/March2026/Easter_finerxsecbinning_sat11ththapril_robbinsmonroemore2/chain_trimmed_last10M_MCMC_Diag.root
[PlotMCMCDiag.cpp][info] Auto_corr/enu_enubias_679_param_678_Lag
[PlotMCMCDiag.cpp][warning] continuing along my way for Auto_corr
[PlotMCMCDiag.cpp][info] Looking for Auto_corr/enu_enubias_679_param_678_Lag from file /scratch/abipeake/March2026/Easter_finerxsecbinning_sat11ththapril_robbinsmonroemore2/chain_trimmed_last10M_MCMC_Diag.root
[PlotMCMCDiag.cpp][info] Auto_corr/enu_enubias_680_param_679_Lag
[PlotMCMCDiag.cpp][warning] continuing along my way for Auto_corr
[PlotMCMCDiag.cpp][info] Looking for Auto_corr/enu_enubias_680_param_679_Lag from file /scratch/abipeake/March2026/Easter_finerxsecbinning_sat11ththapril_robbinsmonroemore2/chain_trimmed_last10M_MCMC_Diag.root
[PlotMCMCDiag.cpp][info] Auto_corr/enu_enubias_681_param_680_Lag
[PlotMCMCDiag.cpp][warning] continuing along my way for Auto_corr
[PlotMCMCDiag.cpp][info] Looking for Auto_corr/enu_enubias_681_param_680_Lag from file /scratch/abipeake/March2026/Easter_finerxsecbinning_sat11ththapril_robbinsmonroemore2/chain_trimmed_last10M_MCMC_Diag.root
[PlotMCMCDiag.cpp][info] Auto_corr/enu_enubias_682_param_681_Lag
[PlotMCMCDiag.cpp][warning] continuing along my way for Auto_corr
[PlotMCMCDiag.cpp][info] Looking for Auto_corr/enu_enubias_682_param_681_Lag from file /scratch/abipeake/March2026/Easter_finerxsecbinning_sat11ththapril_robbinsmonroemore2/chain_trimmed_last10M_MCMC_Diag.root
[PlotMCMCDiag.cpp][info] Auto_corr/enu_enubias_683_param_682_Lag
[PlotMCMCDiag.cpp][warning] continuing along my way for Auto_corr
[PlotMCMCDiag.cpp][info] Looking for Auto_corr/enu_enubias_683_param_682_Lag from file /scratch/abipeake/March2026/Easter_finerxsecbinning_sat11ththapril_robbinsmonroemore2/chain_trimmed_last10M_MCMC_Diag.root
[PlotMCMCDiag.cpp][info] Auto_corr/enu_enubias_684_param_683_Lag
[PlotMCMCDiag.cpp][warning] continuing along my way for Auto_corr
[PlotMCMCDiag.cpp][info] Looking for Auto_corr/enu_enubias_684_param_683_Lag from file /scratch/abipeake/March2026/Easter_finerxsecbinning_sat11ththapril_robbinsmonroemore2/chain_trimmed_last10M_MCMC_Diag.root
[PlotMCMCDiag.cpp][info] Auto_corr/enu_enubias_685_param_684_Lag
[PlotMCMCDiag.cpp][warning] continuing along my way for Auto_corr
[PlotMCMCDiag.cpp][info] Looking for Auto_corr/enu_enubias_685_param_684_Lag from file /scratch/abipeake/March2026/Easter_finerxsecbinning_sat11ththapril_robbinsmonroemore2/chain_trimmed_last10M_MCMC_Diag.root
[PlotMCMCDiag.cpp][info] Auto_corr/enu_enubias_686_param_685_Lag
[PlotMCMCDiag.cpp][warning] continuing along my way for Auto_corr
[PlotMCMCDiag.cpp][info] Looking for Auto_corr/enu_enubias_686_param_685_Lag from file /scratch/abipeake/March2026/Easter_finerxsecbinning_sat11ththapril_robbinsmonroemore2/chain_trimmed_last10M_MCMC_Diag.root
[PlotMCMCDiag.cpp][info] Auto_corr/enu_enubias_687_param_686_Lag
[PlotMCMCDiag.cpp][warning] continuing along my way for Auto_corr
[PlotMCMCDiag.cpp][info] Looking for Auto_corr/enu_enubias_687_param_686_Lag from file /scratch/abipeake/March2026/Easter_finerxsecbinning_sat11ththapril_robbinsmonroemore2/chain_trimmed_last10M_MCMC_Diag.root
[PlotMCMCDiag.cpp][info] Auto_corr/enu_enubias_688_param_687_Lag
[PlotMCMCDiag.cpp][warning] continuing along my way for Auto_corr
[PlotMCMCDiag.cpp][info] Looking for Auto_corr/enu_enubias_688_param_687_Lag from file /scratch/abipeake/March2026/Easter_finerxsecbinning_sat11ththapril_robbinsmonroemore2/chain_trimmed_last10M_MCMC_Diag.root
[PlotMCMCDiag.cpp][info] Auto_corr/enu_enubias_689_param_688_Lag
[PlotMCMCDiag.cpp][warning] continuing along my way for Auto_corr
[PlotMCMCDiag.cpp][info] Looking for Auto_corr/enu_enubias_689_param_688_Lag from file /scratch/abipeake/March2026/Easter_finerxsecbinning_sat11ththapril_robbinsmonroemore2/chain_trimmed_last10M_MCMC_Diag.root
[PlotMCMCDiag.cpp][info] Auto_corr/enu_enubias_690_param_689_Lag
[PlotMCMCDiag.cpp][warning] continuing along my way for Auto_corr
[PlotMCMCDiag.cpp][info] Looking for Auto_corr/enu_enubias_690_param_689_Lag from file /scratch/abipeake/March2026/Easter_finerxsecbinning_sat11ththapril_robbinsmonroemore2/chain_trimmed_last10M_MCMC_Diag.root
[PlotMCMCDiag.cpp][info] Auto_corr/enu_enubias_691_param_690_Lag
[PlotMCMCDiag.cpp][warning] continuing along my way for Auto_corr
[PlotMCMCDiag.cpp][info] Looking for Auto_corr/enu_enubias_691_param_690_Lag from file /scratch/abipeake/March2026/Easter_finerxsecbinning_sat11ththapril_robbinsmonroemore2/chain_trimmed_last10M_MCMC_Diag.root
[PlotMCMCDiag.cpp][info] Auto_corr/enu_enubias_692_param_691_Lag
[PlotMCMCDiag.cpp][warning] continuing along my way for Auto_corr
[PlotMCMCDiag.cpp][info] Looking for Auto_corr/enu_enubias_692_param_691_Lag from file /scratch/abipeake/March2026/Easter_finerxsecbinning_sat11ththapril_robbinsmonroemore2/chain_trimmed_last10M_MCMC_Diag.root
[PlotMCMCDiag.cpp][info] Auto_corr/enu_enubias_693_param_692_Lag
[PlotMCMCDiag.cpp][warning] continuing along my way for Auto_corr
[PlotMCMCDiag.cpp][info] Looking for Auto_corr/enu_enubias_693_param_692_Lag from file /scratch/abipeake/March2026/Easter_finerxsecbinning_sat11ththapril_robbinsmonroemore2/chain_trimmed_last10M_MCMC_Diag.root
[PlotMCMCDiag.cpp][info] Auto_corr/enu_enubias_694_param_693_Lag
[PlotMCMCDiag.cpp][warning] continuing along my way for Auto_corr
[PlotMCMCDiag.cpp][info] Looking for Auto_corr/enu_enubias_694_param_693_Lag from file /scratch/abipeake/March2026/Easter_finerxsecbinning_sat11ththapril_robbinsmonroemore2/chain_trimmed_last10M_MCMC_Diag.root
[PlotMCMCDiag.cpp][info] Auto_corr/enu_enubias_695_param_694_Lag
[PlotMCMCDiag.cpp][warning] continuing along my way for Auto_corr
[PlotMCMCDiag.cpp][info] Looking for Auto_corr/enu_enubias_695_param_694_Lag from file /scratch/abipeake/March2026/Easter_finerxsecbinning_sat11ththapril_robbinsmonroemore2/chain_trimmed_last10M_MCMC_Diag.root
[PlotMCMCDiag.cpp][info] Auto_corr/enu_enubias_696_param_695_Lag
[PlotMCMCDiag.cpp][warning] continuing along my way for Auto_corr
[PlotMCMCDiag.cpp][info] Looking for Auto_corr/enu_enubias_696_param_695_Lag from file /scratch/abipeake/March2026/Easter_finerxsecbinning_sat11ththapril_robbinsmonroemore2/chain_trimmed_last10M_MCMC_Diag.root
[PlotMCMCDiag.cpp][info] Auto_corr/enu_enubias_697_param_696_Lag
[PlotMCMCDiag.cpp][warning] continuing along my way for Auto_corr
[PlotMCMCDiag.cpp][info] Looking for Auto_corr/enu_enubias_697_param_696_Lag from file /scratch/abipeake/March2026/Easter_finerxsecbinning_sat11ththapril_robbinsmonroemore2/chain_trimmed_last10M_MCMC_Diag.root
[PlotMCMCDiag.cpp][info] Auto_corr/enu_enubias_698_param_697_Lag
[PlotMCMCDiag.cpp][warning] continuing along my way for Auto_corr
[PlotMCMCDiag.cpp][info] Looking for Auto_corr/enu_enubias_698_param_697_Lag from file /scratch/abipeake/March2026/Easter_finerxsecbinning_sat11ththapril_robbinsmonroemore2/chain_trimmed_last10M_MCMC_Diag.root
[PlotMCMCDiag.cpp][info] Auto_corr/enu_enubias_699_param_698_Lag
[PlotMCMCDiag.cpp][warning] continuing along my way for Auto_corr
[PlotMCMCDiag.cpp][info] Looking for Auto_corr/enu_enubias_699_param_698_Lag from file /scratch/abipeake/March2026/Easter_finerxsecbinning_sat11ththapril_robbinsmonroemore2/chain_trimmed_last10M_MCMC_Diag.root
[PlotMCMCDiag.cpp][info] Auto_corr/enu_enubias_700_param_699_Lag
[PlotMCMCDiag.cpp][warning] continuing along my way for Auto_corr
[PlotMCMCDiag.cpp][info] Looking for Auto_corr/enu_enubias_700_param_699_Lag from file /scratch/abipeake/March2026/Easter_finerxsecbinning_sat11ththapril_robbinsmonroemore2/chain_trimmed_last10M_MCMC_Diag.root
[PlotMCMCDiag.cpp][info] Auto_corr/enu_enubias_701_param_700_Lag
[PlotMCMCDiag.cpp][warning] continuing along my way for Auto_corr
[PlotMCMCDiag.cpp][info] Looking for Auto_corr/enu_enubias_701_param_700_Lag from file /scratch/abipeake/March2026/Easter_finerxsecbinning_sat11ththapril_robbinsmonroemore2/chain_trimmed_last10M_MCMC_Diag.root
[PlotMCMCDiag.cpp][info] Auto_corr/enu_enubias_702_param_701_Lag
[PlotMCMCDiag.cpp][warning] continuing along my way for Auto_corr
[PlotMCMCDiag.cpp][info] Looking for Auto_corr/enu_enubias_702_param_701_Lag from file /scratch/abipeake/March2026/Easter_finerxsecbinning_sat11ththapril_robbinsmonroemore2/chain_trimmed_last10M_MCMC_Diag.root
[PlotMCMCDiag.cpp][info] Auto_corr/enu_enubias_703_param_702_Lag
[PlotMCMCDiag.cpp][warning] continuing along my way for Auto_corr
[PlotMCMCDiag.cpp][info] Looking for Auto_corr/enu_enubias_703_param_702_Lag from file /scratch/abipeake/March2026/Easter_finerxsecbinning_sat11ththapril_robbinsmonroemore2/chain_trimmed_last10M_MCMC_Diag.root
[PlotMCMCDiag.cpp][info] Auto_corr/enu_enubias_704_param_703_Lag
[PlotMCMCDiag.cpp][warning] continuing along my way for Auto_corr
[PlotMCMCDiag.cpp][info] Looking for Auto_corr/enu_enubias_704_param_703_Lag from file /scratch/abipeake/March2026/Easter_finerxsecbinning_sat11ththapril_robbinsmonroemore2/chain_trimmed_last10M_MCMC_Diag.root
[PlotMCMCDiag.cpp][info] Auto_corr/enu_enubias_705_param_704_Lag
[PlotMCMCDiag.cpp][warning] continuing along my way for Auto_corr
[PlotMCMCDiag.cpp][info] Looking for Auto_corr/enu_enubias_705_param_704_Lag from file /scratch/abipeake/March2026/Easter_finerxsecbinning_sat11ththapril_robbinsmonroemore2/chain_trimmed_last10M_MCMC_Diag.root
[PlotMCMCDiag.cpp][info] Auto_corr/enu_enubias_706_param_705_Lag
[PlotMCMCDiag.cpp][warning] continuing along my way for Auto_corr
[PlotMCMCDiag.cpp][info] Looking for Auto_corr/enu_enubias_706_param_705_Lag from file /scratch/abipeake/March2026/Easter_finerxsecbinning_sat11ththapril_robbinsmonroemore2/chain_trimmed_last10M_MCMC_Diag.root
[PlotMCMCDiag.cpp][info] Auto_corr/enu_enubias_707_param_706_Lag
[PlotMCMCDiag.cpp][warning] continuing along my way for Auto_corr
[PlotMCMCDiag.cpp][info] Looking for Auto_corr/enu_enubias_707_param_706_Lag from file /scratch/abipeake/March2026/Easter_finerxsecbinning_sat11ththapril_robbinsmonroemore2/chain_trimmed_last10M_MCMC_Diag.root
[PlotMCMCDiag.cpp][info] Auto_corr/enu_enubias_708_param_707_Lag
[PlotMCMCDiag.cpp][warning] continuing along my way for Auto_corr
[PlotMCMCDiag.cpp][info] Looking for Auto_corr/enu_enubias_708_param_707_Lag from file /scratch/abipeake/March2026/Easter_finerxsecbinning_sat11ththapril_robbinsmonroemore2/chain_trimmed_last10M_MCMC_Diag.root
[PlotMCMCDiag.cpp][info] Auto_corr/enu_enubias_709_param_708_Lag
[PlotMCMCDiag.cpp][warning] continuing along my way for Auto_corr
[PlotMCMCDiag.cpp][info] Looking for Auto_corr/enu_enubias_709_param_708_Lag from file /scratch/abipeake/March2026/Easter_finerxsecbinning_sat11ththapril_robbinsmonroemore2/chain_trimmed_last10M_MCMC_Diag.root
[PlotMCMCDiag.cpp][info] Auto_corr/enu_enubias_710_param_709_Lag
[PlotMCMCDiag.cpp][warning] continuing along my way for Auto_corr
[PlotMCMCDiag.cpp][info] Looking for Auto_corr/enu_enubias_710_param_709_Lag from file /scratch/abipeake/March2026/Easter_finerxsecbinning_sat11ththapril_robbinsmonroemore2/chain_trimmed_last10M_MCMC_Diag.root
[PlotMCMCDiag.cpp][info] Auto_corr/enu_enubias_711_param_710_Lag
[PlotMCMCDiag.cpp][warning] continuing along my way for Auto_corr
[PlotMCMCDiag.cpp][info] Looking for Auto_corr/enu_enubias_711_param_710_Lag from file /scratch/abipeake/March2026/Easter_finerxsecbinning_sat11ththapril_robbinsmonroemore2/chain_trimmed_last10M_MCMC_Diag.root
[PlotMCMCDiag.cpp][info] Auto_corr/enu_enubias_712_param_711_Lag
[PlotMCMCDiag.cpp][warning] continuing along my way for Auto_corr
[PlotMCMCDiag.cpp][info] Looking for Auto_corr/enu_enubias_712_param_711_Lag from file /scratch/abipeake/March2026/Easter_finerxsecbinning_sat11ththapril_robbinsmonroemore2/chain_trimmed_last10M_MCMC_Diag.root
[PlotMCMCDiag.cpp][info] Auto_corr/enu_enubias_713_param_712_Lag
[PlotMCMCDiag.cpp][warning] continuing along my way for Auto_corr
[PlotMCMCDiag.cpp][info] Looking for Auto_corr/enu_enubias_713_param_712_Lag from file /scratch/abipeake/March2026/Easter_finerxsecbinning_sat11ththapril_robbinsmonroemore2/chain_trimmed_last10M_MCMC_Diag.root
[PlotMCMCDiag.cpp][info] Auto_corr/enu_enubias_714_param_713_Lag
[PlotMCMCDiag.cpp][warning] continuing along my way for Auto_corr
[PlotMCMCDiag.cpp][info] Looking for Auto_corr/enu_enubias_714_param_713_Lag from file /scratch/abipeake/March2026/Easter_finerxsecbinning_sat11ththapril_robbinsmonroemore2/chain_trimmed_last10M_MCMC_Diag.root
[PlotMCMCDiag.cpp][info] Auto_corr/enu_enubias_715_param_714_Lag
[PlotMCMCDiag.cpp][warning] continuing along my way for Auto_corr
[PlotMCMCDiag.cpp][info] Looking for Auto_corr/enu_enubias_715_param_714_Lag from file /scratch/abipeake/March2026/Easter_finerxsecbinning_sat11ththapril_robbinsmonroemore2/chain_trimmed_last10M_MCMC_Diag.root
[PlotMCMCDiag.cpp][info] Auto_corr/enu_enubias_716_param_715_Lag
[PlotMCMCDiag.cpp][warning] continuing along my way for Auto_corr
[PlotMCMCDiag.cpp][info] Looking for Auto_corr/enu_enubias_716_param_715_Lag from file /scratch/abipeake/March2026/Easter_finerxsecbinning_sat11ththapril_robbinsmonroemore2/chain_trimmed_last10M_MCMC_Diag.root
[PlotMCMCDiag.cpp][info] Auto_corr/enu_enubias_717_param_716_Lag
[PlotMCMCDiag.cpp][warning] continuing along my way for Auto_corr
[PlotMCMCDiag.cpp][info] Looking for Auto_corr/enu_enubias_717_param_716_Lag from file /scratch/abipeake/March2026/Easter_finerxsecbinning_sat11ththapril_robbinsmonroemore2/chain_trimmed_last10M_MCMC_Diag.root
[PlotMCMCDiag.cpp][info] Auto_corr/enu_enubias_718_param_717_Lag
[PlotMCMCDiag.cpp][warning] continuing along my way for Auto_corr
[PlotMCMCDiag.cpp][info] Looking for Auto_corr/enu_enubias_718_param_717_Lag from file /scratch/abipeake/March2026/Easter_finerxsecbinning_sat11ththapril_robbinsmonroemore2/chain_trimmed_last10M_MCMC_Diag.root
[PlotMCMCDiag.cpp][info] Auto_corr/enu_enubias_719_param_718_Lag
[PlotMCMCDiag.cpp][warning] continuing along my way for Auto_corr
[PlotMCMCDiag.cpp][info] Looking for Auto_corr/enu_enubias_719_param_718_Lag from file /scratch/abipeake/March2026/Easter_finerxsecbinning_sat11ththapril_robbinsmonroemore2/chain_trimmed_last10M_MCMC_Diag.root
[PlotMCMCDiag.cpp][info] Auto_corr/enu_enubias_720_param_719_Lag
[PlotMCMCDiag.cpp][warning] continuing along my way for Auto_corr
[PlotMCMCDiag.cpp][info] Looking for Auto_corr/enu_enubias_720_param_719_Lag from file /scratch/abipeake/March2026/Easter_finerxsecbinning_sat11ththapril_robbinsmonroemore2/chain_trimmed_last10M_MCMC_Diag.root
[PlotMCMCDiag.cpp][info] Auto_corr/enu_enubias_721_param_720_Lag
[PlotMCMCDiag.cpp][warning] continuing along my way for Auto_corr
[PlotMCMCDiag.cpp][info] Looking for Auto_corr/enu_enubias_721_param_720_Lag from file /scratch/abipeake/March2026/Easter_finerxsecbinning_sat11ththapril_robbinsmonroemore2/chain_trimmed_last10M_MCMC_Diag.root
[PlotMCMCDiag.cpp][info] Auto_corr/enu_enubias_722_param_721_Lag
[PlotMCMCDiag.cpp][warning] continuing along my way for Auto_corr
[PlotMCMCDiag.cpp][info] Looking for Auto_corr/enu_enubias_722_param_721_Lag from file /scratch/abipeake/March2026/Easter_finerxsecbinning_sat11ththapril_robbinsmonroemore2/chain_trimmed_last10M_MCMC_Diag.root
[PlotMCMCDiag.cpp][info] Auto_corr/enu_enubias_723_param_722_Lag
[PlotMCMCDiag.cpp][warning] continuing along my way for Auto_corr
[PlotMCMCDiag.cpp][info] Looking for Auto_corr/enu_enubias_723_param_722_Lag from file /scratch/abipeake/March2026/Easter_finerxsecbinning_sat11ththapril_robbinsmonroemore2/chain_trimmed_last10M_MCMC_Diag.root
[PlotMCMCDiag.cpp][info] Auto_corr/enu_enubias_724_param_723_Lag
[PlotMCMCDiag.cpp][warning] continuing along my way for Auto_corr
[PlotMCMCDiag.cpp][info] Looking for Auto_corr/enu_enubias_724_param_723_Lag from file /scratch/abipeake/March2026/Easter_finerxsecbinning_sat11ththapril_robbinsmonroemore2/chain_trimmed_last10M_MCMC_Diag.root
[PlotMCMCDiag.cpp][info] Auto_corr/enu_enubias_725_param_724_Lag
[PlotMCMCDiag.cpp][warning] continuing along my way for Auto_corr
[PlotMCMCDiag.cpp][info] Looking for Auto_corr/enu_enubias_725_param_724_Lag from file /scratch/abipeake/March2026/Easter_finerxsecbinning_sat11ththapril_robbinsmonroemore2/chain_trimmed_last10M_MCMC_Diag.root
[PlotMCMCDiag.cpp][info] Auto_corr/enu_enubias_726_param_725_Lag
[PlotMCMCDiag.cpp][warning] continuing along my way for Auto_corr
[PlotMCMCDiag.cpp][info] Looking for Auto_corr/enu_enubias_726_param_725_Lag from file /scratch/abipeake/March2026/Easter_finerxsecbinning_sat11ththapril_robbinsmonroemore2/chain_trimmed_last10M_MCMC_Diag.root
[PlotMCMCDiag.cpp][info] Auto_corr/enu_enubias_727_param_726_Lag
[PlotMCMCDiag.cpp][warning] continuing along my way for Auto_corr
[PlotMCMCDiag.cpp][info] Looking for Auto_corr/enu_enubias_727_param_726_Lag from file /scratch/abipeake/March2026/Easter_finerxsecbinning_sat11ththapril_robbinsmonroemore2/chain_trimmed_last10M_MCMC_Diag.root
[PlotMCMCDiag.cpp][info] Auto_corr/enu_enubias_728_param_727_Lag
[PlotMCMCDiag.cpp][warning] continuing along my way for Auto_corr
[PlotMCMCDiag.cpp][info] Looking for Auto_corr/enu_enubias_728_param_727_Lag from file /scratch/abipeake/March2026/Easter_finerxsecbinning_sat11ththapril_robbinsmonroemore2/chain_trimmed_last10M_MCMC_Diag.root
[PlotMCMCDiag.cpp][info] Auto_corr/enu_enubias_729_param_728_Lag
[PlotMCMCDiag.cpp][warning] continuing along my way for Auto_corr
[PlotMCMCDiag.cpp][info] Looking for Auto_corr/enu_enubias_729_param_728_Lag from file /scratch/abipeake/March2026/Easter_finerxsecbinning_sat11ththapril_robbinsmonroemore2/chain_trimmed_last10M_MCMC_Diag.root
[PlotMCMCDiag.cpp][info] Auto_corr/enu_enubias_730_param_729_Lag
[PlotMCMCDiag.cpp][warning] continuing along my way for Auto_corr
[PlotMCMCDiag.cpp][info] Looking for Auto_corr/enu_enubias_730_param_729_Lag from file /scratch/abipeake/March2026/Easter_finerxsecbinning_sat11ththapril_robbinsmonroemore2/chain_trimmed_last10M_MCMC_Diag.root
[PlotMCMCDiag.cpp][info] Auto_corr/enu_enubias_731_param_730_Lag
[PlotMCMCDiag.cpp][warning] continuing along my way for Auto_corr
[PlotMCMCDiag.cpp][info] Looking for Auto_corr/enu_enubias_731_param_730_Lag from file /scratch/abipeake/March2026/Easter_finerxsecbinning_sat11ththapril_robbinsmonroemore2/chain_trimmed_last10M_MCMC_Diag.root
[PlotMCMCDiag.cpp][info] Auto_corr/enu_enubias_732_param_731_Lag
[PlotMCMCDiag.cpp][warning] continuing along my way for Auto_corr
[PlotMCMCDiag.cpp][info] Looking for Auto_corr/enu_enubias_732_param_731_Lag from file /scratch/abipeake/March2026/Easter_finerxsecbinning_sat11ththapril_robbinsmonroemore2/chain_trimmed_last10M_MCMC_Diag.root
[PlotMCMCDiag.cpp][info] Auto_corr/enu_enubias_733_param_732_Lag
[PlotMCMCDiag.cpp][warning] continuing along my way for Auto_corr
[PlotMCMCDiag.cpp][info] Looking for Auto_corr/enu_enubias_733_param_732_Lag from file /scratch/abipeake/March2026/Easter_finerxsecbinning_sat11ththapril_robbinsmonroemore2/chain_trimmed_last10M_MCMC_Diag.root
[PlotMCMCDiag.cpp][info] Auto_corr/enu_enubias_734_param_733_Lag
[PlotMCMCDiag.cpp][warning] continuing along my way for Auto_corr
[PlotMCMCDiag.cpp][info] Looking for Auto_corr/enu_enubias_734_param_733_Lag from file /scratch/abipeake/March2026/Easter_finerxsecbinning_sat11ththapril_robbinsmonroemore2/chain_trimmed_last10M_MCMC_Diag.root
[PlotMCMCDiag.cpp][info] Auto_corr/enu_enubias_735_param_734_Lag
[PlotMCMCDiag.cpp][warning] continuing along my way for Auto_corr
[PlotMCMCDiag.cpp][info] Looking for Auto_corr/enu_enubias_735_param_734_Lag from file /scratch/abipeake/March2026/Easter_finerxsecbinning_sat11ththapril_robbinsmonroemore2/chain_trimmed_last10M_MCMC_Diag.root
[PlotMCMCDiag.cpp][info] Auto_corr/enu_enubias_736_param_735_Lag
[PlotMCMCDiag.cpp][warning] continuing along my way for Auto_corr
[PlotMCMCDiag.cpp][info] Looking for Auto_corr/enu_enubias_736_param_735_Lag from file /scratch/abipeake/March2026/Easter_finerxsecbinning_sat11ththapril_robbinsmonroemore2/chain_trimmed_last10M_MCMC_Diag.root
[PlotMCMCDiag.cpp][info] Auto_corr/enu_enubias_737_param_736_Lag
[PlotMCMCDiag.cpp][warning] continuing along my way for Auto_corr
[PlotMCMCDiag.cpp][info] Looking for Auto_corr/enu_enubias_737_param_736_Lag from file /scratch/abipeake/March2026/Easter_finerxsecbinning_sat11ththapril_robbinsmonroemore2/chain_trimmed_last10M_MCMC_Diag.root
[PlotMCMCDiag.cpp][info] Auto_corr/enu_enubias_738_param_737_Lag
[PlotMCMCDiag.cpp][warning] continuing along my way for Auto_corr
[PlotMCMCDiag.cpp][info] Looking for Auto_corr/enu_enubias_738_param_737_Lag from file /scratch/abipeake/March2026/Easter_finerxsecbinning_sat11ththapril_robbinsmonroemore2/chain_trimmed_last10M_MCMC_Diag.root
[PlotMCMCDiag.cpp][info] Auto_corr/enu_enubias_739_param_738_Lag
[PlotMCMCDiag.cpp][warning] continuing along my way for Auto_corr
[PlotMCMCDiag.cpp][info] Looking for Auto_corr/enu_enubias_739_param_738_Lag from file /scratch/abipeake/March2026/Easter_finerxsecbinning_sat11ththapril_robbinsmonroemore2/chain_trimmed_last10M_MCMC_Diag.root
[PlotMCMCDiag.cpp][info] Auto_corr/enu_enubias_740_param_739_Lag
[PlotMCMCDiag.cpp][warning] continuing along my way for Auto_corr
[PlotMCMCDiag.cpp][info] Looking for Auto_corr/enu_enubias_740_param_739_Lag from file /scratch/abipeake/March2026/Easter_finerxsecbinning_sat11ththapril_robbinsmonroemore2/chain_trimmed_last10M_MCMC_Diag.root
[PlotMCMCDiag.cpp][info] Auto_corr/enu_enubias_741_param_740_Lag
[PlotMCMCDiag.cpp][warning] continuing along my way for Auto_corr
[PlotMCMCDiag.cpp][info] Looking for Auto_corr/enu_enubias_741_param_740_Lag from file /scratch/abipeake/March2026/Easter_finerxsecbinning_sat11ththapril_robbinsmonroemore2/chain_trimmed_last10M_MCMC_Diag.root
[PlotMCMCDiag.cpp][info] Auto_corr/enu_enubias_742_param_741_Lag
[PlotMCMCDiag.cpp][warning] continuing along my way for Auto_corr
[PlotMCMCDiag.cpp][info] Looking for Auto_corr/enu_enubias_742_param_741_Lag from file /scratch/abipeake/March2026/Easter_finerxsecbinning_sat11ththapril_robbinsmonroemore2/chain_trimmed_last10M_MCMC_Diag.root
[PlotMCMCDiag.cpp][info] Auto_corr/enu_enubias_743_param_742_Lag
[PlotMCMCDiag.cpp][warning] continuing along my way for Auto_corr
[PlotMCMCDiag.cpp][info] Looking for Auto_corr/enu_enubias_743_param_742_Lag from file /scratch/abipeake/March2026/Easter_finerxsecbinning_sat11ththapril_robbinsmonroemore2/chain_trimmed_last10M_MCMC_Diag.root
[PlotMCMCDiag.cpp][info] Auto_corr/enu_enubias_744_param_743_Lag
[PlotMCMCDiag.cpp][warning] continuing along my way for Auto_corr
[PlotMCMCDiag.cpp][info] Looking for Auto_corr/enu_enubias_744_param_743_Lag from file /scratch/abipeake/March2026/Easter_finerxsecbinning_sat11ththapril_robbinsmonroemore2/chain_trimmed_last10M_MCMC_Diag.root
[PlotMCMCDiag.cpp][info] Auto_corr/enu_enubias_745_param_744_Lag
[PlotMCMCDiag.cpp][warning] continuing along my way for Auto_corr
[PlotMCMCDiag.cpp][info] Looking for Auto_corr/enu_enubias_745_param_744_Lag from file /scratch/abipeake/March2026/Easter_finerxsecbinning_sat11ththapril_robbinsmonroemore2/chain_trimmed_last10M_MCMC_Diag.root
[PlotMCMCDiag.cpp][info] Auto_corr/enu_enubias_746_param_745_Lag
[PlotMCMCDiag.cpp][warning] continuing along my way for Auto_corr
[PlotMCMCDiag.cpp][info] Looking for Auto_corr/enu_enubias_746_param_745_Lag from file /scratch/abipeake/March2026/Easter_finerxsecbinning_sat11ththapril_robbinsmonroemore2/chain_trimmed_last10M_MCMC_Diag.root
[PlotMCMCDiag.cpp][info] Auto_corr/enu_enubias_747_param_746_Lag
[PlotMCMCDiag.cpp][warning] continuing along my way for Auto_corr
[PlotMCMCDiag.cpp][info] Looking for Auto_corr/enu_enubias_747_param_746_Lag from file /scratch/abipeake/March2026/Easter_finerxsecbinning_sat11ththapril_robbinsmonroemore2/chain_trimmed_last10M_MCMC_Diag.root
[PlotMCMCDiag.cpp][info] Auto_corr/enu_enubias_748_param_747_Lag
[PlotMCMCDiag.cpp][warning] continuing along my way for Auto_corr
[PlotMCMCDiag.cpp][info] Looking for Auto_corr/enu_enubias_748_param_747_Lag from file /scratch/abipeake/March2026/Easter_finerxsecbinning_sat11ththapril_robbinsmonroemore2/chain_trimmed_last10M_MCMC_Diag.root
[PlotMCMCDiag.cpp][info] Auto_corr/enu_enubias_749_param_748_Lag
[PlotMCMCDiag.cpp][warning] continuing along my way for Auto_corr
[PlotMCMCDiag.cpp][info] Looking for Auto_corr/enu_enubias_749_param_748_Lag from file /scratch/abipeake/March2026/Easter_finerxsecbinning_sat11ththapril_robbinsmonroemore2/chain_trimmed_last10M_MCMC_Diag.root
[PlotMCMCDiag.cpp][info] Auto_corr/enu_enubias_750_param_749_Lag
[PlotMCMCDiag.cpp][warning] continuing along my way for Auto_corr
[PlotMCMCDiag.cpp][info] Looking for Auto_corr/enu_enubias_750_param_749_Lag from file /scratch/abipeake/March2026/Easter_finerxsecbinning_sat11ththapril_robbinsmonroemore2/chain_trimmed_last10M_MCMC_Diag.root
[PlotMCMCDiag.cpp][info] Auto_corr/enu_enubias_751_param_750_Lag
[PlotMCMCDiag.cpp][warning] continuing along my way for Auto_corr
[PlotMCMCDiag.cpp][info] Looking for Auto_corr/enu_enubias_751_param_750_Lag from file /scratch/abipeake/March2026/Easter_finerxsecbinning_sat11ththapril_robbinsmonroemore2/chain_trimmed_last10M_MCMC_Diag.root
[PlotMCMCDiag.cpp][info] Auto_corr/enu_enubias_752_param_751_Lag
[PlotMCMCDiag.cpp][warning] continuing along my way for Auto_corr
[PlotMCMCDiag.cpp][info] Looking for Auto_corr/enu_enubias_752_param_751_Lag from file /scratch/abipeake/March2026/Easter_finerxsecbinning_sat11ththapril_robbinsmonroemore2/chain_trimmed_last10M_MCMC_Diag.root
[PlotMCMCDiag.cpp][info] Auto_corr/enu_enubias_753_param_752_Lag
[PlotMCMCDiag.cpp][warning] continuing along my way for Auto_corr
[PlotMCMCDiag.cpp][info] Looking for Auto_corr/enu_enubias_753_param_752_Lag from file /scratch/abipeake/March2026/Easter_finerxsecbinning_sat11ththapril_robbinsmonroemore2/chain_trimmed_last10M_MCMC_Diag.root
[PlotMCMCDiag.cpp][info] Auto_corr/enu_enubias_754_param_753_Lag
[PlotMCMCDiag.cpp][warning] continuing along my way for Auto_corr
[PlotMCMCDiag.cpp][info] Looking for Auto_corr/enu_enubias_754_param_753_Lag from file /scratch/abipeake/March2026/Easter_finerxsecbinning_sat11ththapril_robbinsmonroemore2/chain_trimmed_last10M_MCMC_Diag.root
[PlotMCMCDiag.cpp][info] Auto_corr/enu_enubias_755_param_754_Lag
[PlotMCMCDiag.cpp][warning] continuing along my way for Auto_corr
[PlotMCMCDiag.cpp][info] Looking for Auto_corr/enu_enubias_755_param_754_Lag from file /scratch/abipeake/March2026/Easter_finerxsecbinning_sat11ththapril_robbinsmonroemore2/chain_trimmed_last10M_MCMC_Diag.root
[PlotMCMCDiag.cpp][info] Auto_corr/enu_enubias_756_param_755_Lag
[PlotMCMCDiag.cpp][warning] continuing along my way for Auto_corr
[PlotMCMCDiag.cpp][info] Looking for Auto_corr/enu_enubias_756_param_755_Lag from file /scratch/abipeake/March2026/Easter_finerxsecbinning_sat11ththapril_robbinsmonroemore2/chain_trimmed_last10M_MCMC_Diag.root
[PlotMCMCDiag.cpp][info] Auto_corr/enu_enubias_757_param_756_Lag
[PlotMCMCDiag.cpp][warning] continuing along my way for Auto_corr
[PlotMCMCDiag.cpp][info] Looking for Auto_corr/enu_enubias_757_param_756_Lag from file /scratch/abipeake/March2026/Easter_finerxsecbinning_sat11ththapril_robbinsmonroemore2/chain_trimmed_last10M_MCMC_Diag.root
[PlotMCMCDiag.cpp][info] Auto_corr/enu_enubias_758_param_757_Lag
[PlotMCMCDiag.cpp][warning] continuing along my way for Auto_corr
[PlotMCMCDiag.cpp][info] Looking for Auto_corr/enu_enubias_758_param_757_Lag from file /scratch/abipeake/March2026/Easter_finerxsecbinning_sat11ththapril_robbinsmonroemore2/chain_trimmed_last10M_MCMC_Diag.root
[PlotMCMCDiag.cpp][info] Auto_corr/enu_enubias_759_param_758_Lag
[PlotMCMCDiag.cpp][warning] continuing along my way for Auto_corr
[PlotMCMCDiag.cpp][info] Looking for Auto_corr/enu_enubias_759_param_758_Lag from file /scratch/abipeake/March2026/Easter_finerxsecbinning_sat11ththapril_robbinsmonroemore2/chain_trimmed_last10M_MCMC_Diag.root
[PlotMCMCDiag.cpp][info] Auto_corr/enu_enubias_760_param_759_Lag
[PlotMCMCDiag.cpp][warning] continuing along my way for Auto_corr
[PlotMCMCDiag.cpp][info] Looking for Auto_corr/enu_enubias_760_param_759_Lag from file /scratch/abipeake/March2026/Easter_finerxsecbinning_sat11ththapril_robbinsmonroemore2/chain_trimmed_last10M_MCMC_Diag.root
[PlotMCMCDiag.cpp][info] Auto_corr/enu_enubias_761_param_760_Lag
[PlotMCMCDiag.cpp][warning] continuing along my way for Auto_corr
[PlotMCMCDiag.cpp][info] Looking for Auto_corr/enu_enubias_761_param_760_Lag from file /scratch/abipeake/March2026/Easter_finerxsecbinning_sat11ththapril_robbinsmonroemore2/chain_trimmed_last10M_MCMC_Diag.root
[PlotMCMCDiag.cpp][info] Auto_corr/enu_enubias_762_param_761_Lag
[PlotMCMCDiag.cpp][warning] continuing along my way for Auto_corr
[PlotMCMCDiag.cpp][info] Looking for Auto_corr/enu_enubias_762_param_761_Lag from file /scratch/abipeake/March2026/Easter_finerxsecbinning_sat11ththapril_robbinsmonroemore2/chain_trimmed_last10M_MCMC_Diag.root
[PlotMCMCDiag.cpp][info] Auto_corr/enu_enubias_763_param_762_Lag
[PlotMCMCDiag.cpp][warning] continuing along my way for Auto_corr
[PlotMCMCDiag.cpp][info] Looking for Auto_corr/enu_enubias_763_param_762_Lag from file /scratch/abipeake/March2026/Easter_finerxsecbinning_sat11ththapril_robbinsmonroemore2/chain_trimmed_last10M_MCMC_Diag.root
[PlotMCMCDiag.cpp][info] Auto_corr/enu_enubias_764_param_763_Lag
[PlotMCMCDiag.cpp][warning] continuing along my way for Auto_corr
[PlotMCMCDiag.cpp][info] Looking for Auto_corr/enu_enubias_764_param_763_Lag from file /scratch/abipeake/March2026/Easter_finerxsecbinning_sat11ththapril_robbinsmonroemore2/chain_trimmed_last10M_MCMC_Diag.root
[PlotMCMCDiag.cpp][info] Auto_corr/enu_enubias_765_param_764_Lag
[PlotMCMCDiag.cpp][warning] continuing along my way for Auto_corr
[PlotMCMCDiag.cpp][info] Looking for Auto_corr/enu_enubias_765_param_764_Lag from file /scratch/abipeake/March2026/Easter_finerxsecbinning_sat11ththapril_robbinsmonroemore2/chain_trimmed_last10M_MCMC_Diag.root
[PlotMCMCDiag.cpp][info] Auto_corr/enu_enubias_766_param_765_Lag
[PlotMCMCDiag.cpp][warning] continuing along my way for Auto_corr
[PlotMCMCDiag.cpp][info] Looking for Auto_corr/enu_enubias_766_param_765_Lag from file /scratch/abipeake/March2026/Easter_finerxsecbinning_sat11ththapril_robbinsmonroemore2/chain_trimmed_last10M_MCMC_Diag.root
[PlotMCMCDiag.cpp][info] Auto_corr/enu_enubias_767_param_766_Lag
[PlotMCMCDiag.cpp][warning] continuing along my way for Auto_corr
[PlotMCMCDiag.cpp][info] Looking for Auto_corr/enu_enubias_767_param_766_Lag from file /scratch/abipeake/March2026/Easter_finerxsecbinning_sat11ththapril_robbinsmonroemore2/chain_trimmed_last10M_MCMC_Diag.root
[PlotMCMCDiag.cpp][info] Auto_corr/enu_enubias_768_param_767_Lag
[PlotMCMCDiag.cpp][warning] continuing along my way for Auto_corr
[PlotMCMCDiag.cpp][info] Looking for Auto_corr/enu_enubias_768_param_767_Lag from file /scratch/abipeake/March2026/Easter_finerxsecbinning_sat11ththapril_robbinsmonroemore2/chain_trimmed_last10M_MCMC_Diag.root
[PlotMCMCDiag.cpp][info] Auto_corr/enu_enubias_769_param_768_Lag
[PlotMCMCDiag.cpp][warning] continuing along my way for Auto_corr
[PlotMCMCDiag.cpp][info] Looking for Auto_corr/enu_enubias_769_param_768_Lag from file /scratch/abipeake/March2026/Easter_finerxsecbinning_sat11ththapril_robbinsmonroemore2/chain_trimmed_last10M_MCMC_Diag.root
[PlotMCMCDiag.cpp][info] Auto_corr/enu_enubias_770_param_769_Lag
[PlotMCMCDiag.cpp][warning] continuing along my way for Auto_corr
[PlotMCMCDiag.cpp][info] Looking for Auto_corr/enu_enubias_770_param_769_Lag from file /scratch/abipeake/March2026/Easter_finerxsecbinning_sat11ththapril_robbinsmonroemore2/chain_trimmed_last10M_MCMC_Diag.root
[PlotMCMCDiag.cpp][info] Auto_corr/enu_enubias_771_param_770_Lag
[PlotMCMCDiag.cpp][warning] continuing along my way for Auto_corr
[PlotMCMCDiag.cpp][info] Looking for Auto_corr/enu_enubias_771_param_770_Lag from file /scratch/abipeake/March2026/Easter_finerxsecbinning_sat11ththapril_robbinsmonroemore2/chain_trimmed_last10M_MCMC_Diag.root
[PlotMCMCDiag.cpp][info] Auto_corr/enu_enubias_772_param_771_Lag
[PlotMCMCDiag.cpp][warning] continuing along my way for Auto_corr
[PlotMCMCDiag.cpp][info] Looking for Auto_corr/enu_enubias_772_param_771_Lag from file /scratch/abipeake/March2026/Easter_finerxsecbinning_sat11ththapril_robbinsmonroemore2/chain_trimmed_last10M_MCMC_Diag.root
[PlotMCMCDiag.cpp][info] Auto_corr/enu_enubias_773_param_772_Lag
[PlotMCMCDiag.cpp][warning] continuing along my way for Auto_corr
[PlotMCMCDiag.cpp][info] Looking for Auto_corr/enu_enubias_773_param_772_Lag from file /scratch/abipeake/March2026/Easter_finerxsecbinning_sat11ththapril_robbinsmonroemore2/chain_trimmed_last10M_MCMC_Diag.root
[PlotMCMCDiag.cpp][info] Auto_corr/enu_enubias_774_param_773_Lag
[PlotMCMCDiag.cpp][warning] continuing along my way for Auto_corr
[PlotMCMCDiag.cpp][info] Looking for Auto_corr/enu_enubias_774_param_773_Lag from file /scratch/abipeake/March2026/Easter_finerxsecbinning_sat11ththapril_robbinsmonroemore2/chain_trimmed_last10M_MCMC_Diag.root
[PlotMCMCDiag.cpp][info] Auto_corr/enu_enubias_775_param_774_Lag
[PlotMCMCDiag.cpp][warning] continuing along my way for Auto_corr
[PlotMCMCDiag.cpp][info] Looking for Auto_corr/enu_enubias_775_param_774_Lag from file /scratch/abipeake/March2026/Easter_finerxsecbinning_sat11ththapril_robbinsmonroemore2/chain_trimmed_last10M_MCMC_Diag.root
[PlotMCMCDiag.cpp][info] Auto_corr/enu_enubias_776_param_775_Lag
[PlotMCMCDiag.cpp][warning] continuing along my way for Auto_corr
[PlotMCMCDiag.cpp][info] Looking for Auto_corr/enu_enubias_776_param_775_Lag from file /scratch/abipeake/March2026/Easter_finerxsecbinning_sat11ththapril_robbinsmonroemore2/chain_trimmed_last10M_MCMC_Diag.root
[PlotMCMCDiag.cpp][info] Auto_corr/enu_enubias_777_param_776_Lag
[PlotMCMCDiag.cpp][warning] continuing along my way for Auto_corr
[PlotMCMCDiag.cpp][info] Looking for Auto_corr/enu_enubias_777_param_776_Lag from file /scratch/abipeake/March2026/Easter_finerxsecbinning_sat11ththapril_robbinsmonroemore2/chain_trimmed_last10M_MCMC_Diag.root
[PlotMCMCDiag.cpp][info] Auto_corr/enu_enubias_778_param_777_Lag
[PlotMCMCDiag.cpp][warning] continuing along my way for Auto_corr
[PlotMCMCDiag.cpp][info] Looking for Auto_corr/enu_enubias_778_param_777_Lag from file /scratch/abipeake/March2026/Easter_finerxsecbinning_sat11ththapril_robbinsmonroemore2/chain_trimmed_last10M_MCMC_Diag.root
[PlotMCMCDiag.cpp][info] Auto_corr/enu_enubias_779_param_778_Lag
[PlotMCMCDiag.cpp][warning] continuing along my way for Auto_corr
[PlotMCMCDiag.cpp][info] Looking for Auto_corr/enu_enubias_779_param_778_Lag from file /scratch/abipeake/March2026/Easter_finerxsecbinning_sat11ththapril_robbinsmonroemore2/chain_trimmed_last10M_MCMC_Diag.root
[PlotMCMCDiag.cpp][info] Auto_corr/enu_enubias_780_param_779_Lag
[PlotMCMCDiag.cpp][warning] continuing along my way for Auto_corr
[PlotMCMCDiag.cpp][info] Looking for Auto_corr/enu_enubias_780_param_779_Lag from file /scratch/abipeake/March2026/Easter_finerxsecbinning_sat11ththapril_robbinsmonroemore2/chain_trimmed_last10M_MCMC_Diag.root
[PlotMCMCDiag.cpp][info] Auto_corr/enu_enubias_781_param_780_Lag
[PlotMCMCDiag.cpp][warning] continuing along my way for Auto_corr
[PlotMCMCDiag.cpp][info] Looking for Auto_corr/enu_enubias_781_param_780_Lag from file /scratch/abipeake/March2026/Easter_finerxsecbinning_sat11ththapril_robbinsmonroemore2/chain_trimmed_last10M_MCMC_Diag.root
[PlotMCMCDiag.cpp][info] Auto_corr/enu_enubias_782_param_781_Lag
[PlotMCMCDiag.cpp][warning] continuing along my way for Auto_corr
[PlotMCMCDiag.cpp][info] Looking for Auto_corr/enu_enubias_782_param_781_Lag from file /scratch/abipeake/March2026/Easter_finerxsecbinning_sat11ththapril_robbinsmonroemore2/chain_trimmed_last10M_MCMC_Diag.root
[PlotMCMCDiag.cpp][info] Auto_corr/enu_enubias_783_param_782_Lag
[PlotMCMCDiag.cpp][warning] continuing along my way for Auto_corr
[PlotMCMCDiag.cpp][info] Looking for Auto_corr/enu_enubias_783_param_782_Lag from file /scratch/abipeake/March2026/Easter_finerxsecbinning_sat11ththapril_robbinsmonroemore2/chain_trimmed_last10M_MCMC_Diag.root
[PlotMCMCDiag.cpp][info] Auto_corr/enu_enubias_784_param_783_Lag
[PlotMCMCDiag.cpp][warning] continuing along my way for Auto_corr
[PlotMCMCDiag.cpp][info] Looking for Auto_corr/enu_enubias_784_param_783_Lag from file /scratch/abipeake/March2026/Easter_finerxsecbinning_sat11ththapril_robbinsmonroemore2/chain_trimmed_last10M_MCMC_Diag.root
[PlotMCMCDiag.cpp][info] Auto_corr/enu_enubias_785_param_784_Lag
[PlotMCMCDiag.cpp][warning] continuing along my way for Auto_corr
[PlotMCMCDiag.cpp][info] Looking for Auto_corr/enu_enubias_785_param_784_Lag from file /scratch/abipeake/March2026/Easter_finerxsecbinning_sat11ththapril_robbinsmonroemore2/chain_trimmed_last10M_MCMC_Diag.root
[PlotMCMCDiag.cpp][info] Auto_corr/enu_enubias_786_param_785_Lag
[PlotMCMCDiag.cpp][warning] continuing along my way for Auto_corr
[PlotMCMCDiag.cpp][info] Looking for Auto_corr/enu_enubias_786_param_785_Lag from file /scratch/abipeake/March2026/Easter_finerxsecbinning_sat11ththapril_robbinsmonroemore2/chain_trimmed_last10M_MCMC_Diag.root
[PlotMCMCDiag.cpp][info] Auto_corr/enu_enubias_787_param_786_Lag
[PlotMCMCDiag.cpp][warning] continuing along my way for Auto_corr
[PlotMCMCDiag.cpp][info] Looking for Auto_corr/enu_enubias_787_param_786_Lag from file /scratch/abipeake/March2026/Easter_finerxsecbinning_sat11ththapril_robbinsmonroemore2/chain_trimmed_last10M_MCMC_Diag.root
[PlotMCMCDiag.cpp][info] Auto_corr/enu_enubias_788_param_787_Lag
[PlotMCMCDiag.cpp][warning] continuing along my way for Auto_corr
[PlotMCMCDiag.cpp][info] Looking for Auto_corr/enu_enubias_788_param_787_Lag from file /scratch/abipeake/March2026/Easter_finerxsecbinning_sat11ththapril_robbinsmonroemore2/chain_trimmed_last10M_MCMC_Diag.root
[PlotMCMCDiag.cpp][info] Auto_corr/enu_enubias_789_param_788_Lag
[PlotMCMCDiag.cpp][warning] continuing along my way for Auto_corr
[PlotMCMCDiag.cpp][info] Looking for Auto_corr/enu_enubias_789_param_788_Lag from file /scratch/abipeake/March2026/Easter_finerxsecbinning_sat11ththapril_robbinsmonroemore2/chain_trimmed_last10M_MCMC_Diag.root
[PlotMCMCDiag.cpp][info] Auto_corr/enu_enubias_790_param_789_Lag
[PlotMCMCDiag.cpp][warning] continuing along my way for Auto_corr
[PlotMCMCDiag.cpp][info] Looking for Auto_corr/enu_enubias_790_param_789_Lag from file /scratch/abipeake/March2026/Easter_finerxsecbinning_sat11ththapril_robbinsmonroemore2/chain_trimmed_last10M_MCMC_Diag.root
[PlotMCMCDiag.cpp][info] Auto_corr/enu_enubias_791_param_790_Lag
[PlotMCMCDiag.cpp][warning] continuing along my way for Auto_corr
[PlotMCMCDiag.cpp][info] Looking for Auto_corr/enu_enubias_791_param_790_Lag from file /scratch/abipeake/March2026/Easter_finerxsecbinning_sat11ththapril_robbinsmonroemore2/chain_trimmed_last10M_MCMC_Diag.root
[PlotMCMCDiag.cpp][info] Auto_corr/enu_enubias_792_param_791_Lag
[PlotMCMCDiag.cpp][warning] continuing along my way for Auto_corr
[PlotMCMCDiag.cpp][info] Looking for Auto_corr/enu_enubias_792_param_791_Lag from file /scratch/abipeake/March2026/Easter_finerxsecbinning_sat11ththapril_robbinsmonroemore2/chain_trimmed_last10M_MCMC_Diag.root
[PlotMCMCDiag.cpp][info] Auto_corr/enu_enubias_793_param_792_Lag
[PlotMCMCDiag.cpp][warning] continuing along my way for Auto_corr
[PlotMCMCDiag.cpp][info] Looking for Auto_corr/enu_enubias_793_param_792_Lag from file /scratch/abipeake/March2026/Easter_finerxsecbinning_sat11ththapril_robbinsmonroemore2/chain_trimmed_last10M_MCMC_Diag.root
[PlotMCMCDiag.cpp][info] Auto_corr/enu_enubias_794_param_793_Lag
[PlotMCMCDiag.cpp][warning] continuing along my way for Auto_corr
[PlotMCMCDiag.cpp][info] Looking for Auto_corr/enu_enubias_794_param_793_Lag from file /scratch/abipeake/March2026/Easter_finerxsecbinning_sat11ththapril_robbinsmonroemore2/chain_trimmed_last10M_MCMC_Diag.root
[PlotMCMCDiag.cpp][info] Auto_corr/enu_enubias_795_param_794_Lag
[PlotMCMCDiag.cpp][warning] continuing along my way for Auto_corr
[PlotMCMCDiag.cpp][info] Looking for Auto_corr/enu_enubias_795_param_794_Lag from file /scratch/abipeake/March2026/Easter_finerxsecbinning_sat11ththapril_robbinsmonroemore2/chain_trimmed_last10M_MCMC_Diag.root
[PlotMCMCDiag.cpp][info] Auto_corr/enu_enubias_796_param_795_Lag
[PlotMCMCDiag.cpp][warning] continuing along my way for Auto_corr
[PlotMCMCDiag.cpp][info] Looking for Auto_corr/enu_enubias_796_param_795_Lag from file /scratch/abipeake/March2026/Easter_finerxsecbinning_sat11ththapril_robbinsmonroemore2/chain_trimmed_last10M_MCMC_Diag.root
[PlotMCMCDiag.cpp][info] Auto_corr/enu_enubias_797_param_796_Lag
[PlotMCMCDiag.cpp][warning] continuing along my way for Auto_corr
[PlotMCMCDiag.cpp][info] Looking for Auto_corr/enu_enubias_797_param_796_Lag from file /scratch/abipeake/March2026/Easter_finerxsecbinning_sat11ththapril_robbinsmonroemore2/chain_trimmed_last10M_MCMC_Diag.root
[PlotMCMCDiag.cpp][info] Auto_corr/enu_enubias_798_param_797_Lag
[PlotMCMCDiag.cpp][warning] continuing along my way for Auto_corr
[PlotMCMCDiag.cpp][info] Looking for Auto_corr/enu_enubias_798_param_797_Lag from file /scratch/abipeake/March2026/Easter_finerxsecbinning_sat11ththapril_robbinsmonroemore2/chain_trimmed_last10M_MCMC_Diag.root
[PlotMCMCDiag.cpp][info] Auto_corr/enu_enubias_799_param_798_Lag
[PlotMCMCDiag.cpp][warning] continuing along my way for Auto_corr
[PlotMCMCDiag.cpp][info] Looking for Auto_corr/enu_enubias_799_param_798_Lag from file /scratch/abipeake/March2026/Easter_finerxsecbinning_sat11ththapril_robbinsmonroemore2/chain_trimmed_last10M_MCMC_Diag.root
[PlotMCMCDiag.cpp][info] Auto_corr/enu_enubias_800_param_799_Lag
[PlotMCMCDiag.cpp][warning] continuing along my way for Auto_corr
[PlotMCMCDiag.cpp][info] Looking for Auto_corr/enu_enubias_800_param_799_Lag from file /scratch/abipeake/March2026/Easter_finerxsecbinning_sat11ththapril_robbinsmonroemore2/chain_trimmed_last10M_MCMC_Diag.root
[PlotMCMCDiag.cpp][info] Auto_corr/enu_enubias_801_param_800_Lag
[PlotMCMCDiag.cpp][warning] continuing along my way for Auto_corr
[PlotMCMCDiag.cpp][info] Looking for Auto_corr/enu_enubias_801_param_800_Lag from file /scratch/abipeake/March2026/Easter_finerxsecbinning_sat11ththapril_robbinsmonroemore2/chain_trimmed_last10M_MCMC_Diag.root
[PlotMCMCDiag.cpp][info] Auto_corr/enu_enubias_802_param_801_Lag
[PlotMCMCDiag.cpp][warning] continuing along my way for Auto_corr
[PlotMCMCDiag.cpp][info] Looking for Auto_corr/enu_enubias_802_param_801_Lag from file /scratch/abipeake/March2026/Easter_finerxsecbinning_sat11ththapril_robbinsmonroemore2/chain_trimmed_last10M_MCMC_Diag.root
[PlotMCMCDiag.cpp][info] Auto_corr/enu_enubias_803_param_802_Lag
[PlotMCMCDiag.cpp][warning] continuing along my way for Auto_corr
[PlotMCMCDiag.cpp][info] Looking for Auto_corr/enu_enubias_803_param_802_Lag from file /scratch/abipeake/March2026/Easter_finerxsecbinning_sat11ththapril_robbinsmonroemore2/chain_trimmed_last10M_MCMC_Diag.root
[PlotMCMCDiag.cpp][info] Auto_corr/enu_enubias_804_param_803_Lag
[PlotMCMCDiag.cpp][warning] continuing along my way for Auto_corr
[PlotMCMCDiag.cpp][info] Looking for Auto_corr/enu_enubias_804_param_803_Lag from file /scratch/abipeake/March2026/Easter_finerxsecbinning_sat11ththapril_robbinsmonroemore2/chain_trimmed_last10M_MCMC_Diag.root
[PlotMCMCDiag.cpp][info] Auto_corr/enu_enubias_805_param_804_Lag
[PlotMCMCDiag.cpp][warning] continuing along my way for Auto_corr
[PlotMCMCDiag.cpp][info] Looking for Auto_corr/enu_enubias_805_param_804_Lag from file /scratch/abipeake/March2026/Easter_finerxsecbinning_sat11ththapril_robbinsmonroemore2/chain_trimmed_last10M_MCMC_Diag.root
[PlotMCMCDiag.cpp][info] Auto_corr/enu_enubias_806_param_805_Lag
[PlotMCMCDiag.cpp][warning] continuing along my way for Auto_corr
[PlotMCMCDiag.cpp][info] Looking for Auto_corr/enu_enubias_806_param_805_Lag from file /scratch/abipeake/March2026/Easter_finerxsecbinning_sat11ththapril_robbinsmonroemore2/chain_trimmed_last10M_MCMC_Diag.root
[PlotMCMCDiag.cpp][info] Auto_corr/enu_enubias_807_param_806_Lag
[PlotMCMCDiag.cpp][warning] continuing along my way for Auto_corr
[PlotMCMCDiag.cpp][info] Looking for Auto_corr/enu_enubias_807_param_806_Lag from file /scratch/abipeake/March2026/Easter_finerxsecbinning_sat11ththapril_robbinsmonroemore2/chain_trimmed_last10M_MCMC_Diag.root
[PlotMCMCDiag.cpp][info] Auto_corr/enu_enubias_808_param_807_Lag
[PlotMCMCDiag.cpp][warning] continuing along my way for Auto_corr
[PlotMCMCDiag.cpp][info] Looking for Auto_corr/enu_enubias_808_param_807_Lag from file /scratch/abipeake/March2026/Easter_finerxsecbinning_sat11ththapril_robbinsmonroemore2/chain_trimmed_last10M_MCMC_Diag.root
[PlotMCMCDiag.cpp][info] Auto_corr/enu_enubias_809_param_808_Lag
[PlotMCMCDiag.cpp][warning] continuing along my way for Auto_corr
[PlotMCMCDiag.cpp][info] Looking for Auto_corr/enu_enubias_809_param_808_Lag from file /scratch/abipeake/March2026/Easter_finerxsecbinning_sat11ththapril_robbinsmonroemore2/chain_trimmed_last10M_MCMC_Diag.root
[PlotMCMCDiag.cpp][info] Auto_corr/enu_enubias_810_param_809_Lag
[PlotMCMCDiag.cpp][warning] continuing along my way for Auto_corr
[PlotMCMCDiag.cpp][info] Looking for Auto_corr/enu_enubias_810_param_809_Lag from file /scratch/abipeake/March2026/Easter_finerxsecbinning_sat11ththapril_robbinsmonroemore2/chain_trimmed_last10M_MCMC_Diag.root
[PlotMCMCDiag.cpp][info] Auto_corr/enu_enubias_811_param_810_Lag
[PlotMCMCDiag.cpp][warning] continuing along my way for Auto_corr
[PlotMCMCDiag.cpp][info] Looking for Auto_corr/enu_enubias_811_param_810_Lag from file /scratch/abipeake/March2026/Easter_finerxsecbinning_sat11ththapril_robbinsmonroemore2/chain_trimmed_last10M_MCMC_Diag.root
[PlotMCMCDiag.cpp][info] Auto_corr/enu_enubias_812_param_811_Lag
[PlotMCMCDiag.cpp][warning] continuing along my way for Auto_corr
[PlotMCMCDiag.cpp][info] Looking for Auto_corr/enu_enubias_812_param_811_Lag from file /scratch/abipeake/March2026/Easter_finerxsecbinning_sat11ththapril_robbinsmonroemore2/chain_trimmed_last10M_MCMC_Diag.root
[PlotMCMCDiag.cpp][info] Auto_corr/enu_enubias_813_param_812_Lag
[PlotMCMCDiag.cpp][warning] continuing along my way for Auto_corr
[PlotMCMCDiag.cpp][info] Looking for Auto_corr/enu_enubias_813_param_812_Lag from file /scratch/abipeake/March2026/Easter_finerxsecbinning_sat11ththapril_robbinsmonroemore2/chain_trimmed_last10M_MCMC_Diag.root
[PlotMCMCDiag.cpp][info] Auto_corr/enu_enubias_814_param_813_Lag
[PlotMCMCDiag.cpp][warning] continuing along my way for Auto_corr
[PlotMCMCDiag.cpp][info] Looking for Auto_corr/enu_enubias_814_param_813_Lag from file /scratch/abipeake/March2026/Easter_finerxsecbinning_sat11ththapril_robbinsmonroemore2/chain_trimmed_last10M_MCMC_Diag.root
[PlotMCMCDiag.cpp][info] Auto_corr/enu_enubias_815_param_814_Lag
[PlotMCMCDiag.cpp][warning] continuing along my way for Auto_corr
[PlotMCMCDiag.cpp][info] Looking for Auto_corr/enu_enubias_815_param_814_Lag from file /scratch/abipeake/March2026/Easter_finerxsecbinning_sat11ththapril_robbinsmonroemore2/chain_trimmed_last10M_MCMC_Diag.root
[PlotMCMCDiag.cpp][info] Auto_corr/enu_enubias_816_param_815_Lag
[PlotMCMCDiag.cpp][warning] continuing along my way for Auto_corr
[PlotMCMCDiag.cpp][info] Looking for Auto_corr/enu_enubias_816_param_815_Lag from file /scratch/abipeake/March2026/Easter_finerxsecbinning_sat11ththapril_robbinsmonroemore2/chain_trimmed_last10M_MCMC_Diag.root
[PlotMCMCDiag.cpp][info] Auto_corr/enu_enubias_817_param_816_Lag
[PlotMCMCDiag.cpp][warning] continuing along my way for Auto_corr
[PlotMCMCDiag.cpp][info] Looking for Auto_corr/enu_enubias_817_param_816_Lag from file /scratch/abipeake/March2026/Easter_finerxsecbinning_sat11ththapril_robbinsmonroemore2/chain_trimmed_last10M_MCMC_Diag.root
[PlotMCMCDiag.cpp][info] Auto_corr/enu_enubias_818_param_817_Lag
[PlotMCMCDiag.cpp][warning] continuing along my way for Auto_corr
[PlotMCMCDiag.cpp][info] Looking for Auto_corr/enu_enubias_818_param_817_Lag from file /scratch/abipeake/March2026/Easter_finerxsecbinning_sat11ththapril_robbinsmonroemore2/chain_trimmed_last10M_MCMC_Diag.root
[PlotMCMCDiag.cpp][info] Auto_corr/enu_enubias_819_param_818_Lag
[PlotMCMCDiag.cpp][warning] continuing along my way for Auto_corr
[PlotMCMCDiag.cpp][info] Looking for Auto_corr/enu_enubias_819_param_818_Lag from file /scratch/abipeake/March2026/Easter_finerxsecbinning_sat11ththapril_robbinsmonroemore2/chain_trimmed_last10M_MCMC_Diag.root
[PlotMCMCDiag.cpp][info] Auto_corr/enu_enubias_820_param_819_Lag
[PlotMCMCDiag.cpp][warning] continuing along my way for Auto_corr
[PlotMCMCDiag.cpp][info] Looking for Auto_corr/enu_enubias_820_param_819_Lag from file /scratch/abipeake/March2026/Easter_finerxsecbinning_sat11ththapril_robbinsmonroemore2/chain_trimmed_last10M_MCMC_Diag.root
[PlotMCMCDiag.cpp][info] Auto_corr/enu_enubias_821_param_820_Lag
[PlotMCMCDiag.cpp][warning] continuing along my way for Auto_corr
[PlotMCMCDiag.cpp][info] Looking for Auto_corr/enu_enubias_821_param_820_Lag from file /scratch/abipeake/March2026/Easter_finerxsecbinning_sat11ththapril_robbinsmonroemore2/chain_trimmed_last10M_MCMC_Diag.root
[PlotMCMCDiag.cpp][info] Auto_corr/enu_enubias_822_param_821_Lag
[PlotMCMCDiag.cpp][warning] continuing along my way for Auto_corr
[PlotMCMCDiag.cpp][info] Looking for Auto_corr/enu_enubias_822_param_821_Lag from file /scratch/abipeake/March2026/Easter_finerxsecbinning_sat11ththapril_robbinsmonroemore2/chain_trimmed_last10M_MCMC_Diag.root
[PlotMCMCDiag.cpp][info] Auto_corr/enu_enubias_823_param_822_Lag
[PlotMCMCDiag.cpp][warning] continuing along my way for Auto_corr
[PlotMCMCDiag.cpp][info] Looking for Auto_corr/enu_enubias_823_param_822_Lag from file /scratch/abipeake/March2026/Easter_finerxsecbinning_sat11ththapril_robbinsmonroemore2/chain_trimmed_last10M_MCMC_Diag.root
[PlotMCMCDiag.cpp][info] Auto_corr/enu_enubias_824_param_823_Lag
[PlotMCMCDiag.cpp][warning] continuing along my way for Auto_corr
[PlotMCMCDiag.cpp][info] Looking for Auto_corr/enu_enubias_824_param_823_Lag from file /scratch/abipeake/March2026/Easter_finerxsecbinning_sat11ththapril_robbinsmonroemore2/chain_trimmed_last10M_MCMC_Diag.root
[PlotMCMCDiag.cpp][info] Auto_corr/enu_enubias_825_param_824_Lag
[PlotMCMCDiag.cpp][warning] continuing along my way for Auto_corr
[PlotMCMCDiag.cpp][info] Looking for Auto_corr/enu_enubias_825_param_824_Lag from file /scratch/abipeake/March2026/Easter_finerxsecbinning_sat11ththapril_robbinsmonroemore2/chain_trimmed_last10M_MCMC_Diag.root
[PlotMCMCDiag.cpp][info] Auto_corr/enu_enubias_826_param_825_Lag
[PlotMCMCDiag.cpp][warning] continuing along my way for Auto_corr
[PlotMCMCDiag.cpp][info] Looking for Auto_corr/enu_enubias_826_param_825_Lag from file /scratch/abipeake/March2026/Easter_finerxsecbinning_sat11ththapril_robbinsmonroemore2/chain_trimmed_last10M_MCMC_Diag.root
[PlotMCMCDiag.cpp][info] Auto_corr/enu_enubias_827_param_826_Lag
[PlotMCMCDiag.cpp][warning] continuing along my way for Auto_corr
[PlotMCMCDiag.cpp][info] Looking for Auto_corr/enu_enubias_827_param_826_Lag from file /scratch/abipeake/March2026/Easter_finerxsecbinning_sat11ththapril_robbinsmonroemore2/chain_trimmed_last10M_MCMC_Diag.root
[PlotMCMCDiag.cpp][info] Auto_corr/enu_enubias_828_param_827_Lag
[PlotMCMCDiag.cpp][warning] continuing along my way for Auto_corr
[PlotMCMCDiag.cpp][info] Looking for Auto_corr/enu_enubias_828_param_827_Lag from file /scratch/abipeake/March2026/Easter_finerxsecbinning_sat11ththapril_robbinsmonroemore2/chain_trimmed_last10M_MCMC_Diag.root
[PlotMCMCDiag.cpp][info] Auto_corr/enu_enubias_829_param_828_Lag
[PlotMCMCDiag.cpp][warning] continuing along my way for Auto_corr
[PlotMCMCDiag.cpp][info] Looking for Auto_corr/enu_enubias_829_param_828_Lag from file /scratch/abipeake/March2026/Easter_finerxsecbinning_sat11ththapril_robbinsmonroemore2/chain_trimmed_last10M_MCMC_Diag.root
[PlotMCMCDiag.cpp][info] Auto_corr/enu_enubias_830_param_829_Lag
[PlotMCMCDiag.cpp][warning] continuing along my way for Auto_corr
[PlotMCMCDiag.cpp][info] Looking for Auto_corr/enu_enubias_830_param_829_Lag from file /scratch/abipeake/March2026/Easter_finerxsecbinning_sat11ththapril_robbinsmonroemore2/chain_trimmed_last10M_MCMC_Diag.root
[PlotMCMCDiag.cpp][info] Auto_corr/enu_enubias_831_param_830_Lag
[PlotMCMCDiag.cpp][warning] continuing along my way for Auto_corr
[PlotMCMCDiag.cpp][info] Looking for Auto_corr/enu_enubias_831_param_830_Lag from file /scratch/abipeake/March2026/Easter_finerxsecbinning_sat11ththapril_robbinsmonroemore2/chain_trimmed_last10M_MCMC_Diag.root
[PlotMCMCDiag.cpp][info] Auto_corr/enu_enubias_832_param_831_Lag
[PlotMCMCDiag.cpp][warning] continuing along my way for Auto_corr
[PlotMCMCDiag.cpp][info] Looking for Auto_corr/enu_enubias_832_param_831_Lag from file /scratch/abipeake/March2026/Easter_finerxsecbinning_sat11ththapril_robbinsmonroemore2/chain_trimmed_last10M_MCMC_Diag.root
[PlotMCMCDiag.cpp][info] Auto_corr/enu_enubias_833_param_832_Lag
[PlotMCMCDiag.cpp][warning] continuing along my way for Auto_corr
[PlotMCMCDiag.cpp][info] Looking for Auto_corr/enu_enubias_833_param_832_Lag from file /scratch/abipeake/March2026/Easter_finerxsecbinning_sat11ththapril_robbinsmonroemore2/chain_trimmed_last10M_MCMC_Diag.root
[PlotMCMCDiag.cpp][info] Auto_corr/enu_enubias_834_param_833_Lag
[PlotMCMCDiag.cpp][warning] continuing along my way for Auto_corr
[PlotMCMCDiag.cpp][info] Looking for Auto_corr/enu_enubias_834_param_833_Lag from file /scratch/abipeake/March2026/Easter_finerxsecbinning_sat11ththapril_robbinsmonroemore2/chain_trimmed_last10M_MCMC_Diag.root
[PlotMCMCDiag.cpp][info] Auto_corr/enu_enubias_835_param_834_Lag
[PlotMCMCDiag.cpp][warning] continuing along my way for Auto_corr
[PlotMCMCDiag.cpp][info] Looking for Auto_corr/enu_enubias_835_param_834_Lag from file /scratch/abipeake/March2026/Easter_finerxsecbinning_sat11ththapril_robbinsmonroemore2/chain_trimmed_last10M_MCMC_Diag.root
[PlotMCMCDiag.cpp][info] Auto_corr/enu_enubias_836_param_835_Lag
[PlotMCMCDiag.cpp][warning] continuing along my way for Auto_corr
[PlotMCMCDiag.cpp][info] Looking for Auto_corr/enu_enubias_836_param_835_Lag from file /scratch/abipeake/March2026/Easter_finerxsecbinning_sat11ththapril_robbinsmonroemore2/chain_trimmed_last10M_MCMC_Diag.root
[PlotMCMCDiag.cpp][info] Auto_corr/enu_enubias_837_param_836_Lag
[PlotMCMCDiag.cpp][warning] continuing along my way for Auto_corr
[PlotMCMCDiag.cpp][info] Looking for Auto_corr/enu_enubias_837_param_836_Lag from file /scratch/abipeake/March2026/Easter_finerxsecbinning_sat11ththapril_robbinsmonroemore2/chain_trimmed_last10M_MCMC_Diag.root
[PlotMCMCDiag.cpp][info] Auto_corr/enu_enubias_838_param_837_Lag
[PlotMCMCDiag.cpp][warning] continuing along my way for Auto_corr
[PlotMCMCDiag.cpp][info] Looking for Auto_corr/enu_enubias_838_param_837_Lag from file /scratch/abipeake/March2026/Easter_finerxsecbinning_sat11ththapril_robbinsmonroemore2/chain_trimmed_last10M_MCMC_Diag.root
[PlotMCMCDiag.cpp][info] Auto_corr/enu_enubias_839_param_838_Lag
[PlotMCMCDiag.cpp][warning] continuing along my way for Auto_corr
[PlotMCMCDiag.cpp][info] Looking for Auto_corr/enu_enubias_839_param_838_Lag from file /scratch/abipeake/March2026/Easter_finerxsecbinning_sat11ththapril_robbinsmonroemore2/chain_trimmed_last10M_MCMC_Diag.root
[PlotMCMCDiag.cpp][info] Auto_corr/enu_enubias_840_param_839_Lag
[PlotMCMCDiag.cpp][warning] continuing along my way for Auto_corr
[PlotMCMCDiag.cpp][info] Looking for Auto_corr/enu_enubias_840_param_839_Lag from file /scratch/abipeake/March2026/Easter_finerxsecbinning_sat11ththapril_robbinsmonroemore2/chain_trimmed_last10M_MCMC_Diag.root
[PlotMCMCDiag.cpp][info] Auto_corr/enu_enubias_841_param_840_Lag
[PlotMCMCDiag.cpp][warning] continuing along my way for Auto_corr
[PlotMCMCDiag.cpp][info] Looking for Auto_corr/enu_enubias_841_param_840_Lag from file /scratch/abipeake/March2026/Easter_finerxsecbinning_sat11ththapril_robbinsmonroemore2/chain_trimmed_last10M_MCMC_Diag.root
[PlotMCMCDiag.cpp][info] Auto_corr/enu_enubias_842_param_841_Lag
[PlotMCMCDiag.cpp][warning] continuing along my way for Auto_corr
[PlotMCMCDiag.cpp][info] Looking for Auto_corr/enu_enubias_842_param_841_Lag from file /scratch/abipeake/March2026/Easter_finerxsecbinning_sat11ththapril_robbinsmonroemore2/chain_trimmed_last10M_MCMC_Diag.root
[PlotMCMCDiag.cpp][info] Auto_corr/enu_enubias_843_param_842_Lag
[PlotMCMCDiag.cpp][warning] continuing along my way for Auto_corr
[PlotMCMCDiag.cpp][info] Looking for Auto_corr/enu_enubias_843_param_842_Lag from file /scratch/abipeake/March2026/Easter_finerxsecbinning_sat11ththapril_robbinsmonroemore2/chain_trimmed_last10M_MCMC_Diag.root
[PlotMCMCDiag.cpp][info] Auto_corr/enu_enubias_844_param_843_Lag
[PlotMCMCDiag.cpp][warning] continuing along my way for Auto_corr
[PlotMCMCDiag.cpp][info] Looking for Auto_corr/enu_enubias_844_param_843_Lag from file /scratch/abipeake/March2026/Easter_finerxsecbinning_sat11ththapril_robbinsmonroemore2/chain_trimmed_last10M_MCMC_Diag.root
[PlotMCMCDiag.cpp][info] Auto_corr/enu_enubias_845_param_844_Lag
[PlotMCMCDiag.cpp][warning] continuing along my way for Auto_corr
[PlotMCMCDiag.cpp][info] Looking for Auto_corr/enu_enubias_845_param_844_Lag from file /scratch/abipeake/March2026/Easter_finerxsecbinning_sat11ththapril_robbinsmonroemore2/chain_trimmed_last10M_MCMC_Diag.root
[PlotMCMCDiag.cpp][info] Auto_corr/enu_enubias_846_param_845_Lag
[PlotMCMCDiag.cpp][warning] continuing along my way for Auto_corr
[PlotMCMCDiag.cpp][info] Looking for Auto_corr/enu_enubias_846_param_845_Lag from file /scratch/abipeake/March2026/Easter_finerxsecbinning_sat11ththapril_robbinsmonroemore2/chain_trimmed_last10M_MCMC_Diag.root
[PlotMCMCDiag.cpp][info] Auto_corr/enu_enubias_847_param_846_Lag
[PlotMCMCDiag.cpp][warning] continuing along my way for Auto_corr
[PlotMCMCDiag.cpp][info] Looking for Auto_corr/enu_enubias_847_param_846_Lag from file /scratch/abipeake/March2026/Easter_finerxsecbinning_sat11ththapril_robbinsmonroemore2/chain_trimmed_last10M_MCMC_Diag.root
[PlotMCMCDiag.cpp][info] Auto_corr/enu_enubias_848_param_847_Lag
[PlotMCMCDiag.cpp][warning] continuing along my way for Auto_corr
[PlotMCMCDiag.cpp][info] Looking for Auto_corr/enu_enubias_848_param_847_Lag from file /scratch/abipeake/March2026/Easter_finerxsecbinning_sat11ththapril_robbinsmonroemore2/chain_trimmed_last10M_MCMC_Diag.root
[PlotMCMCDiag.cpp][info] Auto_corr/enu_enubias_849_param_848_Lag
[PlotMCMCDiag.cpp][warning] continuing along my way for Auto_corr
[PlotMCMCDiag.cpp][info] Looking for Auto_corr/enu_enubias_849_param_848_Lag from file /scratch/abipeake/March2026/Easter_finerxsecbinning_sat11ththapril_robbinsmonroemore2/chain_trimmed_last10M_MCMC_Diag.root
[PlotMCMCDiag.cpp][info] Auto_corr/enu_enubias_850_param_849_Lag
[PlotMCMCDiag.cpp][warning] continuing along my way for Auto_corr
[PlotMCMCDiag.cpp][info] Looking for Auto_corr/enu_enubias_850_param_849_Lag from file /scratch/abipeake/March2026/Easter_finerxsecbinning_sat11ththapril_robbinsmonroemore2/chain_trimmed_last10M_MCMC_Diag.root
[PlotMCMCDiag.cpp][info] Auto_corr/enu_enubias_851_param_850_Lag
[PlotMCMCDiag.cpp][warning] continuing along my way for Auto_corr
[PlotMCMCDiag.cpp][info] Looking for Auto_corr/enu_enubias_851_param_850_Lag from file /scratch/abipeake/March2026/Easter_finerxsecbinning_sat11ththapril_robbinsmonroemore2/chain_trimmed_last10M_MCMC_Diag.root
[PlotMCMCDiag.cpp][info] Auto_corr/enu_enubias_852_param_851_Lag
[PlotMCMCDiag.cpp][warning] continuing along my way for Auto_corr
[PlotMCMCDiag.cpp][info] Looking for Auto_corr/enu_enubias_852_param_851_Lag from file /scratch/abipeake/March2026/Easter_finerxsecbinning_sat11ththapril_robbinsmonroemore2/chain_trimmed_last10M_MCMC_Diag.root
[PlotMCMCDiag.cpp][info] Auto_corr/enu_enubias_853_param_852_Lag
[PlotMCMCDiag.cpp][warning] continuing along my way for Auto_corr
[PlotMCMCDiag.cpp][info] Looking for Auto_corr/enu_enubias_853_param_852_Lag from file /scratch/abipeake/March2026/Easter_finerxsecbinning_sat11ththapril_robbinsmonroemore2/chain_trimmed_last10M_MCMC_Diag.root
[PlotMCMCDiag.cpp][info] Auto_corr/enu_enubias_854_param_853_Lag
[PlotMCMCDiag.cpp][warning] continuing along my way for Auto_corr
[PlotMCMCDiag.cpp][info] Looking for Auto_corr/enu_enubias_854_param_853_Lag from file /scratch/abipeake/March2026/Easter_finerxsecbinning_sat11ththapril_robbinsmonroemore2/chain_trimmed_last10M_MCMC_Diag.root
[PlotMCMCDiag.cpp][info] Auto_corr/enu_enubias_855_param_854_Lag
[PlotMCMCDiag.cpp][warning] continuing along my way for Auto_corr
[PlotMCMCDiag.cpp][info] Looking for Auto_corr/enu_enubias_855_param_854_Lag from file /scratch/abipeake/March2026/Easter_finerxsecbinning_sat11ththapril_robbinsmonroemore2/chain_trimmed_last10M_MCMC_Diag.root
[PlotMCMCDiag.cpp][info] Auto_corr/enu_enubias_856_param_855_Lag
[PlotMCMCDiag.cpp][warning] continuing along my way for Auto_corr
[PlotMCMCDiag.cpp][info] Looking for Auto_corr/enu_enubias_856_param_855_Lag from file /scratch/abipeake/March2026/Easter_finerxsecbinning_sat11ththapril_robbinsmonroemore2/chain_trimmed_last10M_MCMC_Diag.root
[PlotMCMCDiag.cpp][info] Auto_corr/enu_enubias_857_param_856_Lag
[PlotMCMCDiag.cpp][warning] continuing along my way for Auto_corr
[PlotMCMCDiag.cpp][info] Looking for Auto_corr/enu_enubias_857_param_856_Lag from file /scratch/abipeake/March2026/Easter_finerxsecbinning_sat11ththapril_robbinsmonroemore2/chain_trimmed_last10M_MCMC_Diag.root
[PlotMCMCDiag.cpp][info] Auto_corr/enu_enubias_858_param_857_Lag
[PlotMCMCDiag.cpp][warning] continuing along my way for Auto_corr
[PlotMCMCDiag.cpp][info] Looking for Auto_corr/enu_enubias_858_param_857_Lag from file /scratch/abipeake/March2026/Easter_finerxsecbinning_sat11ththapril_robbinsmonroemore2/chain_trimmed_last10M_MCMC_Diag.root
[PlotMCMCDiag.cpp][info] Geweke/enu_enubias_1_param_0_Geweke
[PlotMCMCDiag.cpp][warning] continuing along my way for Geweke
[PlotMCMCDiag.cpp][info] Looking for Geweke/enu_enubias_1_param_0_Geweke from file /scratch/abipeake/March2026/Easter_finerxsecbinning_sat11ththapril_robbinsmonroemore2/chain_trimmed_last10M_MCMC_Diag.root
[PlotMCMCDiag.cpp][info] Geweke/enu_enubias_2_param_1_Geweke
[PlotMCMCDiag.cpp][warning] continuing along my way for Geweke
[PlotMCMCDiag.cpp][info] Looking for Geweke/enu_enubias_2_param_1_Geweke from file /scratch/abipeake/March2026/Easter_finerxsecbinning_sat11ththapril_robbinsmonroemore2/chain_trimmed_last10M_MCMC_Diag.root
[PlotMCMCDiag.cpp][info] Geweke/enu_enubias_3_param_2_Geweke
[PlotMCMCDiag.cpp][warning] continuing along my way for Geweke
[PlotMCMCDiag.cpp][info] Looking for Geweke/enu_enubias_3_param_2_Geweke from file /scratch/abipeake/March2026/Easter_finerxsecbinning_sat11ththapril_robbinsmonroemore2/chain_trimmed_last10M_MCMC_Diag.root
[PlotMCMCDiag.cpp][info] Geweke/enu_enubias_4_param_3_Geweke
[PlotMCMCDiag.cpp][warning] continuing along my way for Geweke
[PlotMCMCDiag.cpp][info] Looking for Geweke/enu_enubias_4_param_3_Geweke from file /scratch/abipeake/March2026/Easter_finerxsecbinning_sat11ththapril_robbinsmonroemore2/chain_trimmed_last10M_MCMC_Diag.root
[PlotMCMCDiag.cpp][info] Geweke/enu_enubias_5_param_4_Geweke
[PlotMCMCDiag.cpp][warning] continuing along my way for Geweke
[PlotMCMCDiag.cpp][info] Looking for Geweke/enu_enubias_5_param_4_Geweke from file /scratch/abipeake/March2026/Easter_finerxsecbinning_sat11ththapril_robbinsmonroemore2/chain_trimmed_last10M_MCMC_Diag.root
[PlotMCMCDiag.cpp][info] Geweke/enu_enubias_6_param_5_Geweke
[PlotMCMCDiag.cpp][warning] continuing along my way for Geweke
[PlotMCMCDiag.cpp][info] Looking for Geweke/enu_enubias_6_param_5_Geweke from file /scratch/abipeake/March2026/Easter_finerxsecbinning_sat11ththapril_robbinsmonroemore2/chain_trimmed_last10M_MCMC_Diag.root
[PlotMCMCDiag.cpp][info] Geweke/enu_enubias_7_param_6_Geweke
[PlotMCMCDiag.cpp][warning] continuing along my way for Geweke
[PlotMCMCDiag.cpp][info] Looking for Geweke/enu_enubias_7_param_6_Geweke from file /scratch/abipeake/March2026/Easter_finerxsecbinning_sat11ththapril_robbinsmonroemore2/chain_trimmed_last10M_MCMC_Diag.root
[PlotMCMCDiag.cpp][info] Geweke/enu_enubias_8_param_7_Geweke
[PlotMCMCDiag.cpp][warning] continuing along my way for Geweke
[PlotMCMCDiag.cpp][info] Looking for Geweke/enu_enubias_8_param_7_Geweke from file /scratch/abipeake/March2026/Easter_finerxsecbinning_sat11ththapril_robbinsmonroemore2/chain_trimmed_last10M_MCMC_Diag.root
[PlotMCMCDiag.cpp][info] Geweke/enu_enubias_9_param_8_Geweke
[PlotMCMCDiag.cpp][warning] continuing along my way for Geweke
[PlotMCMCDiag.cpp][info] Looking for Geweke/enu_enubias_9_param_8_Geweke from file /scratch/abipeake/March2026/Easter_finerxsecbinning_sat11ththapril_robbinsmonroemore2/chain_trimmed_last10M_MCMC_Diag.root
[PlotMCMCDiag.cpp][info] Geweke/enu_enubias_10_param_9_Geweke
[PlotMCMCDiag.cpp][warning] continuing along my way for Geweke
[PlotMCMCDiag.cpp][info] Looking for Geweke/enu_enubias_10_param_9_Geweke from file /scratch/abipeake/March2026/Easter_finerxsecbinning_sat11ththapril_robbinsmonroemore2/chain_trimmed_last10M_MCMC_Diag.root
[PlotMCMCDiag.cpp][info] Geweke/enu_enubias_11_param_10_Geweke
[PlotMCMCDiag.cpp][warning] continuing along my way for Geweke
[PlotMCMCDiag.cpp][info] Looking for Geweke/enu_enubias_11_param_10_Geweke from file /scratch/abipeake/March2026/Easter_finerxsecbinning_sat11ththapril_robbinsmonroemore2/chain_trimmed_last10M_MCMC_Diag.root
[PlotMCMCDiag.cpp][info] Geweke/enu_enubias_12_param_11_Geweke
[PlotMCMCDiag.cpp][warning] continuing along my way for Geweke
[PlotMCMCDiag.cpp][info] Looking for Geweke/enu_enubias_12_param_11_Geweke from file /scratch/abipeake/March2026/Easter_finerxsecbinning_sat11ththapril_robbinsmonroemore2/chain_trimmed_last10M_MCMC_Diag.root
[PlotMCMCDiag.cpp][info] Geweke/enu_enubias_13_param_12_Geweke
[PlotMCMCDiag.cpp][warning] continuing along my way for Geweke
[PlotMCMCDiag.cpp][info] Looking for Geweke/enu_enubias_13_param_12_Geweke from file /scratch/abipeake/March2026/Easter_finerxsecbinning_sat11ththapril_robbinsmonroemore2/chain_trimmed_last10M_MCMC_Diag.root
[PlotMCMCDiag.cpp][info] Geweke/enu_enubias_14_param_13_Geweke
[PlotMCMCDiag.cpp][warning] continuing along my way for Geweke
[PlotMCMCDiag.cpp][info] Looking for Geweke/enu_enubias_14_param_13_Geweke from file /scratch/abipeake/March2026/Easter_finerxsecbinning_sat11ththapril_robbinsmonroemore2/chain_trimmed_last10M_MCMC_Diag.root
[PlotMCMCDiag.cpp][info] Geweke/enu_enubias_15_param_14_Geweke
[PlotMCMCDiag.cpp][warning] continuing along my way for Geweke
[PlotMCMCDiag.cpp][info] Looking for Geweke/enu_enubias_15_param_14_Geweke from file /scratch/abipeake/March2026/Easter_finerxsecbinning_sat11ththapril_robbinsmonroemore2/chain_trimmed_last10M_MCMC_Diag.root
[PlotMCMCDiag.cpp][info] Geweke/enu_enubias_16_param_15_Geweke
[PlotMCMCDiag.cpp][warning] continuing along my way for Geweke
[PlotMCMCDiag.cpp][info] Looking for Geweke/enu_enubias_16_param_15_Geweke from file /scratch/abipeake/March2026/Easter_finerxsecbinning_sat11ththapril_robbinsmonroemore2/chain_trimmed_last10M_MCMC_Diag.root
[PlotMCMCDiag.cpp][info] Geweke/enu_enubias_17_param_16_Geweke
[PlotMCMCDiag.cpp][warning] continuing along my way for Geweke
[PlotMCMCDiag.cpp][info] Looking for Geweke/enu_enubias_17_param_16_Geweke from file /scratch/abipeake/March2026/Easter_finerxsecbinning_sat11ththapril_robbinsmonroemore2/chain_trimmed_last10M_MCMC_Diag.root
[PlotMCMCDiag.cpp][info] Geweke/enu_enubias_18_param_17_Geweke
[PlotMCMCDiag.cpp][warning] continuing along my way for Geweke
[PlotMCMCDiag.cpp][info] Looking for Geweke/enu_enubias_18_param_17_Geweke from file /scratch/abipeake/March2026/Easter_finerxsecbinning_sat11ththapril_robbinsmonroemore2/chain_trimmed_last10M_MCMC_Diag.root
[PlotMCMCDiag.cpp][info] Geweke/enu_enubias_19_param_18_Geweke
[PlotMCMCDiag.cpp][warning] continuing along my way for Geweke
[PlotMCMCDiag.cpp][info] Looking for Geweke/enu_enubias_19_param_18_Geweke from file /scratch/abipeake/March2026/Easter_finerxsecbinning_sat11ththapril_robbinsmonroemore2/chain_trimmed_last10M_MCMC_Diag.root
[PlotMCMCDiag.cpp][info] Geweke/enu_enubias_20_param_19_Geweke
[PlotMCMCDiag.cpp][warning] continuing along my way for Geweke
[PlotMCMCDiag.cpp][info] Looking for Geweke/enu_enubias_20_param_19_Geweke from file /scratch/abipeake/March2026/Easter_finerxsecbinning_sat11ththapril_robbinsmonroemore2/chain_trimmed_last10M_MCMC_Diag.root
[PlotMCMCDiag.cpp][info] Geweke/enu_enubias_21_param_20_Geweke
[PlotMCMCDiag.cpp][warning] continuing along my way for Geweke
[PlotMCMCDiag.cpp][info] Looking for Geweke/enu_enubias_21_param_20_Geweke from file /scratch/abipeake/March2026/Easter_finerxsecbinning_sat11ththapril_robbinsmonroemore2/chain_trimmed_last10M_MCMC_Diag.root
[PlotMCMCDiag.cpp][info] Geweke/enu_enubias_22_param_21_Geweke
[PlotMCMCDiag.cpp][warning] continuing along my way for Geweke
[PlotMCMCDiag.cpp][info] Looking for Geweke/enu_enubias_22_param_21_Geweke from file /scratch/abipeake/March2026/Easter_finerxsecbinning_sat11ththapril_robbinsmonroemore2/chain_trimmed_last10M_MCMC_Diag.root
[PlotMCMCDiag.cpp][info] Geweke/enu_enubias_23_param_22_Geweke
[PlotMCMCDiag.cpp][warning] continuing along my way for Geweke
[PlotMCMCDiag.cpp][info] Looking for Geweke/enu_enubias_23_param_22_Geweke from file /scratch/abipeake/March2026/Easter_finerxsecbinning_sat11ththapril_robbinsmonroemore2/chain_trimmed_last10M_MCMC_Diag.root
[PlotMCMCDiag.cpp][info] Geweke/enu_enubias_24_param_23_Geweke
[PlotMCMCDiag.cpp][warning] continuing along my way for Geweke
[PlotMCMCDiag.cpp][info] Looking for Geweke/enu_enubias_24_param_23_Geweke from file /scratch/abipeake/March2026/Easter_finerxsecbinning_sat11ththapril_robbinsmonroemore2/chain_trimmed_last10M_MCMC_Diag.root
[PlotMCMCDiag.cpp][info] Geweke/enu_enubias_25_param_24_Geweke
[PlotMCMCDiag.cpp][warning] continuing along my way for Geweke
[PlotMCMCDiag.cpp][info] Looking for Geweke/enu_enubias_25_param_24_Geweke from file /scratch/abipeake/March2026/Easter_finerxsecbinning_sat11ththapril_robbinsmonroemore2/chain_trimmed_last10M_MCMC_Diag.root
[PlotMCMCDiag.cpp][info] Geweke/enu_enubias_26_param_25_Geweke
[PlotMCMCDiag.cpp][warning] continuing along my way for Geweke
[PlotMCMCDiag.cpp][info] Looking for Geweke/enu_enubias_26_param_25_Geweke from file /scratch/abipeake/March2026/Easter_finerxsecbinning_sat11ththapril_robbinsmonroemore2/chain_trimmed_last10M_MCMC_Diag.root
[PlotMCMCDiag.cpp][info] Geweke/enu_enubias_27_param_26_Geweke
[PlotMCMCDiag.cpp][warning] continuing along my way for Geweke
[PlotMCMCDiag.cpp][info] Looking for Geweke/enu_enubias_27_param_26_Geweke from file /scratch/abipeake/March2026/Easter_finerxsecbinning_sat11ththapril_robbinsmonroemore2/chain_trimmed_last10M_MCMC_Diag.root
[PlotMCMCDiag.cpp][info] Geweke/enu_enubias_28_param_27_Geweke
[PlotMCMCDiag.cpp][warning] continuing along my way for Geweke
[PlotMCMCDiag.cpp][info] Looking for Geweke/enu_enubias_28_param_27_Geweke from file /scratch/abipeake/March2026/Easter_finerxsecbinning_sat11ththapril_robbinsmonroemore2/chain_trimmed_last10M_MCMC_Diag.root
[PlotMCMCDiag.cpp][info] Geweke/enu_enubias_29_param_28_Geweke
[PlotMCMCDiag.cpp][warning] continuing along my way for Geweke
[PlotMCMCDiag.cpp][info] Looking for Geweke/enu_enubias_29_param_28_Geweke from file /scratch/abipeake/March2026/Easter_finerxsecbinning_sat11ththapril_robbinsmonroemore2/chain_trimmed_last10M_MCMC_Diag.root
[PlotMCMCDiag.cpp][info] Geweke/enu_enubias_30_param_29_Geweke
[PlotMCMCDiag.cpp][warning] continuing along my way for Geweke
[PlotMCMCDiag.cpp][info] Looking for Geweke/enu_enubias_30_param_29_Geweke from file /scratch/abipeake/March2026/Easter_finerxsecbinning_sat11ththapril_robbinsmonroemore2/chain_trimmed_last10M_MCMC_Diag.root
[PlotMCMCDiag.cpp][info] Geweke/enu_enubias_31_param_30_Geweke
[PlotMCMCDiag.cpp][warning] continuing along my way for Geweke
[PlotMCMCDiag.cpp][info] Looking for Geweke/enu_enubias_31_param_30_Geweke from file /scratch/abipeake/March2026/Easter_finerxsecbinning_sat11ththapril_robbinsmonroemore2/chain_trimmed_last10M_MCMC_Diag.root
[PlotMCMCDiag.cpp][info] Geweke/enu_enubias_32_param_31_Geweke
[PlotMCMCDiag.cpp][warning] continuing along my way for Geweke
[PlotMCMCDiag.cpp][info] Looking for Geweke/enu_enubias_32_param_31_Geweke from file /scratch/abipeake/March2026/Easter_finerxsecbinning_sat11ththapril_robbinsmonroemore2/chain_trimmed_last10M_MCMC_Diag.root
[PlotMCMCDiag.cpp][info] Geweke/enu_enubias_33_param_32_Geweke
[PlotMCMCDiag.cpp][warning] continuing along my way for Geweke
[PlotMCMCDiag.cpp][info] Looking for Geweke/enu_enubias_33_param_32_Geweke from file /scratch/abipeake/March2026/Easter_finerxsecbinning_sat11ththapril_robbinsmonroemore2/chain_trimmed_last10M_MCMC_Diag.root
[PlotMCMCDiag.cpp][info] Geweke/enu_enubias_34_param_33_Geweke
[PlotMCMCDiag.cpp][warning] continuing along my way for Geweke
[PlotMCMCDiag.cpp][info] Looking for Geweke/enu_enubias_34_param_33_Geweke from file /scratch/abipeake/March2026/Easter_finerxsecbinning_sat11ththapril_robbinsmonroemore2/chain_trimmed_last10M_MCMC_Diag.root
[PlotMCMCDiag.cpp][info] Geweke/enu_enubias_35_param_34_Geweke
[PlotMCMCDiag.cpp][warning] continuing along my way for Geweke
[PlotMCMCDiag.cpp][info] Looking for Geweke/enu_enubias_35_param_34_Geweke from file /scratch/abipeake/March2026/Easter_finerxsecbinning_sat11ththapril_robbinsmonroemore2/chain_trimmed_last10M_MCMC_Diag.root
[PlotMCMCDiag.cpp][info] Geweke/enu_enubias_36_param_35_Geweke
[PlotMCMCDiag.cpp][warning] continuing along my way for Geweke
[PlotMCMCDiag.cpp][info] Looking for Geweke/enu_enubias_36_param_35_Geweke from file /scratch/abipeake/March2026/Easter_finerxsecbinning_sat11ththapril_robbinsmonroemore2/chain_trimmed_last10M_MCMC_Diag.root
[PlotMCMCDiag.cpp][info] Geweke/enu_enubias_37_param_36_Geweke
[PlotMCMCDiag.cpp][warning] continuing along my way for Geweke
[PlotMCMCDiag.cpp][info] Looking for Geweke/enu_enubias_37_param_36_Geweke from file /scratch/abipeake/March2026/Easter_finerxsecbinning_sat11ththapril_robbinsmonroemore2/chain_trimmed_last10M_MCMC_Diag.root
[PlotMCMCDiag.cpp][info] Geweke/enu_enubias_38_param_37_Geweke
[PlotMCMCDiag.cpp][warning] continuing along my way for Geweke
[PlotMCMCDiag.cpp][info] Looking for Geweke/enu_enubias_38_param_37_Geweke from file /scratch/abipeake/March2026/Easter_finerxsecbinning_sat11ththapril_robbinsmonroemore2/chain_trimmed_last10M_MCMC_Diag.root
[PlotMCMCDiag.cpp][info] Geweke/enu_enubias_39_param_38_Geweke
[PlotMCMCDiag.cpp][warning] continuing along my way for Geweke
[PlotMCMCDiag.cpp][info] Looking for Geweke/enu_enubias_39_param_38_Geweke from file /scratch/abipeake/March2026/Easter_finerxsecbinning_sat11ththapril_robbinsmonroemore2/chain_trimmed_last10M_MCMC_Diag.root
[PlotMCMCDiag.cpp][info] Geweke/enu_enubias_40_param_39_Geweke
[PlotMCMCDiag.cpp][warning] continuing along my way for Geweke
[PlotMCMCDiag.cpp][info] Looking for Geweke/enu_enubias_40_param_39_Geweke from file /scratch/abipeake/March2026/Easter_finerxsecbinning_sat11ththapril_robbinsmonroemore2/chain_trimmed_last10M_MCMC_Diag.root
[PlotMCMCDiag.cpp][info] Geweke/enu_enubias_41_param_40_Geweke
[PlotMCMCDiag.cpp][warning] continuing along my way for Geweke
[PlotMCMCDiag.cpp][info] Looking for Geweke/enu_enubias_41_param_40_Geweke from file /scratch/abipeake/March2026/Easter_finerxsecbinning_sat11ththapril_robbinsmonroemore2/chain_trimmed_last10M_MCMC_Diag.root
[PlotMCMCDiag.cpp][info] Geweke/enu_enubias_42_param_41_Geweke
[PlotMCMCDiag.cpp][warning] continuing along my way for Geweke
[PlotMCMCDiag.cpp][info] Looking for Geweke/enu_enubias_42_param_41_Geweke from file /scratch/abipeake/March2026/Easter_finerxsecbinning_sat11ththapril_robbinsmonroemore2/chain_trimmed_last10M_MCMC_Diag.root
[PlotMCMCDiag.cpp][info] Geweke/enu_enubias_43_param_42_Geweke
[PlotMCMCDiag.cpp][warning] continuing along my way for Geweke
[PlotMCMCDiag.cpp][info] Looking for Geweke/enu_enubias_43_param_42_Geweke from file /scratch/abipeake/March2026/Easter_finerxsecbinning_sat11ththapril_robbinsmonroemore2/chain_trimmed_last10M_MCMC_Diag.root
[PlotMCMCDiag.cpp][info] Geweke/enu_enubias_44_param_43_Geweke
[PlotMCMCDiag.cpp][warning] continuing along my way for Geweke
[PlotMCMCDiag.cpp][info] Looking for Geweke/enu_enubias_44_param_43_Geweke from file /scratch/abipeake/March2026/Easter_finerxsecbinning_sat11ththapril_robbinsmonroemore2/chain_trimmed_last10M_MCMC_Diag.root
[PlotMCMCDiag.cpp][info] Geweke/enu_enubias_45_param_44_Geweke
[PlotMCMCDiag.cpp][warning] continuing along my way for Geweke
[PlotMCMCDiag.cpp][info] Looking for Geweke/enu_enubias_45_param_44_Geweke from file /scratch/abipeake/March2026/Easter_finerxsecbinning_sat11ththapril_robbinsmonroemore2/chain_trimmed_last10M_MCMC_Diag.root
[PlotMCMCDiag.cpp][info] Geweke/enu_enubias_46_param_45_Geweke
[PlotMCMCDiag.cpp][warning] continuing along my way for Geweke
[PlotMCMCDiag.cpp][info] Looking for Geweke/enu_enubias_46_param_45_Geweke from file /scratch/abipeake/March2026/Easter_finerxsecbinning_sat11ththapril_robbinsmonroemore2/chain_trimmed_last10M_MCMC_Diag.root
[PlotMCMCDiag.cpp][info] Geweke/enu_enubias_47_param_46_Geweke
[PlotMCMCDiag.cpp][warning] continuing along my way for Geweke
[PlotMCMCDiag.cpp][info] Looking for Geweke/enu_enubias_47_param_46_Geweke from file /scratch/abipeake/March2026/Easter_finerxsecbinning_sat11ththapril_robbinsmonroemore2/chain_trimmed_last10M_MCMC_Diag.root
[PlotMCMCDiag.cpp][info] Geweke/enu_enubias_48_param_47_Geweke
[PlotMCMCDiag.cpp][warning] continuing along my way for Geweke
[PlotMCMCDiag.cpp][info] Looking for Geweke/enu_enubias_48_param_47_Geweke from file /scratch/abipeake/March2026/Easter_finerxsecbinning_sat11ththapril_robbinsmonroemore2/chain_trimmed_last10M_MCMC_Diag.root
[PlotMCMCDiag.cpp][info] Geweke/enu_enubias_49_param_48_Geweke
[PlotMCMCDiag.cpp][warning] continuing along my way for Geweke
[PlotMCMCDiag.cpp][info] Looking for Geweke/enu_enubias_49_param_48_Geweke from file /scratch/abipeake/March2026/Easter_finerxsecbinning_sat11ththapril_robbinsmonroemore2/chain_trimmed_last10M_MCMC_Diag.root
[PlotMCMCDiag.cpp][info] Geweke/enu_enubias_50_param_49_Geweke
[PlotMCMCDiag.cpp][warning] continuing along my way for Geweke
[PlotMCMCDiag.cpp][info] Looking for Geweke/enu_enubias_50_param_49_Geweke from file /scratch/abipeake/March2026/Easter_finerxsecbinning_sat11ththapril_robbinsmonroemore2/chain_trimmed_last10M_MCMC_Diag.root
[PlotMCMCDiag.cpp][info] Geweke/enu_enubias_51_param_50_Geweke
[PlotMCMCDiag.cpp][warning] continuing along my way for Geweke
[PlotMCMCDiag.cpp][info] Looking for Geweke/enu_enubias_51_param_50_Geweke from file /scratch/abipeake/March2026/Easter_finerxsecbinning_sat11ththapril_robbinsmonroemore2/chain_trimmed_last10M_MCMC_Diag.root
[PlotMCMCDiag.cpp][info] Geweke/enu_enubias_52_param_51_Geweke
[PlotMCMCDiag.cpp][warning] continuing along my way for Geweke
[PlotMCMCDiag.cpp][info] Looking for Geweke/enu_enubias_52_param_51_Geweke from file /scratch/abipeake/March2026/Easter_finerxsecbinning_sat11ththapril_robbinsmonroemore2/chain_trimmed_last10M_MCMC_Diag.root
[PlotMCMCDiag.cpp][info] Geweke/enu_enubias_53_param_52_Geweke
[PlotMCMCDiag.cpp][warning] continuing along my way for Geweke
[PlotMCMCDiag.cpp][info] Looking for Geweke/enu_enubias_53_param_52_Geweke from file /scratch/abipeake/March2026/Easter_finerxsecbinning_sat11ththapril_robbinsmonroemore2/chain_trimmed_last10M_MCMC_Diag.root
[PlotMCMCDiag.cpp][info] Geweke/enu_enubias_54_param_53_Geweke
[PlotMCMCDiag.cpp][warning] continuing along my way for Geweke
[PlotMCMCDiag.cpp][info] Looking for Geweke/enu_enubias_54_param_53_Geweke from file /scratch/abipeake/March2026/Easter_finerxsecbinning_sat11ththapril_robbinsmonroemore2/chain_trimmed_last10M_MCMC_Diag.root
[PlotMCMCDiag.cpp][info] Geweke/enu_enubias_55_param_54_Geweke
[PlotMCMCDiag.cpp][warning] continuing along my way for Geweke
[PlotMCMCDiag.cpp][info] Looking for Geweke/enu_enubias_55_param_54_Geweke from file /scratch/abipeake/March2026/Easter_finerxsecbinning_sat11ththapril_robbinsmonroemore2/chain_trimmed_last10M_MCMC_Diag.root
[PlotMCMCDiag.cpp][info] Geweke/enu_enubias_56_param_55_Geweke
[PlotMCMCDiag.cpp][warning] continuing along my way for Geweke
[PlotMCMCDiag.cpp][info] Looking for Geweke/enu_enubias_56_param_55_Geweke from file /scratch/abipeake/March2026/Easter_finerxsecbinning_sat11ththapril_robbinsmonroemore2/chain_trimmed_last10M_MCMC_Diag.root
[PlotMCMCDiag.cpp][info] Geweke/enu_enubias_57_param_56_Geweke
[PlotMCMCDiag.cpp][warning] continuing along my way for Geweke
[PlotMCMCDiag.cpp][info] Looking for Geweke/enu_enubias_57_param_56_Geweke from file /scratch/abipeake/March2026/Easter_finerxsecbinning_sat11ththapril_robbinsmonroemore2/chain_trimmed_last10M_MCMC_Diag.root
[PlotMCMCDiag.cpp][info] Geweke/enu_enubias_58_param_57_Geweke
[PlotMCMCDiag.cpp][warning] continuing along my way for Geweke
[PlotMCMCDiag.cpp][info] Looking for Geweke/enu_enubias_58_param_57_Geweke from file /scratch/abipeake/March2026/Easter_finerxsecbinning_sat11ththapril_robbinsmonroemore2/chain_trimmed_last10M_MCMC_Diag.root
[PlotMCMCDiag.cpp][info] Geweke/enu_enubias_59_param_58_Geweke
[PlotMCMCDiag.cpp][warning] continuing along my way for Geweke
[PlotMCMCDiag.cpp][info] Looking for Geweke/enu_enubias_59_param_58_Geweke from file /scratch/abipeake/March2026/Easter_finerxsecbinning_sat11ththapril_robbinsmonroemore2/chain_trimmed_last10M_MCMC_Diag.root
[PlotMCMCDiag.cpp][info] Geweke/enu_enubias_60_param_59_Geweke
[PlotMCMCDiag.cpp][warning] continuing along my way for Geweke
[PlotMCMCDiag.cpp][info] Looking for Geweke/enu_enubias_60_param_59_Geweke from file /scratch/abipeake/March2026/Easter_finerxsecbinning_sat11ththapril_robbinsmonroemore2/chain_trimmed_last10M_MCMC_Diag.root
[PlotMCMCDiag.cpp][info] Geweke/enu_enubias_61_param_60_Geweke
[PlotMCMCDiag.cpp][warning] continuing along my way for Geweke
[PlotMCMCDiag.cpp][info] Looking for Geweke/enu_enubias_61_param_60_Geweke from file /scratch/abipeake/March2026/Easter_finerxsecbinning_sat11ththapril_robbinsmonroemore2/chain_trimmed_last10M_MCMC_Diag.root
[PlotMCMCDiag.cpp][info] Geweke/enu_enubias_62_param_61_Geweke
[PlotMCMCDiag.cpp][warning] continuing along my way for Geweke
[PlotMCMCDiag.cpp][info] Looking for Geweke/enu_enubias_62_param_61_Geweke from file /scratch/abipeake/March2026/Easter_finerxsecbinning_sat11ththapril_robbinsmonroemore2/chain_trimmed_last10M_MCMC_Diag.root
[PlotMCMCDiag.cpp][info] Geweke/enu_enubias_63_param_62_Geweke
[PlotMCMCDiag.cpp][warning] continuing along my way for Geweke
[PlotMCMCDiag.cpp][info] Looking for Geweke/enu_enubias_63_param_62_Geweke from file /scratch/abipeake/March2026/Easter_finerxsecbinning_sat11ththapril_robbinsmonroemore2/chain_trimmed_last10M_MCMC_Diag.root
[PlotMCMCDiag.cpp][info] Geweke/enu_enubias_64_param_63_Geweke
[PlotMCMCDiag.cpp][warning] continuing along my way for Geweke
[PlotMCMCDiag.cpp][info] Looking for Geweke/enu_enubias_64_param_63_Geweke from file /scratch/abipeake/March2026/Easter_finerxsecbinning_sat11ththapril_robbinsmonroemore2/chain_trimmed_last10M_MCMC_Diag.root
[PlotMCMCDiag.cpp][info] Geweke/enu_enubias_65_param_64_Geweke
[PlotMCMCDiag.cpp][warning] continuing along my way for Geweke
[PlotMCMCDiag.cpp][info] Looking for Geweke/enu_enubias_65_param_64_Geweke from file /scratch/abipeake/March2026/Easter_finerxsecbinning_sat11ththapril_robbinsmonroemore2/chain_trimmed_last10M_MCMC_Diag.root
[PlotMCMCDiag.cpp][info] Geweke/enu_enubias_66_param_65_Geweke
[PlotMCMCDiag.cpp][warning] continuing along my way for Geweke
[PlotMCMCDiag.cpp][info] Looking for Geweke/enu_enubias_66_param_65_Geweke from file /scratch/abipeake/March2026/Easter_finerxsecbinning_sat11ththapril_robbinsmonroemore2/chain_trimmed_last10M_MCMC_Diag.root
[PlotMCMCDiag.cpp][info] Geweke/enu_enubias_67_param_66_Geweke
[PlotMCMCDiag.cpp][warning] continuing along my way for Geweke
[PlotMCMCDiag.cpp][info] Looking for Geweke/enu_enubias_67_param_66_Geweke from file /scratch/abipeake/March2026/Easter_finerxsecbinning_sat11ththapril_robbinsmonroemore2/chain_trimmed_last10M_MCMC_Diag.root
[PlotMCMCDiag.cpp][info] Geweke/enu_enubias_68_param_67_Geweke
[PlotMCMCDiag.cpp][warning] continuing along my way for Geweke
[PlotMCMCDiag.cpp][info] Looking for Geweke/enu_enubias_68_param_67_Geweke from file /scratch/abipeake/March2026/Easter_finerxsecbinning_sat11ththapril_robbinsmonroemore2/chain_trimmed_last10M_MCMC_Diag.root
[PlotMCMCDiag.cpp][info] Geweke/enu_enubias_69_param_68_Geweke
[PlotMCMCDiag.cpp][warning] continuing along my way for Geweke
[PlotMCMCDiag.cpp][info] Looking for Geweke/enu_enubias_69_param_68_Geweke from file /scratch/abipeake/March2026/Easter_finerxsecbinning_sat11ththapril_robbinsmonroemore2/chain_trimmed_last10M_MCMC_Diag.root
[PlotMCMCDiag.cpp][info] Geweke/enu_enubias_70_param_69_Geweke
[PlotMCMCDiag.cpp][warning] continuing along my way for Geweke
[PlotMCMCDiag.cpp][info] Looking for Geweke/enu_enubias_70_param_69_Geweke from file /scratch/abipeake/March2026/Easter_finerxsecbinning_sat11ththapril_robbinsmonroemore2/chain_trimmed_last10M_MCMC_Diag.root
[PlotMCMCDiag.cpp][info] Geweke/enu_enubias_71_param_70_Geweke
[PlotMCMCDiag.cpp][warning] continuing along my way for Geweke
[PlotMCMCDiag.cpp][info] Looking for Geweke/enu_enubias_71_param_70_Geweke from file /scratch/abipeake/March2026/Easter_finerxsecbinning_sat11ththapril_robbinsmonroemore2/chain_trimmed_last10M_MCMC_Diag.root
[PlotMCMCDiag.cpp][info] Geweke/enu_enubias_72_param_71_Geweke
[PlotMCMCDiag.cpp][warning] continuing along my way for Geweke
[PlotMCMCDiag.cpp][info] Looking for Geweke/enu_enubias_72_param_71_Geweke from file /scratch/abipeake/March2026/Easter_finerxsecbinning_sat11ththapril_robbinsmonroemore2/chain_trimmed_last10M_MCMC_Diag.root
[PlotMCMCDiag.cpp][info] Geweke/enu_enubias_73_param_72_Geweke
[PlotMCMCDiag.cpp][warning] continuing along my way for Geweke
[PlotMCMCDiag.cpp][info] Looking for Geweke/enu_enubias_73_param_72_Geweke from file /scratch/abipeake/March2026/Easter_finerxsecbinning_sat11ththapril_robbinsmonroemore2/chain_trimmed_last10M_MCMC_Diag.root
[PlotMCMCDiag.cpp][info] Geweke/enu_enubias_74_param_73_Geweke
[PlotMCMCDiag.cpp][warning] continuing along my way for Geweke
[PlotMCMCDiag.cpp][info] Looking for Geweke/enu_enubias_74_param_73_Geweke from file /scratch/abipeake/March2026/Easter_finerxsecbinning_sat11ththapril_robbinsmonroemore2/chain_trimmed_last10M_MCMC_Diag.root
[PlotMCMCDiag.cpp][info] Geweke/enu_enubias_75_param_74_Geweke
[PlotMCMCDiag.cpp][warning] continuing along my way for Geweke
[PlotMCMCDiag.cpp][info] Looking for Geweke/enu_enubias_75_param_74_Geweke from file /scratch/abipeake/March2026/Easter_finerxsecbinning_sat11ththapril_robbinsmonroemore2/chain_trimmed_last10M_MCMC_Diag.root
[PlotMCMCDiag.cpp][info] Geweke/enu_enubias_76_param_75_Geweke
[PlotMCMCDiag.cpp][warning] continuing along my way for Geweke
[PlotMCMCDiag.cpp][info] Looking for Geweke/enu_enubias_76_param_75_Geweke from file /scratch/abipeake/March2026/Easter_finerxsecbinning_sat11ththapril_robbinsmonroemore2/chain_trimmed_last10M_MCMC_Diag.root
[PlotMCMCDiag.cpp][info] Geweke/enu_enubias_77_param_76_Geweke
[PlotMCMCDiag.cpp][warning] continuing along my way for Geweke
[PlotMCMCDiag.cpp][info] Looking for Geweke/enu_enubias_77_param_76_Geweke from file /scratch/abipeake/March2026/Easter_finerxsecbinning_sat11ththapril_robbinsmonroemore2/chain_trimmed_last10M_MCMC_Diag.root
[PlotMCMCDiag.cpp][info] Geweke/enu_enubias_78_param_77_Geweke
[PlotMCMCDiag.cpp][warning] continuing along my way for Geweke
[PlotMCMCDiag.cpp][info] Looking for Geweke/enu_enubias_78_param_77_Geweke from file /scratch/abipeake/March2026/Easter_finerxsecbinning_sat11ththapril_robbinsmonroemore2/chain_trimmed_last10M_MCMC_Diag.root
[PlotMCMCDiag.cpp][info] Geweke/enu_enubias_79_param_78_Geweke
[PlotMCMCDiag.cpp][warning] continuing along my way for Geweke
[PlotMCMCDiag.cpp][info] Looking for Geweke/enu_enubias_79_param_78_Geweke from file /scratch/abipeake/March2026/Easter_finerxsecbinning_sat11ththapril_robbinsmonroemore2/chain_trimmed_last10M_MCMC_Diag.root
[PlotMCMCDiag.cpp][info] Geweke/enu_enubias_80_param_79_Geweke
[PlotMCMCDiag.cpp][warning] continuing along my way for Geweke
[PlotMCMCDiag.cpp][info] Looking for Geweke/enu_enubias_80_param_79_Geweke from file /scratch/abipeake/March2026/Easter_finerxsecbinning_sat11ththapril_robbinsmonroemore2/chain_trimmed_last10M_MCMC_Diag.root
[PlotMCMCDiag.cpp][info] Geweke/enu_enubias_81_param_80_Geweke
[PlotMCMCDiag.cpp][warning] continuing along my way for Geweke
[PlotMCMCDiag.cpp][info] Looking for Geweke/enu_enubias_81_param_80_Geweke from file /scratch/abipeake/March2026/Easter_finerxsecbinning_sat11ththapril_robbinsmonroemore2/chain_trimmed_last10M_MCMC_Diag.root
[PlotMCMCDiag.cpp][info] Geweke/enu_enubias_82_param_81_Geweke
[PlotMCMCDiag.cpp][warning] continuing along my way for Geweke
[PlotMCMCDiag.cpp][info] Looking for Geweke/enu_enubias_82_param_81_Geweke from file /scratch/abipeake/March2026/Easter_finerxsecbinning_sat11ththapril_robbinsmonroemore2/chain_trimmed_last10M_MCMC_Diag.root
[PlotMCMCDiag.cpp][info] Geweke/enu_enubias_83_param_82_Geweke
[PlotMCMCDiag.cpp][warning] continuing along my way for Geweke
[PlotMCMCDiag.cpp][info] Looking for Geweke/enu_enubias_83_param_82_Geweke from file /scratch/abipeake/March2026/Easter_finerxsecbinning_sat11ththapril_robbinsmonroemore2/chain_trimmed_last10M_MCMC_Diag.root
[PlotMCMCDiag.cpp][info] Geweke/enu_enubias_84_param_83_Geweke
[PlotMCMCDiag.cpp][warning] continuing along my way for Geweke
[PlotMCMCDiag.cpp][info] Looking for Geweke/enu_enubias_84_param_83_Geweke from file /scratch/abipeake/March2026/Easter_finerxsecbinning_sat11ththapril_robbinsmonroemore2/chain_trimmed_last10M_MCMC_Diag.root
[PlotMCMCDiag.cpp][info] Geweke/enu_enubias_85_param_84_Geweke
[PlotMCMCDiag.cpp][warning] continuing along my way for Geweke
[PlotMCMCDiag.cpp][info] Looking for Geweke/enu_enubias_85_param_84_Geweke from file /scratch/abipeake/March2026/Easter_finerxsecbinning_sat11ththapril_robbinsmonroemore2/chain_trimmed_last10M_MCMC_Diag.root
[PlotMCMCDiag.cpp][info] Geweke/enu_enubias_86_param_85_Geweke
[PlotMCMCDiag.cpp][warning] continuing along my way for Geweke
[PlotMCMCDiag.cpp][info] Looking for Geweke/enu_enubias_86_param_85_Geweke from file /scratch/abipeake/March2026/Easter_finerxsecbinning_sat11ththapril_robbinsmonroemore2/chain_trimmed_last10M_MCMC_Diag.root
[PlotMCMCDiag.cpp][info] Geweke/enu_enubias_87_param_86_Geweke
[PlotMCMCDiag.cpp][warning] continuing along my way for Geweke
[PlotMCMCDiag.cpp][info] Looking for Geweke/enu_enubias_87_param_86_Geweke from file /scratch/abipeake/March2026/Easter_finerxsecbinning_sat11ththapril_robbinsmonroemore2/chain_trimmed_last10M_MCMC_Diag.root
[PlotMCMCDiag.cpp][info] Geweke/enu_enubias_88_param_87_Geweke
[PlotMCMCDiag.cpp][warning] continuing along my way for Geweke
[PlotMCMCDiag.cpp][info] Looking for Geweke/enu_enubias_88_param_87_Geweke from file /scratch/abipeake/March2026/Easter_finerxsecbinning_sat11ththapril_robbinsmonroemore2/chain_trimmed_last10M_MCMC_Diag.root
[PlotMCMCDiag.cpp][info] Geweke/enu_enubias_89_param_88_Geweke
[PlotMCMCDiag.cpp][warning] continuing along my way for Geweke
[PlotMCMCDiag.cpp][info] Looking for Geweke/enu_enubias_89_param_88_Geweke from file /scratch/abipeake/March2026/Easter_finerxsecbinning_sat11ththapril_robbinsmonroemore2/chain_trimmed_last10M_MCMC_Diag.root
[PlotMCMCDiag.cpp][info] Geweke/enu_enubias_90_param_89_Geweke
[PlotMCMCDiag.cpp][warning] continuing along my way for Geweke
[PlotMCMCDiag.cpp][info] Looking for Geweke/enu_enubias_90_param_89_Geweke from file /scratch/abipeake/March2026/Easter_finerxsecbinning_sat11ththapril_robbinsmonroemore2/chain_trimmed_last10M_MCMC_Diag.root
[PlotMCMCDiag.cpp][info] Geweke/enu_enubias_91_param_90_Geweke
[PlotMCMCDiag.cpp][warning] continuing along my way for Geweke
[PlotMCMCDiag.cpp][info] Looking for Geweke/enu_enubias_91_param_90_Geweke from file /scratch/abipeake/March2026/Easter_finerxsecbinning_sat11ththapril_robbinsmonroemore2/chain_trimmed_last10M_MCMC_Diag.root
[PlotMCMCDiag.cpp][info] Geweke/enu_enubias_92_param_91_Geweke
[PlotMCMCDiag.cpp][warning] continuing along my way for Geweke
[PlotMCMCDiag.cpp][info] Looking for Geweke/enu_enubias_92_param_91_Geweke from file /scratch/abipeake/March2026/Easter_finerxsecbinning_sat11ththapril_robbinsmonroemore2/chain_trimmed_last10M_MCMC_Diag.root
[PlotMCMCDiag.cpp][info] Geweke/enu_enubias_93_param_92_Geweke
[PlotMCMCDiag.cpp][warning] continuing along my way for Geweke
[PlotMCMCDiag.cpp][info] Looking for Geweke/enu_enubias_93_param_92_Geweke from file /scratch/abipeake/March2026/Easter_finerxsecbinning_sat11ththapril_robbinsmonroemore2/chain_trimmed_last10M_MCMC_Diag.root
[PlotMCMCDiag.cpp][info] Geweke/enu_enubias_94_param_93_Geweke
[PlotMCMCDiag.cpp][warning] continuing along my way for Geweke
[PlotMCMCDiag.cpp][info] Looking for Geweke/enu_enubias_94_param_93_Geweke from file /scratch/abipeake/March2026/Easter_finerxsecbinning_sat11ththapril_robbinsmonroemore2/chain_trimmed_last10M_MCMC_Diag.root
[PlotMCMCDiag.cpp][info] Geweke/enu_enubias_95_param_94_Geweke
[PlotMCMCDiag.cpp][warning] continuing along my way for Geweke
[PlotMCMCDiag.cpp][info] Looking for Geweke/enu_enubias_95_param_94_Geweke from file /scratch/abipeake/March2026/Easter_finerxsecbinning_sat11ththapril_robbinsmonroemore2/chain_trimmed_last10M_MCMC_Diag.root
[PlotMCMCDiag.cpp][info] Geweke/enu_enubias_96_param_95_Geweke
[PlotMCMCDiag.cpp][warning] continuing along my way for Geweke
[PlotMCMCDiag.cpp][info] Looking for Geweke/enu_enubias_96_param_95_Geweke from file /scratch/abipeake/March2026/Easter_finerxsecbinning_sat11ththapril_robbinsmonroemore2/chain_trimmed_last10M_MCMC_Diag.root
[PlotMCMCDiag.cpp][info] Geweke/enu_enubias_97_param_96_Geweke
[PlotMCMCDiag.cpp][warning] continuing along my way for Geweke
[PlotMCMCDiag.cpp][info] Looking for Geweke/enu_enubias_97_param_96_Geweke from file /scratch/abipeake/March2026/Easter_finerxsecbinning_sat11ththapril_robbinsmonroemore2/chain_trimmed_last10M_MCMC_Diag.root
[PlotMCMCDiag.cpp][info] Geweke/enu_enubias_98_param_97_Geweke
[PlotMCMCDiag.cpp][warning] continuing along my way for Geweke
[PlotMCMCDiag.cpp][info] Looking for Geweke/enu_enubias_98_param_97_Geweke from file /scratch/abipeake/March2026/Easter_finerxsecbinning_sat11ththapril_robbinsmonroemore2/chain_trimmed_last10M_MCMC_Diag.root
[PlotMCMCDiag.cpp][info] Geweke/enu_enubias_99_param_98_Geweke
[PlotMCMCDiag.cpp][warning] continuing along my way for Geweke
[PlotMCMCDiag.cpp][info] Looking for Geweke/enu_enubias_99_param_98_Geweke from file /scratch/abipeake/March2026/Easter_finerxsecbinning_sat11ththapril_robbinsmonroemore2/chain_trimmed_last10M_MCMC_Diag.root
[PlotMCMCDiag.cpp][info] Geweke/enu_enubias_100_param_99_Geweke
[PlotMCMCDiag.cpp][warning] continuing along my way for Geweke
[PlotMCMCDiag.cpp][info] Looking for Geweke/enu_enubias_100_param_99_Geweke from file /scratch/abipeake/March2026/Easter_finerxsecbinning_sat11ththapril_robbinsmonroemore2/chain_trimmed_last10M_MCMC_Diag.root
[PlotMCMCDiag.cpp][info] Geweke/enu_enubias_101_param_100_Geweke
[PlotMCMCDiag.cpp][warning] continuing along my way for Geweke
[PlotMCMCDiag.cpp][info] Looking for Geweke/enu_enubias_101_param_100_Geweke from file /scratch/abipeake/March2026/Easter_finerxsecbinning_sat11ththapril_robbinsmonroemore2/chain_trimmed_last10M_MCMC_Diag.root
[PlotMCMCDiag.cpp][info] Geweke/enu_enubias_102_param_101_Geweke
[PlotMCMCDiag.cpp][warning] continuing along my way for Geweke
[PlotMCMCDiag.cpp][info] Looking for Geweke/enu_enubias_102_param_101_Geweke from file /scratch/abipeake/March2026/Easter_finerxsecbinning_sat11ththapril_robbinsmonroemore2/chain_trimmed_last10M_MCMC_Diag.root
[PlotMCMCDiag.cpp][info] Geweke/enu_enubias_103_param_102_Geweke
[PlotMCMCDiag.cpp][warning] continuing along my way for Geweke
[PlotMCMCDiag.cpp][info] Looking for Geweke/enu_enubias_103_param_102_Geweke from file /scratch/abipeake/March2026/Easter_finerxsecbinning_sat11ththapril_robbinsmonroemore2/chain_trimmed_last10M_MCMC_Diag.root
[PlotMCMCDiag.cpp][info] Geweke/enu_enubias_104_param_103_Geweke
[PlotMCMCDiag.cpp][warning] continuing along my way for Geweke
[PlotMCMCDiag.cpp][info] Looking for Geweke/enu_enubias_104_param_103_Geweke from file /scratch/abipeake/March2026/Easter_finerxsecbinning_sat11ththapril_robbinsmonroemore2/chain_trimmed_last10M_MCMC_Diag.root
[PlotMCMCDiag.cpp][info] Geweke/enu_enubias_105_param_104_Geweke
[PlotMCMCDiag.cpp][warning] continuing along my way for Geweke
[PlotMCMCDiag.cpp][info] Looking for Geweke/enu_enubias_105_param_104_Geweke from file /scratch/abipeake/March2026/Easter_finerxsecbinning_sat11ththapril_robbinsmonroemore2/chain_trimmed_last10M_MCMC_Diag.root
[PlotMCMCDiag.cpp][info] Geweke/enu_enubias_106_param_105_Geweke
[PlotMCMCDiag.cpp][warning] continuing along my way for Geweke
[PlotMCMCDiag.cpp][info] Looking for Geweke/enu_enubias_106_param_105_Geweke from file /scratch/abipeake/March2026/Easter_finerxsecbinning_sat11ththapril_robbinsmonroemore2/chain_trimmed_last10M_MCMC_Diag.root
[PlotMCMCDiag.cpp][info] Geweke/enu_enubias_107_param_106_Geweke
[PlotMCMCDiag.cpp][warning] continuing along my way for Geweke
[PlotMCMCDiag.cpp][info] Looking for Geweke/enu_enubias_107_param_106_Geweke from file /scratch/abipeake/March2026/Easter_finerxsecbinning_sat11ththapril_robbinsmonroemore2/chain_trimmed_last10M_MCMC_Diag.root
[PlotMCMCDiag.cpp][info] Geweke/enu_enubias_108_param_107_Geweke
[PlotMCMCDiag.cpp][warning] continuing along my way for Geweke
[PlotMCMCDiag.cpp][info] Looking for Geweke/enu_enubias_108_param_107_Geweke from file /scratch/abipeake/March2026/Easter_finerxsecbinning_sat11ththapril_robbinsmonroemore2/chain_trimmed_last10M_MCMC_Diag.root
[PlotMCMCDiag.cpp][info] Geweke/enu_enubias_109_param_108_Geweke
[PlotMCMCDiag.cpp][warning] continuing along my way for Geweke
[PlotMCMCDiag.cpp][info] Looking for Geweke/enu_enubias_109_param_108_Geweke from file /scratch/abipeake/March2026/Easter_finerxsecbinning_sat11ththapril_robbinsmonroemore2/chain_trimmed_last10M_MCMC_Diag.root
[PlotMCMCDiag.cpp][info] Geweke/enu_enubias_110_param_109_Geweke
[PlotMCMCDiag.cpp][warning] continuing along my way for Geweke
[PlotMCMCDiag.cpp][info] Looking for Geweke/enu_enubias_110_param_109_Geweke from file /scratch/abipeake/March2026/Easter_finerxsecbinning_sat11ththapril_robbinsmonroemore2/chain_trimmed_last10M_MCMC_Diag.root
[PlotMCMCDiag.cpp][info] Geweke/enu_enubias_111_param_110_Geweke
[PlotMCMCDiag.cpp][warning] continuing along my way for Geweke
[PlotMCMCDiag.cpp][info] Looking for Geweke/enu_enubias_111_param_110_Geweke from file /scratch/abipeake/March2026/Easter_finerxsecbinning_sat11ththapril_robbinsmonroemore2/chain_trimmed_last10M_MCMC_Diag.root
[PlotMCMCDiag.cpp][info] Geweke/enu_enubias_112_param_111_Geweke
[PlotMCMCDiag.cpp][warning] continuing along my way for Geweke
[PlotMCMCDiag.cpp][info] Looking for Geweke/enu_enubias_112_param_111_Geweke from file /scratch/abipeake/March2026/Easter_finerxsecbinning_sat11ththapril_robbinsmonroemore2/chain_trimmed_last10M_MCMC_Diag.root
[PlotMCMCDiag.cpp][info] Geweke/enu_enubias_113_param_112_Geweke
[PlotMCMCDiag.cpp][warning] continuing along my way for Geweke
[PlotMCMCDiag.cpp][info] Looking for Geweke/enu_enubias_113_param_112_Geweke from file /scratch/abipeake/March2026/Easter_finerxsecbinning_sat11ththapril_robbinsmonroemore2/chain_trimmed_last10M_MCMC_Diag.root
[PlotMCMCDiag.cpp][info] Geweke/enu_enubias_114_param_113_Geweke
[PlotMCMCDiag.cpp][warning] continuing along my way for Geweke
[PlotMCMCDiag.cpp][info] Looking for Geweke/enu_enubias_114_param_113_Geweke from file /scratch/abipeake/March2026/Easter_finerxsecbinning_sat11ththapril_robbinsmonroemore2/chain_trimmed_last10M_MCMC_Diag.root
[PlotMCMCDiag.cpp][info] Geweke/enu_enubias_115_param_114_Geweke
[PlotMCMCDiag.cpp][warning] continuing along my way for Geweke
[PlotMCMCDiag.cpp][info] Looking for Geweke/enu_enubias_115_param_114_Geweke from file /scratch/abipeake/March2026/Easter_finerxsecbinning_sat11ththapril_robbinsmonroemore2/chain_trimmed_last10M_MCMC_Diag.root
[PlotMCMCDiag.cpp][info] Geweke/enu_enubias_116_param_115_Geweke
[PlotMCMCDiag.cpp][warning] continuing along my way for Geweke
[PlotMCMCDiag.cpp][info] Looking for Geweke/enu_enubias_116_param_115_Geweke from file /scratch/abipeake/March2026/Easter_finerxsecbinning_sat11ththapril_robbinsmonroemore2/chain_trimmed_last10M_MCMC_Diag.root
[PlotMCMCDiag.cpp][info] Geweke/enu_enubias_117_param_116_Geweke
[PlotMCMCDiag.cpp][warning] continuing along my way for Geweke
[PlotMCMCDiag.cpp][info] Looking for Geweke/enu_enubias_117_param_116_Geweke from file /scratch/abipeake/March2026/Easter_finerxsecbinning_sat11ththapril_robbinsmonroemore2/chain_trimmed_last10M_MCMC_Diag.root
[PlotMCMCDiag.cpp][info] Geweke/enu_enubias_118_param_117_Geweke
[PlotMCMCDiag.cpp][warning] continuing along my way for Geweke
[PlotMCMCDiag.cpp][info] Looking for Geweke/enu_enubias_118_param_117_Geweke from file /scratch/abipeake/March2026/Easter_finerxsecbinning_sat11ththapril_robbinsmonroemore2/chain_trimmed_last10M_MCMC_Diag.root
[PlotMCMCDiag.cpp][info] Geweke/enu_enubias_119_param_118_Geweke
[PlotMCMCDiag.cpp][warning] continuing along my way for Geweke
[PlotMCMCDiag.cpp][info] Looking for Geweke/enu_enubias_119_param_118_Geweke from file /scratch/abipeake/March2026/Easter_finerxsecbinning_sat11ththapril_robbinsmonroemore2/chain_trimmed_last10M_MCMC_Diag.root
[PlotMCMCDiag.cpp][info] Geweke/enu_enubias_120_param_119_Geweke
[PlotMCMCDiag.cpp][warning] continuing along my way for Geweke
[PlotMCMCDiag.cpp][info] Looking for Geweke/enu_enubias_120_param_119_Geweke from file /scratch/abipeake/March2026/Easter_finerxsecbinning_sat11ththapril_robbinsmonroemore2/chain_trimmed_last10M_MCMC_Diag.root
[PlotMCMCDiag.cpp][info] Geweke/enu_enubias_121_param_120_Geweke
[PlotMCMCDiag.cpp][warning] continuing along my way for Geweke
[PlotMCMCDiag.cpp][info] Looking for Geweke/enu_enubias_121_param_120_Geweke from file /scratch/abipeake/March2026/Easter_finerxsecbinning_sat11ththapril_robbinsmonroemore2/chain_trimmed_last10M_MCMC_Diag.root
[PlotMCMCDiag.cpp][info] Geweke/enu_enubias_122_param_121_Geweke
[PlotMCMCDiag.cpp][warning] continuing along my way for Geweke
[PlotMCMCDiag.cpp][info] Looking for Geweke/enu_enubias_122_param_121_Geweke from file /scratch/abipeake/March2026/Easter_finerxsecbinning_sat11ththapril_robbinsmonroemore2/chain_trimmed_last10M_MCMC_Diag.root
[PlotMCMCDiag.cpp][info] Geweke/enu_enubias_123_param_122_Geweke
[PlotMCMCDiag.cpp][warning] continuing along my way for Geweke
[PlotMCMCDiag.cpp][info] Looking for Geweke/enu_enubias_123_param_122_Geweke from file /scratch/abipeake/March2026/Easter_finerxsecbinning_sat11ththapril_robbinsmonroemore2/chain_trimmed_last10M_MCMC_Diag.root
[PlotMCMCDiag.cpp][info] Geweke/enu_enubias_124_param_123_Geweke
[PlotMCMCDiag.cpp][warning] continuing along my way for Geweke
[PlotMCMCDiag.cpp][info] Looking for Geweke/enu_enubias_124_param_123_Geweke from file /scratch/abipeake/March2026/Easter_finerxsecbinning_sat11ththapril_robbinsmonroemore2/chain_trimmed_last10M_MCMC_Diag.root
[PlotMCMCDiag.cpp][info] Geweke/enu_enubias_125_param_124_Geweke
[PlotMCMCDiag.cpp][warning] continuing along my way for Geweke
[PlotMCMCDiag.cpp][info] Looking for Geweke/enu_enubias_125_param_124_Geweke from file /scratch/abipeake/March2026/Easter_finerxsecbinning_sat11ththapril_robbinsmonroemore2/chain_trimmed_last10M_MCMC_Diag.root
[PlotMCMCDiag.cpp][info] Geweke/enu_enubias_126_param_125_Geweke
[PlotMCMCDiag.cpp][warning] continuing along my way for Geweke
[PlotMCMCDiag.cpp][info] Looking for Geweke/enu_enubias_126_param_125_Geweke from file /scratch/abipeake/March2026/Easter_finerxsecbinning_sat11ththapril_robbinsmonroemore2/chain_trimmed_last10M_MCMC_Diag.root
[PlotMCMCDiag.cpp][info] Geweke/enu_enubias_127_param_126_Geweke
[PlotMCMCDiag.cpp][warning] continuing along my way for Geweke
[PlotMCMCDiag.cpp][info] Looking for Geweke/enu_enubias_127_param_126_Geweke from file /scratch/abipeake/March2026/Easter_finerxsecbinning_sat11ththapril_robbinsmonroemore2/chain_trimmed_last10M_MCMC_Diag.root
[PlotMCMCDiag.cpp][info] Geweke/enu_enubias_128_param_127_Geweke
[PlotMCMCDiag.cpp][warning] continuing along my way for Geweke
[PlotMCMCDiag.cpp][info] Looking for Geweke/enu_enubias_128_param_127_Geweke from file /scratch/abipeake/March2026/Easter_finerxsecbinning_sat11ththapril_robbinsmonroemore2/chain_trimmed_last10M_MCMC_Diag.root
[PlotMCMCDiag.cpp][info] Geweke/enu_enubias_129_param_128_Geweke
[PlotMCMCDiag.cpp][warning] continuing along my way for Geweke
[PlotMCMCDiag.cpp][info] Looking for Geweke/enu_enubias_129_param_128_Geweke from file /scratch/abipeake/March2026/Easter_finerxsecbinning_sat11ththapril_robbinsmonroemore2/chain_trimmed_last10M_MCMC_Diag.root
[PlotMCMCDiag.cpp][info] Geweke/enu_enubias_130_param_129_Geweke
[PlotMCMCDiag.cpp][warning] continuing along my way for Geweke
[PlotMCMCDiag.cpp][info] Looking for Geweke/enu_enubias_130_param_129_Geweke from file /scratch/abipeake/March2026/Easter_finerxsecbinning_sat11ththapril_robbinsmonroemore2/chain_trimmed_last10M_MCMC_Diag.root
[PlotMCMCDiag.cpp][info] Geweke/enu_enubias_131_param_130_Geweke
[PlotMCMCDiag.cpp][warning] continuing along my way for Geweke
[PlotMCMCDiag.cpp][info] Looking for Geweke/enu_enubias_131_param_130_Geweke from file /scratch/abipeake/March2026/Easter_finerxsecbinning_sat11ththapril_robbinsmonroemore2/chain_trimmed_last10M_MCMC_Diag.root
[PlotMCMCDiag.cpp][info] Geweke/enu_enubias_132_param_131_Geweke
[PlotMCMCDiag.cpp][warning] continuing along my way for Geweke
[PlotMCMCDiag.cpp][info] Looking for Geweke/enu_enubias_132_param_131_Geweke from file /scratch/abipeake/March2026/Easter_finerxsecbinning_sat11ththapril_robbinsmonroemore2/chain_trimmed_last10M_MCMC_Diag.root
[PlotMCMCDiag.cpp][info] Geweke/enu_enubias_133_param_132_Geweke
[PlotMCMCDiag.cpp][warning] continuing along my way for Geweke
[PlotMCMCDiag.cpp][info] Looking for Geweke/enu_enubias_133_param_132_Geweke from file /scratch/abipeake/March2026/Easter_finerxsecbinning_sat11ththapril_robbinsmonroemore2/chain_trimmed_last10M_MCMC_Diag.root
[PlotMCMCDiag.cpp][info] Geweke/enu_enubias_134_param_133_Geweke
[PlotMCMCDiag.cpp][warning] continuing along my way for Geweke
[PlotMCMCDiag.cpp][info] Looking for Geweke/enu_enubias_134_param_133_Geweke from file /scratch/abipeake/March2026/Easter_finerxsecbinning_sat11ththapril_robbinsmonroemore2/chain_trimmed_last10M_MCMC_Diag.root
[PlotMCMCDiag.cpp][info] Geweke/enu_enubias_135_param_134_Geweke
[PlotMCMCDiag.cpp][warning] continuing along my way for Geweke
[PlotMCMCDiag.cpp][info] Looking for Geweke/enu_enubias_135_param_134_Geweke from file /scratch/abipeake/March2026/Easter_finerxsecbinning_sat11ththapril_robbinsmonroemore2/chain_trimmed_last10M_MCMC_Diag.root
[PlotMCMCDiag.cpp][info] Geweke/enu_enubias_136_param_135_Geweke
[PlotMCMCDiag.cpp][warning] continuing along my way for Geweke
[PlotMCMCDiag.cpp][info] Looking for Geweke/enu_enubias_136_param_135_Geweke from file /scratch/abipeake/March2026/Easter_finerxsecbinning_sat11ththapril_robbinsmonroemore2/chain_trimmed_last10M_MCMC_Diag.root
[PlotMCMCDiag.cpp][info] Geweke/enu_enubias_137_param_136_Geweke
[PlotMCMCDiag.cpp][warning] continuing along my way for Geweke
[PlotMCMCDiag.cpp][info] Looking for Geweke/enu_enubias_137_param_136_Geweke from file /scratch/abipeake/March2026/Easter_finerxsecbinning_sat11ththapril_robbinsmonroemore2/chain_trimmed_last10M_MCMC_Diag.root
[PlotMCMCDiag.cpp][info] Geweke/enu_enubias_138_param_137_Geweke
[PlotMCMCDiag.cpp][warning] continuing along my way for Geweke
[PlotMCMCDiag.cpp][info] Looking for Geweke/enu_enubias_138_param_137_Geweke from file /scratch/abipeake/March2026/Easter_finerxsecbinning_sat11ththapril_robbinsmonroemore2/chain_trimmed_last10M_MCMC_Diag.root
[PlotMCMCDiag.cpp][info] Geweke/enu_enubias_139_param_138_Geweke
[PlotMCMCDiag.cpp][warning] continuing along my way for Geweke
[PlotMCMCDiag.cpp][info] Looking for Geweke/enu_enubias_139_param_138_Geweke from file /scratch/abipeake/March2026/Easter_finerxsecbinning_sat11ththapril_robbinsmonroemore2/chain_trimmed_last10M_MCMC_Diag.root
[PlotMCMCDiag.cpp][info] Geweke/enu_enubias_140_param_139_Geweke
[PlotMCMCDiag.cpp][warning] continuing along my way for Geweke
[PlotMCMCDiag.cpp][info] Looking for Geweke/enu_enubias_140_param_139_Geweke from file /scratch/abipeake/March2026/Easter_finerxsecbinning_sat11ththapril_robbinsmonroemore2/chain_trimmed_last10M_MCMC_Diag.root
[PlotMCMCDiag.cpp][info] Geweke/enu_enubias_141_param_140_Geweke
[PlotMCMCDiag.cpp][warning] continuing along my way for Geweke
[PlotMCMCDiag.cpp][info] Looking for Geweke/enu_enubias_141_param_140_Geweke from file /scratch/abipeake/March2026/Easter_finerxsecbinning_sat11ththapril_robbinsmonroemore2/chain_trimmed_last10M_MCMC_Diag.root
[PlotMCMCDiag.cpp][info] Geweke/enu_enubias_142_param_141_Geweke
[PlotMCMCDiag.cpp][warning] continuing along my way for Geweke
[PlotMCMCDiag.cpp][info] Looking for Geweke/enu_enubias_142_param_141_Geweke from file /scratch/abipeake/March2026/Easter_finerxsecbinning_sat11ththapril_robbinsmonroemore2/chain_trimmed_last10M_MCMC_Diag.root
[PlotMCMCDiag.cpp][info] Geweke/enu_enubias_143_param_142_Geweke
[PlotMCMCDiag.cpp][warning] continuing along my way for Geweke
[PlotMCMCDiag.cpp][info] Looking for Geweke/enu_enubias_143_param_142_Geweke from file /scratch/abipeake/March2026/Easter_finerxsecbinning_sat11ththapril_robbinsmonroemore2/chain_trimmed_last10M_MCMC_Diag.root
[PlotMCMCDiag.cpp][info] Geweke/enu_enubias_144_param_143_Geweke
[PlotMCMCDiag.cpp][warning] continuing along my way for Geweke
[PlotMCMCDiag.cpp][info] Looking for Geweke/enu_enubias_144_param_143_Geweke from file /scratch/abipeake/March2026/Easter_finerxsecbinning_sat11ththapril_robbinsmonroemore2/chain_trimmed_last10M_MCMC_Diag.root
[PlotMCMCDiag.cpp][info] Geweke/enu_enubias_145_param_144_Geweke
[PlotMCMCDiag.cpp][warning] continuing along my way for Geweke
[PlotMCMCDiag.cpp][info] Looking for Geweke/enu_enubias_145_param_144_Geweke from file /scratch/abipeake/March2026/Easter_finerxsecbinning_sat11ththapril_robbinsmonroemore2/chain_trimmed_last10M_MCMC_Diag.root
[PlotMCMCDiag.cpp][info] Geweke/enu_enubias_146_param_145_Geweke
[PlotMCMCDiag.cpp][warning] continuing along my way for Geweke
[PlotMCMCDiag.cpp][info] Looking for Geweke/enu_enubias_146_param_145_Geweke from file /scratch/abipeake/March2026/Easter_finerxsecbinning_sat11ththapril_robbinsmonroemore2/chain_trimmed_last10M_MCMC_Diag.root
[PlotMCMCDiag.cpp][info] Geweke/enu_enubias_147_param_146_Geweke
[PlotMCMCDiag.cpp][warning] continuing along my way for Geweke
[PlotMCMCDiag.cpp][info] Looking for Geweke/enu_enubias_147_param_146_Geweke from file /scratch/abipeake/March2026/Easter_finerxsecbinning_sat11ththapril_robbinsmonroemore2/chain_trimmed_last10M_MCMC_Diag.root
[PlotMCMCDiag.cpp][info] Geweke/enu_enubias_148_param_147_Geweke
[PlotMCMCDiag.cpp][warning] continuing along my way for Geweke
[PlotMCMCDiag.cpp][info] Looking for Geweke/enu_enubias_148_param_147_Geweke from file /scratch/abipeake/March2026/Easter_finerxsecbinning_sat11ththapril_robbinsmonroemore2/chain_trimmed_last10M_MCMC_Diag.root
[PlotMCMCDiag.cpp][info] Geweke/enu_enubias_149_param_148_Geweke
[PlotMCMCDiag.cpp][warning] continuing along my way for Geweke
[PlotMCMCDiag.cpp][info] Looking for Geweke/enu_enubias_149_param_148_Geweke from file /scratch/abipeake/March2026/Easter_finerxsecbinning_sat11ththapril_robbinsmonroemore2/chain_trimmed_last10M_MCMC_Diag.root
[PlotMCMCDiag.cpp][info] Geweke/enu_enubias_150_param_149_Geweke
[PlotMCMCDiag.cpp][warning] continuing along my way for Geweke
[PlotMCMCDiag.cpp][info] Looking for Geweke/enu_enubias_150_param_149_Geweke from file /scratch/abipeake/March2026/Easter_finerxsecbinning_sat11ththapril_robbinsmonroemore2/chain_trimmed_last10M_MCMC_Diag.root
[PlotMCMCDiag.cpp][info] Geweke/enu_enubias_151_param_150_Geweke
[PlotMCMCDiag.cpp][warning] continuing along my way for Geweke
[PlotMCMCDiag.cpp][info] Looking for Geweke/enu_enubias_151_param_150_Geweke from file /scratch/abipeake/March2026/Easter_finerxsecbinning_sat11ththapril_robbinsmonroemore2/chain_trimmed_last10M_MCMC_Diag.root
[PlotMCMCDiag.cpp][info] Geweke/enu_enubias_152_param_151_Geweke
[PlotMCMCDiag.cpp][warning] continuing along my way for Geweke
[PlotMCMCDiag.cpp][info] Looking for Geweke/enu_enubias_152_param_151_Geweke from file /scratch/abipeake/March2026/Easter_finerxsecbinning_sat11ththapril_robbinsmonroemore2/chain_trimmed_last10M_MCMC_Diag.root
[PlotMCMCDiag.cpp][info] Geweke/enu_enubias_153_param_152_Geweke
[PlotMCMCDiag.cpp][warning] continuing along my way for Geweke
[PlotMCMCDiag.cpp][info] Looking for Geweke/enu_enubias_153_param_152_Geweke from file /scratch/abipeake/March2026/Easter_finerxsecbinning_sat11ththapril_robbinsmonroemore2/chain_trimmed_last10M_MCMC_Diag.root
[PlotMCMCDiag.cpp][info] Geweke/enu_enubias_154_param_153_Geweke
[PlotMCMCDiag.cpp][warning] continuing along my way for Geweke
[PlotMCMCDiag.cpp][info] Looking for Geweke/enu_enubias_154_param_153_Geweke from file /scratch/abipeake/March2026/Easter_finerxsecbinning_sat11ththapril_robbinsmonroemore2/chain_trimmed_last10M_MCMC_Diag.root
[PlotMCMCDiag.cpp][info] Geweke/enu_enubias_155_param_154_Geweke
[PlotMCMCDiag.cpp][warning] continuing along my way for Geweke
[PlotMCMCDiag.cpp][info] Looking for Geweke/enu_enubias_155_param_154_Geweke from file /scratch/abipeake/March2026/Easter_finerxsecbinning_sat11ththapril_robbinsmonroemore2/chain_trimmed_last10M_MCMC_Diag.root
[PlotMCMCDiag.cpp][info] Geweke/enu_enubias_156_param_155_Geweke
[PlotMCMCDiag.cpp][warning] continuing along my way for Geweke
[PlotMCMCDiag.cpp][info] Looking for Geweke/enu_enubias_156_param_155_Geweke from file /scratch/abipeake/March2026/Easter_finerxsecbinning_sat11ththapril_robbinsmonroemore2/chain_trimmed_last10M_MCMC_Diag.root
[PlotMCMCDiag.cpp][info] Geweke/enu_enubias_157_param_156_Geweke
[PlotMCMCDiag.cpp][warning] continuing along my way for Geweke
[PlotMCMCDiag.cpp][info] Looking for Geweke/enu_enubias_157_param_156_Geweke from file /scratch/abipeake/March2026/Easter_finerxsecbinning_sat11ththapril_robbinsmonroemore2/chain_trimmed_last10M_MCMC_Diag.root
[PlotMCMCDiag.cpp][info] Geweke/enu_enubias_158_param_157_Geweke
[PlotMCMCDiag.cpp][warning] continuing along my way for Geweke
[PlotMCMCDiag.cpp][info] Looking for Geweke/enu_enubias_158_param_157_Geweke from file /scratch/abipeake/March2026/Easter_finerxsecbinning_sat11ththapril_robbinsmonroemore2/chain_trimmed_last10M_MCMC_Diag.root
[PlotMCMCDiag.cpp][info] Geweke/enu_enubias_159_param_158_Geweke
[PlotMCMCDiag.cpp][warning] continuing along my way for Geweke
[PlotMCMCDiag.cpp][info] Looking for Geweke/enu_enubias_159_param_158_Geweke from file /scratch/abipeake/March2026/Easter_finerxsecbinning_sat11ththapril_robbinsmonroemore2/chain_trimmed_last10M_MCMC_Diag.root
[PlotMCMCDiag.cpp][info] Geweke/enu_enubias_160_param_159_Geweke
[PlotMCMCDiag.cpp][warning] continuing along my way for Geweke
[PlotMCMCDiag.cpp][info] Looking for Geweke/enu_enubias_160_param_159_Geweke from file /scratch/abipeake/March2026/Easter_finerxsecbinning_sat11ththapril_robbinsmonroemore2/chain_trimmed_last10M_MCMC_Diag.root
[PlotMCMCDiag.cpp][info] Geweke/enu_enubias_161_param_160_Geweke
[PlotMCMCDiag.cpp][warning] continuing along my way for Geweke
[PlotMCMCDiag.cpp][info] Looking for Geweke/enu_enubias_161_param_160_Geweke from file /scratch/abipeake/March2026/Easter_finerxsecbinning_sat11ththapril_robbinsmonroemore2/chain_trimmed_last10M_MCMC_Diag.root
[PlotMCMCDiag.cpp][info] Geweke/enu_enubias_162_param_161_Geweke
[PlotMCMCDiag.cpp][warning] continuing along my way for Geweke
[PlotMCMCDiag.cpp][info] Looking for Geweke/enu_enubias_162_param_161_Geweke from file /scratch/abipeake/March2026/Easter_finerxsecbinning_sat11ththapril_robbinsmonroemore2/chain_trimmed_last10M_MCMC_Diag.root
[PlotMCMCDiag.cpp][info] Geweke/enu_enubias_163_param_162_Geweke
[PlotMCMCDiag.cpp][warning] continuing along my way for Geweke
[PlotMCMCDiag.cpp][info] Looking for Geweke/enu_enubias_163_param_162_Geweke from file /scratch/abipeake/March2026/Easter_finerxsecbinning_sat11ththapril_robbinsmonroemore2/chain_trimmed_last10M_MCMC_Diag.root
[PlotMCMCDiag.cpp][info] Geweke/enu_enubias_164_param_163_Geweke
[PlotMCMCDiag.cpp][warning] continuing along my way for Geweke
[PlotMCMCDiag.cpp][info] Looking for Geweke/enu_enubias_164_param_163_Geweke from file /scratch/abipeake/March2026/Easter_finerxsecbinning_sat11ththapril_robbinsmonroemore2/chain_trimmed_last10M_MCMC_Diag.root
[PlotMCMCDiag.cpp][info] Geweke/enu_enubias_165_param_164_Geweke
[PlotMCMCDiag.cpp][warning] continuing along my way for Geweke
[PlotMCMCDiag.cpp][info] Looking for Geweke/enu_enubias_165_param_164_Geweke from file /scratch/abipeake/March2026/Easter_finerxsecbinning_sat11ththapril_robbinsmonroemore2/chain_trimmed_last10M_MCMC_Diag.root
[PlotMCMCDiag.cpp][info] Geweke/enu_enubias_166_param_165_Geweke
[PlotMCMCDiag.cpp][warning] continuing along my way for Geweke
[PlotMCMCDiag.cpp][info] Looking for Geweke/enu_enubias_166_param_165_Geweke from file /scratch/abipeake/March2026/Easter_finerxsecbinning_sat11ththapril_robbinsmonroemore2/chain_trimmed_last10M_MCMC_Diag.root
[PlotMCMCDiag.cpp][info] Geweke/enu_enubias_167_param_166_Geweke
[PlotMCMCDiag.cpp][warning] continuing along my way for Geweke
[PlotMCMCDiag.cpp][info] Looking for Geweke/enu_enubias_167_param_166_Geweke from file /scratch/abipeake/March2026/Easter_finerxsecbinning_sat11ththapril_robbinsmonroemore2/chain_trimmed_last10M_MCMC_Diag.root
[PlotMCMCDiag.cpp][info] Geweke/enu_enubias_168_param_167_Geweke
[PlotMCMCDiag.cpp][warning] continuing along my way for Geweke
[PlotMCMCDiag.cpp][info] Looking for Geweke/enu_enubias_168_param_167_Geweke from file /scratch/abipeake/March2026/Easter_finerxsecbinning_sat11ththapril_robbinsmonroemore2/chain_trimmed_last10M_MCMC_Diag.root
[PlotMCMCDiag.cpp][info] Geweke/enu_enubias_169_param_168_Geweke
[PlotMCMCDiag.cpp][warning] continuing along my way for Geweke
[PlotMCMCDiag.cpp][info] Looking for Geweke/enu_enubias_169_param_168_Geweke from file /scratch/abipeake/March2026/Easter_finerxsecbinning_sat11ththapril_robbinsmonroemore2/chain_trimmed_last10M_MCMC_Diag.root
[PlotMCMCDiag.cpp][info] Geweke/enu_enubias_170_param_169_Geweke
[PlotMCMCDiag.cpp][warning] continuing along my way for Geweke
[PlotMCMCDiag.cpp][info] Looking for Geweke/enu_enubias_170_param_169_Geweke from file /scratch/abipeake/March2026/Easter_finerxsecbinning_sat11ththapril_robbinsmonroemore2/chain_trimmed_last10M_MCMC_Diag.root
[PlotMCMCDiag.cpp][info] Geweke/enu_enubias_171_param_170_Geweke
[PlotMCMCDiag.cpp][warning] continuing along my way for Geweke
[PlotMCMCDiag.cpp][info] Looking for Geweke/enu_enubias_171_param_170_Geweke from file /scratch/abipeake/March2026/Easter_finerxsecbinning_sat11ththapril_robbinsmonroemore2/chain_trimmed_last10M_MCMC_Diag.root
[PlotMCMCDiag.cpp][info] Geweke/enu_enubias_172_param_171_Geweke
[PlotMCMCDiag.cpp][warning] continuing along my way for Geweke
[PlotMCMCDiag.cpp][info] Looking for Geweke/enu_enubias_172_param_171_Geweke from file /scratch/abipeake/March2026/Easter_finerxsecbinning_sat11ththapril_robbinsmonroemore2/chain_trimmed_last10M_MCMC_Diag.root
[PlotMCMCDiag.cpp][info] Geweke/enu_enubias_173_param_172_Geweke
[PlotMCMCDiag.cpp][warning] continuing along my way for Geweke
[PlotMCMCDiag.cpp][info] Looking for Geweke/enu_enubias_173_param_172_Geweke from file /scratch/abipeake/March2026/Easter_finerxsecbinning_sat11ththapril_robbinsmonroemore2/chain_trimmed_last10M_MCMC_Diag.root
[PlotMCMCDiag.cpp][info] Geweke/enu_enubias_174_param_173_Geweke
[PlotMCMCDiag.cpp][warning] continuing along my way for Geweke
[PlotMCMCDiag.cpp][info] Looking for Geweke/enu_enubias_174_param_173_Geweke from file /scratch/abipeake/March2026/Easter_finerxsecbinning_sat11ththapril_robbinsmonroemore2/chain_trimmed_last10M_MCMC_Diag.root
[PlotMCMCDiag.cpp][info] Geweke/enu_enubias_175_param_174_Geweke
[PlotMCMCDiag.cpp][warning] continuing along my way for Geweke
[PlotMCMCDiag.cpp][info] Looking for Geweke/enu_enubias_175_param_174_Geweke from file /scratch/abipeake/March2026/Easter_finerxsecbinning_sat11ththapril_robbinsmonroemore2/chain_trimmed_last10M_MCMC_Diag.root
[PlotMCMCDiag.cpp][info] Geweke/enu_enubias_176_param_175_Geweke
[PlotMCMCDiag.cpp][warning] continuing along my way for Geweke
[PlotMCMCDiag.cpp][info] Looking for Geweke/enu_enubias_176_param_175_Geweke from file /scratch/abipeake/March2026/Easter_finerxsecbinning_sat11ththapril_robbinsmonroemore2/chain_trimmed_last10M_MCMC_Diag.root
[PlotMCMCDiag.cpp][info] Geweke/enu_enubias_177_param_176_Geweke
[PlotMCMCDiag.cpp][warning] continuing along my way for Geweke
[PlotMCMCDiag.cpp][info] Looking for Geweke/enu_enubias_177_param_176_Geweke from file /scratch/abipeake/March2026/Easter_finerxsecbinning_sat11ththapril_robbinsmonroemore2/chain_trimmed_last10M_MCMC_Diag.root
[PlotMCMCDiag.cpp][info] Geweke/enu_enubias_178_param_177_Geweke
[PlotMCMCDiag.cpp][warning] continuing along my way for Geweke
[PlotMCMCDiag.cpp][info] Looking for Geweke/enu_enubias_178_param_177_Geweke from file /scratch/abipeake/March2026/Easter_finerxsecbinning_sat11ththapril_robbinsmonroemore2/chain_trimmed_last10M_MCMC_Diag.root
[PlotMCMCDiag.cpp][info] Geweke/enu_enubias_179_param_178_Geweke
[PlotMCMCDiag.cpp][warning] continuing along my way for Geweke
[PlotMCMCDiag.cpp][info] Looking for Geweke/enu_enubias_179_param_178_Geweke from file /scratch/abipeake/March2026/Easter_finerxsecbinning_sat11ththapril_robbinsmonroemore2/chain_trimmed_last10M_MCMC_Diag.root
[PlotMCMCDiag.cpp][info] Geweke/enu_enubias_180_param_179_Geweke
[PlotMCMCDiag.cpp][warning] continuing along my way for Geweke
[PlotMCMCDiag.cpp][info] Looking for Geweke/enu_enubias_180_param_179_Geweke from file /scratch/abipeake/March2026/Easter_finerxsecbinning_sat11ththapril_robbinsmonroemore2/chain_trimmed_last10M_MCMC_Diag.root
[PlotMCMCDiag.cpp][info] Geweke/enu_enubias_181_param_180_Geweke
[PlotMCMCDiag.cpp][warning] continuing along my way for Geweke
[PlotMCMCDiag.cpp][info] Looking for Geweke/enu_enubias_181_param_180_Geweke from file /scratch/abipeake/March2026/Easter_finerxsecbinning_sat11ththapril_robbinsmonroemore2/chain_trimmed_last10M_MCMC_Diag.root
[PlotMCMCDiag.cpp][info] Geweke/enu_enubias_182_param_181_Geweke
[PlotMCMCDiag.cpp][warning] continuing along my way for Geweke
[PlotMCMCDiag.cpp][info] Looking for Geweke/enu_enubias_182_param_181_Geweke from file /scratch/abipeake/March2026/Easter_finerxsecbinning_sat11ththapril_robbinsmonroemore2/chain_trimmed_last10M_MCMC_Diag.root
[PlotMCMCDiag.cpp][info] Geweke/enu_enubias_183_param_182_Geweke
[PlotMCMCDiag.cpp][warning] continuing along my way for Geweke
[PlotMCMCDiag.cpp][info] Looking for Geweke/enu_enubias_183_param_182_Geweke from file /scratch/abipeake/March2026/Easter_finerxsecbinning_sat11ththapril_robbinsmonroemore2/chain_trimmed_last10M_MCMC_Diag.root
[PlotMCMCDiag.cpp][info] Geweke/enu_enubias_184_param_183_Geweke
[PlotMCMCDiag.cpp][warning] continuing along my way for Geweke
[PlotMCMCDiag.cpp][info] Looking for Geweke/enu_enubias_184_param_183_Geweke from file /scratch/abipeake/March2026/Easter_finerxsecbinning_sat11ththapril_robbinsmonroemore2/chain_trimmed_last10M_MCMC_Diag.root
[PlotMCMCDiag.cpp][info] Geweke/enu_enubias_185_param_184_Geweke
[PlotMCMCDiag.cpp][warning] continuing along my way for Geweke
[PlotMCMCDiag.cpp][info] Looking for Geweke/enu_enubias_185_param_184_Geweke from file /scratch/abipeake/March2026/Easter_finerxsecbinning_sat11ththapril_robbinsmonroemore2/chain_trimmed_last10M_MCMC_Diag.root
[PlotMCMCDiag.cpp][info] Geweke/enu_enubias_186_param_185_Geweke
[PlotMCMCDiag.cpp][warning] continuing along my way for Geweke
[PlotMCMCDiag.cpp][info] Looking for Geweke/enu_enubias_186_param_185_Geweke from file /scratch/abipeake/March2026/Easter_finerxsecbinning_sat11ththapril_robbinsmonroemore2/chain_trimmed_last10M_MCMC_Diag.root
[PlotMCMCDiag.cpp][info] Geweke/enu_enubias_187_param_186_Geweke
[PlotMCMCDiag.cpp][warning] continuing along my way for Geweke
[PlotMCMCDiag.cpp][info] Looking for Geweke/enu_enubias_187_param_186_Geweke from file /scratch/abipeake/March2026/Easter_finerxsecbinning_sat11ththapril_robbinsmonroemore2/chain_trimmed_last10M_MCMC_Diag.root
[PlotMCMCDiag.cpp][info] Geweke/enu_enubias_188_param_187_Geweke
[PlotMCMCDiag.cpp][warning] continuing along my way for Geweke
[PlotMCMCDiag.cpp][info] Looking for Geweke/enu_enubias_188_param_187_Geweke from file /scratch/abipeake/March2026/Easter_finerxsecbinning_sat11ththapril_robbinsmonroemore2/chain_trimmed_last10M_MCMC_Diag.root
[PlotMCMCDiag.cpp][info] Geweke/enu_enubias_189_param_188_Geweke
[PlotMCMCDiag.cpp][warning] continuing along my way for Geweke
[PlotMCMCDiag.cpp][info] Looking for Geweke/enu_enubias_189_param_188_Geweke from file /scratch/abipeake/March2026/Easter_finerxsecbinning_sat11ththapril_robbinsmonroemore2/chain_trimmed_last10M_MCMC_Diag.root
[PlotMCMCDiag.cpp][info] Geweke/enu_enubias_190_param_189_Geweke
[PlotMCMCDiag.cpp][warning] continuing along my way for Geweke
[PlotMCMCDiag.cpp][info] Looking for Geweke/enu_enubias_190_param_189_Geweke from file /scratch/abipeake/March2026/Easter_finerxsecbinning_sat11ththapril_robbinsmonroemore2/chain_trimmed_last10M_MCMC_Diag.root
[PlotMCMCDiag.cpp][info] Geweke/enu_enubias_191_param_190_Geweke
[PlotMCMCDiag.cpp][warning] continuing along my way for Geweke
[PlotMCMCDiag.cpp][info] Looking for Geweke/enu_enubias_191_param_190_Geweke from file /scratch/abipeake/March2026/Easter_finerxsecbinning_sat11ththapril_robbinsmonroemore2/chain_trimmed_last10M_MCMC_Diag.root
[PlotMCMCDiag.cpp][info] Geweke/enu_enubias_192_param_191_Geweke
[PlotMCMCDiag.cpp][warning] continuing along my way for Geweke
[PlotMCMCDiag.cpp][info] Looking for Geweke/enu_enubias_192_param_191_Geweke from file /scratch/abipeake/March2026/Easter_finerxsecbinning_sat11ththapril_robbinsmonroemore2/chain_trimmed_last10M_MCMC_Diag.root
[PlotMCMCDiag.cpp][info] Geweke/enu_enubias_193_param_192_Geweke
[PlotMCMCDiag.cpp][warning] continuing along my way for Geweke
[PlotMCMCDiag.cpp][info] Looking for Geweke/enu_enubias_193_param_192_Geweke from file /scratch/abipeake/March2026/Easter_finerxsecbinning_sat11ththapril_robbinsmonroemore2/chain_trimmed_last10M_MCMC_Diag.root
[PlotMCMCDiag.cpp][info] Geweke/enu_enubias_194_param_193_Geweke
[PlotMCMCDiag.cpp][warning] continuing along my way for Geweke
[PlotMCMCDiag.cpp][info] Looking for Geweke/enu_enubias_194_param_193_Geweke from file /scratch/abipeake/March2026/Easter_finerxsecbinning_sat11ththapril_robbinsmonroemore2/chain_trimmed_last10M_MCMC_Diag.root
[PlotMCMCDiag.cpp][info] Geweke/enu_enubias_195_param_194_Geweke
[PlotMCMCDiag.cpp][warning] continuing along my way for Geweke
[PlotMCMCDiag.cpp][info] Looking for Geweke/enu_enubias_195_param_194_Geweke from file /scratch/abipeake/March2026/Easter_finerxsecbinning_sat11ththapril_robbinsmonroemore2/chain_trimmed_last10M_MCMC_Diag.root
[PlotMCMCDiag.cpp][info] Geweke/enu_enubias_196_param_195_Geweke
[PlotMCMCDiag.cpp][warning] continuing along my way for Geweke
[PlotMCMCDiag.cpp][info] Looking for Geweke/enu_enubias_196_param_195_Geweke from file /scratch/abipeake/March2026/Easter_finerxsecbinning_sat11ththapril_robbinsmonroemore2/chain_trimmed_last10M_MCMC_Diag.root
[PlotMCMCDiag.cpp][info] Geweke/enu_enubias_197_param_196_Geweke
[PlotMCMCDiag.cpp][warning] continuing along my way for Geweke
[PlotMCMCDiag.cpp][info] Looking for Geweke/enu_enubias_197_param_196_Geweke from file /scratch/abipeake/March2026/Easter_finerxsecbinning_sat11ththapril_robbinsmonroemore2/chain_trimmed_last10M_MCMC_Diag.root
[PlotMCMCDiag.cpp][info] Geweke/enu_enubias_198_param_197_Geweke
[PlotMCMCDiag.cpp][warning] continuing along my way for Geweke
[PlotMCMCDiag.cpp][info] Looking for Geweke/enu_enubias_198_param_197_Geweke from file /scratch/abipeake/March2026/Easter_finerxsecbinning_sat11ththapril_robbinsmonroemore2/chain_trimmed_last10M_MCMC_Diag.root
[PlotMCMCDiag.cpp][info] Geweke/enu_enubias_199_param_198_Geweke
[PlotMCMCDiag.cpp][warning] continuing along my way for Geweke
[PlotMCMCDiag.cpp][info] Looking for Geweke/enu_enubias_199_param_198_Geweke from file /scratch/abipeake/March2026/Easter_finerxsecbinning_sat11ththapril_robbinsmonroemore2/chain_trimmed_last10M_MCMC_Diag.root
[PlotMCMCDiag.cpp][info] Geweke/enu_enubias_200_param_199_Geweke
[PlotMCMCDiag.cpp][warning] continuing along my way for Geweke
[PlotMCMCDiag.cpp][info] Looking for Geweke/enu_enubias_200_param_199_Geweke from file /scratch/abipeake/March2026/Easter_finerxsecbinning_sat11ththapril_robbinsmonroemore2/chain_trimmed_last10M_MCMC_Diag.root
[PlotMCMCDiag.cpp][info] Geweke/enu_enubias_201_param_200_Geweke
[PlotMCMCDiag.cpp][warning] continuing along my way for Geweke
[PlotMCMCDiag.cpp][info] Looking for Geweke/enu_enubias_201_param_200_Geweke from file /scratch/abipeake/March2026/Easter_finerxsecbinning_sat11ththapril_robbinsmonroemore2/chain_trimmed_last10M_MCMC_Diag.root
[PlotMCMCDiag.cpp][info] Geweke/enu_enubias_202_param_201_Geweke
[PlotMCMCDiag.cpp][warning] continuing along my way for Geweke
[PlotMCMCDiag.cpp][info] Looking for Geweke/enu_enubias_202_param_201_Geweke from file /scratch/abipeake/March2026/Easter_finerxsecbinning_sat11ththapril_robbinsmonroemore2/chain_trimmed_last10M_MCMC_Diag.root
[PlotMCMCDiag.cpp][info] Geweke/enu_enubias_203_param_202_Geweke
[PlotMCMCDiag.cpp][warning] continuing along my way for Geweke
[PlotMCMCDiag.cpp][info] Looking for Geweke/enu_enubias_203_param_202_Geweke from file /scratch/abipeake/March2026/Easter_finerxsecbinning_sat11ththapril_robbinsmonroemore2/chain_trimmed_last10M_MCMC_Diag.root
[PlotMCMCDiag.cpp][info] Geweke/enu_enubias_204_param_203_Geweke
[PlotMCMCDiag.cpp][warning] continuing along my way for Geweke
[PlotMCMCDiag.cpp][info] Looking for Geweke/enu_enubias_204_param_203_Geweke from file /scratch/abipeake/March2026/Easter_finerxsecbinning_sat11ththapril_robbinsmonroemore2/chain_trimmed_last10M_MCMC_Diag.root
[PlotMCMCDiag.cpp][info] Geweke/enu_enubias_205_param_204_Geweke
[PlotMCMCDiag.cpp][warning] continuing along my way for Geweke
[PlotMCMCDiag.cpp][info] Looking for Geweke/enu_enubias_205_param_204_Geweke from file /scratch/abipeake/March2026/Easter_finerxsecbinning_sat11ththapril_robbinsmonroemore2/chain_trimmed_last10M_MCMC_Diag.root
[PlotMCMCDiag.cpp][info] Geweke/enu_enubias_206_param_205_Geweke
[PlotMCMCDiag.cpp][warning] continuing along my way for Geweke
[PlotMCMCDiag.cpp][info] Looking for Geweke/enu_enubias_206_param_205_Geweke from file /scratch/abipeake/March2026/Easter_finerxsecbinning_sat11ththapril_robbinsmonroemore2/chain_trimmed_last10M_MCMC_Diag.root
[PlotMCMCDiag.cpp][info] Geweke/enu_enubias_207_param_206_Geweke
[PlotMCMCDiag.cpp][warning] continuing along my way for Geweke
[PlotMCMCDiag.cpp][info] Looking for Geweke/enu_enubias_207_param_206_Geweke from file /scratch/abipeake/March2026/Easter_finerxsecbinning_sat11ththapril_robbinsmonroemore2/chain_trimmed_last10M_MCMC_Diag.root
[PlotMCMCDiag.cpp][info] Geweke/enu_enubias_208_param_207_Geweke
[PlotMCMCDiag.cpp][warning] continuing along my way for Geweke
[PlotMCMCDiag.cpp][info] Looking for Geweke/enu_enubias_208_param_207_Geweke from file /scratch/abipeake/March2026/Easter_finerxsecbinning_sat11ththapril_robbinsmonroemore2/chain_trimmed_last10M_MCMC_Diag.root
[PlotMCMCDiag.cpp][info] Geweke/enu_enubias_209_param_208_Geweke
[PlotMCMCDiag.cpp][warning] continuing along my way for Geweke
[PlotMCMCDiag.cpp][info] Looking for Geweke/enu_enubias_209_param_208_Geweke from file /scratch/abipeake/March2026/Easter_finerxsecbinning_sat11ththapril_robbinsmonroemore2/chain_trimmed_last10M_MCMC_Diag.root
[PlotMCMCDiag.cpp][info] Geweke/enu_enubias_210_param_209_Geweke
[PlotMCMCDiag.cpp][warning] continuing along my way for Geweke
[PlotMCMCDiag.cpp][info] Looking for Geweke/enu_enubias_210_param_209_Geweke from file /scratch/abipeake/March2026/Easter_finerxsecbinning_sat11ththapril_robbinsmonroemore2/chain_trimmed_last10M_MCMC_Diag.root
[PlotMCMCDiag.cpp][info] Geweke/enu_enubias_211_param_210_Geweke
[PlotMCMCDiag.cpp][warning] continuing along my way for Geweke
[PlotMCMCDiag.cpp][info] Looking for Geweke/enu_enubias_211_param_210_Geweke from file /scratch/abipeake/March2026/Easter_finerxsecbinning_sat11ththapril_robbinsmonroemore2/chain_trimmed_last10M_MCMC_Diag.root
[PlotMCMCDiag.cpp][info] Geweke/enu_enubias_212_param_211_Geweke
[PlotMCMCDiag.cpp][warning] continuing along my way for Geweke
[PlotMCMCDiag.cpp][info] Looking for Geweke/enu_enubias_212_param_211_Geweke from file /scratch/abipeake/March2026/Easter_finerxsecbinning_sat11ththapril_robbinsmonroemore2/chain_trimmed_last10M_MCMC_Diag.root
[PlotMCMCDiag.cpp][info] Geweke/enu_enubias_213_param_212_Geweke
[PlotMCMCDiag.cpp][warning] continuing along my way for Geweke
[PlotMCMCDiag.cpp][info] Looking for Geweke/enu_enubias_213_param_212_Geweke from file /scratch/abipeake/March2026/Easter_finerxsecbinning_sat11ththapril_robbinsmonroemore2/chain_trimmed_last10M_MCMC_Diag.root
[PlotMCMCDiag.cpp][info] Geweke/enu_enubias_214_param_213_Geweke
[PlotMCMCDiag.cpp][warning] continuing along my way for Geweke
[PlotMCMCDiag.cpp][info] Looking for Geweke/enu_enubias_214_param_213_Geweke from file /scratch/abipeake/March2026/Easter_finerxsecbinning_sat11ththapril_robbinsmonroemore2/chain_trimmed_last10M_MCMC_Diag.root
[PlotMCMCDiag.cpp][info] Geweke/enu_enubias_215_param_214_Geweke
[PlotMCMCDiag.cpp][warning] continuing along my way for Geweke
[PlotMCMCDiag.cpp][info] Looking for Geweke/enu_enubias_215_param_214_Geweke from file /scratch/abipeake/March2026/Easter_finerxsecbinning_sat11ththapril_robbinsmonroemore2/chain_trimmed_last10M_MCMC_Diag.root
[PlotMCMCDiag.cpp][info] Geweke/enu_enubias_216_param_215_Geweke
[PlotMCMCDiag.cpp][warning] continuing along my way for Geweke
[PlotMCMCDiag.cpp][info] Looking for Geweke/enu_enubias_216_param_215_Geweke from file /scratch/abipeake/March2026/Easter_finerxsecbinning_sat11ththapril_robbinsmonroemore2/chain_trimmed_last10M_MCMC_Diag.root
[PlotMCMCDiag.cpp][info] Geweke/enu_enubias_217_param_216_Geweke
[PlotMCMCDiag.cpp][warning] continuing along my way for Geweke
[PlotMCMCDiag.cpp][info] Looking for Geweke/enu_enubias_217_param_216_Geweke from file /scratch/abipeake/March2026/Easter_finerxsecbinning_sat11ththapril_robbinsmonroemore2/chain_trimmed_last10M_MCMC_Diag.root
[PlotMCMCDiag.cpp][info] Geweke/enu_enubias_218_param_217_Geweke
[PlotMCMCDiag.cpp][warning] continuing along my way for Geweke
[PlotMCMCDiag.cpp][info] Looking for Geweke/enu_enubias_218_param_217_Geweke from file /scratch/abipeake/March2026/Easter_finerxsecbinning_sat11ththapril_robbinsmonroemore2/chain_trimmed_last10M_MCMC_Diag.root
[PlotMCMCDiag.cpp][info] Geweke/enu_enubias_219_param_218_Geweke
[PlotMCMCDiag.cpp][warning] continuing along my way for Geweke
[PlotMCMCDiag.cpp][info] Looking for Geweke/enu_enubias_219_param_218_Geweke from file /scratch/abipeake/March2026/Easter_finerxsecbinning_sat11ththapril_robbinsmonroemore2/chain_trimmed_last10M_MCMC_Diag.root
[PlotMCMCDiag.cpp][info] Geweke/enu_enubias_220_param_219_Geweke
[PlotMCMCDiag.cpp][warning] continuing along my way for Geweke
[PlotMCMCDiag.cpp][info] Looking for Geweke/enu_enubias_220_param_219_Geweke from file /scratch/abipeake/March2026/Easter_finerxsecbinning_sat11ththapril_robbinsmonroemore2/chain_trimmed_last10M_MCMC_Diag.root
[PlotMCMCDiag.cpp][info] Geweke/enu_enubias_221_param_220_Geweke
[PlotMCMCDiag.cpp][warning] continuing along my way for Geweke
[PlotMCMCDiag.cpp][info] Looking for Geweke/enu_enubias_221_param_220_Geweke from file /scratch/abipeake/March2026/Easter_finerxsecbinning_sat11ththapril_robbinsmonroemore2/chain_trimmed_last10M_MCMC_Diag.root
[PlotMCMCDiag.cpp][info] Geweke/enu_enubias_222_param_221_Geweke
[PlotMCMCDiag.cpp][warning] continuing along my way for Geweke
[PlotMCMCDiag.cpp][info] Looking for Geweke/enu_enubias_222_param_221_Geweke from file /scratch/abipeake/March2026/Easter_finerxsecbinning_sat11ththapril_robbinsmonroemore2/chain_trimmed_last10M_MCMC_Diag.root
[PlotMCMCDiag.cpp][info] Geweke/enu_enubias_223_param_222_Geweke
[PlotMCMCDiag.cpp][warning] continuing along my way for Geweke
[PlotMCMCDiag.cpp][info] Looking for Geweke/enu_enubias_223_param_222_Geweke from file /scratch/abipeake/March2026/Easter_finerxsecbinning_sat11ththapril_robbinsmonroemore2/chain_trimmed_last10M_MCMC_Diag.root
[PlotMCMCDiag.cpp][info] Geweke/enu_enubias_224_param_223_Geweke
[PlotMCMCDiag.cpp][warning] continuing along my way for Geweke
[PlotMCMCDiag.cpp][info] Looking for Geweke/enu_enubias_224_param_223_Geweke from file /scratch/abipeake/March2026/Easter_finerxsecbinning_sat11ththapril_robbinsmonroemore2/chain_trimmed_last10M_MCMC_Diag.root
[PlotMCMCDiag.cpp][info] Geweke/enu_enubias_225_param_224_Geweke
[PlotMCMCDiag.cpp][warning] continuing along my way for Geweke
[PlotMCMCDiag.cpp][info] Looking for Geweke/enu_enubias_225_param_224_Geweke from file /scratch/abipeake/March2026/Easter_finerxsecbinning_sat11ththapril_robbinsmonroemore2/chain_trimmed_last10M_MCMC_Diag.root
[PlotMCMCDiag.cpp][info] Geweke/enu_enubias_226_param_225_Geweke
[PlotMCMCDiag.cpp][warning] continuing along my way for Geweke
[PlotMCMCDiag.cpp][info] Looking for Geweke/enu_enubias_226_param_225_Geweke from file /scratch/abipeake/March2026/Easter_finerxsecbinning_sat11ththapril_robbinsmonroemore2/chain_trimmed_last10M_MCMC_Diag.root
[PlotMCMCDiag.cpp][info] Geweke/enu_enubias_227_param_226_Geweke
[PlotMCMCDiag.cpp][warning] continuing along my way for Geweke
[PlotMCMCDiag.cpp][info] Looking for Geweke/enu_enubias_227_param_226_Geweke from file /scratch/abipeake/March2026/Easter_finerxsecbinning_sat11ththapril_robbinsmonroemore2/chain_trimmed_last10M_MCMC_Diag.root
[PlotMCMCDiag.cpp][info] Geweke/enu_enubias_228_param_227_Geweke
[PlotMCMCDiag.cpp][warning] continuing along my way for Geweke
[PlotMCMCDiag.cpp][info] Looking for Geweke/enu_enubias_228_param_227_Geweke from file /scratch/abipeake/March2026/Easter_finerxsecbinning_sat11ththapril_robbinsmonroemore2/chain_trimmed_last10M_MCMC_Diag.root
[PlotMCMCDiag.cpp][info] Geweke/enu_enubias_229_param_228_Geweke
[PlotMCMCDiag.cpp][warning] continuing along my way for Geweke
[PlotMCMCDiag.cpp][info] Looking for Geweke/enu_enubias_229_param_228_Geweke from file /scratch/abipeake/March2026/Easter_finerxsecbinning_sat11ththapril_robbinsmonroemore2/chain_trimmed_last10M_MCMC_Diag.root
[PlotMCMCDiag.cpp][info] Geweke/enu_enubias_230_param_229_Geweke
[PlotMCMCDiag.cpp][warning] continuing along my way for Geweke
[PlotMCMCDiag.cpp][info] Looking for Geweke/enu_enubias_230_param_229_Geweke from file /scratch/abipeake/March2026/Easter_finerxsecbinning_sat11ththapril_robbinsmonroemore2/chain_trimmed_last10M_MCMC_Diag.root
[PlotMCMCDiag.cpp][info] Geweke/enu_enubias_231_param_230_Geweke
[PlotMCMCDiag.cpp][warning] continuing along my way for Geweke
[PlotMCMCDiag.cpp][info] Looking for Geweke/enu_enubias_231_param_230_Geweke from file /scratch/abipeake/March2026/Easter_finerxsecbinning_sat11ththapril_robbinsmonroemore2/chain_trimmed_last10M_MCMC_Diag.root
[PlotMCMCDiag.cpp][info] Geweke/enu_enubias_232_param_231_Geweke
[PlotMCMCDiag.cpp][warning] continuing along my way for Geweke
[PlotMCMCDiag.cpp][info] Looking for Geweke/enu_enubias_232_param_231_Geweke from file /scratch/abipeake/March2026/Easter_finerxsecbinning_sat11ththapril_robbinsmonroemore2/chain_trimmed_last10M_MCMC_Diag.root
[PlotMCMCDiag.cpp][info] Geweke/enu_enubias_233_param_232_Geweke
[PlotMCMCDiag.cpp][warning] continuing along my way for Geweke
[PlotMCMCDiag.cpp][info] Looking for Geweke/enu_enubias_233_param_232_Geweke from file /scratch/abipeake/March2026/Easter_finerxsecbinning_sat11ththapril_robbinsmonroemore2/chain_trimmed_last10M_MCMC_Diag.root
[PlotMCMCDiag.cpp][info] Geweke/enu_enubias_234_param_233_Geweke
[PlotMCMCDiag.cpp][warning] continuing along my way for Geweke
[PlotMCMCDiag.cpp][info] Looking for Geweke/enu_enubias_234_param_233_Geweke from file /scratch/abipeake/March2026/Easter_finerxsecbinning_sat11ththapril_robbinsmonroemore2/chain_trimmed_last10M_MCMC_Diag.root
[PlotMCMCDiag.cpp][info] Geweke/enu_enubias_235_param_234_Geweke
[PlotMCMCDiag.cpp][warning] continuing along my way for Geweke
[PlotMCMCDiag.cpp][info] Looking for Geweke/enu_enubias_235_param_234_Geweke from file /scratch/abipeake/March2026/Easter_finerxsecbinning_sat11ththapril_robbinsmonroemore2/chain_trimmed_last10M_MCMC_Diag.root
[PlotMCMCDiag.cpp][info] Geweke/enu_enubias_236_param_235_Geweke
[PlotMCMCDiag.cpp][warning] continuing along my way for Geweke
[PlotMCMCDiag.cpp][info] Looking for Geweke/enu_enubias_236_param_235_Geweke from file /scratch/abipeake/March2026/Easter_finerxsecbinning_sat11ththapril_robbinsmonroemore2/chain_trimmed_last10M_MCMC_Diag.root
[PlotMCMCDiag.cpp][info] Geweke/enu_enubias_237_param_236_Geweke
[PlotMCMCDiag.cpp][warning] continuing along my way for Geweke
[PlotMCMCDiag.cpp][info] Looking for Geweke/enu_enubias_237_param_236_Geweke from file /scratch/abipeake/March2026/Easter_finerxsecbinning_sat11ththapril_robbinsmonroemore2/chain_trimmed_last10M_MCMC_Diag.root
[PlotMCMCDiag.cpp][info] Geweke/enu_enubias_238_param_237_Geweke
[PlotMCMCDiag.cpp][warning] continuing along my way for Geweke
[PlotMCMCDiag.cpp][info] Looking for Geweke/enu_enubias_238_param_237_Geweke from file /scratch/abipeake/March2026/Easter_finerxsecbinning_sat11ththapril_robbinsmonroemore2/chain_trimmed_last10M_MCMC_Diag.root
[PlotMCMCDiag.cpp][info] Geweke/enu_enubias_239_param_238_Geweke
[PlotMCMCDiag.cpp][warning] continuing along my way for Geweke
[PlotMCMCDiag.cpp][info] Looking for Geweke/enu_enubias_239_param_238_Geweke from file /scratch/abipeake/March2026/Easter_finerxsecbinning_sat11ththapril_robbinsmonroemore2/chain_trimmed_last10M_MCMC_Diag.root
[PlotMCMCDiag.cpp][info] Geweke/enu_enubias_240_param_239_Geweke
[PlotMCMCDiag.cpp][warning] continuing along my way for Geweke
[PlotMCMCDiag.cpp][info] Looking for Geweke/enu_enubias_240_param_239_Geweke from file /scratch/abipeake/March2026/Easter_finerxsecbinning_sat11ththapril_robbinsmonroemore2/chain_trimmed_last10M_MCMC_Diag.root
[PlotMCMCDiag.cpp][info] Geweke/enu_enubias_241_param_240_Geweke
[PlotMCMCDiag.cpp][warning] continuing along my way for Geweke
[PlotMCMCDiag.cpp][info] Looking for Geweke/enu_enubias_241_param_240_Geweke from file /scratch/abipeake/March2026/Easter_finerxsecbinning_sat11ththapril_robbinsmonroemore2/chain_trimmed_last10M_MCMC_Diag.root
[PlotMCMCDiag.cpp][info] Geweke/enu_enubias_242_param_241_Geweke
[PlotMCMCDiag.cpp][warning] continuing along my way for Geweke
[PlotMCMCDiag.cpp][info] Looking for Geweke/enu_enubias_242_param_241_Geweke from file /scratch/abipeake/March2026/Easter_finerxsecbinning_sat11ththapril_robbinsmonroemore2/chain_trimmed_last10M_MCMC_Diag.root
[PlotMCMCDiag.cpp][info] Geweke/enu_enubias_243_param_242_Geweke
[PlotMCMCDiag.cpp][warning] continuing along my way for Geweke
[PlotMCMCDiag.cpp][info] Looking for Geweke/enu_enubias_243_param_242_Geweke from file /scratch/abipeake/March2026/Easter_finerxsecbinning_sat11ththapril_robbinsmonroemore2/chain_trimmed_last10M_MCMC_Diag.root
[PlotMCMCDiag.cpp][info] Geweke/enu_enubias_244_param_243_Geweke
[PlotMCMCDiag.cpp][warning] continuing along my way for Geweke
[PlotMCMCDiag.cpp][info] Looking for Geweke/enu_enubias_244_param_243_Geweke from file /scratch/abipeake/March2026/Easter_finerxsecbinning_sat11ththapril_robbinsmonroemore2/chain_trimmed_last10M_MCMC_Diag.root
[PlotMCMCDiag.cpp][info] Geweke/enu_enubias_245_param_244_Geweke
[PlotMCMCDiag.cpp][warning] continuing along my way for Geweke
[PlotMCMCDiag.cpp][info] Looking for Geweke/enu_enubias_245_param_244_Geweke from file /scratch/abipeake/March2026/Easter_finerxsecbinning_sat11ththapril_robbinsmonroemore2/chain_trimmed_last10M_MCMC_Diag.root
[PlotMCMCDiag.cpp][info] Geweke/enu_enubias_246_param_245_Geweke
[PlotMCMCDiag.cpp][warning] continuing along my way for Geweke
[PlotMCMCDiag.cpp][info] Looking for Geweke/enu_enubias_246_param_245_Geweke from file /scratch/abipeake/March2026/Easter_finerxsecbinning_sat11ththapril_robbinsmonroemore2/chain_trimmed_last10M_MCMC_Diag.root
[PlotMCMCDiag.cpp][info] Geweke/enu_enubias_247_param_246_Geweke
[PlotMCMCDiag.cpp][warning] continuing along my way for Geweke
[PlotMCMCDiag.cpp][info] Looking for Geweke/enu_enubias_247_param_246_Geweke from file /scratch/abipeake/March2026/Easter_finerxsecbinning_sat11ththapril_robbinsmonroemore2/chain_trimmed_last10M_MCMC_Diag.root
[PlotMCMCDiag.cpp][info] Geweke/enu_enubias_248_param_247_Geweke
[PlotMCMCDiag.cpp][warning] continuing along my way for Geweke
[PlotMCMCDiag.cpp][info] Looking for Geweke/enu_enubias_248_param_247_Geweke from file /scratch/abipeake/March2026/Easter_finerxsecbinning_sat11ththapril_robbinsmonroemore2/chain_trimmed_last10M_MCMC_Diag.root
[PlotMCMCDiag.cpp][info] Geweke/enu_enubias_249_param_248_Geweke
[PlotMCMCDiag.cpp][warning] continuing along my way for Geweke
[PlotMCMCDiag.cpp][info] Looking for Geweke/enu_enubias_249_param_248_Geweke from file /scratch/abipeake/March2026/Easter_finerxsecbinning_sat11ththapril_robbinsmonroemore2/chain_trimmed_last10M_MCMC_Diag.root
[PlotMCMCDiag.cpp][info] Geweke/enu_enubias_250_param_249_Geweke
[PlotMCMCDiag.cpp][warning] continuing along my way for Geweke
[PlotMCMCDiag.cpp][info] Looking for Geweke/enu_enubias_250_param_249_Geweke from file /scratch/abipeake/March2026/Easter_finerxsecbinning_sat11ththapril_robbinsmonroemore2/chain_trimmed_last10M_MCMC_Diag.root
[PlotMCMCDiag.cpp][info] Geweke/enu_enubias_251_param_250_Geweke
[PlotMCMCDiag.cpp][warning] continuing along my way for Geweke
[PlotMCMCDiag.cpp][info] Looking for Geweke/enu_enubias_251_param_250_Geweke from file /scratch/abipeake/March2026/Easter_finerxsecbinning_sat11ththapril_robbinsmonroemore2/chain_trimmed_last10M_MCMC_Diag.root
[PlotMCMCDiag.cpp][info] Geweke/enu_enubias_252_param_251_Geweke
[PlotMCMCDiag.cpp][warning] continuing along my way for Geweke
[PlotMCMCDiag.cpp][info] Looking for Geweke/enu_enubias_252_param_251_Geweke from file /scratch/abipeake/March2026/Easter_finerxsecbinning_sat11ththapril_robbinsmonroemore2/chain_trimmed_last10M_MCMC_Diag.root
[PlotMCMCDiag.cpp][info] Geweke/enu_enubias_253_param_252_Geweke
[PlotMCMCDiag.cpp][warning] continuing along my way for Geweke
[PlotMCMCDiag.cpp][info] Looking for Geweke/enu_enubias_253_param_252_Geweke from file /scratch/abipeake/March2026/Easter_finerxsecbinning_sat11ththapril_robbinsmonroemore2/chain_trimmed_last10M_MCMC_Diag.root
[PlotMCMCDiag.cpp][info] Geweke/enu_enubias_254_param_253_Geweke
[PlotMCMCDiag.cpp][warning] continuing along my way for Geweke
[PlotMCMCDiag.cpp][info] Looking for Geweke/enu_enubias_254_param_253_Geweke from file /scratch/abipeake/March2026/Easter_finerxsecbinning_sat11ththapril_robbinsmonroemore2/chain_trimmed_last10M_MCMC_Diag.root
[PlotMCMCDiag.cpp][info] Geweke/enu_enubias_255_param_254_Geweke
[PlotMCMCDiag.cpp][warning] continuing along my way for Geweke
[PlotMCMCDiag.cpp][info] Looking for Geweke/enu_enubias_255_param_254_Geweke from file /scratch/abipeake/March2026/Easter_finerxsecbinning_sat11ththapril_robbinsmonroemore2/chain_trimmed_last10M_MCMC_Diag.root
[PlotMCMCDiag.cpp][info] Geweke/enu_enubias_256_param_255_Geweke
[PlotMCMCDiag.cpp][warning] continuing along my way for Geweke
[PlotMCMCDiag.cpp][info] Looking for Geweke/enu_enubias_256_param_255_Geweke from file /scratch/abipeake/March2026/Easter_finerxsecbinning_sat11ththapril_robbinsmonroemore2/chain_trimmed_last10M_MCMC_Diag.root
[PlotMCMCDiag.cpp][info] Geweke/enu_enubias_257_param_256_Geweke
[PlotMCMCDiag.cpp][warning] continuing along my way for Geweke
[PlotMCMCDiag.cpp][info] Looking for Geweke/enu_enubias_257_param_256_Geweke from file /scratch/abipeake/March2026/Easter_finerxsecbinning_sat11ththapril_robbinsmonroemore2/chain_trimmed_last10M_MCMC_Diag.root
[PlotMCMCDiag.cpp][info] Geweke/enu_enubias_258_param_257_Geweke
[PlotMCMCDiag.cpp][warning] continuing along my way for Geweke
[PlotMCMCDiag.cpp][info] Looking for Geweke/enu_enubias_258_param_257_Geweke from file /scratch/abipeake/March2026/Easter_finerxsecbinning_sat11ththapril_robbinsmonroemore2/chain_trimmed_last10M_MCMC_Diag.root
[PlotMCMCDiag.cpp][info] Geweke/enu_enubias_259_param_258_Geweke
[PlotMCMCDiag.cpp][warning] continuing along my way for Geweke
[PlotMCMCDiag.cpp][info] Looking for Geweke/enu_enubias_259_param_258_Geweke from file /scratch/abipeake/March2026/Easter_finerxsecbinning_sat11ththapril_robbinsmonroemore2/chain_trimmed_last10M_MCMC_Diag.root
[PlotMCMCDiag.cpp][info] Geweke/enu_enubias_260_param_259_Geweke
[PlotMCMCDiag.cpp][warning] continuing along my way for Geweke
[PlotMCMCDiag.cpp][info] Looking for Geweke/enu_enubias_260_param_259_Geweke from file /scratch/abipeake/March2026/Easter_finerxsecbinning_sat11ththapril_robbinsmonroemore2/chain_trimmed_last10M_MCMC_Diag.root
[PlotMCMCDiag.cpp][info] Geweke/enu_enubias_261_param_260_Geweke
[PlotMCMCDiag.cpp][warning] continuing along my way for Geweke
[PlotMCMCDiag.cpp][info] Looking for Geweke/enu_enubias_261_param_260_Geweke from file /scratch/abipeake/March2026/Easter_finerxsecbinning_sat11ththapril_robbinsmonroemore2/chain_trimmed_last10M_MCMC_Diag.root
[PlotMCMCDiag.cpp][info] Geweke/enu_enubias_262_param_261_Geweke
[PlotMCMCDiag.cpp][warning] continuing along my way for Geweke
[PlotMCMCDiag.cpp][info] Looking for Geweke/enu_enubias_262_param_261_Geweke from file /scratch/abipeake/March2026/Easter_finerxsecbinning_sat11ththapril_robbinsmonroemore2/chain_trimmed_last10M_MCMC_Diag.root
[PlotMCMCDiag.cpp][info] Geweke/enu_enubias_263_param_262_Geweke
[PlotMCMCDiag.cpp][warning] continuing along my way for Geweke
[PlotMCMCDiag.cpp][info] Looking for Geweke/enu_enubias_263_param_262_Geweke from file /scratch/abipeake/March2026/Easter_finerxsecbinning_sat11ththapril_robbinsmonroemore2/chain_trimmed_last10M_MCMC_Diag.root
[PlotMCMCDiag.cpp][info] Geweke/enu_enubias_264_param_263_Geweke
[PlotMCMCDiag.cpp][warning] continuing along my way for Geweke
[PlotMCMCDiag.cpp][info] Looking for Geweke/enu_enubias_264_param_263_Geweke from file /scratch/abipeake/March2026/Easter_finerxsecbinning_sat11ththapril_robbinsmonroemore2/chain_trimmed_last10M_MCMC_Diag.root
[PlotMCMCDiag.cpp][info] Geweke/enu_enubias_265_param_264_Geweke
[PlotMCMCDiag.cpp][warning] continuing along my way for Geweke
[PlotMCMCDiag.cpp][info] Looking for Geweke/enu_enubias_265_param_264_Geweke from file /scratch/abipeake/March2026/Easter_finerxsecbinning_sat11ththapril_robbinsmonroemore2/chain_trimmed_last10M_MCMC_Diag.root
[PlotMCMCDiag.cpp][info] Geweke/enu_enubias_266_param_265_Geweke
[PlotMCMCDiag.cpp][warning] continuing along my way for Geweke
[PlotMCMCDiag.cpp][info] Looking for Geweke/enu_enubias_266_param_265_Geweke from file /scratch/abipeake/March2026/Easter_finerxsecbinning_sat11ththapril_robbinsmonroemore2/chain_trimmed_last10M_MCMC_Diag.root
[PlotMCMCDiag.cpp][info] Geweke/enu_enubias_267_param_266_Geweke
[PlotMCMCDiag.cpp][warning] continuing along my way for Geweke
[PlotMCMCDiag.cpp][info] Looking for Geweke/enu_enubias_267_param_266_Geweke from file /scratch/abipeake/March2026/Easter_finerxsecbinning_sat11ththapril_robbinsmonroemore2/chain_trimmed_last10M_MCMC_Diag.root
[PlotMCMCDiag.cpp][info] Geweke/enu_enubias_268_param_267_Geweke
[PlotMCMCDiag.cpp][warning] continuing along my way for Geweke
[PlotMCMCDiag.cpp][info] Looking for Geweke/enu_enubias_268_param_267_Geweke from file /scratch/abipeake/March2026/Easter_finerxsecbinning_sat11ththapril_robbinsmonroemore2/chain_trimmed_last10M_MCMC_Diag.root
[PlotMCMCDiag.cpp][info] Geweke/enu_enubias_269_param_268_Geweke
[PlotMCMCDiag.cpp][warning] continuing along my way for Geweke
[PlotMCMCDiag.cpp][info] Looking for Geweke/enu_enubias_269_param_268_Geweke from file /scratch/abipeake/March2026/Easter_finerxsecbinning_sat11ththapril_robbinsmonroemore2/chain_trimmed_last10M_MCMC_Diag.root
[PlotMCMCDiag.cpp][info] Geweke/enu_enubias_270_param_269_Geweke
[PlotMCMCDiag.cpp][warning] continuing along my way for Geweke
[PlotMCMCDiag.cpp][info] Looking for Geweke/enu_enubias_270_param_269_Geweke from file /scratch/abipeake/March2026/Easter_finerxsecbinning_sat11ththapril_robbinsmonroemore2/chain_trimmed_last10M_MCMC_Diag.root
[PlotMCMCDiag.cpp][info] Geweke/enu_enubias_271_param_270_Geweke
[PlotMCMCDiag.cpp][warning] continuing along my way for Geweke
[PlotMCMCDiag.cpp][info] Looking for Geweke/enu_enubias_271_param_270_Geweke from file /scratch/abipeake/March2026/Easter_finerxsecbinning_sat11ththapril_robbinsmonroemore2/chain_trimmed_last10M_MCMC_Diag.root
[PlotMCMCDiag.cpp][info] Geweke/enu_enubias_272_param_271_Geweke
[PlotMCMCDiag.cpp][warning] continuing along my way for Geweke
[PlotMCMCDiag.cpp][info] Looking for Geweke/enu_enubias_272_param_271_Geweke from file /scratch/abipeake/March2026/Easter_finerxsecbinning_sat11ththapril_robbinsmonroemore2/chain_trimmed_last10M_MCMC_Diag.root
[PlotMCMCDiag.cpp][info] Geweke/enu_enubias_273_param_272_Geweke
[PlotMCMCDiag.cpp][warning] continuing along my way for Geweke
[PlotMCMCDiag.cpp][info] Looking for Geweke/enu_enubias_273_param_272_Geweke from file /scratch/abipeake/March2026/Easter_finerxsecbinning_sat11ththapril_robbinsmonroemore2/chain_trimmed_last10M_MCMC_Diag.root
[PlotMCMCDiag.cpp][info] Geweke/enu_enubias_274_param_273_Geweke
[PlotMCMCDiag.cpp][warning] continuing along my way for Geweke
[PlotMCMCDiag.cpp][info] Looking for Geweke/enu_enubias_274_param_273_Geweke from file /scratch/abipeake/March2026/Easter_finerxsecbinning_sat11ththapril_robbinsmonroemore2/chain_trimmed_last10M_MCMC_Diag.root
[PlotMCMCDiag.cpp][info] Geweke/enu_enubias_275_param_274_Geweke
[PlotMCMCDiag.cpp][warning] continuing along my way for Geweke
[PlotMCMCDiag.cpp][info] Looking for Geweke/enu_enubias_275_param_274_Geweke from file /scratch/abipeake/March2026/Easter_finerxsecbinning_sat11ththapril_robbinsmonroemore2/chain_trimmed_last10M_MCMC_Diag.root
[PlotMCMCDiag.cpp][info] Geweke/enu_enubias_276_param_275_Geweke
[PlotMCMCDiag.cpp][warning] continuing along my way for Geweke
[PlotMCMCDiag.cpp][info] Looking for Geweke/enu_enubias_276_param_275_Geweke from file /scratch/abipeake/March2026/Easter_finerxsecbinning_sat11ththapril_robbinsmonroemore2/chain_trimmed_last10M_MCMC_Diag.root
[PlotMCMCDiag.cpp][info] Geweke/enu_enubias_277_param_276_Geweke
[PlotMCMCDiag.cpp][warning] continuing along my way for Geweke
[PlotMCMCDiag.cpp][info] Looking for Geweke/enu_enubias_277_param_276_Geweke from file /scratch/abipeake/March2026/Easter_finerxsecbinning_sat11ththapril_robbinsmonroemore2/chain_trimmed_last10M_MCMC_Diag.root
[PlotMCMCDiag.cpp][info] Geweke/enu_enubias_278_param_277_Geweke
[PlotMCMCDiag.cpp][warning] continuing along my way for Geweke
[PlotMCMCDiag.cpp][info] Looking for Geweke/enu_enubias_278_param_277_Geweke from file /scratch/abipeake/March2026/Easter_finerxsecbinning_sat11ththapril_robbinsmonroemore2/chain_trimmed_last10M_MCMC_Diag.root
[PlotMCMCDiag.cpp][info] Geweke/enu_enubias_279_param_278_Geweke
[PlotMCMCDiag.cpp][warning] continuing along my way for Geweke
[PlotMCMCDiag.cpp][info] Looking for Geweke/enu_enubias_279_param_278_Geweke from file /scratch/abipeake/March2026/Easter_finerxsecbinning_sat11ththapril_robbinsmonroemore2/chain_trimmed_last10M_MCMC_Diag.root
[PlotMCMCDiag.cpp][info] Geweke/enu_enubias_280_param_279_Geweke
[PlotMCMCDiag.cpp][warning] continuing along my way for Geweke
[PlotMCMCDiag.cpp][info] Looking for Geweke/enu_enubias_280_param_279_Geweke from file /scratch/abipeake/March2026/Easter_finerxsecbinning_sat11ththapril_robbinsmonroemore2/chain_trimmed_last10M_MCMC_Diag.root
[PlotMCMCDiag.cpp][info] Geweke/enu_enubias_281_param_280_Geweke
[PlotMCMCDiag.cpp][warning] continuing along my way for Geweke
[PlotMCMCDiag.cpp][info] Looking for Geweke/enu_enubias_281_param_280_Geweke from file /scratch/abipeake/March2026/Easter_finerxsecbinning_sat11ththapril_robbinsmonroemore2/chain_trimmed_last10M_MCMC_Diag.root
[PlotMCMCDiag.cpp][info] Geweke/enu_enubias_282_param_281_Geweke
[PlotMCMCDiag.cpp][warning] continuing along my way for Geweke
[PlotMCMCDiag.cpp][info] Looking for Geweke/enu_enubias_282_param_281_Geweke from file /scratch/abipeake/March2026/Easter_finerxsecbinning_sat11ththapril_robbinsmonroemore2/chain_trimmed_last10M_MCMC_Diag.root
[PlotMCMCDiag.cpp][info] Geweke/enu_enubias_283_param_282_Geweke
[PlotMCMCDiag.cpp][warning] continuing along my way for Geweke
[PlotMCMCDiag.cpp][info] Looking for Geweke/enu_enubias_283_param_282_Geweke from file /scratch/abipeake/March2026/Easter_finerxsecbinning_sat11ththapril_robbinsmonroemore2/chain_trimmed_last10M_MCMC_Diag.root
[PlotMCMCDiag.cpp][info] Geweke/enu_enubias_284_param_283_Geweke
[PlotMCMCDiag.cpp][warning] continuing along my way for Geweke
[PlotMCMCDiag.cpp][info] Looking for Geweke/enu_enubias_284_param_283_Geweke from file /scratch/abipeake/March2026/Easter_finerxsecbinning_sat11ththapril_robbinsmonroemore2/chain_trimmed_last10M_MCMC_Diag.root
[PlotMCMCDiag.cpp][info] Geweke/enu_enubias_285_param_284_Geweke
[PlotMCMCDiag.cpp][warning] continuing along my way for Geweke
[PlotMCMCDiag.cpp][info] Looking for Geweke/enu_enubias_285_param_284_Geweke from file /scratch/abipeake/March2026/Easter_finerxsecbinning_sat11ththapril_robbinsmonroemore2/chain_trimmed_last10M_MCMC_Diag.root
[PlotMCMCDiag.cpp][info] Geweke/enu_enubias_286_param_285_Geweke
[PlotMCMCDiag.cpp][warning] continuing along my way for Geweke
[PlotMCMCDiag.cpp][info] Looking for Geweke/enu_enubias_286_param_285_Geweke from file /scratch/abipeake/March2026/Easter_finerxsecbinning_sat11ththapril_robbinsmonroemore2/chain_trimmed_last10M_MCMC_Diag.root
[PlotMCMCDiag.cpp][info] Geweke/enu_enubias_287_param_286_Geweke
[PlotMCMCDiag.cpp][warning] continuing along my way for Geweke
[PlotMCMCDiag.cpp][info] Looking for Geweke/enu_enubias_287_param_286_Geweke from file /scratch/abipeake/March2026/Easter_finerxsecbinning_sat11ththapril_robbinsmonroemore2/chain_trimmed_last10M_MCMC_Diag.root
[PlotMCMCDiag.cpp][info] Geweke/enu_enubias_288_param_287_Geweke
[PlotMCMCDiag.cpp][warning] continuing along my way for Geweke
[PlotMCMCDiag.cpp][info] Looking for Geweke/enu_enubias_288_param_287_Geweke from file /scratch/abipeake/March2026/Easter_finerxsecbinning_sat11ththapril_robbinsmonroemore2/chain_trimmed_last10M_MCMC_Diag.root
[PlotMCMCDiag.cpp][info] Geweke/enu_enubias_289_param_288_Geweke
[PlotMCMCDiag.cpp][warning] continuing along my way for Geweke
[PlotMCMCDiag.cpp][info] Looking for Geweke/enu_enubias_289_param_288_Geweke from file /scratch/abipeake/March2026/Easter_finerxsecbinning_sat11ththapril_robbinsmonroemore2/chain_trimmed_last10M_MCMC_Diag.root
[PlotMCMCDiag.cpp][info] Geweke/enu_enubias_290_param_289_Geweke
[PlotMCMCDiag.cpp][warning] continuing along my way for Geweke
[PlotMCMCDiag.cpp][info] Looking for Geweke/enu_enubias_290_param_289_Geweke from file /scratch/abipeake/March2026/Easter_finerxsecbinning_sat11ththapril_robbinsmonroemore2/chain_trimmed_last10M_MCMC_Diag.root
[PlotMCMCDiag.cpp][info] Geweke/enu_enubias_291_param_290_Geweke
[PlotMCMCDiag.cpp][warning] continuing along my way for Geweke
[PlotMCMCDiag.cpp][info] Looking for Geweke/enu_enubias_291_param_290_Geweke from file /scratch/abipeake/March2026/Easter_finerxsecbinning_sat11ththapril_robbinsmonroemore2/chain_trimmed_last10M_MCMC_Diag.root
[PlotMCMCDiag.cpp][info] Geweke/enu_enubias_292_param_291_Geweke
[PlotMCMCDiag.cpp][warning] continuing along my way for Geweke
[PlotMCMCDiag.cpp][info] Looking for Geweke/enu_enubias_292_param_291_Geweke from file /scratch/abipeake/March2026/Easter_finerxsecbinning_sat11ththapril_robbinsmonroemore2/chain_trimmed_last10M_MCMC_Diag.root
[PlotMCMCDiag.cpp][info] Geweke/enu_enubias_293_param_292_Geweke
[PlotMCMCDiag.cpp][warning] continuing along my way for Geweke
[PlotMCMCDiag.cpp][info] Looking for Geweke/enu_enubias_293_param_292_Geweke from file /scratch/abipeake/March2026/Easter_finerxsecbinning_sat11ththapril_robbinsmonroemore2/chain_trimmed_last10M_MCMC_Diag.root
[PlotMCMCDiag.cpp][info] Geweke/enu_enubias_294_param_293_Geweke
[PlotMCMCDiag.cpp][warning] continuing along my way for Geweke
[PlotMCMCDiag.cpp][info] Looking for Geweke/enu_enubias_294_param_293_Geweke from file /scratch/abipeake/March2026/Easter_finerxsecbinning_sat11ththapril_robbinsmonroemore2/chain_trimmed_last10M_MCMC_Diag.root
[PlotMCMCDiag.cpp][info] Geweke/enu_enubias_295_param_294_Geweke
[PlotMCMCDiag.cpp][warning] continuing along my way for Geweke
[PlotMCMCDiag.cpp][info] Looking for Geweke/enu_enubias_295_param_294_Geweke from file /scratch/abipeake/March2026/Easter_finerxsecbinning_sat11ththapril_robbinsmonroemore2/chain_trimmed_last10M_MCMC_Diag.root
[PlotMCMCDiag.cpp][info] Geweke/enu_enubias_296_param_295_Geweke
[PlotMCMCDiag.cpp][warning] continuing along my way for Geweke
[PlotMCMCDiag.cpp][info] Looking for Geweke/enu_enubias_296_param_295_Geweke from file /scratch/abipeake/March2026/Easter_finerxsecbinning_sat11ththapril_robbinsmonroemore2/chain_trimmed_last10M_MCMC_Diag.root
[PlotMCMCDiag.cpp][info] Geweke/enu_enubias_297_param_296_Geweke
[PlotMCMCDiag.cpp][warning] continuing along my way for Geweke
[PlotMCMCDiag.cpp][info] Looking for Geweke/enu_enubias_297_param_296_Geweke from file /scratch/abipeake/March2026/Easter_finerxsecbinning_sat11ththapril_robbinsmonroemore2/chain_trimmed_last10M_MCMC_Diag.root
[PlotMCMCDiag.cpp][info] Geweke/enu_enubias_298_param_297_Geweke
[PlotMCMCDiag.cpp][warning] continuing along my way for Geweke
[PlotMCMCDiag.cpp][info] Looking for Geweke/enu_enubias_298_param_297_Geweke from file /scratch/abipeake/March2026/Easter_finerxsecbinning_sat11ththapril_robbinsmonroemore2/chain_trimmed_last10M_MCMC_Diag.root
[PlotMCMCDiag.cpp][info] Geweke/enu_enubias_299_param_298_Geweke
[PlotMCMCDiag.cpp][warning] continuing along my way for Geweke
[PlotMCMCDiag.cpp][info] Looking for Geweke/enu_enubias_299_param_298_Geweke from file /scratch/abipeake/March2026/Easter_finerxsecbinning_sat11ththapril_robbinsmonroemore2/chain_trimmed_last10M_MCMC_Diag.root
[PlotMCMCDiag.cpp][info] Geweke/enu_enubias_300_param_299_Geweke
[PlotMCMCDiag.cpp][warning] continuing along my way for Geweke
[PlotMCMCDiag.cpp][info] Looking for Geweke/enu_enubias_300_param_299_Geweke from file /scratch/abipeake/March2026/Easter_finerxsecbinning_sat11ththapril_robbinsmonroemore2/chain_trimmed_last10M_MCMC_Diag.root
[PlotMCMCDiag.cpp][info] Geweke/enu_enubias_301_param_300_Geweke
[PlotMCMCDiag.cpp][warning] continuing along my way for Geweke
[PlotMCMCDiag.cpp][info] Looking for Geweke/enu_enubias_301_param_300_Geweke from file /scratch/abipeake/March2026/Easter_finerxsecbinning_sat11ththapril_robbinsmonroemore2/chain_trimmed_last10M_MCMC_Diag.root
[PlotMCMCDiag.cpp][info] Geweke/enu_enubias_302_param_301_Geweke
[PlotMCMCDiag.cpp][warning] continuing along my way for Geweke
[PlotMCMCDiag.cpp][info] Looking for Geweke/enu_enubias_302_param_301_Geweke from file /scratch/abipeake/March2026/Easter_finerxsecbinning_sat11ththapril_robbinsmonroemore2/chain_trimmed_last10M_MCMC_Diag.root
[PlotMCMCDiag.cpp][info] Geweke/enu_enubias_303_param_302_Geweke
[PlotMCMCDiag.cpp][warning] continuing along my way for Geweke
[PlotMCMCDiag.cpp][info] Looking for Geweke/enu_enubias_303_param_302_Geweke from file /scratch/abipeake/March2026/Easter_finerxsecbinning_sat11ththapril_robbinsmonroemore2/chain_trimmed_last10M_MCMC_Diag.root
[PlotMCMCDiag.cpp][info] Geweke/enu_enubias_304_param_303_Geweke
[PlotMCMCDiag.cpp][warning] continuing along my way for Geweke
[PlotMCMCDiag.cpp][info] Looking for Geweke/enu_enubias_304_param_303_Geweke from file /scratch/abipeake/March2026/Easter_finerxsecbinning_sat11ththapril_robbinsmonroemore2/chain_trimmed_last10M_MCMC_Diag.root
[PlotMCMCDiag.cpp][info] Geweke/enu_enubias_305_param_304_Geweke
[PlotMCMCDiag.cpp][warning] continuing along my way for Geweke
[PlotMCMCDiag.cpp][info] Looking for Geweke/enu_enubias_305_param_304_Geweke from file /scratch/abipeake/March2026/Easter_finerxsecbinning_sat11ththapril_robbinsmonroemore2/chain_trimmed_last10M_MCMC_Diag.root
[PlotMCMCDiag.cpp][info] Geweke/enu_enubias_306_param_305_Geweke
[PlotMCMCDiag.cpp][warning] continuing along my way for Geweke
[PlotMCMCDiag.cpp][info] Looking for Geweke/enu_enubias_306_param_305_Geweke from file /scratch/abipeake/March2026/Easter_finerxsecbinning_sat11ththapril_robbinsmonroemore2/chain_trimmed_last10M_MCMC_Diag.root
[PlotMCMCDiag.cpp][info] Geweke/enu_enubias_307_param_306_Geweke
[PlotMCMCDiag.cpp][warning] continuing along my way for Geweke
[PlotMCMCDiag.cpp][info] Looking for Geweke/enu_enubias_307_param_306_Geweke from file /scratch/abipeake/March2026/Easter_finerxsecbinning_sat11ththapril_robbinsmonroemore2/chain_trimmed_last10M_MCMC_Diag.root
[PlotMCMCDiag.cpp][info] Geweke/enu_enubias_308_param_307_Geweke
[PlotMCMCDiag.cpp][warning] continuing along my way for Geweke
[PlotMCMCDiag.cpp][info] Looking for Geweke/enu_enubias_308_param_307_Geweke from file /scratch/abipeake/March2026/Easter_finerxsecbinning_sat11ththapril_robbinsmonroemore2/chain_trimmed_last10M_MCMC_Diag.root
[PlotMCMCDiag.cpp][info] Geweke/enu_enubias_309_param_308_Geweke
[PlotMCMCDiag.cpp][warning] continuing along my way for Geweke
[PlotMCMCDiag.cpp][info] Looking for Geweke/enu_enubias_309_param_308_Geweke from file /scratch/abipeake/March2026/Easter_finerxsecbinning_sat11ththapril_robbinsmonroemore2/chain_trimmed_last10M_MCMC_Diag.root
[PlotMCMCDiag.cpp][info] Geweke/enu_enubias_310_param_309_Geweke
[PlotMCMCDiag.cpp][warning] continuing along my way for Geweke
[PlotMCMCDiag.cpp][info] Looking for Geweke/enu_enubias_310_param_309_Geweke from file /scratch/abipeake/March2026/Easter_finerxsecbinning_sat11ththapril_robbinsmonroemore2/chain_trimmed_last10M_MCMC_Diag.root
[PlotMCMCDiag.cpp][info] Geweke/enu_enubias_311_param_310_Geweke
[PlotMCMCDiag.cpp][warning] continuing along my way for Geweke
[PlotMCMCDiag.cpp][info] Looking for Geweke/enu_enubias_311_param_310_Geweke from file /scratch/abipeake/March2026/Easter_finerxsecbinning_sat11ththapril_robbinsmonroemore2/chain_trimmed_last10M_MCMC_Diag.root
[PlotMCMCDiag.cpp][info] Geweke/enu_enubias_312_param_311_Geweke
[PlotMCMCDiag.cpp][warning] continuing along my way for Geweke
[PlotMCMCDiag.cpp][info] Looking for Geweke/enu_enubias_312_param_311_Geweke from file /scratch/abipeake/March2026/Easter_finerxsecbinning_sat11ththapril_robbinsmonroemore2/chain_trimmed_last10M_MCMC_Diag.root
[PlotMCMCDiag.cpp][info] Geweke/enu_enubias_313_param_312_Geweke
[PlotMCMCDiag.cpp][warning] continuing along my way for Geweke
[PlotMCMCDiag.cpp][info] Looking for Geweke/enu_enubias_313_param_312_Geweke from file /scratch/abipeake/March2026/Easter_finerxsecbinning_sat11ththapril_robbinsmonroemore2/chain_trimmed_last10M_MCMC_Diag.root
[PlotMCMCDiag.cpp][info] Geweke/enu_enubias_314_param_313_Geweke
[PlotMCMCDiag.cpp][warning] continuing along my way for Geweke
[PlotMCMCDiag.cpp][info] Looking for Geweke/enu_enubias_314_param_313_Geweke from file /scratch/abipeake/March2026/Easter_finerxsecbinning_sat11ththapril_robbinsmonroemore2/chain_trimmed_last10M_MCMC_Diag.root
[PlotMCMCDiag.cpp][info] Geweke/enu_enubias_315_param_314_Geweke
[PlotMCMCDiag.cpp][warning] continuing along my way for Geweke
[PlotMCMCDiag.cpp][info] Looking for Geweke/enu_enubias_315_param_314_Geweke from file /scratch/abipeake/March2026/Easter_finerxsecbinning_sat11ththapril_robbinsmonroemore2/chain_trimmed_last10M_MCMC_Diag.root
[PlotMCMCDiag.cpp][info] Geweke/enu_enubias_316_param_315_Geweke
[PlotMCMCDiag.cpp][warning] continuing along my way for Geweke
[PlotMCMCDiag.cpp][info] Looking for Geweke/enu_enubias_316_param_315_Geweke from file /scratch/abipeake/March2026/Easter_finerxsecbinning_sat11ththapril_robbinsmonroemore2/chain_trimmed_last10M_MCMC_Diag.root
[PlotMCMCDiag.cpp][info] Geweke/enu_enubias_317_param_316_Geweke
[PlotMCMCDiag.cpp][warning] continuing along my way for Geweke
[PlotMCMCDiag.cpp][info] Looking for Geweke/enu_enubias_317_param_316_Geweke from file /scratch/abipeake/March2026/Easter_finerxsecbinning_sat11ththapril_robbinsmonroemore2/chain_trimmed_last10M_MCMC_Diag.root
[PlotMCMCDiag.cpp][info] Geweke/enu_enubias_318_param_317_Geweke
[PlotMCMCDiag.cpp][warning] continuing along my way for Geweke
[PlotMCMCDiag.cpp][info] Looking for Geweke/enu_enubias_318_param_317_Geweke from file /scratch/abipeake/March2026/Easter_finerxsecbinning_sat11ththapril_robbinsmonroemore2/chain_trimmed_last10M_MCMC_Diag.root
[PlotMCMCDiag.cpp][info] Geweke/enu_enubias_319_param_318_Geweke
[PlotMCMCDiag.cpp][warning] continuing along my way for Geweke
[PlotMCMCDiag.cpp][info] Looking for Geweke/enu_enubias_319_param_318_Geweke from file /scratch/abipeake/March2026/Easter_finerxsecbinning_sat11ththapril_robbinsmonroemore2/chain_trimmed_last10M_MCMC_Diag.root
[PlotMCMCDiag.cpp][info] Geweke/enu_enubias_320_param_319_Geweke
[PlotMCMCDiag.cpp][warning] continuing along my way for Geweke
[PlotMCMCDiag.cpp][info] Looking for Geweke/enu_enubias_320_param_319_Geweke from file /scratch/abipeake/March2026/Easter_finerxsecbinning_sat11ththapril_robbinsmonroemore2/chain_trimmed_last10M_MCMC_Diag.root
[PlotMCMCDiag.cpp][info] Geweke/enu_enubias_321_param_320_Geweke
[PlotMCMCDiag.cpp][warning] continuing along my way for Geweke
[PlotMCMCDiag.cpp][info] Looking for Geweke/enu_enubias_321_param_320_Geweke from file /scratch/abipeake/March2026/Easter_finerxsecbinning_sat11ththapril_robbinsmonroemore2/chain_trimmed_last10M_MCMC_Diag.root
[PlotMCMCDiag.cpp][info] Geweke/enu_enubias_322_param_321_Geweke
[PlotMCMCDiag.cpp][warning] continuing along my way for Geweke
[PlotMCMCDiag.cpp][info] Looking for Geweke/enu_enubias_322_param_321_Geweke from file /scratch/abipeake/March2026/Easter_finerxsecbinning_sat11ththapril_robbinsmonroemore2/chain_trimmed_last10M_MCMC_Diag.root
[PlotMCMCDiag.cpp][info] Geweke/enu_enubias_323_param_322_Geweke
[PlotMCMCDiag.cpp][warning] continuing along my way for Geweke
[PlotMCMCDiag.cpp][info] Looking for Geweke/enu_enubias_323_param_322_Geweke from file /scratch/abipeake/March2026/Easter_finerxsecbinning_sat11ththapril_robbinsmonroemore2/chain_trimmed_last10M_MCMC_Diag.root
[PlotMCMCDiag.cpp][info] Geweke/enu_enubias_324_param_323_Geweke
[PlotMCMCDiag.cpp][warning] continuing along my way for Geweke
[PlotMCMCDiag.cpp][info] Looking for Geweke/enu_enubias_324_param_323_Geweke from file /scratch/abipeake/March2026/Easter_finerxsecbinning_sat11ththapril_robbinsmonroemore2/chain_trimmed_last10M_MCMC_Diag.root
[PlotMCMCDiag.cpp][info] Geweke/enu_enubias_325_param_324_Geweke
[PlotMCMCDiag.cpp][warning] continuing along my way for Geweke
[PlotMCMCDiag.cpp][info] Looking for Geweke/enu_enubias_325_param_324_Geweke from file /scratch/abipeake/March2026/Easter_finerxsecbinning_sat11ththapril_robbinsmonroemore2/chain_trimmed_last10M_MCMC_Diag.root
[PlotMCMCDiag.cpp][info] Geweke/enu_enubias_326_param_325_Geweke
[PlotMCMCDiag.cpp][warning] continuing along my way for Geweke
[PlotMCMCDiag.cpp][info] Looking for Geweke/enu_enubias_326_param_325_Geweke from file /scratch/abipeake/March2026/Easter_finerxsecbinning_sat11ththapril_robbinsmonroemore2/chain_trimmed_last10M_MCMC_Diag.root
[PlotMCMCDiag.cpp][info] Geweke/enu_enubias_327_param_326_Geweke
[PlotMCMCDiag.cpp][warning] continuing along my way for Geweke
[PlotMCMCDiag.cpp][info] Looking for Geweke/enu_enubias_327_param_326_Geweke from file /scratch/abipeake/March2026/Easter_finerxsecbinning_sat11ththapril_robbinsmonroemore2/chain_trimmed_last10M_MCMC_Diag.root
[PlotMCMCDiag.cpp][info] Geweke/enu_enubias_328_param_327_Geweke
[PlotMCMCDiag.cpp][warning] continuing along my way for Geweke
[PlotMCMCDiag.cpp][info] Looking for Geweke/enu_enubias_328_param_327_Geweke from file /scratch/abipeake/March2026/Easter_finerxsecbinning_sat11ththapril_robbinsmonroemore2/chain_trimmed_last10M_MCMC_Diag.root
[PlotMCMCDiag.cpp][info] Geweke/enu_enubias_329_param_328_Geweke
[PlotMCMCDiag.cpp][warning] continuing along my way for Geweke
[PlotMCMCDiag.cpp][info] Looking for Geweke/enu_enubias_329_param_328_Geweke from file /scratch/abipeake/March2026/Easter_finerxsecbinning_sat11ththapril_robbinsmonroemore2/chain_trimmed_last10M_MCMC_Diag.root
[PlotMCMCDiag.cpp][info] Geweke/enu_enubias_330_param_329_Geweke
[PlotMCMCDiag.cpp][warning] continuing along my way for Geweke
[PlotMCMCDiag.cpp][info] Looking for Geweke/enu_enubias_330_param_329_Geweke from file /scratch/abipeake/March2026/Easter_finerxsecbinning_sat11ththapril_robbinsmonroemore2/chain_trimmed_last10M_MCMC_Diag.root
[PlotMCMCDiag.cpp][info] Geweke/enu_enubias_331_param_330_Geweke
[PlotMCMCDiag.cpp][warning] continuing along my way for Geweke
[PlotMCMCDiag.cpp][info] Looking for Geweke/enu_enubias_331_param_330_Geweke from file /scratch/abipeake/March2026/Easter_finerxsecbinning_sat11ththapril_robbinsmonroemore2/chain_trimmed_last10M_MCMC_Diag.root
[PlotMCMCDiag.cpp][info] Geweke/enu_enubias_332_param_331_Geweke
[PlotMCMCDiag.cpp][warning] continuing along my way for Geweke
[PlotMCMCDiag.cpp][info] Looking for Geweke/enu_enubias_332_param_331_Geweke from file /scratch/abipeake/March2026/Easter_finerxsecbinning_sat11ththapril_robbinsmonroemore2/chain_trimmed_last10M_MCMC_Diag.root
[PlotMCMCDiag.cpp][info] Geweke/enu_enubias_333_param_332_Geweke
[PlotMCMCDiag.cpp][warning] continuing along my way for Geweke
[PlotMCMCDiag.cpp][info] Looking for Geweke/enu_enubias_333_param_332_Geweke from file /scratch/abipeake/March2026/Easter_finerxsecbinning_sat11ththapril_robbinsmonroemore2/chain_trimmed_last10M_MCMC_Diag.root
[PlotMCMCDiag.cpp][info] Geweke/enu_enubias_334_param_333_Geweke
[PlotMCMCDiag.cpp][warning] continuing along my way for Geweke
[PlotMCMCDiag.cpp][info] Looking for Geweke/enu_enubias_334_param_333_Geweke from file /scratch/abipeake/March2026/Easter_finerxsecbinning_sat11ththapril_robbinsmonroemore2/chain_trimmed_last10M_MCMC_Diag.root
[PlotMCMCDiag.cpp][info] Geweke/enu_enubias_335_param_334_Geweke
[PlotMCMCDiag.cpp][warning] continuing along my way for Geweke
[PlotMCMCDiag.cpp][info] Looking for Geweke/enu_enubias_335_param_334_Geweke from file /scratch/abipeake/March2026/Easter_finerxsecbinning_sat11ththapril_robbinsmonroemore2/chain_trimmed_last10M_MCMC_Diag.root
[PlotMCMCDiag.cpp][info] Geweke/enu_enubias_336_param_335_Geweke
[PlotMCMCDiag.cpp][warning] continuing along my way for Geweke
[PlotMCMCDiag.cpp][info] Looking for Geweke/enu_enubias_336_param_335_Geweke from file /scratch/abipeake/March2026/Easter_finerxsecbinning_sat11ththapril_robbinsmonroemore2/chain_trimmed_last10M_MCMC_Diag.root
[PlotMCMCDiag.cpp][info] Geweke/enu_enubias_337_param_336_Geweke
[PlotMCMCDiag.cpp][warning] continuing along my way for Geweke
[PlotMCMCDiag.cpp][info] Looking for Geweke/enu_enubias_337_param_336_Geweke from file /scratch/abipeake/March2026/Easter_finerxsecbinning_sat11ththapril_robbinsmonroemore2/chain_trimmed_last10M_MCMC_Diag.root
[PlotMCMCDiag.cpp][info] Geweke/enu_enubias_338_param_337_Geweke
[PlotMCMCDiag.cpp][warning] continuing along my way for Geweke
[PlotMCMCDiag.cpp][info] Looking for Geweke/enu_enubias_338_param_337_Geweke from file /scratch/abipeake/March2026/Easter_finerxsecbinning_sat11ththapril_robbinsmonroemore2/chain_trimmed_last10M_MCMC_Diag.root
[PlotMCMCDiag.cpp][info] Geweke/enu_enubias_339_param_338_Geweke
[PlotMCMCDiag.cpp][warning] continuing along my way for Geweke
[PlotMCMCDiag.cpp][info] Looking for Geweke/enu_enubias_339_param_338_Geweke from file /scratch/abipeake/March2026/Easter_finerxsecbinning_sat11ththapril_robbinsmonroemore2/chain_trimmed_last10M_MCMC_Diag.root
[PlotMCMCDiag.cpp][info] Geweke/enu_enubias_340_param_339_Geweke
[PlotMCMCDiag.cpp][warning] continuing along my way for Geweke
[PlotMCMCDiag.cpp][info] Looking for Geweke/enu_enubias_340_param_339_Geweke from file /scratch/abipeake/March2026/Easter_finerxsecbinning_sat11ththapril_robbinsmonroemore2/chain_trimmed_last10M_MCMC_Diag.root
[PlotMCMCDiag.cpp][info] Geweke/enu_enubias_341_param_340_Geweke
[PlotMCMCDiag.cpp][warning] continuing along my way for Geweke
[PlotMCMCDiag.cpp][info] Looking for Geweke/enu_enubias_341_param_340_Geweke from file /scratch/abipeake/March2026/Easter_finerxsecbinning_sat11ththapril_robbinsmonroemore2/chain_trimmed_last10M_MCMC_Diag.root
[PlotMCMCDiag.cpp][info] Geweke/enu_enubias_342_param_341_Geweke
[PlotMCMCDiag.cpp][warning] continuing along my way for Geweke
[PlotMCMCDiag.cpp][info] Looking for Geweke/enu_enubias_342_param_341_Geweke from file /scratch/abipeake/March2026/Easter_finerxsecbinning_sat11ththapril_robbinsmonroemore2/chain_trimmed_last10M_MCMC_Diag.root
[PlotMCMCDiag.cpp][info] Geweke/enu_enubias_343_param_342_Geweke
[PlotMCMCDiag.cpp][warning] continuing along my way for Geweke
[PlotMCMCDiag.cpp][info] Looking for Geweke/enu_enubias_343_param_342_Geweke from file /scratch/abipeake/March2026/Easter_finerxsecbinning_sat11ththapril_robbinsmonroemore2/chain_trimmed_last10M_MCMC_Diag.root
[PlotMCMCDiag.cpp][info] Geweke/enu_enubias_344_param_343_Geweke
[PlotMCMCDiag.cpp][warning] continuing along my way for Geweke
[PlotMCMCDiag.cpp][info] Looking for Geweke/enu_enubias_344_param_343_Geweke from file /scratch/abipeake/March2026/Easter_finerxsecbinning_sat11ththapril_robbinsmonroemore2/chain_trimmed_last10M_MCMC_Diag.root
[PlotMCMCDiag.cpp][info] Geweke/enu_enubias_345_param_344_Geweke
[PlotMCMCDiag.cpp][warning] continuing along my way for Geweke
[PlotMCMCDiag.cpp][info] Looking for Geweke/enu_enubias_345_param_344_Geweke from file /scratch/abipeake/March2026/Easter_finerxsecbinning_sat11ththapril_robbinsmonroemore2/chain_trimmed_last10M_MCMC_Diag.root
[PlotMCMCDiag.cpp][info] Geweke/enu_enubias_346_param_345_Geweke
[PlotMCMCDiag.cpp][warning] continuing along my way for Geweke
[PlotMCMCDiag.cpp][info] Looking for Geweke/enu_enubias_346_param_345_Geweke from file /scratch/abipeake/March2026/Easter_finerxsecbinning_sat11ththapril_robbinsmonroemore2/chain_trimmed_last10M_MCMC_Diag.root
[PlotMCMCDiag.cpp][info] Geweke/enu_enubias_347_param_346_Geweke
[PlotMCMCDiag.cpp][warning] continuing along my way for Geweke
[PlotMCMCDiag.cpp][info] Looking for Geweke/enu_enubias_347_param_346_Geweke from file /scratch/abipeake/March2026/Easter_finerxsecbinning_sat11ththapril_robbinsmonroemore2/chain_trimmed_last10M_MCMC_Diag.root
[PlotMCMCDiag.cpp][info] Geweke/enu_enubias_348_param_347_Geweke
[PlotMCMCDiag.cpp][warning] continuing along my way for Geweke
[PlotMCMCDiag.cpp][info] Looking for Geweke/enu_enubias_348_param_347_Geweke from file /scratch/abipeake/March2026/Easter_finerxsecbinning_sat11ththapril_robbinsmonroemore2/chain_trimmed_last10M_MCMC_Diag.root
[PlotMCMCDiag.cpp][info] Geweke/enu_enubias_349_param_348_Geweke
[PlotMCMCDiag.cpp][warning] continuing along my way for Geweke
[PlotMCMCDiag.cpp][info] Looking for Geweke/enu_enubias_349_param_348_Geweke from file /scratch/abipeake/March2026/Easter_finerxsecbinning_sat11ththapril_robbinsmonroemore2/chain_trimmed_last10M_MCMC_Diag.root
[PlotMCMCDiag.cpp][info] Geweke/enu_enubias_350_param_349_Geweke
[PlotMCMCDiag.cpp][warning] continuing along my way for Geweke
[PlotMCMCDiag.cpp][info] Looking for Geweke/enu_enubias_350_param_349_Geweke from file /scratch/abipeake/March2026/Easter_finerxsecbinning_sat11ththapril_robbinsmonroemore2/chain_trimmed_last10M_MCMC_Diag.root
[PlotMCMCDiag.cpp][info] Geweke/enu_enubias_351_param_350_Geweke
[PlotMCMCDiag.cpp][warning] continuing along my way for Geweke
[PlotMCMCDiag.cpp][info] Looking for Geweke/enu_enubias_351_param_350_Geweke from file /scratch/abipeake/March2026/Easter_finerxsecbinning_sat11ththapril_robbinsmonroemore2/chain_trimmed_last10M_MCMC_Diag.root
[PlotMCMCDiag.cpp][info] Geweke/enu_enubias_352_param_351_Geweke
[PlotMCMCDiag.cpp][warning] continuing along my way for Geweke
[PlotMCMCDiag.cpp][info] Looking for Geweke/enu_enubias_352_param_351_Geweke from file /scratch/abipeake/March2026/Easter_finerxsecbinning_sat11ththapril_robbinsmonroemore2/chain_trimmed_last10M_MCMC_Diag.root
[PlotMCMCDiag.cpp][info] Geweke/enu_enubias_353_param_352_Geweke
[PlotMCMCDiag.cpp][warning] continuing along my way for Geweke
[PlotMCMCDiag.cpp][info] Looking for Geweke/enu_enubias_353_param_352_Geweke from file /scratch/abipeake/March2026/Easter_finerxsecbinning_sat11ththapril_robbinsmonroemore2/chain_trimmed_last10M_MCMC_Diag.root
[PlotMCMCDiag.cpp][info] Geweke/enu_enubias_354_param_353_Geweke
[PlotMCMCDiag.cpp][warning] continuing along my way for Geweke
[PlotMCMCDiag.cpp][info] Looking for Geweke/enu_enubias_354_param_353_Geweke from file /scratch/abipeake/March2026/Easter_finerxsecbinning_sat11ththapril_robbinsmonroemore2/chain_trimmed_last10M_MCMC_Diag.root
[PlotMCMCDiag.cpp][info] Geweke/enu_enubias_355_param_354_Geweke
[PlotMCMCDiag.cpp][warning] continuing along my way for Geweke
[PlotMCMCDiag.cpp][info] Looking for Geweke/enu_enubias_355_param_354_Geweke from file /scratch/abipeake/March2026/Easter_finerxsecbinning_sat11ththapril_robbinsmonroemore2/chain_trimmed_last10M_MCMC_Diag.root
[PlotMCMCDiag.cpp][info] Geweke/enu_enubias_356_param_355_Geweke
[PlotMCMCDiag.cpp][warning] continuing along my way for Geweke
[PlotMCMCDiag.cpp][info] Looking for Geweke/enu_enubias_356_param_355_Geweke from file /scratch/abipeake/March2026/Easter_finerxsecbinning_sat11ththapril_robbinsmonroemore2/chain_trimmed_last10M_MCMC_Diag.root
[PlotMCMCDiag.cpp][info] Geweke/enu_enubias_357_param_356_Geweke
[PlotMCMCDiag.cpp][warning] continuing along my way for Geweke
[PlotMCMCDiag.cpp][info] Looking for Geweke/enu_enubias_357_param_356_Geweke from file /scratch/abipeake/March2026/Easter_finerxsecbinning_sat11ththapril_robbinsmonroemore2/chain_trimmed_last10M_MCMC_Diag.root
[PlotMCMCDiag.cpp][info] Geweke/enu_enubias_358_param_357_Geweke
[PlotMCMCDiag.cpp][warning] continuing along my way for Geweke
[PlotMCMCDiag.cpp][info] Looking for Geweke/enu_enubias_358_param_357_Geweke from file /scratch/abipeake/March2026/Easter_finerxsecbinning_sat11ththapril_robbinsmonroemore2/chain_trimmed_last10M_MCMC_Diag.root
[PlotMCMCDiag.cpp][info] Geweke/enu_enubias_359_param_358_Geweke
[PlotMCMCDiag.cpp][warning] continuing along my way for Geweke
[PlotMCMCDiag.cpp][info] Looking for Geweke/enu_enubias_359_param_358_Geweke from file /scratch/abipeake/March2026/Easter_finerxsecbinning_sat11ththapril_robbinsmonroemore2/chain_trimmed_last10M_MCMC_Diag.root
[PlotMCMCDiag.cpp][info] Geweke/enu_enubias_360_param_359_Geweke
[PlotMCMCDiag.cpp][warning] continuing along my way for Geweke
[PlotMCMCDiag.cpp][info] Looking for Geweke/enu_enubias_360_param_359_Geweke from file /scratch/abipeake/March2026/Easter_finerxsecbinning_sat11ththapril_robbinsmonroemore2/chain_trimmed_last10M_MCMC_Diag.root
[PlotMCMCDiag.cpp][info] Geweke/enu_enubias_361_param_360_Geweke
[PlotMCMCDiag.cpp][warning] continuing along my way for Geweke
[PlotMCMCDiag.cpp][info] Looking for Geweke/enu_enubias_361_param_360_Geweke from file /scratch/abipeake/March2026/Easter_finerxsecbinning_sat11ththapril_robbinsmonroemore2/chain_trimmed_last10M_MCMC_Diag.root
[PlotMCMCDiag.cpp][info] Geweke/enu_enubias_362_param_361_Geweke
[PlotMCMCDiag.cpp][warning] continuing along my way for Geweke
[PlotMCMCDiag.cpp][info] Looking for Geweke/enu_enubias_362_param_361_Geweke from file /scratch/abipeake/March2026/Easter_finerxsecbinning_sat11ththapril_robbinsmonroemore2/chain_trimmed_last10M_MCMC_Diag.root
[PlotMCMCDiag.cpp][info] Geweke/enu_enubias_363_param_362_Geweke
[PlotMCMCDiag.cpp][warning] continuing along my way for Geweke
[PlotMCMCDiag.cpp][info] Looking for Geweke/enu_enubias_363_param_362_Geweke from file /scratch/abipeake/March2026/Easter_finerxsecbinning_sat11ththapril_robbinsmonroemore2/chain_trimmed_last10M_MCMC_Diag.root
[PlotMCMCDiag.cpp][info] Geweke/enu_enubias_364_param_363_Geweke
[PlotMCMCDiag.cpp][warning] continuing along my way for Geweke
[PlotMCMCDiag.cpp][info] Looking for Geweke/enu_enubias_364_param_363_Geweke from file /scratch/abipeake/March2026/Easter_finerxsecbinning_sat11ththapril_robbinsmonroemore2/chain_trimmed_last10M_MCMC_Diag.root
[PlotMCMCDiag.cpp][info] Geweke/enu_enubias_365_param_364_Geweke
[PlotMCMCDiag.cpp][warning] continuing along my way for Geweke
[PlotMCMCDiag.cpp][info] Looking for Geweke/enu_enubias_365_param_364_Geweke from file /scratch/abipeake/March2026/Easter_finerxsecbinning_sat11ththapril_robbinsmonroemore2/chain_trimmed_last10M_MCMC_Diag.root
[PlotMCMCDiag.cpp][info] Geweke/enu_enubias_366_param_365_Geweke
[PlotMCMCDiag.cpp][warning] continuing along my way for Geweke
[PlotMCMCDiag.cpp][info] Looking for Geweke/enu_enubias_366_param_365_Geweke from file /scratch/abipeake/March2026/Easter_finerxsecbinning_sat11ththapril_robbinsmonroemore2/chain_trimmed_last10M_MCMC_Diag.root
[PlotMCMCDiag.cpp][info] Geweke/enu_enubias_367_param_366_Geweke
[PlotMCMCDiag.cpp][warning] continuing along my way for Geweke
[PlotMCMCDiag.cpp][info] Looking for Geweke/enu_enubias_367_param_366_Geweke from file /scratch/abipeake/March2026/Easter_finerxsecbinning_sat11ththapril_robbinsmonroemore2/chain_trimmed_last10M_MCMC_Diag.root
[PlotMCMCDiag.cpp][info] Geweke/enu_enubias_368_param_367_Geweke
[PlotMCMCDiag.cpp][warning] continuing along my way for Geweke
[PlotMCMCDiag.cpp][info] Looking for Geweke/enu_enubias_368_param_367_Geweke from file /scratch/abipeake/March2026/Easter_finerxsecbinning_sat11ththapril_robbinsmonroemore2/chain_trimmed_last10M_MCMC_Diag.root
[PlotMCMCDiag.cpp][info] Geweke/enu_enubias_369_param_368_Geweke
[PlotMCMCDiag.cpp][warning] continuing along my way for Geweke
[PlotMCMCDiag.cpp][info] Looking for Geweke/enu_enubias_369_param_368_Geweke from file /scratch/abipeake/March2026/Easter_finerxsecbinning_sat11ththapril_robbinsmonroemore2/chain_trimmed_last10M_MCMC_Diag.root
[PlotMCMCDiag.cpp][info] Geweke/enu_enubias_370_param_369_Geweke
[PlotMCMCDiag.cpp][warning] continuing along my way for Geweke
[PlotMCMCDiag.cpp][info] Looking for Geweke/enu_enubias_370_param_369_Geweke from file /scratch/abipeake/March2026/Easter_finerxsecbinning_sat11ththapril_robbinsmonroemore2/chain_trimmed_last10M_MCMC_Diag.root
[PlotMCMCDiag.cpp][info] Geweke/enu_enubias_371_param_370_Geweke
[PlotMCMCDiag.cpp][warning] continuing along my way for Geweke
[PlotMCMCDiag.cpp][info] Looking for Geweke/enu_enubias_371_param_370_Geweke from file /scratch/abipeake/March2026/Easter_finerxsecbinning_sat11ththapril_robbinsmonroemore2/chain_trimmed_last10M_MCMC_Diag.root
[PlotMCMCDiag.cpp][info] Geweke/enu_enubias_372_param_371_Geweke
[PlotMCMCDiag.cpp][warning] continuing along my way for Geweke
[PlotMCMCDiag.cpp][info] Looking for Geweke/enu_enubias_372_param_371_Geweke from file /scratch/abipeake/March2026/Easter_finerxsecbinning_sat11ththapril_robbinsmonroemore2/chain_trimmed_last10M_MCMC_Diag.root
[PlotMCMCDiag.cpp][info] Geweke/enu_enubias_373_param_372_Geweke
[PlotMCMCDiag.cpp][warning] continuing along my way for Geweke
[PlotMCMCDiag.cpp][info] Looking for Geweke/enu_enubias_373_param_372_Geweke from file /scratch/abipeake/March2026/Easter_finerxsecbinning_sat11ththapril_robbinsmonroemore2/chain_trimmed_last10M_MCMC_Diag.root
[PlotMCMCDiag.cpp][info] Geweke/enu_enubias_374_param_373_Geweke
[PlotMCMCDiag.cpp][warning] continuing along my way for Geweke
[PlotMCMCDiag.cpp][info] Looking for Geweke/enu_enubias_374_param_373_Geweke from file /scratch/abipeake/March2026/Easter_finerxsecbinning_sat11ththapril_robbinsmonroemore2/chain_trimmed_last10M_MCMC_Diag.root
[PlotMCMCDiag.cpp][info] Geweke/enu_enubias_375_param_374_Geweke
[PlotMCMCDiag.cpp][warning] continuing along my way for Geweke
[PlotMCMCDiag.cpp][info] Looking for Geweke/enu_enubias_375_param_374_Geweke from file /scratch/abipeake/March2026/Easter_finerxsecbinning_sat11ththapril_robbinsmonroemore2/chain_trimmed_last10M_MCMC_Diag.root
[PlotMCMCDiag.cpp][info] Geweke/enu_enubias_376_param_375_Geweke
[PlotMCMCDiag.cpp][warning] continuing along my way for Geweke
[PlotMCMCDiag.cpp][info] Looking for Geweke/enu_enubias_376_param_375_Geweke from file /scratch/abipeake/March2026/Easter_finerxsecbinning_sat11ththapril_robbinsmonroemore2/chain_trimmed_last10M_MCMC_Diag.root
[PlotMCMCDiag.cpp][info] Geweke/enu_enubias_377_param_376_Geweke
[PlotMCMCDiag.cpp][warning] continuing along my way for Geweke
[PlotMCMCDiag.cpp][info] Looking for Geweke/enu_enubias_377_param_376_Geweke from file /scratch/abipeake/March2026/Easter_finerxsecbinning_sat11ththapril_robbinsmonroemore2/chain_trimmed_last10M_MCMC_Diag.root
[PlotMCMCDiag.cpp][info] Geweke/enu_enubias_378_param_377_Geweke
[PlotMCMCDiag.cpp][warning] continuing along my way for Geweke
[PlotMCMCDiag.cpp][info] Looking for Geweke/enu_enubias_378_param_377_Geweke from file /scratch/abipeake/March2026/Easter_finerxsecbinning_sat11ththapril_robbinsmonroemore2/chain_trimmed_last10M_MCMC_Diag.root
[PlotMCMCDiag.cpp][info] Geweke/enu_enubias_379_param_378_Geweke
[PlotMCMCDiag.cpp][warning] continuing along my way for Geweke
[PlotMCMCDiag.cpp][info] Looking for Geweke/enu_enubias_379_param_378_Geweke from file /scratch/abipeake/March2026/Easter_finerxsecbinning_sat11ththapril_robbinsmonroemore2/chain_trimmed_last10M_MCMC_Diag.root
[PlotMCMCDiag.cpp][info] Geweke/enu_enubias_380_param_379_Geweke
[PlotMCMCDiag.cpp][warning] continuing along my way for Geweke
[PlotMCMCDiag.cpp][info] Looking for Geweke/enu_enubias_380_param_379_Geweke from file /scratch/abipeake/March2026/Easter_finerxsecbinning_sat11ththapril_robbinsmonroemore2/chain_trimmed_last10M_MCMC_Diag.root
[PlotMCMCDiag.cpp][info] Geweke/enu_enubias_381_param_380_Geweke
[PlotMCMCDiag.cpp][warning] continuing along my way for Geweke
[PlotMCMCDiag.cpp][info] Looking for Geweke/enu_enubias_381_param_380_Geweke from file /scratch/abipeake/March2026/Easter_finerxsecbinning_sat11ththapril_robbinsmonroemore2/chain_trimmed_last10M_MCMC_Diag.root
[PlotMCMCDiag.cpp][info] Geweke/enu_enubias_382_param_381_Geweke
[PlotMCMCDiag.cpp][warning] continuing along my way for Geweke
[PlotMCMCDiag.cpp][info] Looking for Geweke/enu_enubias_382_param_381_Geweke from file /scratch/abipeake/March2026/Easter_finerxsecbinning_sat11ththapril_robbinsmonroemore2/chain_trimmed_last10M_MCMC_Diag.root
[PlotMCMCDiag.cpp][info] Geweke/enu_enubias_383_param_382_Geweke
[PlotMCMCDiag.cpp][warning] continuing along my way for Geweke
[PlotMCMCDiag.cpp][info] Looking for Geweke/enu_enubias_383_param_382_Geweke from file /scratch/abipeake/March2026/Easter_finerxsecbinning_sat11ththapril_robbinsmonroemore2/chain_trimmed_last10M_MCMC_Diag.root
[PlotMCMCDiag.cpp][info] Geweke/enu_enubias_384_param_383_Geweke
[PlotMCMCDiag.cpp][warning] continuing along my way for Geweke
[PlotMCMCDiag.cpp][info] Looking for Geweke/enu_enubias_384_param_383_Geweke from file /scratch/abipeake/March2026/Easter_finerxsecbinning_sat11ththapril_robbinsmonroemore2/chain_trimmed_last10M_MCMC_Diag.root
[PlotMCMCDiag.cpp][info] Geweke/enu_enubias_385_param_384_Geweke
[PlotMCMCDiag.cpp][warning] continuing along my way for Geweke
[PlotMCMCDiag.cpp][info] Looking for Geweke/enu_enubias_385_param_384_Geweke from file /scratch/abipeake/March2026/Easter_finerxsecbinning_sat11ththapril_robbinsmonroemore2/chain_trimmed_last10M_MCMC_Diag.root
[PlotMCMCDiag.cpp][info] Geweke/enu_enubias_386_param_385_Geweke
[PlotMCMCDiag.cpp][warning] continuing along my way for Geweke
[PlotMCMCDiag.cpp][info] Looking for Geweke/enu_enubias_386_param_385_Geweke from file /scratch/abipeake/March2026/Easter_finerxsecbinning_sat11ththapril_robbinsmonroemore2/chain_trimmed_last10M_MCMC_Diag.root
[PlotMCMCDiag.cpp][info] Geweke/enu_enubias_387_param_386_Geweke
[PlotMCMCDiag.cpp][warning] continuing along my way for Geweke
[PlotMCMCDiag.cpp][info] Looking for Geweke/enu_enubias_387_param_386_Geweke from file /scratch/abipeake/March2026/Easter_finerxsecbinning_sat11ththapril_robbinsmonroemore2/chain_trimmed_last10M_MCMC_Diag.root
[PlotMCMCDiag.cpp][info] Geweke/enu_enubias_388_param_387_Geweke
[PlotMCMCDiag.cpp][warning] continuing along my way for Geweke
[PlotMCMCDiag.cpp][info] Looking for Geweke/enu_enubias_388_param_387_Geweke from file /scratch/abipeake/March2026/Easter_finerxsecbinning_sat11ththapril_robbinsmonroemore2/chain_trimmed_last10M_MCMC_Diag.root
[PlotMCMCDiag.cpp][info] Geweke/enu_enubias_389_param_388_Geweke
[PlotMCMCDiag.cpp][warning] continuing along my way for Geweke
[PlotMCMCDiag.cpp][info] Looking for Geweke/enu_enubias_389_param_388_Geweke from file /scratch/abipeake/March2026/Easter_finerxsecbinning_sat11ththapril_robbinsmonroemore2/chain_trimmed_last10M_MCMC_Diag.root
[PlotMCMCDiag.cpp][info] Geweke/enu_enubias_390_param_389_Geweke
[PlotMCMCDiag.cpp][warning] continuing along my way for Geweke
[PlotMCMCDiag.cpp][info] Looking for Geweke/enu_enubias_390_param_389_Geweke from file /scratch/abipeake/March2026/Easter_finerxsecbinning_sat11ththapril_robbinsmonroemore2/chain_trimmed_last10M_MCMC_Diag.root
[PlotMCMCDiag.cpp][info] Geweke/enu_enubias_391_param_390_Geweke
[PlotMCMCDiag.cpp][warning] continuing along my way for Geweke
[PlotMCMCDiag.cpp][info] Looking for Geweke/enu_enubias_391_param_390_Geweke from file /scratch/abipeake/March2026/Easter_finerxsecbinning_sat11ththapril_robbinsmonroemore2/chain_trimmed_last10M_MCMC_Diag.root
[PlotMCMCDiag.cpp][info] Geweke/enu_enubias_392_param_391_Geweke
[PlotMCMCDiag.cpp][warning] continuing along my way for Geweke
[PlotMCMCDiag.cpp][info] Looking for Geweke/enu_enubias_392_param_391_Geweke from file /scratch/abipeake/March2026/Easter_finerxsecbinning_sat11ththapril_robbinsmonroemore2/chain_trimmed_last10M_MCMC_Diag.root
[PlotMCMCDiag.cpp][info] Geweke/enu_enubias_393_param_392_Geweke
[PlotMCMCDiag.cpp][warning] continuing along my way for Geweke
[PlotMCMCDiag.cpp][info] Looking for Geweke/enu_enubias_393_param_392_Geweke from file /scratch/abipeake/March2026/Easter_finerxsecbinning_sat11ththapril_robbinsmonroemore2/chain_trimmed_last10M_MCMC_Diag.root
[PlotMCMCDiag.cpp][info] Geweke/enu_enubias_394_param_393_Geweke
[PlotMCMCDiag.cpp][warning] continuing along my way for Geweke
[PlotMCMCDiag.cpp][info] Looking for Geweke/enu_enubias_394_param_393_Geweke from file /scratch/abipeake/March2026/Easter_finerxsecbinning_sat11ththapril_robbinsmonroemore2/chain_trimmed_last10M_MCMC_Diag.root
[PlotMCMCDiag.cpp][info] Geweke/enu_enubias_395_param_394_Geweke
[PlotMCMCDiag.cpp][warning] continuing along my way for Geweke
[PlotMCMCDiag.cpp][info] Looking for Geweke/enu_enubias_395_param_394_Geweke from file /scratch/abipeake/March2026/Easter_finerxsecbinning_sat11ththapril_robbinsmonroemore2/chain_trimmed_last10M_MCMC_Diag.root
[PlotMCMCDiag.cpp][info] Geweke/enu_enubias_396_param_395_Geweke
[PlotMCMCDiag.cpp][warning] continuing along my way for Geweke
[PlotMCMCDiag.cpp][info] Looking for Geweke/enu_enubias_396_param_395_Geweke from file /scratch/abipeake/March2026/Easter_finerxsecbinning_sat11ththapril_robbinsmonroemore2/chain_trimmed_last10M_MCMC_Diag.root
[PlotMCMCDiag.cpp][info] Geweke/enu_enubias_397_param_396_Geweke
[PlotMCMCDiag.cpp][warning] continuing along my way for Geweke
[PlotMCMCDiag.cpp][info] Looking for Geweke/enu_enubias_397_param_396_Geweke from file /scratch/abipeake/March2026/Easter_finerxsecbinning_sat11ththapril_robbinsmonroemore2/chain_trimmed_last10M_MCMC_Diag.root
[PlotMCMCDiag.cpp][info] Geweke/enu_enubias_398_param_397_Geweke
[PlotMCMCDiag.cpp][warning] continuing along my way for Geweke
[PlotMCMCDiag.cpp][info] Looking for Geweke/enu_enubias_398_param_397_Geweke from file /scratch/abipeake/March2026/Easter_finerxsecbinning_sat11ththapril_robbinsmonroemore2/chain_trimmed_last10M_MCMC_Diag.root
[PlotMCMCDiag.cpp][info] Geweke/enu_enubias_399_param_398_Geweke
[PlotMCMCDiag.cpp][warning] continuing along my way for Geweke
[PlotMCMCDiag.cpp][info] Looking for Geweke/enu_enubias_399_param_398_Geweke from file /scratch/abipeake/March2026/Easter_finerxsecbinning_sat11ththapril_robbinsmonroemore2/chain_trimmed_last10M_MCMC_Diag.root
[PlotMCMCDiag.cpp][info] Geweke/enu_enubias_400_param_399_Geweke
[PlotMCMCDiag.cpp][warning] continuing along my way for Geweke
[PlotMCMCDiag.cpp][info] Looking for Geweke/enu_enubias_400_param_399_Geweke from file /scratch/abipeake/March2026/Easter_finerxsecbinning_sat11ththapril_robbinsmonroemore2/chain_trimmed_last10M_MCMC_Diag.root
[PlotMCMCDiag.cpp][info] Geweke/enu_enubias_401_param_400_Geweke
[PlotMCMCDiag.cpp][warning] continuing along my way for Geweke
[PlotMCMCDiag.cpp][info] Looking for Geweke/enu_enubias_401_param_400_Geweke from file /scratch/abipeake/March2026/Easter_finerxsecbinning_sat11ththapril_robbinsmonroemore2/chain_trimmed_last10M_MCMC_Diag.root
[PlotMCMCDiag.cpp][info] Geweke/enu_enubias_402_param_401_Geweke
[PlotMCMCDiag.cpp][warning] continuing along my way for Geweke
[PlotMCMCDiag.cpp][info] Looking for Geweke/enu_enubias_402_param_401_Geweke from file /scratch/abipeake/March2026/Easter_finerxsecbinning_sat11ththapril_robbinsmonroemore2/chain_trimmed_last10M_MCMC_Diag.root
[PlotMCMCDiag.cpp][info] Geweke/enu_enubias_403_param_402_Geweke
[PlotMCMCDiag.cpp][warning] continuing along my way for Geweke
[PlotMCMCDiag.cpp][info] Looking for Geweke/enu_enubias_403_param_402_Geweke from file /scratch/abipeake/March2026/Easter_finerxsecbinning_sat11ththapril_robbinsmonroemore2/chain_trimmed_last10M_MCMC_Diag.root
[PlotMCMCDiag.cpp][info] Geweke/enu_enubias_404_param_403_Geweke
[PlotMCMCDiag.cpp][warning] continuing along my way for Geweke
[PlotMCMCDiag.cpp][info] Looking for Geweke/enu_enubias_404_param_403_Geweke from file /scratch/abipeake/March2026/Easter_finerxsecbinning_sat11ththapril_robbinsmonroemore2/chain_trimmed_last10M_MCMC_Diag.root
[PlotMCMCDiag.cpp][info] Geweke/enu_enubias_405_param_404_Geweke
[PlotMCMCDiag.cpp][warning] continuing along my way for Geweke
[PlotMCMCDiag.cpp][info] Looking for Geweke/enu_enubias_405_param_404_Geweke from file /scratch/abipeake/March2026/Easter_finerxsecbinning_sat11ththapril_robbinsmonroemore2/chain_trimmed_last10M_MCMC_Diag.root
[PlotMCMCDiag.cpp][info] Geweke/enu_enubias_406_param_405_Geweke
[PlotMCMCDiag.cpp][warning] continuing along my way for Geweke
[PlotMCMCDiag.cpp][info] Looking for Geweke/enu_enubias_406_param_405_Geweke from file /scratch/abipeake/March2026/Easter_finerxsecbinning_sat11ththapril_robbinsmonroemore2/chain_trimmed_last10M_MCMC_Diag.root
[PlotMCMCDiag.cpp][info] Geweke/enu_enubias_407_param_406_Geweke
[PlotMCMCDiag.cpp][warning] continuing along my way for Geweke
[PlotMCMCDiag.cpp][info] Looking for Geweke/enu_enubias_407_param_406_Geweke from file /scratch/abipeake/March2026/Easter_finerxsecbinning_sat11ththapril_robbinsmonroemore2/chain_trimmed_last10M_MCMC_Diag.root
[PlotMCMCDiag.cpp][info] Geweke/enu_enubias_408_param_407_Geweke
[PlotMCMCDiag.cpp][warning] continuing along my way for Geweke
[PlotMCMCDiag.cpp][info] Looking for Geweke/enu_enubias_408_param_407_Geweke from file /scratch/abipeake/March2026/Easter_finerxsecbinning_sat11ththapril_robbinsmonroemore2/chain_trimmed_last10M_MCMC_Diag.root
[PlotMCMCDiag.cpp][info] Geweke/enu_enubias_409_param_408_Geweke
[PlotMCMCDiag.cpp][warning] continuing along my way for Geweke
[PlotMCMCDiag.cpp][info] Looking for Geweke/enu_enubias_409_param_408_Geweke from file /scratch/abipeake/March2026/Easter_finerxsecbinning_sat11ththapril_robbinsmonroemore2/chain_trimmed_last10M_MCMC_Diag.root
[PlotMCMCDiag.cpp][info] Geweke/enu_enubias_410_param_409_Geweke
[PlotMCMCDiag.cpp][warning] continuing along my way for Geweke
[PlotMCMCDiag.cpp][info] Looking for Geweke/enu_enubias_410_param_409_Geweke from file /scratch/abipeake/March2026/Easter_finerxsecbinning_sat11ththapril_robbinsmonroemore2/chain_trimmed_last10M_MCMC_Diag.root
[PlotMCMCDiag.cpp][info] Geweke/enu_enubias_411_param_410_Geweke
[PlotMCMCDiag.cpp][warning] continuing along my way for Geweke
[PlotMCMCDiag.cpp][info] Looking for Geweke/enu_enubias_411_param_410_Geweke from file /scratch/abipeake/March2026/Easter_finerxsecbinning_sat11ththapril_robbinsmonroemore2/chain_trimmed_last10M_MCMC_Diag.root
[PlotMCMCDiag.cpp][info] Geweke/enu_enubias_412_param_411_Geweke
[PlotMCMCDiag.cpp][warning] continuing along my way for Geweke
[PlotMCMCDiag.cpp][info] Looking for Geweke/enu_enubias_412_param_411_Geweke from file /scratch/abipeake/March2026/Easter_finerxsecbinning_sat11ththapril_robbinsmonroemore2/chain_trimmed_last10M_MCMC_Diag.root
[PlotMCMCDiag.cpp][info] Geweke/enu_enubias_413_param_412_Geweke
[PlotMCMCDiag.cpp][warning] continuing along my way for Geweke
[PlotMCMCDiag.cpp][info] Looking for Geweke/enu_enubias_413_param_412_Geweke from file /scratch/abipeake/March2026/Easter_finerxsecbinning_sat11ththapril_robbinsmonroemore2/chain_trimmed_last10M_MCMC_Diag.root
[PlotMCMCDiag.cpp][info] Geweke/enu_enubias_414_param_413_Geweke
[PlotMCMCDiag.cpp][warning] continuing along my way for Geweke
[PlotMCMCDiag.cpp][info] Looking for Geweke/enu_enubias_414_param_413_Geweke from file /scratch/abipeake/March2026/Easter_finerxsecbinning_sat11ththapril_robbinsmonroemore2/chain_trimmed_last10M_MCMC_Diag.root
[PlotMCMCDiag.cpp][info] Geweke/enu_enubias_415_param_414_Geweke
[PlotMCMCDiag.cpp][warning] continuing along my way for Geweke
[PlotMCMCDiag.cpp][info] Looking for Geweke/enu_enubias_415_param_414_Geweke from file /scratch/abipeake/March2026/Easter_finerxsecbinning_sat11ththapril_robbinsmonroemore2/chain_trimmed_last10M_MCMC_Diag.root
[PlotMCMCDiag.cpp][info] Geweke/enu_enubias_416_param_415_Geweke
[PlotMCMCDiag.cpp][warning] continuing along my way for Geweke
[PlotMCMCDiag.cpp][info] Looking for Geweke/enu_enubias_416_param_415_Geweke from file /scratch/abipeake/March2026/Easter_finerxsecbinning_sat11ththapril_robbinsmonroemore2/chain_trimmed_last10M_MCMC_Diag.root
[PlotMCMCDiag.cpp][info] Geweke/enu_enubias_417_param_416_Geweke
[PlotMCMCDiag.cpp][warning] continuing along my way for Geweke
[PlotMCMCDiag.cpp][info] Looking for Geweke/enu_enubias_417_param_416_Geweke from file /scratch/abipeake/March2026/Easter_finerxsecbinning_sat11ththapril_robbinsmonroemore2/chain_trimmed_last10M_MCMC_Diag.root
[PlotMCMCDiag.cpp][info] Geweke/enu_enubias_418_param_417_Geweke
[PlotMCMCDiag.cpp][warning] continuing along my way for Geweke
[PlotMCMCDiag.cpp][info] Looking for Geweke/enu_enubias_418_param_417_Geweke from file /scratch/abipeake/March2026/Easter_finerxsecbinning_sat11ththapril_robbinsmonroemore2/chain_trimmed_last10M_MCMC_Diag.root
[PlotMCMCDiag.cpp][info] Geweke/enu_enubias_419_param_418_Geweke
[PlotMCMCDiag.cpp][warning] continuing along my way for Geweke
[PlotMCMCDiag.cpp][info] Looking for Geweke/enu_enubias_419_param_418_Geweke from file /scratch/abipeake/March2026/Easter_finerxsecbinning_sat11ththapril_robbinsmonroemore2/chain_trimmed_last10M_MCMC_Diag.root
[PlotMCMCDiag.cpp][info] Geweke/enu_enubias_420_param_419_Geweke
[PlotMCMCDiag.cpp][warning] continuing along my way for Geweke
[PlotMCMCDiag.cpp][info] Looking for Geweke/enu_enubias_420_param_419_Geweke from file /scratch/abipeake/March2026/Easter_finerxsecbinning_sat11ththapril_robbinsmonroemore2/chain_trimmed_last10M_MCMC_Diag.root
[PlotMCMCDiag.cpp][info] Geweke/enu_enubias_421_param_420_Geweke
[PlotMCMCDiag.cpp][warning] continuing along my way for Geweke
[PlotMCMCDiag.cpp][info] Looking for Geweke/enu_enubias_421_param_420_Geweke from file /scratch/abipeake/March2026/Easter_finerxsecbinning_sat11ththapril_robbinsmonroemore2/chain_trimmed_last10M_MCMC_Diag.root
[PlotMCMCDiag.cpp][info] Geweke/enu_enubias_422_param_421_Geweke
[PlotMCMCDiag.cpp][warning] continuing along my way for Geweke
[PlotMCMCDiag.cpp][info] Looking for Geweke/enu_enubias_422_param_421_Geweke from file /scratch/abipeake/March2026/Easter_finerxsecbinning_sat11ththapril_robbinsmonroemore2/chain_trimmed_last10M_MCMC_Diag.root
[PlotMCMCDiag.cpp][info] Geweke/enu_enubias_423_param_422_Geweke
[PlotMCMCDiag.cpp][warning] continuing along my way for Geweke
[PlotMCMCDiag.cpp][info] Looking for Geweke/enu_enubias_423_param_422_Geweke from file /scratch/abipeake/March2026/Easter_finerxsecbinning_sat11ththapril_robbinsmonroemore2/chain_trimmed_last10M_MCMC_Diag.root
[PlotMCMCDiag.cpp][info] Geweke/enu_enubias_424_param_423_Geweke
[PlotMCMCDiag.cpp][warning] continuing along my way for Geweke
[PlotMCMCDiag.cpp][info] Looking for Geweke/enu_enubias_424_param_423_Geweke from file /scratch/abipeake/March2026/Easter_finerxsecbinning_sat11ththapril_robbinsmonroemore2/chain_trimmed_last10M_MCMC_Diag.root
[PlotMCMCDiag.cpp][info] Geweke/enu_enubias_425_param_424_Geweke
[PlotMCMCDiag.cpp][warning] continuing along my way for Geweke
[PlotMCMCDiag.cpp][info] Looking for Geweke/enu_enubias_425_param_424_Geweke from file /scratch/abipeake/March2026/Easter_finerxsecbinning_sat11ththapril_robbinsmonroemore2/chain_trimmed_last10M_MCMC_Diag.root
[PlotMCMCDiag.cpp][info] Geweke/enu_enubias_426_param_425_Geweke
[PlotMCMCDiag.cpp][warning] continuing along my way for Geweke
[PlotMCMCDiag.cpp][info] Looking for Geweke/enu_enubias_426_param_425_Geweke from file /scratch/abipeake/March2026/Easter_finerxsecbinning_sat11ththapril_robbinsmonroemore2/chain_trimmed_last10M_MCMC_Diag.root
[PlotMCMCDiag.cpp][info] Geweke/enu_enubias_427_param_426_Geweke
[PlotMCMCDiag.cpp][warning] continuing along my way for Geweke
[PlotMCMCDiag.cpp][info] Looking for Geweke/enu_enubias_427_param_426_Geweke from file /scratch/abipeake/March2026/Easter_finerxsecbinning_sat11ththapril_robbinsmonroemore2/chain_trimmed_last10M_MCMC_Diag.root
[PlotMCMCDiag.cpp][info] Geweke/enu_enubias_428_param_427_Geweke
[PlotMCMCDiag.cpp][warning] continuing along my way for Geweke
[PlotMCMCDiag.cpp][info] Looking for Geweke/enu_enubias_428_param_427_Geweke from file /scratch/abipeake/March2026/Easter_finerxsecbinning_sat11ththapril_robbinsmonroemore2/chain_trimmed_last10M_MCMC_Diag.root
[PlotMCMCDiag.cpp][info] Geweke/enu_enubias_429_param_428_Geweke
[PlotMCMCDiag.cpp][warning] continuing along my way for Geweke
[PlotMCMCDiag.cpp][info] Looking for Geweke/enu_enubias_429_param_428_Geweke from file /scratch/abipeake/March2026/Easter_finerxsecbinning_sat11ththapril_robbinsmonroemore2/chain_trimmed_last10M_MCMC_Diag.root
[PlotMCMCDiag.cpp][info] Geweke/enu_enubias_430_param_429_Geweke
[PlotMCMCDiag.cpp][warning] continuing along my way for Geweke
[PlotMCMCDiag.cpp][info] Looking for Geweke/enu_enubias_430_param_429_Geweke from file /scratch/abipeake/March2026/Easter_finerxsecbinning_sat11ththapril_robbinsmonroemore2/chain_trimmed_last10M_MCMC_Diag.root
[PlotMCMCDiag.cpp][info] Geweke/enu_enubias_431_param_430_Geweke
[PlotMCMCDiag.cpp][warning] continuing along my way for Geweke
[PlotMCMCDiag.cpp][info] Looking for Geweke/enu_enubias_431_param_430_Geweke from file /scratch/abipeake/March2026/Easter_finerxsecbinning_sat11ththapril_robbinsmonroemore2/chain_trimmed_last10M_MCMC_Diag.root
[PlotMCMCDiag.cpp][info] Geweke/enu_enubias_432_param_431_Geweke
[PlotMCMCDiag.cpp][warning] continuing along my way for Geweke
[PlotMCMCDiag.cpp][info] Looking for Geweke/enu_enubias_432_param_431_Geweke from file /scratch/abipeake/March2026/Easter_finerxsecbinning_sat11ththapril_robbinsmonroemore2/chain_trimmed_last10M_MCMC_Diag.root
[PlotMCMCDiag.cpp][info] Geweke/enu_enubias_433_param_432_Geweke
[PlotMCMCDiag.cpp][warning] continuing along my way for Geweke
[PlotMCMCDiag.cpp][info] Looking for Geweke/enu_enubias_433_param_432_Geweke from file /scratch/abipeake/March2026/Easter_finerxsecbinning_sat11ththapril_robbinsmonroemore2/chain_trimmed_last10M_MCMC_Diag.root
[PlotMCMCDiag.cpp][info] Geweke/enu_enubias_434_param_433_Geweke
[PlotMCMCDiag.cpp][warning] continuing along my way for Geweke
[PlotMCMCDiag.cpp][info] Looking for Geweke/enu_enubias_434_param_433_Geweke from file /scratch/abipeake/March2026/Easter_finerxsecbinning_sat11ththapril_robbinsmonroemore2/chain_trimmed_last10M_MCMC_Diag.root
[PlotMCMCDiag.cpp][info] Geweke/enu_enubias_435_param_434_Geweke
[PlotMCMCDiag.cpp][warning] continuing along my way for Geweke
[PlotMCMCDiag.cpp][info] Looking for Geweke/enu_enubias_435_param_434_Geweke from file /scratch/abipeake/March2026/Easter_finerxsecbinning_sat11ththapril_robbinsmonroemore2/chain_trimmed_last10M_MCMC_Diag.root
[PlotMCMCDiag.cpp][info] Geweke/enu_enubias_436_param_435_Geweke
[PlotMCMCDiag.cpp][warning] continuing along my way for Geweke
[PlotMCMCDiag.cpp][info] Looking for Geweke/enu_enubias_436_param_435_Geweke from file /scratch/abipeake/March2026/Easter_finerxsecbinning_sat11ththapril_robbinsmonroemore2/chain_trimmed_last10M_MCMC_Diag.root
[PlotMCMCDiag.cpp][info] Geweke/enu_enubias_437_param_436_Geweke
[PlotMCMCDiag.cpp][warning] continuing along my way for Geweke
[PlotMCMCDiag.cpp][info] Looking for Geweke/enu_enubias_437_param_436_Geweke from file /scratch/abipeake/March2026/Easter_finerxsecbinning_sat11ththapril_robbinsmonroemore2/chain_trimmed_last10M_MCMC_Diag.root
[PlotMCMCDiag.cpp][info] Geweke/enu_enubias_438_param_437_Geweke
[PlotMCMCDiag.cpp][warning] continuing along my way for Geweke
[PlotMCMCDiag.cpp][info] Looking for Geweke/enu_enubias_438_param_437_Geweke from file /scratch/abipeake/March2026/Easter_finerxsecbinning_sat11ththapril_robbinsmonroemore2/chain_trimmed_last10M_MCMC_Diag.root
[PlotMCMCDiag.cpp][info] Geweke/enu_enubias_439_param_438_Geweke
[PlotMCMCDiag.cpp][warning] continuing along my way for Geweke
[PlotMCMCDiag.cpp][info] Looking for Geweke/enu_enubias_439_param_438_Geweke from file /scratch/abipeake/March2026/Easter_finerxsecbinning_sat11ththapril_robbinsmonroemore2/chain_trimmed_last10M_MCMC_Diag.root
[PlotMCMCDiag.cpp][info] Geweke/enu_enubias_440_param_439_Geweke
[PlotMCMCDiag.cpp][warning] continuing along my way for Geweke
[PlotMCMCDiag.cpp][info] Looking for Geweke/enu_enubias_440_param_439_Geweke from file /scratch/abipeake/March2026/Easter_finerxsecbinning_sat11ththapril_robbinsmonroemore2/chain_trimmed_last10M_MCMC_Diag.root
[PlotMCMCDiag.cpp][info] Geweke/enu_enubias_441_param_440_Geweke
[PlotMCMCDiag.cpp][warning] continuing along my way for Geweke
[PlotMCMCDiag.cpp][info] Looking for Geweke/enu_enubias_441_param_440_Geweke from file /scratch/abipeake/March2026/Easter_finerxsecbinning_sat11ththapril_robbinsmonroemore2/chain_trimmed_last10M_MCMC_Diag.root
[PlotMCMCDiag.cpp][info] Geweke/enu_enubias_442_param_441_Geweke
[PlotMCMCDiag.cpp][warning] continuing along my way for Geweke
[PlotMCMCDiag.cpp][info] Looking for Geweke/enu_enubias_442_param_441_Geweke from file /scratch/abipeake/March2026/Easter_finerxsecbinning_sat11ththapril_robbinsmonroemore2/chain_trimmed_last10M_MCMC_Diag.root
[PlotMCMCDiag.cpp][info] Geweke/enu_enubias_443_param_442_Geweke
[PlotMCMCDiag.cpp][warning] continuing along my way for Geweke
[PlotMCMCDiag.cpp][info] Looking for Geweke/enu_enubias_443_param_442_Geweke from file /scratch/abipeake/March2026/Easter_finerxsecbinning_sat11ththapril_robbinsmonroemore2/chain_trimmed_last10M_MCMC_Diag.root
[PlotMCMCDiag.cpp][info] Geweke/enu_enubias_444_param_443_Geweke
[PlotMCMCDiag.cpp][warning] continuing along my way for Geweke
[PlotMCMCDiag.cpp][info] Looking for Geweke/enu_enubias_444_param_443_Geweke from file /scratch/abipeake/March2026/Easter_finerxsecbinning_sat11ththapril_robbinsmonroemore2/chain_trimmed_last10M_MCMC_Diag.root
[PlotMCMCDiag.cpp][info] Geweke/enu_enubias_445_param_444_Geweke
[PlotMCMCDiag.cpp][warning] continuing along my way for Geweke
[PlotMCMCDiag.cpp][info] Looking for Geweke/enu_enubias_445_param_444_Geweke from file /scratch/abipeake/March2026/Easter_finerxsecbinning_sat11ththapril_robbinsmonroemore2/chain_trimmed_last10M_MCMC_Diag.root
[PlotMCMCDiag.cpp][info] Geweke/enu_enubias_446_param_445_Geweke
[PlotMCMCDiag.cpp][warning] continuing along my way for Geweke
[PlotMCMCDiag.cpp][info] Looking for Geweke/enu_enubias_446_param_445_Geweke from file /scratch/abipeake/March2026/Easter_finerxsecbinning_sat11ththapril_robbinsmonroemore2/chain_trimmed_last10M_MCMC_Diag.root
[PlotMCMCDiag.cpp][info] Geweke/enu_enubias_447_param_446_Geweke
[PlotMCMCDiag.cpp][warning] continuing along my way for Geweke
[PlotMCMCDiag.cpp][info] Looking for Geweke/enu_enubias_447_param_446_Geweke from file /scratch/abipeake/March2026/Easter_finerxsecbinning_sat11ththapril_robbinsmonroemore2/chain_trimmed_last10M_MCMC_Diag.root
[PlotMCMCDiag.cpp][info] Geweke/enu_enubias_448_param_447_Geweke
[PlotMCMCDiag.cpp][warning] continuing along my way for Geweke
[PlotMCMCDiag.cpp][info] Looking for Geweke/enu_enubias_448_param_447_Geweke from file /scratch/abipeake/March2026/Easter_finerxsecbinning_sat11ththapril_robbinsmonroemore2/chain_trimmed_last10M_MCMC_Diag.root
[PlotMCMCDiag.cpp][info] Geweke/enu_enubias_449_param_448_Geweke
[PlotMCMCDiag.cpp][warning] continuing along my way for Geweke
[PlotMCMCDiag.cpp][info] Looking for Geweke/enu_enubias_449_param_448_Geweke from file /scratch/abipeake/March2026/Easter_finerxsecbinning_sat11ththapril_robbinsmonroemore2/chain_trimmed_last10M_MCMC_Diag.root
[PlotMCMCDiag.cpp][info] Geweke/enu_enubias_450_param_449_Geweke
[PlotMCMCDiag.cpp][warning] continuing along my way for Geweke
[PlotMCMCDiag.cpp][info] Looking for Geweke/enu_enubias_450_param_449_Geweke from file /scratch/abipeake/March2026/Easter_finerxsecbinning_sat11ththapril_robbinsmonroemore2/chain_trimmed_last10M_MCMC_Diag.root
[PlotMCMCDiag.cpp][info] Geweke/enu_enubias_451_param_450_Geweke
[PlotMCMCDiag.cpp][warning] continuing along my way for Geweke
[PlotMCMCDiag.cpp][info] Looking for Geweke/enu_enubias_451_param_450_Geweke from file /scratch/abipeake/March2026/Easter_finerxsecbinning_sat11ththapril_robbinsmonroemore2/chain_trimmed_last10M_MCMC_Diag.root
[PlotMCMCDiag.cpp][info] Geweke/enu_enubias_452_param_451_Geweke
[PlotMCMCDiag.cpp][warning] continuing along my way for Geweke
[PlotMCMCDiag.cpp][info] Looking for Geweke/enu_enubias_452_param_451_Geweke from file /scratch/abipeake/March2026/Easter_finerxsecbinning_sat11ththapril_robbinsmonroemore2/chain_trimmed_last10M_MCMC_Diag.root
[PlotMCMCDiag.cpp][info] Geweke/enu_enubias_453_param_452_Geweke
[PlotMCMCDiag.cpp][warning] continuing along my way for Geweke
[PlotMCMCDiag.cpp][info] Looking for Geweke/enu_enubias_453_param_452_Geweke from file /scratch/abipeake/March2026/Easter_finerxsecbinning_sat11ththapril_robbinsmonroemore2/chain_trimmed_last10M_MCMC_Diag.root
[PlotMCMCDiag.cpp][info] Geweke/enu_enubias_454_param_453_Geweke
[PlotMCMCDiag.cpp][warning] continuing along my way for Geweke
[PlotMCMCDiag.cpp][info] Looking for Geweke/enu_enubias_454_param_453_Geweke from file /scratch/abipeake/March2026/Easter_finerxsecbinning_sat11ththapril_robbinsmonroemore2/chain_trimmed_last10M_MCMC_Diag.root
[PlotMCMCDiag.cpp][info] Geweke/enu_enubias_455_param_454_Geweke
[PlotMCMCDiag.cpp][warning] continuing along my way for Geweke
[PlotMCMCDiag.cpp][info] Looking for Geweke/enu_enubias_455_param_454_Geweke from file /scratch/abipeake/March2026/Easter_finerxsecbinning_sat11ththapril_robbinsmonroemore2/chain_trimmed_last10M_MCMC_Diag.root
[PlotMCMCDiag.cpp][info] Geweke/enu_enubias_456_param_455_Geweke
[PlotMCMCDiag.cpp][warning] continuing along my way for Geweke
[PlotMCMCDiag.cpp][info] Looking for Geweke/enu_enubias_456_param_455_Geweke from file /scratch/abipeake/March2026/Easter_finerxsecbinning_sat11ththapril_robbinsmonroemore2/chain_trimmed_last10M_MCMC_Diag.root
[PlotMCMCDiag.cpp][info] Geweke/enu_enubias_457_param_456_Geweke
[PlotMCMCDiag.cpp][warning] continuing along my way for Geweke
[PlotMCMCDiag.cpp][info] Looking for Geweke/enu_enubias_457_param_456_Geweke from file /scratch/abipeake/March2026/Easter_finerxsecbinning_sat11ththapril_robbinsmonroemore2/chain_trimmed_last10M_MCMC_Diag.root
[PlotMCMCDiag.cpp][info] Geweke/enu_enubias_458_param_457_Geweke
[PlotMCMCDiag.cpp][warning] continuing along my way for Geweke
[PlotMCMCDiag.cpp][info] Looking for Geweke/enu_enubias_458_param_457_Geweke from file /scratch/abipeake/March2026/Easter_finerxsecbinning_sat11ththapril_robbinsmonroemore2/chain_trimmed_last10M_MCMC_Diag.root
[PlotMCMCDiag.cpp][info] Geweke/enu_enubias_459_param_458_Geweke
[PlotMCMCDiag.cpp][warning] continuing along my way for Geweke
[PlotMCMCDiag.cpp][info] Looking for Geweke/enu_enubias_459_param_458_Geweke from file /scratch/abipeake/March2026/Easter_finerxsecbinning_sat11ththapril_robbinsmonroemore2/chain_trimmed_last10M_MCMC_Diag.root
[PlotMCMCDiag.cpp][info] Geweke/enu_enubias_460_param_459_Geweke
[PlotMCMCDiag.cpp][warning] continuing along my way for Geweke
[PlotMCMCDiag.cpp][info] Looking for Geweke/enu_enubias_460_param_459_Geweke from file /scratch/abipeake/March2026/Easter_finerxsecbinning_sat11ththapril_robbinsmonroemore2/chain_trimmed_last10M_MCMC_Diag.root
[PlotMCMCDiag.cpp][info] Geweke/enu_enubias_461_param_460_Geweke
[PlotMCMCDiag.cpp][warning] continuing along my way for Geweke
[PlotMCMCDiag.cpp][info] Looking for Geweke/enu_enubias_461_param_460_Geweke from file /scratch/abipeake/March2026/Easter_finerxsecbinning_sat11ththapril_robbinsmonroemore2/chain_trimmed_last10M_MCMC_Diag.root
[PlotMCMCDiag.cpp][info] Geweke/enu_enubias_462_param_461_Geweke
[PlotMCMCDiag.cpp][warning] continuing along my way for Geweke
[PlotMCMCDiag.cpp][info] Looking for Geweke/enu_enubias_462_param_461_Geweke from file /scratch/abipeake/March2026/Easter_finerxsecbinning_sat11ththapril_robbinsmonroemore2/chain_trimmed_last10M_MCMC_Diag.root
[PlotMCMCDiag.cpp][info] Geweke/enu_enubias_463_param_462_Geweke
[PlotMCMCDiag.cpp][warning] continuing along my way for Geweke
[PlotMCMCDiag.cpp][info] Looking for Geweke/enu_enubias_463_param_462_Geweke from file /scratch/abipeake/March2026/Easter_finerxsecbinning_sat11ththapril_robbinsmonroemore2/chain_trimmed_last10M_MCMC_Diag.root
[PlotMCMCDiag.cpp][info] Geweke/enu_enubias_464_param_463_Geweke
[PlotMCMCDiag.cpp][warning] continuing along my way for Geweke
[PlotMCMCDiag.cpp][info] Looking for Geweke/enu_enubias_464_param_463_Geweke from file /scratch/abipeake/March2026/Easter_finerxsecbinning_sat11ththapril_robbinsmonroemore2/chain_trimmed_last10M_MCMC_Diag.root
[PlotMCMCDiag.cpp][info] Geweke/enu_enubias_465_param_464_Geweke
[PlotMCMCDiag.cpp][warning] continuing along my way for Geweke
[PlotMCMCDiag.cpp][info] Looking for Geweke/enu_enubias_465_param_464_Geweke from file /scratch/abipeake/March2026/Easter_finerxsecbinning_sat11ththapril_robbinsmonroemore2/chain_trimmed_last10M_MCMC_Diag.root
[PlotMCMCDiag.cpp][info] Geweke/enu_enubias_466_param_465_Geweke
[PlotMCMCDiag.cpp][warning] continuing along my way for Geweke
[PlotMCMCDiag.cpp][info] Looking for Geweke/enu_enubias_466_param_465_Geweke from file /scratch/abipeake/March2026/Easter_finerxsecbinning_sat11ththapril_robbinsmonroemore2/chain_trimmed_last10M_MCMC_Diag.root
[PlotMCMCDiag.cpp][info] Geweke/enu_enubias_467_param_466_Geweke
[PlotMCMCDiag.cpp][warning] continuing along my way for Geweke
[PlotMCMCDiag.cpp][info] Looking for Geweke/enu_enubias_467_param_466_Geweke from file /scratch/abipeake/March2026/Easter_finerxsecbinning_sat11ththapril_robbinsmonroemore2/chain_trimmed_last10M_MCMC_Diag.root
[PlotMCMCDiag.cpp][info] Geweke/enu_enubias_468_param_467_Geweke
[PlotMCMCDiag.cpp][warning] continuing along my way for Geweke
[PlotMCMCDiag.cpp][info] Looking for Geweke/enu_enubias_468_param_467_Geweke from file /scratch/abipeake/March2026/Easter_finerxsecbinning_sat11ththapril_robbinsmonroemore2/chain_trimmed_last10M_MCMC_Diag.root
[PlotMCMCDiag.cpp][info] Geweke/enu_enubias_469_param_468_Geweke
[PlotMCMCDiag.cpp][warning] continuing along my way for Geweke
[PlotMCMCDiag.cpp][info] Looking for Geweke/enu_enubias_469_param_468_Geweke from file /scratch/abipeake/March2026/Easter_finerxsecbinning_sat11ththapril_robbinsmonroemore2/chain_trimmed_last10M_MCMC_Diag.root
[PlotMCMCDiag.cpp][info] Geweke/enu_enubias_470_param_469_Geweke
[PlotMCMCDiag.cpp][warning] continuing along my way for Geweke
[PlotMCMCDiag.cpp][info] Looking for Geweke/enu_enubias_470_param_469_Geweke from file /scratch/abipeake/March2026/Easter_finerxsecbinning_sat11ththapril_robbinsmonroemore2/chain_trimmed_last10M_MCMC_Diag.root
[PlotMCMCDiag.cpp][info] Geweke/enu_enubias_471_param_470_Geweke
[PlotMCMCDiag.cpp][warning] continuing along my way for Geweke
[PlotMCMCDiag.cpp][info] Looking for Geweke/enu_enubias_471_param_470_Geweke from file /scratch/abipeake/March2026/Easter_finerxsecbinning_sat11ththapril_robbinsmonroemore2/chain_trimmed_last10M_MCMC_Diag.root
[PlotMCMCDiag.cpp][info] Geweke/enu_enubias_472_param_471_Geweke
[PlotMCMCDiag.cpp][warning] continuing along my way for Geweke
[PlotMCMCDiag.cpp][info] Looking for Geweke/enu_enubias_472_param_471_Geweke from file /scratch/abipeake/March2026/Easter_finerxsecbinning_sat11ththapril_robbinsmonroemore2/chain_trimmed_last10M_MCMC_Diag.root
[PlotMCMCDiag.cpp][info] Geweke/enu_enubias_473_param_472_Geweke
[PlotMCMCDiag.cpp][warning] continuing along my way for Geweke
[PlotMCMCDiag.cpp][info] Looking for Geweke/enu_enubias_473_param_472_Geweke from file /scratch/abipeake/March2026/Easter_finerxsecbinning_sat11ththapril_robbinsmonroemore2/chain_trimmed_last10M_MCMC_Diag.root
[PlotMCMCDiag.cpp][info] Geweke/enu_enubias_474_param_473_Geweke
[PlotMCMCDiag.cpp][warning] continuing along my way for Geweke
[PlotMCMCDiag.cpp][info] Looking for Geweke/enu_enubias_474_param_473_Geweke from file /scratch/abipeake/March2026/Easter_finerxsecbinning_sat11ththapril_robbinsmonroemore2/chain_trimmed_last10M_MCMC_Diag.root
[PlotMCMCDiag.cpp][info] Geweke/enu_enubias_475_param_474_Geweke
[PlotMCMCDiag.cpp][warning] continuing along my way for Geweke
[PlotMCMCDiag.cpp][info] Looking for Geweke/enu_enubias_475_param_474_Geweke from file /scratch/abipeake/March2026/Easter_finerxsecbinning_sat11ththapril_robbinsmonroemore2/chain_trimmed_last10M_MCMC_Diag.root
[PlotMCMCDiag.cpp][info] Geweke/enu_enubias_476_param_475_Geweke
[PlotMCMCDiag.cpp][warning] continuing along my way for Geweke
[PlotMCMCDiag.cpp][info] Looking for Geweke/enu_enubias_476_param_475_Geweke from file /scratch/abipeake/March2026/Easter_finerxsecbinning_sat11ththapril_robbinsmonroemore2/chain_trimmed_last10M_MCMC_Diag.root
[PlotMCMCDiag.cpp][info] Geweke/enu_enubias_477_param_476_Geweke
[PlotMCMCDiag.cpp][warning] continuing along my way for Geweke
[PlotMCMCDiag.cpp][info] Looking for Geweke/enu_enubias_477_param_476_Geweke from file /scratch/abipeake/March2026/Easter_finerxsecbinning_sat11ththapril_robbinsmonroemore2/chain_trimmed_last10M_MCMC_Diag.root
[PlotMCMCDiag.cpp][info] Geweke/enu_enubias_478_param_477_Geweke
[PlotMCMCDiag.cpp][warning] continuing along my way for Geweke
[PlotMCMCDiag.cpp][info] Looking for Geweke/enu_enubias_478_param_477_Geweke from file /scratch/abipeake/March2026/Easter_finerxsecbinning_sat11ththapril_robbinsmonroemore2/chain_trimmed_last10M_MCMC_Diag.root
[PlotMCMCDiag.cpp][info] Geweke/enu_enubias_479_param_478_Geweke
[PlotMCMCDiag.cpp][warning] continuing along my way for Geweke
[PlotMCMCDiag.cpp][info] Looking for Geweke/enu_enubias_479_param_478_Geweke from file /scratch/abipeake/March2026/Easter_finerxsecbinning_sat11ththapril_robbinsmonroemore2/chain_trimmed_last10M_MCMC_Diag.root
[PlotMCMCDiag.cpp][info] Geweke/enu_enubias_480_param_479_Geweke
[PlotMCMCDiag.cpp][warning] continuing along my way for Geweke
[PlotMCMCDiag.cpp][info] Looking for Geweke/enu_enubias_480_param_479_Geweke from file /scratch/abipeake/March2026/Easter_finerxsecbinning_sat11ththapril_robbinsmonroemore2/chain_trimmed_last10M_MCMC_Diag.root
[PlotMCMCDiag.cpp][info] Geweke/enu_enubias_481_param_480_Geweke
[PlotMCMCDiag.cpp][warning] continuing along my way for Geweke
[PlotMCMCDiag.cpp][info] Looking for Geweke/enu_enubias_481_param_480_Geweke from file /scratch/abipeake/March2026/Easter_finerxsecbinning_sat11ththapril_robbinsmonroemore2/chain_trimmed_last10M_MCMC_Diag.root
[PlotMCMCDiag.cpp][info] Geweke/enu_enubias_482_param_481_Geweke
[PlotMCMCDiag.cpp][warning] continuing along my way for Geweke
[PlotMCMCDiag.cpp][info] Looking for Geweke/enu_enubias_482_param_481_Geweke from file /scratch/abipeake/March2026/Easter_finerxsecbinning_sat11ththapril_robbinsmonroemore2/chain_trimmed_last10M_MCMC_Diag.root
[PlotMCMCDiag.cpp][info] Geweke/enu_enubias_483_param_482_Geweke
[PlotMCMCDiag.cpp][warning] continuing along my way for Geweke
[PlotMCMCDiag.cpp][info] Looking for Geweke/enu_enubias_483_param_482_Geweke from file /scratch/abipeake/March2026/Easter_finerxsecbinning_sat11ththapril_robbinsmonroemore2/chain_trimmed_last10M_MCMC_Diag.root
[PlotMCMCDiag.cpp][info] Geweke/enu_enubias_484_param_483_Geweke
[PlotMCMCDiag.cpp][warning] continuing along my way for Geweke
[PlotMCMCDiag.cpp][info] Looking for Geweke/enu_enubias_484_param_483_Geweke from file /scratch/abipeake/March2026/Easter_finerxsecbinning_sat11ththapril_robbinsmonroemore2/chain_trimmed_last10M_MCMC_Diag.root
[PlotMCMCDiag.cpp][info] Geweke/enu_enubias_485_param_484_Geweke
[PlotMCMCDiag.cpp][warning] continuing along my way for Geweke
[PlotMCMCDiag.cpp][info] Looking for Geweke/enu_enubias_485_param_484_Geweke from file /scratch/abipeake/March2026/Easter_finerxsecbinning_sat11ththapril_robbinsmonroemore2/chain_trimmed_last10M_MCMC_Diag.root
[PlotMCMCDiag.cpp][info] Geweke/enu_enubias_486_param_485_Geweke
[PlotMCMCDiag.cpp][warning] continuing along my way for Geweke
[PlotMCMCDiag.cpp][info] Looking for Geweke/enu_enubias_486_param_485_Geweke from file /scratch/abipeake/March2026/Easter_finerxsecbinning_sat11ththapril_robbinsmonroemore2/chain_trimmed_last10M_MCMC_Diag.root
[PlotMCMCDiag.cpp][info] Geweke/enu_enubias_487_param_486_Geweke
[PlotMCMCDiag.cpp][warning] continuing along my way for Geweke
[PlotMCMCDiag.cpp][info] Looking for Geweke/enu_enubias_487_param_486_Geweke from file /scratch/abipeake/March2026/Easter_finerxsecbinning_sat11ththapril_robbinsmonroemore2/chain_trimmed_last10M_MCMC_Diag.root
[PlotMCMCDiag.cpp][info] Geweke/enu_enubias_488_param_487_Geweke
[PlotMCMCDiag.cpp][warning] continuing along my way for Geweke
[PlotMCMCDiag.cpp][info] Looking for Geweke/enu_enubias_488_param_487_Geweke from file /scratch/abipeake/March2026/Easter_finerxsecbinning_sat11ththapril_robbinsmonroemore2/chain_trimmed_last10M_MCMC_Diag.root
[PlotMCMCDiag.cpp][info] Geweke/enu_enubias_489_param_488_Geweke
[PlotMCMCDiag.cpp][warning] continuing along my way for Geweke
[PlotMCMCDiag.cpp][info] Looking for Geweke/enu_enubias_489_param_488_Geweke from file /scratch/abipeake/March2026/Easter_finerxsecbinning_sat11ththapril_robbinsmonroemore2/chain_trimmed_last10M_MCMC_Diag.root
[PlotMCMCDiag.cpp][info] Geweke/enu_enubias_490_param_489_Geweke
[PlotMCMCDiag.cpp][warning] continuing along my way for Geweke
[PlotMCMCDiag.cpp][info] Looking for Geweke/enu_enubias_490_param_489_Geweke from file /scratch/abipeake/March2026/Easter_finerxsecbinning_sat11ththapril_robbinsmonroemore2/chain_trimmed_last10M_MCMC_Diag.root
[PlotMCMCDiag.cpp][info] Geweke/enu_enubias_491_param_490_Geweke
[PlotMCMCDiag.cpp][warning] continuing along my way for Geweke
[PlotMCMCDiag.cpp][info] Looking for Geweke/enu_enubias_491_param_490_Geweke from file /scratch/abipeake/March2026/Easter_finerxsecbinning_sat11ththapril_robbinsmonroemore2/chain_trimmed_last10M_MCMC_Diag.root
[PlotMCMCDiag.cpp][info] Geweke/enu_enubias_492_param_491_Geweke
[PlotMCMCDiag.cpp][warning] continuing along my way for Geweke
[PlotMCMCDiag.cpp][info] Looking for Geweke/enu_enubias_492_param_491_Geweke from file /scratch/abipeake/March2026/Easter_finerxsecbinning_sat11ththapril_robbinsmonroemore2/chain_trimmed_last10M_MCMC_Diag.root
[PlotMCMCDiag.cpp][info] Geweke/enu_enubias_493_param_492_Geweke
[PlotMCMCDiag.cpp][warning] continuing along my way for Geweke
[PlotMCMCDiag.cpp][info] Looking for Geweke/enu_enubias_493_param_492_Geweke from file /scratch/abipeake/March2026/Easter_finerxsecbinning_sat11ththapril_robbinsmonroemore2/chain_trimmed_last10M_MCMC_Diag.root
[PlotMCMCDiag.cpp][info] Geweke/enu_enubias_494_param_493_Geweke
[PlotMCMCDiag.cpp][warning] continuing along my way for Geweke
[PlotMCMCDiag.cpp][info] Looking for Geweke/enu_enubias_494_param_493_Geweke from file /scratch/abipeake/March2026/Easter_finerxsecbinning_sat11ththapril_robbinsmonroemore2/chain_trimmed_last10M_MCMC_Diag.root
[PlotMCMCDiag.cpp][info] Geweke/enu_enubias_495_param_494_Geweke
[PlotMCMCDiag.cpp][warning] continuing along my way for Geweke
[PlotMCMCDiag.cpp][info] Looking for Geweke/enu_enubias_495_param_494_Geweke from file /scratch/abipeake/March2026/Easter_finerxsecbinning_sat11ththapril_robbinsmonroemore2/chain_trimmed_last10M_MCMC_Diag.root
[PlotMCMCDiag.cpp][info] Geweke/enu_enubias_496_param_495_Geweke
[PlotMCMCDiag.cpp][warning] continuing along my way for Geweke
[PlotMCMCDiag.cpp][info] Looking for Geweke/enu_enubias_496_param_495_Geweke from file /scratch/abipeake/March2026/Easter_finerxsecbinning_sat11ththapril_robbinsmonroemore2/chain_trimmed_last10M_MCMC_Diag.root
[PlotMCMCDiag.cpp][info] Geweke/enu_enubias_497_param_496_Geweke
[PlotMCMCDiag.cpp][warning] continuing along my way for Geweke
[PlotMCMCDiag.cpp][info] Looking for Geweke/enu_enubias_497_param_496_Geweke from file /scratch/abipeake/March2026/Easter_finerxsecbinning_sat11ththapril_robbinsmonroemore2/chain_trimmed_last10M_MCMC_Diag.root
[PlotMCMCDiag.cpp][info] Geweke/enu_enubias_498_param_497_Geweke
[PlotMCMCDiag.cpp][warning] continuing along my way for Geweke
[PlotMCMCDiag.cpp][info] Looking for Geweke/enu_enubias_498_param_497_Geweke from file /scratch/abipeake/March2026/Easter_finerxsecbinning_sat11ththapril_robbinsmonroemore2/chain_trimmed_last10M_MCMC_Diag.root
[PlotMCMCDiag.cpp][info] Geweke/enu_enubias_499_param_498_Geweke
[PlotMCMCDiag.cpp][warning] continuing along my way for Geweke
[PlotMCMCDiag.cpp][info] Looking for Geweke/enu_enubias_499_param_498_Geweke from file /scratch/abipeake/March2026/Easter_finerxsecbinning_sat11ththapril_robbinsmonroemore2/chain_trimmed_last10M_MCMC_Diag.root
[PlotMCMCDiag.cpp][info] Geweke/enu_enubias_500_param_499_Geweke
[PlotMCMCDiag.cpp][warning] continuing along my way for Geweke
[PlotMCMCDiag.cpp][info] Looking for Geweke/enu_enubias_500_param_499_Geweke from file /scratch/abipeake/March2026/Easter_finerxsecbinning_sat11ththapril_robbinsmonroemore2/chain_trimmed_last10M_MCMC_Diag.root
[PlotMCMCDiag.cpp][info] Geweke/enu_enubias_501_param_500_Geweke
[PlotMCMCDiag.cpp][warning] continuing along my way for Geweke
[PlotMCMCDiag.cpp][info] Looking for Geweke/enu_enubias_501_param_500_Geweke from file /scratch/abipeake/March2026/Easter_finerxsecbinning_sat11ththapril_robbinsmonroemore2/chain_trimmed_last10M_MCMC_Diag.root
[PlotMCMCDiag.cpp][info] Geweke/enu_enubias_502_param_501_Geweke
[PlotMCMCDiag.cpp][warning] continuing along my way for Geweke
[PlotMCMCDiag.cpp][info] Looking for Geweke/enu_enubias_502_param_501_Geweke from file /scratch/abipeake/March2026/Easter_finerxsecbinning_sat11ththapril_robbinsmonroemore2/chain_trimmed_last10M_MCMC_Diag.root
[PlotMCMCDiag.cpp][info] Geweke/enu_enubias_503_param_502_Geweke
[PlotMCMCDiag.cpp][warning] continuing along my way for Geweke
[PlotMCMCDiag.cpp][info] Looking for Geweke/enu_enubias_503_param_502_Geweke from file /scratch/abipeake/March2026/Easter_finerxsecbinning_sat11ththapril_robbinsmonroemore2/chain_trimmed_last10M_MCMC_Diag.root
[PlotMCMCDiag.cpp][info] Geweke/enu_enubias_504_param_503_Geweke
[PlotMCMCDiag.cpp][warning] continuing along my way for Geweke
[PlotMCMCDiag.cpp][info] Looking for Geweke/enu_enubias_504_param_503_Geweke from file /scratch/abipeake/March2026/Easter_finerxsecbinning_sat11ththapril_robbinsmonroemore2/chain_trimmed_last10M_MCMC_Diag.root
[PlotMCMCDiag.cpp][info] Geweke/enu_enubias_505_param_504_Geweke
[PlotMCMCDiag.cpp][warning] continuing along my way for Geweke
[PlotMCMCDiag.cpp][info] Looking for Geweke/enu_enubias_505_param_504_Geweke from file /scratch/abipeake/March2026/Easter_finerxsecbinning_sat11ththapril_robbinsmonroemore2/chain_trimmed_last10M_MCMC_Diag.root
[PlotMCMCDiag.cpp][info] Geweke/enu_enubias_506_param_505_Geweke
[PlotMCMCDiag.cpp][warning] continuing along my way for Geweke
[PlotMCMCDiag.cpp][info] Looking for Geweke/enu_enubias_506_param_505_Geweke from file /scratch/abipeake/March2026/Easter_finerxsecbinning_sat11ththapril_robbinsmonroemore2/chain_trimmed_last10M_MCMC_Diag.root
[PlotMCMCDiag.cpp][info] Geweke/enu_enubias_507_param_506_Geweke
[PlotMCMCDiag.cpp][warning] continuing along my way for Geweke
[PlotMCMCDiag.cpp][info] Looking for Geweke/enu_enubias_507_param_506_Geweke from file /scratch/abipeake/March2026/Easter_finerxsecbinning_sat11ththapril_robbinsmonroemore2/chain_trimmed_last10M_MCMC_Diag.root
[PlotMCMCDiag.cpp][info] Geweke/enu_enubias_508_param_507_Geweke
[PlotMCMCDiag.cpp][warning] continuing along my way for Geweke
[PlotMCMCDiag.cpp][info] Looking for Geweke/enu_enubias_508_param_507_Geweke from file /scratch/abipeake/March2026/Easter_finerxsecbinning_sat11ththapril_robbinsmonroemore2/chain_trimmed_last10M_MCMC_Diag.root
[PlotMCMCDiag.cpp][info] Geweke/enu_enubias_509_param_508_Geweke
[PlotMCMCDiag.cpp][warning] continuing along my way for Geweke
[PlotMCMCDiag.cpp][info] Looking for Geweke/enu_enubias_509_param_508_Geweke from file /scratch/abipeake/March2026/Easter_finerxsecbinning_sat11ththapril_robbinsmonroemore2/chain_trimmed_last10M_MCMC_Diag.root
[PlotMCMCDiag.cpp][info] Geweke/enu_enubias_510_param_509_Geweke
[PlotMCMCDiag.cpp][warning] continuing along my way for Geweke
[PlotMCMCDiag.cpp][info] Looking for Geweke/enu_enubias_510_param_509_Geweke from file /scratch/abipeake/March2026/Easter_finerxsecbinning_sat11ththapril_robbinsmonroemore2/chain_trimmed_last10M_MCMC_Diag.root
[PlotMCMCDiag.cpp][info] Geweke/enu_enubias_511_param_510_Geweke
[PlotMCMCDiag.cpp][warning] continuing along my way for Geweke
[PlotMCMCDiag.cpp][info] Looking for Geweke/enu_enubias_511_param_510_Geweke from file /scratch/abipeake/March2026/Easter_finerxsecbinning_sat11ththapril_robbinsmonroemore2/chain_trimmed_last10M_MCMC_Diag.root
[PlotMCMCDiag.cpp][info] Geweke/enu_enubias_512_param_511_Geweke
[PlotMCMCDiag.cpp][warning] continuing along my way for Geweke
[PlotMCMCDiag.cpp][info] Looking for Geweke/enu_enubias_512_param_511_Geweke from file /scratch/abipeake/March2026/Easter_finerxsecbinning_sat11ththapril_robbinsmonroemore2/chain_trimmed_last10M_MCMC_Diag.root
[PlotMCMCDiag.cpp][info] Geweke/enu_enubias_513_param_512_Geweke
[PlotMCMCDiag.cpp][warning] continuing along my way for Geweke
[PlotMCMCDiag.cpp][info] Looking for Geweke/enu_enubias_513_param_512_Geweke from file /scratch/abipeake/March2026/Easter_finerxsecbinning_sat11ththapril_robbinsmonroemore2/chain_trimmed_last10M_MCMC_Diag.root
[PlotMCMCDiag.cpp][info] Geweke/enu_enubias_514_param_513_Geweke
[PlotMCMCDiag.cpp][warning] continuing along my way for Geweke
[PlotMCMCDiag.cpp][info] Looking for Geweke/enu_enubias_514_param_513_Geweke from file /scratch/abipeake/March2026/Easter_finerxsecbinning_sat11ththapril_robbinsmonroemore2/chain_trimmed_last10M_MCMC_Diag.root
[PlotMCMCDiag.cpp][info] Geweke/enu_enubias_515_param_514_Geweke
[PlotMCMCDiag.cpp][warning] continuing along my way for Geweke
[PlotMCMCDiag.cpp][info] Looking for Geweke/enu_enubias_515_param_514_Geweke from file /scratch/abipeake/March2026/Easter_finerxsecbinning_sat11ththapril_robbinsmonroemore2/chain_trimmed_last10M_MCMC_Diag.root
[PlotMCMCDiag.cpp][info] Geweke/enu_enubias_516_param_515_Geweke
[PlotMCMCDiag.cpp][warning] continuing along my way for Geweke
[PlotMCMCDiag.cpp][info] Looking for Geweke/enu_enubias_516_param_515_Geweke from file /scratch/abipeake/March2026/Easter_finerxsecbinning_sat11ththapril_robbinsmonroemore2/chain_trimmed_last10M_MCMC_Diag.root
[PlotMCMCDiag.cpp][info] Geweke/enu_enubias_517_param_516_Geweke
[PlotMCMCDiag.cpp][warning] continuing along my way for Geweke
[PlotMCMCDiag.cpp][info] Looking for Geweke/enu_enubias_517_param_516_Geweke from file /scratch/abipeake/March2026/Easter_finerxsecbinning_sat11ththapril_robbinsmonroemore2/chain_trimmed_last10M_MCMC_Diag.root
[PlotMCMCDiag.cpp][info] Geweke/enu_enubias_518_param_517_Geweke
[PlotMCMCDiag.cpp][warning] continuing along my way for Geweke
[PlotMCMCDiag.cpp][info] Looking for Geweke/enu_enubias_518_param_517_Geweke from file /scratch/abipeake/March2026/Easter_finerxsecbinning_sat11ththapril_robbinsmonroemore2/chain_trimmed_last10M_MCMC_Diag.root
[PlotMCMCDiag.cpp][info] Geweke/enu_enubias_519_param_518_Geweke
[PlotMCMCDiag.cpp][warning] continuing along my way for Geweke
[PlotMCMCDiag.cpp][info] Looking for Geweke/enu_enubias_519_param_518_Geweke from file /scratch/abipeake/March2026/Easter_finerxsecbinning_sat11ththapril_robbinsmonroemore2/chain_trimmed_last10M_MCMC_Diag.root
[PlotMCMCDiag.cpp][info] Geweke/enu_enubias_520_param_519_Geweke
[PlotMCMCDiag.cpp][warning] continuing along my way for Geweke
[PlotMCMCDiag.cpp][info] Looking for Geweke/enu_enubias_520_param_519_Geweke from file /scratch/abipeake/March2026/Easter_finerxsecbinning_sat11ththapril_robbinsmonroemore2/chain_trimmed_last10M_MCMC_Diag.root
[PlotMCMCDiag.cpp][info] Geweke/enu_enubias_521_param_520_Geweke
[PlotMCMCDiag.cpp][warning] continuing along my way for Geweke
[PlotMCMCDiag.cpp][info] Looking for Geweke/enu_enubias_521_param_520_Geweke from file /scratch/abipeake/March2026/Easter_finerxsecbinning_sat11ththapril_robbinsmonroemore2/chain_trimmed_last10M_MCMC_Diag.root
[PlotMCMCDiag.cpp][info] Geweke/enu_enubias_522_param_521_Geweke
[PlotMCMCDiag.cpp][warning] continuing along my way for Geweke
[PlotMCMCDiag.cpp][info] Looking for Geweke/enu_enubias_522_param_521_Geweke from file /scratch/abipeake/March2026/Easter_finerxsecbinning_sat11ththapril_robbinsmonroemore2/chain_trimmed_last10M_MCMC_Diag.root
[PlotMCMCDiag.cpp][info] Geweke/enu_enubias_523_param_522_Geweke
[PlotMCMCDiag.cpp][warning] continuing along my way for Geweke
[PlotMCMCDiag.cpp][info] Looking for Geweke/enu_enubias_523_param_522_Geweke from file /scratch/abipeake/March2026/Easter_finerxsecbinning_sat11ththapril_robbinsmonroemore2/chain_trimmed_last10M_MCMC_Diag.root
[PlotMCMCDiag.cpp][info] Geweke/enu_enubias_524_param_523_Geweke
[PlotMCMCDiag.cpp][warning] continuing along my way for Geweke
[PlotMCMCDiag.cpp][info] Looking for Geweke/enu_enubias_524_param_523_Geweke from file /scratch/abipeake/March2026/Easter_finerxsecbinning_sat11ththapril_robbinsmonroemore2/chain_trimmed_last10M_MCMC_Diag.root
[PlotMCMCDiag.cpp][info] Geweke/enu_enubias_525_param_524_Geweke
[PlotMCMCDiag.cpp][warning] continuing along my way for Geweke
[PlotMCMCDiag.cpp][info] Looking for Geweke/enu_enubias_525_param_524_Geweke from file /scratch/abipeake/March2026/Easter_finerxsecbinning_sat11ththapril_robbinsmonroemore2/chain_trimmed_last10M_MCMC_Diag.root
[PlotMCMCDiag.cpp][info] Geweke/enu_enubias_526_param_525_Geweke
[PlotMCMCDiag.cpp][warning] continuing along my way for Geweke
[PlotMCMCDiag.cpp][info] Looking for Geweke/enu_enubias_526_param_525_Geweke from file /scratch/abipeake/March2026/Easter_finerxsecbinning_sat11ththapril_robbinsmonroemore2/chain_trimmed_last10M_MCMC_Diag.root
[PlotMCMCDiag.cpp][info] Geweke/enu_enubias_527_param_526_Geweke
[PlotMCMCDiag.cpp][warning] continuing along my way for Geweke
[PlotMCMCDiag.cpp][info] Looking for Geweke/enu_enubias_527_param_526_Geweke from file /scratch/abipeake/March2026/Easter_finerxsecbinning_sat11ththapril_robbinsmonroemore2/chain_trimmed_last10M_MCMC_Diag.root
[PlotMCMCDiag.cpp][info] Geweke/enu_enubias_528_param_527_Geweke
[PlotMCMCDiag.cpp][warning] continuing along my way for Geweke
[PlotMCMCDiag.cpp][info] Looking for Geweke/enu_enubias_528_param_527_Geweke from file /scratch/abipeake/March2026/Easter_finerxsecbinning_sat11ththapril_robbinsmonroemore2/chain_trimmed_last10M_MCMC_Diag.root
[PlotMCMCDiag.cpp][info] Geweke/enu_enubias_529_param_528_Geweke
[PlotMCMCDiag.cpp][warning] continuing along my way for Geweke
[PlotMCMCDiag.cpp][info] Looking for Geweke/enu_enubias_529_param_528_Geweke from file /scratch/abipeake/March2026/Easter_finerxsecbinning_sat11ththapril_robbinsmonroemore2/chain_trimmed_last10M_MCMC_Diag.root
[PlotMCMCDiag.cpp][info] Geweke/enu_enubias_530_param_529_Geweke
[PlotMCMCDiag.cpp][warning] continuing along my way for Geweke
[PlotMCMCDiag.cpp][info] Looking for Geweke/enu_enubias_530_param_529_Geweke from file /scratch/abipeake/March2026/Easter_finerxsecbinning_sat11ththapril_robbinsmonroemore2/chain_trimmed_last10M_MCMC_Diag.root
[PlotMCMCDiag.cpp][info] Geweke/enu_enubias_531_param_530_Geweke
[PlotMCMCDiag.cpp][warning] continuing along my way for Geweke
[PlotMCMCDiag.cpp][info] Looking for Geweke/enu_enubias_531_param_530_Geweke from file /scratch/abipeake/March2026/Easter_finerxsecbinning_sat11ththapril_robbinsmonroemore2/chain_trimmed_last10M_MCMC_Diag.root
[PlotMCMCDiag.cpp][info] Geweke/enu_enubias_532_param_531_Geweke
[PlotMCMCDiag.cpp][warning] continuing along my way for Geweke
[PlotMCMCDiag.cpp][info] Looking for Geweke/enu_enubias_532_param_531_Geweke from file /scratch/abipeake/March2026/Easter_finerxsecbinning_sat11ththapril_robbinsmonroemore2/chain_trimmed_last10M_MCMC_Diag.root
[PlotMCMCDiag.cpp][info] Geweke/enu_enubias_533_param_532_Geweke
[PlotMCMCDiag.cpp][warning] continuing along my way for Geweke
[PlotMCMCDiag.cpp][info] Looking for Geweke/enu_enubias_533_param_532_Geweke from file /scratch/abipeake/March2026/Easter_finerxsecbinning_sat11ththapril_robbinsmonroemore2/chain_trimmed_last10M_MCMC_Diag.root
[PlotMCMCDiag.cpp][info] Geweke/enu_enubias_534_param_533_Geweke
[PlotMCMCDiag.cpp][warning] continuing along my way for Geweke
[PlotMCMCDiag.cpp][info] Looking for Geweke/enu_enubias_534_param_533_Geweke from file /scratch/abipeake/March2026/Easter_finerxsecbinning_sat11ththapril_robbinsmonroemore2/chain_trimmed_last10M_MCMC_Diag.root
[PlotMCMCDiag.cpp][info] Geweke/enu_enubias_535_param_534_Geweke
[PlotMCMCDiag.cpp][warning] continuing along my way for Geweke
[PlotMCMCDiag.cpp][info] Looking for Geweke/enu_enubias_535_param_534_Geweke from file /scratch/abipeake/March2026/Easter_finerxsecbinning_sat11ththapril_robbinsmonroemore2/chain_trimmed_last10M_MCMC_Diag.root
[PlotMCMCDiag.cpp][info] Geweke/enu_enubias_536_param_535_Geweke
[PlotMCMCDiag.cpp][warning] continuing along my way for Geweke
[PlotMCMCDiag.cpp][info] Looking for Geweke/enu_enubias_536_param_535_Geweke from file /scratch/abipeake/March2026/Easter_finerxsecbinning_sat11ththapril_robbinsmonroemore2/chain_trimmed_last10M_MCMC_Diag.root
[PlotMCMCDiag.cpp][info] Geweke/enu_enubias_537_param_536_Geweke
[PlotMCMCDiag.cpp][warning] continuing along my way for Geweke
[PlotMCMCDiag.cpp][info] Looking for Geweke/enu_enubias_537_param_536_Geweke from file /scratch/abipeake/March2026/Easter_finerxsecbinning_sat11ththapril_robbinsmonroemore2/chain_trimmed_last10M_MCMC_Diag.root
[PlotMCMCDiag.cpp][info] Geweke/enu_enubias_538_param_537_Geweke
[PlotMCMCDiag.cpp][warning] continuing along my way for Geweke
[PlotMCMCDiag.cpp][info] Looking for Geweke/enu_enubias_538_param_537_Geweke from file /scratch/abipeake/March2026/Easter_finerxsecbinning_sat11ththapril_robbinsmonroemore2/chain_trimmed_last10M_MCMC_Diag.root
[PlotMCMCDiag.cpp][info] Geweke/enu_enubias_539_param_538_Geweke
[PlotMCMCDiag.cpp][warning] continuing along my way for Geweke
[PlotMCMCDiag.cpp][info] Looking for Geweke/enu_enubias_539_param_538_Geweke from file /scratch/abipeake/March2026/Easter_finerxsecbinning_sat11ththapril_robbinsmonroemore2/chain_trimmed_last10M_MCMC_Diag.root
[PlotMCMCDiag.cpp][info] Geweke/enu_enubias_540_param_539_Geweke
[PlotMCMCDiag.cpp][warning] continuing along my way for Geweke
[PlotMCMCDiag.cpp][info] Looking for Geweke/enu_enubias_540_param_539_Geweke from file /scratch/abipeake/March2026/Easter_finerxsecbinning_sat11ththapril_robbinsmonroemore2/chain_trimmed_last10M_MCMC_Diag.root
[PlotMCMCDiag.cpp][info] Geweke/enu_enubias_541_param_540_Geweke
[PlotMCMCDiag.cpp][warning] continuing along my way for Geweke
[PlotMCMCDiag.cpp][info] Looking for Geweke/enu_enubias_541_param_540_Geweke from file /scratch/abipeake/March2026/Easter_finerxsecbinning_sat11ththapril_robbinsmonroemore2/chain_trimmed_last10M_MCMC_Diag.root
[PlotMCMCDiag.cpp][info] Geweke/enu_enubias_542_param_541_Geweke
[PlotMCMCDiag.cpp][warning] continuing along my way for Geweke
[PlotMCMCDiag.cpp][info] Looking for Geweke/enu_enubias_542_param_541_Geweke from file /scratch/abipeake/March2026/Easter_finerxsecbinning_sat11ththapril_robbinsmonroemore2/chain_trimmed_last10M_MCMC_Diag.root
[PlotMCMCDiag.cpp][info] Geweke/enu_enubias_543_param_542_Geweke
[PlotMCMCDiag.cpp][warning] continuing along my way for Geweke
[PlotMCMCDiag.cpp][info] Looking for Geweke/enu_enubias_543_param_542_Geweke from file /scratch/abipeake/March2026/Easter_finerxsecbinning_sat11ththapril_robbinsmonroemore2/chain_trimmed_last10M_MCMC_Diag.root
[PlotMCMCDiag.cpp][info] Geweke/enu_enubias_544_param_543_Geweke
[PlotMCMCDiag.cpp][warning] continuing along my way for Geweke
[PlotMCMCDiag.cpp][info] Looking for Geweke/enu_enubias_544_param_543_Geweke from file /scratch/abipeake/March2026/Easter_finerxsecbinning_sat11ththapril_robbinsmonroemore2/chain_trimmed_last10M_MCMC_Diag.root
[PlotMCMCDiag.cpp][info] Geweke/enu_enubias_545_param_544_Geweke
[PlotMCMCDiag.cpp][warning] continuing along my way for Geweke
[PlotMCMCDiag.cpp][info] Looking for Geweke/enu_enubias_545_param_544_Geweke from file /scratch/abipeake/March2026/Easter_finerxsecbinning_sat11ththapril_robbinsmonroemore2/chain_trimmed_last10M_MCMC_Diag.root
[PlotMCMCDiag.cpp][info] Geweke/enu_enubias_546_param_545_Geweke
[PlotMCMCDiag.cpp][warning] continuing along my way for Geweke
[PlotMCMCDiag.cpp][info] Looking for Geweke/enu_enubias_546_param_545_Geweke from file /scratch/abipeake/March2026/Easter_finerxsecbinning_sat11ththapril_robbinsmonroemore2/chain_trimmed_last10M_MCMC_Diag.root
[PlotMCMCDiag.cpp][info] Geweke/enu_enubias_547_param_546_Geweke
[PlotMCMCDiag.cpp][warning] continuing along my way for Geweke
[PlotMCMCDiag.cpp][info] Looking for Geweke/enu_enubias_547_param_546_Geweke from file /scratch/abipeake/March2026/Easter_finerxsecbinning_sat11ththapril_robbinsmonroemore2/chain_trimmed_last10M_MCMC_Diag.root
[PlotMCMCDiag.cpp][info] Geweke/enu_enubias_548_param_547_Geweke
[PlotMCMCDiag.cpp][warning] continuing along my way for Geweke
[PlotMCMCDiag.cpp][info] Looking for Geweke/enu_enubias_548_param_547_Geweke from file /scratch/abipeake/March2026/Easter_finerxsecbinning_sat11ththapril_robbinsmonroemore2/chain_trimmed_last10M_MCMC_Diag.root
[PlotMCMCDiag.cpp][info] Geweke/enu_enubias_549_param_548_Geweke
[PlotMCMCDiag.cpp][warning] continuing along my way for Geweke
[PlotMCMCDiag.cpp][info] Looking for Geweke/enu_enubias_549_param_548_Geweke from file /scratch/abipeake/March2026/Easter_finerxsecbinning_sat11ththapril_robbinsmonroemore2/chain_trimmed_last10M_MCMC_Diag.root
[PlotMCMCDiag.cpp][info] Geweke/enu_enubias_550_param_549_Geweke
[PlotMCMCDiag.cpp][warning] continuing along my way for Geweke
[PlotMCMCDiag.cpp][info] Looking for Geweke/enu_enubias_550_param_549_Geweke from file /scratch/abipeake/March2026/Easter_finerxsecbinning_sat11ththapril_robbinsmonroemore2/chain_trimmed_last10M_MCMC_Diag.root
[PlotMCMCDiag.cpp][info] Geweke/enu_enubias_551_param_550_Geweke
[PlotMCMCDiag.cpp][warning] continuing along my way for Geweke
[PlotMCMCDiag.cpp][info] Looking for Geweke/enu_enubias_551_param_550_Geweke from file /scratch/abipeake/March2026/Easter_finerxsecbinning_sat11ththapril_robbinsmonroemore2/chain_trimmed_last10M_MCMC_Diag.root
[PlotMCMCDiag.cpp][info] Geweke/enu_enubias_552_param_551_Geweke
[PlotMCMCDiag.cpp][warning] continuing along my way for Geweke
[PlotMCMCDiag.cpp][info] Looking for Geweke/enu_enubias_552_param_551_Geweke from file /scratch/abipeake/March2026/Easter_finerxsecbinning_sat11ththapril_robbinsmonroemore2/chain_trimmed_last10M_MCMC_Diag.root
[PlotMCMCDiag.cpp][info] Geweke/enu_enubias_553_param_552_Geweke
[PlotMCMCDiag.cpp][warning] continuing along my way for Geweke
[PlotMCMCDiag.cpp][info] Looking for Geweke/enu_enubias_553_param_552_Geweke from file /scratch/abipeake/March2026/Easter_finerxsecbinning_sat11ththapril_robbinsmonroemore2/chain_trimmed_last10M_MCMC_Diag.root
[PlotMCMCDiag.cpp][info] Geweke/enu_enubias_554_param_553_Geweke
[PlotMCMCDiag.cpp][warning] continuing along my way for Geweke
[PlotMCMCDiag.cpp][info] Looking for Geweke/enu_enubias_554_param_553_Geweke from file /scratch/abipeake/March2026/Easter_finerxsecbinning_sat11ththapril_robbinsmonroemore2/chain_trimmed_last10M_MCMC_Diag.root
[PlotMCMCDiag.cpp][info] Geweke/enu_enubias_555_param_554_Geweke
[PlotMCMCDiag.cpp][warning] continuing along my way for Geweke
[PlotMCMCDiag.cpp][info] Looking for Geweke/enu_enubias_555_param_554_Geweke from file /scratch/abipeake/March2026/Easter_finerxsecbinning_sat11ththapril_robbinsmonroemore2/chain_trimmed_last10M_MCMC_Diag.root
[PlotMCMCDiag.cpp][info] Geweke/enu_enubias_556_param_555_Geweke
[PlotMCMCDiag.cpp][warning] continuing along my way for Geweke
[PlotMCMCDiag.cpp][info] Looking for Geweke/enu_enubias_556_param_555_Geweke from file /scratch/abipeake/March2026/Easter_finerxsecbinning_sat11ththapril_robbinsmonroemore2/chain_trimmed_last10M_MCMC_Diag.root
[PlotMCMCDiag.cpp][info] Geweke/enu_enubias_557_param_556_Geweke
[PlotMCMCDiag.cpp][warning] continuing along my way for Geweke
[PlotMCMCDiag.cpp][info] Looking for Geweke/enu_enubias_557_param_556_Geweke from file /scratch/abipeake/March2026/Easter_finerxsecbinning_sat11ththapril_robbinsmonroemore2/chain_trimmed_last10M_MCMC_Diag.root
[PlotMCMCDiag.cpp][info] Geweke/enu_enubias_558_param_557_Geweke
[PlotMCMCDiag.cpp][warning] continuing along my way for Geweke
[PlotMCMCDiag.cpp][info] Looking for Geweke/enu_enubias_558_param_557_Geweke from file /scratch/abipeake/March2026/Easter_finerxsecbinning_sat11ththapril_robbinsmonroemore2/chain_trimmed_last10M_MCMC_Diag.root
[PlotMCMCDiag.cpp][info] Geweke/enu_enubias_559_param_558_Geweke
[PlotMCMCDiag.cpp][warning] continuing along my way for Geweke
[PlotMCMCDiag.cpp][info] Looking for Geweke/enu_enubias_559_param_558_Geweke from file /scratch/abipeake/March2026/Easter_finerxsecbinning_sat11ththapril_robbinsmonroemore2/chain_trimmed_last10M_MCMC_Diag.root
[PlotMCMCDiag.cpp][info] Geweke/enu_enubias_560_param_559_Geweke
[PlotMCMCDiag.cpp][warning] continuing along my way for Geweke
[PlotMCMCDiag.cpp][info] Looking for Geweke/enu_enubias_560_param_559_Geweke from file /scratch/abipeake/March2026/Easter_finerxsecbinning_sat11ththapril_robbinsmonroemore2/chain_trimmed_last10M_MCMC_Diag.root
[PlotMCMCDiag.cpp][info] Geweke/enu_enubias_561_param_560_Geweke
[PlotMCMCDiag.cpp][warning] continuing along my way for Geweke
[PlotMCMCDiag.cpp][info] Looking for Geweke/enu_enubias_561_param_560_Geweke from file /scratch/abipeake/March2026/Easter_finerxsecbinning_sat11ththapril_robbinsmonroemore2/chain_trimmed_last10M_MCMC_Diag.root
[PlotMCMCDiag.cpp][info] Geweke/enu_enubias_562_param_561_Geweke
[PlotMCMCDiag.cpp][warning] continuing along my way for Geweke
[PlotMCMCDiag.cpp][info] Looking for Geweke/enu_enubias_562_param_561_Geweke from file /scratch/abipeake/March2026/Easter_finerxsecbinning_sat11ththapril_robbinsmonroemore2/chain_trimmed_last10M_MCMC_Diag.root
[PlotMCMCDiag.cpp][info] Geweke/enu_enubias_563_param_562_Geweke
[PlotMCMCDiag.cpp][warning] continuing along my way for Geweke
[PlotMCMCDiag.cpp][info] Looking for Geweke/enu_enubias_563_param_562_Geweke from file /scratch/abipeake/March2026/Easter_finerxsecbinning_sat11ththapril_robbinsmonroemore2/chain_trimmed_last10M_MCMC_Diag.root
[PlotMCMCDiag.cpp][info] Geweke/enu_enubias_564_param_563_Geweke
[PlotMCMCDiag.cpp][warning] continuing along my way for Geweke
[PlotMCMCDiag.cpp][info] Looking for Geweke/enu_enubias_564_param_563_Geweke from file /scratch/abipeake/March2026/Easter_finerxsecbinning_sat11ththapril_robbinsmonroemore2/chain_trimmed_last10M_MCMC_Diag.root
[PlotMCMCDiag.cpp][info] Geweke/enu_enubias_565_param_564_Geweke
[PlotMCMCDiag.cpp][warning] continuing along my way for Geweke
[PlotMCMCDiag.cpp][info] Looking for Geweke/enu_enubias_565_param_564_Geweke from file /scratch/abipeake/March2026/Easter_finerxsecbinning_sat11ththapril_robbinsmonroemore2/chain_trimmed_last10M_MCMC_Diag.root
[PlotMCMCDiag.cpp][info] Geweke/enu_enubias_566_param_565_Geweke
[PlotMCMCDiag.cpp][warning] continuing along my way for Geweke
[PlotMCMCDiag.cpp][info] Looking for Geweke/enu_enubias_566_param_565_Geweke from file /scratch/abipeake/March2026/Easter_finerxsecbinning_sat11ththapril_robbinsmonroemore2/chain_trimmed_last10M_MCMC_Diag.root
[PlotMCMCDiag.cpp][info] Geweke/enu_enubias_567_param_566_Geweke
[PlotMCMCDiag.cpp][warning] continuing along my way for Geweke
[PlotMCMCDiag.cpp][info] Looking for Geweke/enu_enubias_567_param_566_Geweke from file /scratch/abipeake/March2026/Easter_finerxsecbinning_sat11ththapril_robbinsmonroemore2/chain_trimmed_last10M_MCMC_Diag.root
[PlotMCMCDiag.cpp][info] Geweke/enu_enubias_568_param_567_Geweke
[PlotMCMCDiag.cpp][warning] continuing along my way for Geweke
[PlotMCMCDiag.cpp][info] Looking for Geweke/enu_enubias_568_param_567_Geweke from file /scratch/abipeake/March2026/Easter_finerxsecbinning_sat11ththapril_robbinsmonroemore2/chain_trimmed_last10M_MCMC_Diag.root
[PlotMCMCDiag.cpp][info] Geweke/enu_enubias_569_param_568_Geweke
[PlotMCMCDiag.cpp][warning] continuing along my way for Geweke
[PlotMCMCDiag.cpp][info] Looking for Geweke/enu_enubias_569_param_568_Geweke from file /scratch/abipeake/March2026/Easter_finerxsecbinning_sat11ththapril_robbinsmonroemore2/chain_trimmed_last10M_MCMC_Diag.root
[PlotMCMCDiag.cpp][info] Geweke/enu_enubias_570_param_569_Geweke
[PlotMCMCDiag.cpp][warning] continuing along my way for Geweke
[PlotMCMCDiag.cpp][info] Looking for Geweke/enu_enubias_570_param_569_Geweke from file /scratch/abipeake/March2026/Easter_finerxsecbinning_sat11ththapril_robbinsmonroemore2/chain_trimmed_last10M_MCMC_Diag.root
[PlotMCMCDiag.cpp][info] Geweke/enu_enubias_571_param_570_Geweke
[PlotMCMCDiag.cpp][warning] continuing along my way for Geweke
[PlotMCMCDiag.cpp][info] Looking for Geweke/enu_enubias_571_param_570_Geweke from file /scratch/abipeake/March2026/Easter_finerxsecbinning_sat11ththapril_robbinsmonroemore2/chain_trimmed_last10M_MCMC_Diag.root
[PlotMCMCDiag.cpp][info] Geweke/enu_enubias_572_param_571_Geweke
[PlotMCMCDiag.cpp][warning] continuing along my way for Geweke
[PlotMCMCDiag.cpp][info] Looking for Geweke/enu_enubias_572_param_571_Geweke from file /scratch/abipeake/March2026/Easter_finerxsecbinning_sat11ththapril_robbinsmonroemore2/chain_trimmed_last10M_MCMC_Diag.root
[PlotMCMCDiag.cpp][info] Geweke/enu_enubias_573_param_572_Geweke
[PlotMCMCDiag.cpp][warning] continuing along my way for Geweke
[PlotMCMCDiag.cpp][info] Looking for Geweke/enu_enubias_573_param_572_Geweke from file /scratch/abipeake/March2026/Easter_finerxsecbinning_sat11ththapril_robbinsmonroemore2/chain_trimmed_last10M_MCMC_Diag.root
[PlotMCMCDiag.cpp][info] Geweke/enu_enubias_574_param_573_Geweke
[PlotMCMCDiag.cpp][warning] continuing along my way for Geweke
[PlotMCMCDiag.cpp][info] Looking for Geweke/enu_enubias_574_param_573_Geweke from file /scratch/abipeake/March2026/Easter_finerxsecbinning_sat11ththapril_robbinsmonroemore2/chain_trimmed_last10M_MCMC_Diag.root
[PlotMCMCDiag.cpp][info] Geweke/enu_enubias_575_param_574_Geweke
[PlotMCMCDiag.cpp][warning] continuing along my way for Geweke
[PlotMCMCDiag.cpp][info] Looking for Geweke/enu_enubias_575_param_574_Geweke from file /scratch/abipeake/March2026/Easter_finerxsecbinning_sat11ththapril_robbinsmonroemore2/chain_trimmed_last10M_MCMC_Diag.root
[PlotMCMCDiag.cpp][info] Geweke/enu_enubias_576_param_575_Geweke
[PlotMCMCDiag.cpp][warning] continuing along my way for Geweke
[PlotMCMCDiag.cpp][info] Looking for Geweke/enu_enubias_576_param_575_Geweke from file /scratch/abipeake/March2026/Easter_finerxsecbinning_sat11ththapril_robbinsmonroemore2/chain_trimmed_last10M_MCMC_Diag.root
[PlotMCMCDiag.cpp][info] Geweke/enu_enubias_577_param_576_Geweke
[PlotMCMCDiag.cpp][warning] continuing along my way for Geweke
[PlotMCMCDiag.cpp][info] Looking for Geweke/enu_enubias_577_param_576_Geweke from file /scratch/abipeake/March2026/Easter_finerxsecbinning_sat11ththapril_robbinsmonroemore2/chain_trimmed_last10M_MCMC_Diag.root
[PlotMCMCDiag.cpp][info] Geweke/enu_enubias_578_param_577_Geweke
[PlotMCMCDiag.cpp][warning] continuing along my way for Geweke
[PlotMCMCDiag.cpp][info] Looking for Geweke/enu_enubias_578_param_577_Geweke from file /scratch/abipeake/March2026/Easter_finerxsecbinning_sat11ththapril_robbinsmonroemore2/chain_trimmed_last10M_MCMC_Diag.root
[PlotMCMCDiag.cpp][info] Geweke/enu_enubias_579_param_578_Geweke
[PlotMCMCDiag.cpp][warning] continuing along my way for Geweke
[PlotMCMCDiag.cpp][info] Looking for Geweke/enu_enubias_579_param_578_Geweke from file /scratch/abipeake/March2026/Easter_finerxsecbinning_sat11ththapril_robbinsmonroemore2/chain_trimmed_last10M_MCMC_Diag.root
[PlotMCMCDiag.cpp][info] Geweke/enu_enubias_580_param_579_Geweke
[PlotMCMCDiag.cpp][warning] continuing along my way for Geweke
[PlotMCMCDiag.cpp][info] Looking for Geweke/enu_enubias_580_param_579_Geweke from file /scratch/abipeake/March2026/Easter_finerxsecbinning_sat11ththapril_robbinsmonroemore2/chain_trimmed_last10M_MCMC_Diag.root
[PlotMCMCDiag.cpp][info] Geweke/enu_enubias_581_param_580_Geweke
[PlotMCMCDiag.cpp][warning] continuing along my way for Geweke
[PlotMCMCDiag.cpp][info] Looking for Geweke/enu_enubias_581_param_580_Geweke from file /scratch/abipeake/March2026/Easter_finerxsecbinning_sat11ththapril_robbinsmonroemore2/chain_trimmed_last10M_MCMC_Diag.root
[PlotMCMCDiag.cpp][info] Geweke/enu_enubias_582_param_581_Geweke
[PlotMCMCDiag.cpp][warning] continuing along my way for Geweke
[PlotMCMCDiag.cpp][info] Looking for Geweke/enu_enubias_582_param_581_Geweke from file /scratch/abipeake/March2026/Easter_finerxsecbinning_sat11ththapril_robbinsmonroemore2/chain_trimmed_last10M_MCMC_Diag.root
[PlotMCMCDiag.cpp][info] Geweke/enu_enubias_583_param_582_Geweke
[PlotMCMCDiag.cpp][warning] continuing along my way for Geweke
[PlotMCMCDiag.cpp][info] Looking for Geweke/enu_enubias_583_param_582_Geweke from file /scratch/abipeake/March2026/Easter_finerxsecbinning_sat11ththapril_robbinsmonroemore2/chain_trimmed_last10M_MCMC_Diag.root
[PlotMCMCDiag.cpp][info] Geweke/enu_enubias_584_param_583_Geweke
[PlotMCMCDiag.cpp][warning] continuing along my way for Geweke
[PlotMCMCDiag.cpp][info] Looking for Geweke/enu_enubias_584_param_583_Geweke from file /scratch/abipeake/March2026/Easter_finerxsecbinning_sat11ththapril_robbinsmonroemore2/chain_trimmed_last10M_MCMC_Diag.root
[PlotMCMCDiag.cpp][info] Geweke/enu_enubias_585_param_584_Geweke
[PlotMCMCDiag.cpp][warning] continuing along my way for Geweke
[PlotMCMCDiag.cpp][info] Looking for Geweke/enu_enubias_585_param_584_Geweke from file /scratch/abipeake/March2026/Easter_finerxsecbinning_sat11ththapril_robbinsmonroemore2/chain_trimmed_last10M_MCMC_Diag.root
[PlotMCMCDiag.cpp][info] Geweke/enu_enubias_586_param_585_Geweke
[PlotMCMCDiag.cpp][warning] continuing along my way for Geweke
[PlotMCMCDiag.cpp][info] Looking for Geweke/enu_enubias_586_param_585_Geweke from file /scratch/abipeake/March2026/Easter_finerxsecbinning_sat11ththapril_robbinsmonroemore2/chain_trimmed_last10M_MCMC_Diag.root
[PlotMCMCDiag.cpp][info] Geweke/enu_enubias_587_param_586_Geweke
[PlotMCMCDiag.cpp][warning] continuing along my way for Geweke
[PlotMCMCDiag.cpp][info] Looking for Geweke/enu_enubias_587_param_586_Geweke from file /scratch/abipeake/March2026/Easter_finerxsecbinning_sat11ththapril_robbinsmonroemore2/chain_trimmed_last10M_MCMC_Diag.root
[PlotMCMCDiag.cpp][info] Geweke/enu_enubias_588_param_587_Geweke
[PlotMCMCDiag.cpp][warning] continuing along my way for Geweke
[PlotMCMCDiag.cpp][info] Looking for Geweke/enu_enubias_588_param_587_Geweke from file /scratch/abipeake/March2026/Easter_finerxsecbinning_sat11ththapril_robbinsmonroemore2/chain_trimmed_last10M_MCMC_Diag.root
[PlotMCMCDiag.cpp][info] Geweke/enu_enubias_589_param_588_Geweke
[PlotMCMCDiag.cpp][warning] continuing along my way for Geweke
[PlotMCMCDiag.cpp][info] Looking for Geweke/enu_enubias_589_param_588_Geweke from file /scratch/abipeake/March2026/Easter_finerxsecbinning_sat11ththapril_robbinsmonroemore2/chain_trimmed_last10M_MCMC_Diag.root
[PlotMCMCDiag.cpp][info] Geweke/enu_enubias_590_param_589_Geweke
[PlotMCMCDiag.cpp][warning] continuing along my way for Geweke
[PlotMCMCDiag.cpp][info] Looking for Geweke/enu_enubias_590_param_589_Geweke from file /scratch/abipeake/March2026/Easter_finerxsecbinning_sat11ththapril_robbinsmonroemore2/chain_trimmed_last10M_MCMC_Diag.root
[PlotMCMCDiag.cpp][info] Geweke/enu_enubias_591_param_590_Geweke
[PlotMCMCDiag.cpp][warning] continuing along my way for Geweke
[PlotMCMCDiag.cpp][info] Looking for Geweke/enu_enubias_591_param_590_Geweke from file /scratch/abipeake/March2026/Easter_finerxsecbinning_sat11ththapril_robbinsmonroemore2/chain_trimmed_last10M_MCMC_Diag.root
[PlotMCMCDiag.cpp][info] Geweke/enu_enubias_592_param_591_Geweke
[PlotMCMCDiag.cpp][warning] continuing along my way for Geweke
[PlotMCMCDiag.cpp][info] Looking for Geweke/enu_enubias_592_param_591_Geweke from file /scratch/abipeake/March2026/Easter_finerxsecbinning_sat11ththapril_robbinsmonroemore2/chain_trimmed_last10M_MCMC_Diag.root
[PlotMCMCDiag.cpp][info] Geweke/enu_enubias_593_param_592_Geweke
[PlotMCMCDiag.cpp][warning] continuing along my way for Geweke
[PlotMCMCDiag.cpp][info] Looking for Geweke/enu_enubias_593_param_592_Geweke from file /scratch/abipeake/March2026/Easter_finerxsecbinning_sat11ththapril_robbinsmonroemore2/chain_trimmed_last10M_MCMC_Diag.root
[PlotMCMCDiag.cpp][info] Geweke/enu_enubias_594_param_593_Geweke
[PlotMCMCDiag.cpp][warning] continuing along my way for Geweke
[PlotMCMCDiag.cpp][info] Looking for Geweke/enu_enubias_594_param_593_Geweke from file /scratch/abipeake/March2026/Easter_finerxsecbinning_sat11ththapril_robbinsmonroemore2/chain_trimmed_last10M_MCMC_Diag.root
[PlotMCMCDiag.cpp][info] Geweke/enu_enubias_595_param_594_Geweke
[PlotMCMCDiag.cpp][warning] continuing along my way for Geweke
[PlotMCMCDiag.cpp][info] Looking for Geweke/enu_enubias_595_param_594_Geweke from file /scratch/abipeake/March2026/Easter_finerxsecbinning_sat11ththapril_robbinsmonroemore2/chain_trimmed_last10M_MCMC_Diag.root
[PlotMCMCDiag.cpp][info] Geweke/enu_enubias_596_param_595_Geweke
[PlotMCMCDiag.cpp][warning] continuing along my way for Geweke
[PlotMCMCDiag.cpp][info] Looking for Geweke/enu_enubias_596_param_595_Geweke from file /scratch/abipeake/March2026/Easter_finerxsecbinning_sat11ththapril_robbinsmonroemore2/chain_trimmed_last10M_MCMC_Diag.root
[PlotMCMCDiag.cpp][info] Geweke/enu_enubias_597_param_596_Geweke
[PlotMCMCDiag.cpp][warning] continuing along my way for Geweke
[PlotMCMCDiag.cpp][info] Looking for Geweke/enu_enubias_597_param_596_Geweke from file /scratch/abipeake/March2026/Easter_finerxsecbinning_sat11ththapril_robbinsmonroemore2/chain_trimmed_last10M_MCMC_Diag.root
[PlotMCMCDiag.cpp][info] Geweke/enu_enubias_598_param_597_Geweke
[PlotMCMCDiag.cpp][warning] continuing along my way for Geweke
[PlotMCMCDiag.cpp][info] Looking for Geweke/enu_enubias_598_param_597_Geweke from file /scratch/abipeake/March2026/Easter_finerxsecbinning_sat11ththapril_robbinsmonroemore2/chain_trimmed_last10M_MCMC_Diag.root
[PlotMCMCDiag.cpp][info] Geweke/enu_enubias_599_param_598_Geweke
[PlotMCMCDiag.cpp][warning] continuing along my way for Geweke
[PlotMCMCDiag.cpp][info] Looking for Geweke/enu_enubias_599_param_598_Geweke from file /scratch/abipeake/March2026/Easter_finerxsecbinning_sat11ththapril_robbinsmonroemore2/chain_trimmed_last10M_MCMC_Diag.root
[PlotMCMCDiag.cpp][info] Geweke/enu_enubias_600_param_599_Geweke
[PlotMCMCDiag.cpp][warning] continuing along my way for Geweke
[PlotMCMCDiag.cpp][info] Looking for Geweke/enu_enubias_600_param_599_Geweke from file /scratch/abipeake/March2026/Easter_finerxsecbinning_sat11ththapril_robbinsmonroemore2/chain_trimmed_last10M_MCMC_Diag.root
[PlotMCMCDiag.cpp][info] Geweke/enu_enubias_601_param_600_Geweke
[PlotMCMCDiag.cpp][warning] continuing along my way for Geweke
[PlotMCMCDiag.cpp][info] Looking for Geweke/enu_enubias_601_param_600_Geweke from file /scratch/abipeake/March2026/Easter_finerxsecbinning_sat11ththapril_robbinsmonroemore2/chain_trimmed_last10M_MCMC_Diag.root
[PlotMCMCDiag.cpp][info] Geweke/enu_enubias_602_param_601_Geweke
[PlotMCMCDiag.cpp][warning] continuing along my way for Geweke
[PlotMCMCDiag.cpp][info] Looking for Geweke/enu_enubias_602_param_601_Geweke from file /scratch/abipeake/March2026/Easter_finerxsecbinning_sat11ththapril_robbinsmonroemore2/chain_trimmed_last10M_MCMC_Diag.root
[PlotMCMCDiag.cpp][info] Geweke/enu_enubias_603_param_602_Geweke
[PlotMCMCDiag.cpp][warning] continuing along my way for Geweke
[PlotMCMCDiag.cpp][info] Looking for Geweke/enu_enubias_603_param_602_Geweke from file /scratch/abipeake/March2026/Easter_finerxsecbinning_sat11ththapril_robbinsmonroemore2/chain_trimmed_last10M_MCMC_Diag.root
[PlotMCMCDiag.cpp][info] Geweke/enu_enubias_604_param_603_Geweke
[PlotMCMCDiag.cpp][warning] continuing along my way for Geweke
[PlotMCMCDiag.cpp][info] Looking for Geweke/enu_enubias_604_param_603_Geweke from file /scratch/abipeake/March2026/Easter_finerxsecbinning_sat11ththapril_robbinsmonroemore2/chain_trimmed_last10M_MCMC_Diag.root
[PlotMCMCDiag.cpp][info] Geweke/enu_enubias_605_param_604_Geweke
[PlotMCMCDiag.cpp][warning] continuing along my way for Geweke
[PlotMCMCDiag.cpp][info] Looking for Geweke/enu_enubias_605_param_604_Geweke from file /scratch/abipeake/March2026/Easter_finerxsecbinning_sat11ththapril_robbinsmonroemore2/chain_trimmed_last10M_MCMC_Diag.root
[PlotMCMCDiag.cpp][info] Geweke/enu_enubias_606_param_605_Geweke
[PlotMCMCDiag.cpp][warning] continuing along my way for Geweke
[PlotMCMCDiag.cpp][info] Looking for Geweke/enu_enubias_606_param_605_Geweke from file /scratch/abipeake/March2026/Easter_finerxsecbinning_sat11ththapril_robbinsmonroemore2/chain_trimmed_last10M_MCMC_Diag.root
[PlotMCMCDiag.cpp][info] Geweke/enu_enubias_607_param_606_Geweke
[PlotMCMCDiag.cpp][warning] continuing along my way for Geweke
[PlotMCMCDiag.cpp][info] Looking for Geweke/enu_enubias_607_param_606_Geweke from file /scratch/abipeake/March2026/Easter_finerxsecbinning_sat11ththapril_robbinsmonroemore2/chain_trimmed_last10M_MCMC_Diag.root
[PlotMCMCDiag.cpp][info] Geweke/enu_enubias_608_param_607_Geweke
[PlotMCMCDiag.cpp][warning] continuing along my way for Geweke
[PlotMCMCDiag.cpp][info] Looking for Geweke/enu_enubias_608_param_607_Geweke from file /scratch/abipeake/March2026/Easter_finerxsecbinning_sat11ththapril_robbinsmonroemore2/chain_trimmed_last10M_MCMC_Diag.root
[PlotMCMCDiag.cpp][info] Geweke/enu_enubias_609_param_608_Geweke
[PlotMCMCDiag.cpp][warning] continuing along my way for Geweke
[PlotMCMCDiag.cpp][info] Looking for Geweke/enu_enubias_609_param_608_Geweke from file /scratch/abipeake/March2026/Easter_finerxsecbinning_sat11ththapril_robbinsmonroemore2/chain_trimmed_last10M_MCMC_Diag.root
[PlotMCMCDiag.cpp][info] Geweke/enu_enubias_610_param_609_Geweke
[PlotMCMCDiag.cpp][warning] continuing along my way for Geweke
[PlotMCMCDiag.cpp][info] Looking for Geweke/enu_enubias_610_param_609_Geweke from file /scratch/abipeake/March2026/Easter_finerxsecbinning_sat11ththapril_robbinsmonroemore2/chain_trimmed_last10M_MCMC_Diag.root
[PlotMCMCDiag.cpp][info] Geweke/enu_enubias_611_param_610_Geweke
[PlotMCMCDiag.cpp][warning] continuing along my way for Geweke
[PlotMCMCDiag.cpp][info] Looking for Geweke/enu_enubias_611_param_610_Geweke from file /scratch/abipeake/March2026/Easter_finerxsecbinning_sat11ththapril_robbinsmonroemore2/chain_trimmed_last10M_MCMC_Diag.root
[PlotMCMCDiag.cpp][info] Geweke/enu_enubias_612_param_611_Geweke
[PlotMCMCDiag.cpp][warning] continuing along my way for Geweke
[PlotMCMCDiag.cpp][info] Looking for Geweke/enu_enubias_612_param_611_Geweke from file /scratch/abipeake/March2026/Easter_finerxsecbinning_sat11ththapril_robbinsmonroemore2/chain_trimmed_last10M_MCMC_Diag.root
[PlotMCMCDiag.cpp][info] Geweke/enu_enubias_613_param_612_Geweke
[PlotMCMCDiag.cpp][warning] continuing along my way for Geweke
[PlotMCMCDiag.cpp][info] Looking for Geweke/enu_enubias_613_param_612_Geweke from file /scratch/abipeake/March2026/Easter_finerxsecbinning_sat11ththapril_robbinsmonroemore2/chain_trimmed_last10M_MCMC_Diag.root
[PlotMCMCDiag.cpp][info] Geweke/enu_enubias_614_param_613_Geweke
[PlotMCMCDiag.cpp][warning] continuing along my way for Geweke
[PlotMCMCDiag.cpp][info] Looking for Geweke/enu_enubias_614_param_613_Geweke from file /scratch/abipeake/March2026/Easter_finerxsecbinning_sat11ththapril_robbinsmonroemore2/chain_trimmed_last10M_MCMC_Diag.root
[PlotMCMCDiag.cpp][info] Geweke/enu_enubias_615_param_614_Geweke
[PlotMCMCDiag.cpp][warning] continuing along my way for Geweke
[PlotMCMCDiag.cpp][info] Looking for Geweke/enu_enubias_615_param_614_Geweke from file /scratch/abipeake/March2026/Easter_finerxsecbinning_sat11ththapril_robbinsmonroemore2/chain_trimmed_last10M_MCMC_Diag.root
[PlotMCMCDiag.cpp][info] Geweke/enu_enubias_616_param_615_Geweke
[PlotMCMCDiag.cpp][warning] continuing along my way for Geweke
[PlotMCMCDiag.cpp][info] Looking for Geweke/enu_enubias_616_param_615_Geweke from file /scratch/abipeake/March2026/Easter_finerxsecbinning_sat11ththapril_robbinsmonroemore2/chain_trimmed_last10M_MCMC_Diag.root
[PlotMCMCDiag.cpp][info] Geweke/enu_enubias_617_param_616_Geweke
[PlotMCMCDiag.cpp][warning] continuing along my way for Geweke
[PlotMCMCDiag.cpp][info] Looking for Geweke/enu_enubias_617_param_616_Geweke from file /scratch/abipeake/March2026/Easter_finerxsecbinning_sat11ththapril_robbinsmonroemore2/chain_trimmed_last10M_MCMC_Diag.root
[PlotMCMCDiag.cpp][info] Geweke/enu_enubias_618_param_617_Geweke
[PlotMCMCDiag.cpp][warning] continuing along my way for Geweke
[PlotMCMCDiag.cpp][info] Looking for Geweke/enu_enubias_618_param_617_Geweke from file /scratch/abipeake/March2026/Easter_finerxsecbinning_sat11ththapril_robbinsmonroemore2/chain_trimmed_last10M_MCMC_Diag.root
[PlotMCMCDiag.cpp][info] Geweke/enu_enubias_619_param_618_Geweke
[PlotMCMCDiag.cpp][warning] continuing along my way for Geweke
[PlotMCMCDiag.cpp][info] Looking for Geweke/enu_enubias_619_param_618_Geweke from file /scratch/abipeake/March2026/Easter_finerxsecbinning_sat11ththapril_robbinsmonroemore2/chain_trimmed_last10M_MCMC_Diag.root
[PlotMCMCDiag.cpp][info] Geweke/enu_enubias_620_param_619_Geweke
[PlotMCMCDiag.cpp][warning] continuing along my way for Geweke
[PlotMCMCDiag.cpp][info] Looking for Geweke/enu_enubias_620_param_619_Geweke from file /scratch/abipeake/March2026/Easter_finerxsecbinning_sat11ththapril_robbinsmonroemore2/chain_trimmed_last10M_MCMC_Diag.root
[PlotMCMCDiag.cpp][info] Geweke/enu_enubias_621_param_620_Geweke
[PlotMCMCDiag.cpp][warning] continuing along my way for Geweke
[PlotMCMCDiag.cpp][info] Looking for Geweke/enu_enubias_621_param_620_Geweke from file /scratch/abipeake/March2026/Easter_finerxsecbinning_sat11ththapril_robbinsmonroemore2/chain_trimmed_last10M_MCMC_Diag.root
[PlotMCMCDiag.cpp][info] Geweke/enu_enubias_622_param_621_Geweke
[PlotMCMCDiag.cpp][warning] continuing along my way for Geweke
[PlotMCMCDiag.cpp][info] Looking for Geweke/enu_enubias_622_param_621_Geweke from file /scratch/abipeake/March2026/Easter_finerxsecbinning_sat11ththapril_robbinsmonroemore2/chain_trimmed_last10M_MCMC_Diag.root
[PlotMCMCDiag.cpp][info] Geweke/enu_enubias_623_param_622_Geweke
[PlotMCMCDiag.cpp][warning] continuing along my way for Geweke
[PlotMCMCDiag.cpp][info] Looking for Geweke/enu_enubias_623_param_622_Geweke from file /scratch/abipeake/March2026/Easter_finerxsecbinning_sat11ththapril_robbinsmonroemore2/chain_trimmed_last10M_MCMC_Diag.root
[PlotMCMCDiag.cpp][info] Geweke/enu_enubias_624_param_623_Geweke
[PlotMCMCDiag.cpp][warning] continuing along my way for Geweke
[PlotMCMCDiag.cpp][info] Looking for Geweke/enu_enubias_624_param_623_Geweke from file /scratch/abipeake/March2026/Easter_finerxsecbinning_sat11ththapril_robbinsmonroemore2/chain_trimmed_last10M_MCMC_Diag.root
[PlotMCMCDiag.cpp][info] Geweke/enu_enubias_625_param_624_Geweke
[PlotMCMCDiag.cpp][warning] continuing along my way for Geweke
[PlotMCMCDiag.cpp][info] Looking for Geweke/enu_enubias_625_param_624_Geweke from file /scratch/abipeake/March2026/Easter_finerxsecbinning_sat11ththapril_robbinsmonroemore2/chain_trimmed_last10M_MCMC_Diag.root
[PlotMCMCDiag.cpp][info] Geweke/enu_enubias_626_param_625_Geweke
[PlotMCMCDiag.cpp][warning] continuing along my way for Geweke
[PlotMCMCDiag.cpp][info] Looking for Geweke/enu_enubias_626_param_625_Geweke from file /scratch/abipeake/March2026/Easter_finerxsecbinning_sat11ththapril_robbinsmonroemore2/chain_trimmed_last10M_MCMC_Diag.root
[PlotMCMCDiag.cpp][info] Geweke/enu_enubias_627_param_626_Geweke
[PlotMCMCDiag.cpp][warning] continuing along my way for Geweke
[PlotMCMCDiag.cpp][info] Looking for Geweke/enu_enubias_627_param_626_Geweke from file /scratch/abipeake/March2026/Easter_finerxsecbinning_sat11ththapril_robbinsmonroemore2/chain_trimmed_last10M_MCMC_Diag.root
[PlotMCMCDiag.cpp][info] Geweke/enu_enubias_628_param_627_Geweke
[PlotMCMCDiag.cpp][warning] continuing along my way for Geweke
[PlotMCMCDiag.cpp][info] Looking for Geweke/enu_enubias_628_param_627_Geweke from file /scratch/abipeake/March2026/Easter_finerxsecbinning_sat11ththapril_robbinsmonroemore2/chain_trimmed_last10M_MCMC_Diag.root
[PlotMCMCDiag.cpp][info] Geweke/enu_enubias_629_param_628_Geweke
[PlotMCMCDiag.cpp][warning] continuing along my way for Geweke
[PlotMCMCDiag.cpp][info] Looking for Geweke/enu_enubias_629_param_628_Geweke from file /scratch/abipeake/March2026/Easter_finerxsecbinning_sat11ththapril_robbinsmonroemore2/chain_trimmed_last10M_MCMC_Diag.root
[PlotMCMCDiag.cpp][info] Geweke/enu_enubias_630_param_629_Geweke
[PlotMCMCDiag.cpp][warning] continuing along my way for Geweke
[PlotMCMCDiag.cpp][info] Looking for Geweke/enu_enubias_630_param_629_Geweke from file /scratch/abipeake/March2026/Easter_finerxsecbinning_sat11ththapril_robbinsmonroemore2/chain_trimmed_last10M_MCMC_Diag.root
[PlotMCMCDiag.cpp][info] Geweke/enu_enubias_631_param_630_Geweke
[PlotMCMCDiag.cpp][warning] continuing along my way for Geweke
[PlotMCMCDiag.cpp][info] Looking for Geweke/enu_enubias_631_param_630_Geweke from file /scratch/abipeake/March2026/Easter_finerxsecbinning_sat11ththapril_robbinsmonroemore2/chain_trimmed_last10M_MCMC_Diag.root
[PlotMCMCDiag.cpp][info] Geweke/enu_enubias_632_param_631_Geweke
[PlotMCMCDiag.cpp][warning] continuing along my way for Geweke
[PlotMCMCDiag.cpp][info] Looking for Geweke/enu_enubias_632_param_631_Geweke from file /scratch/abipeake/March2026/Easter_finerxsecbinning_sat11ththapril_robbinsmonroemore2/chain_trimmed_last10M_MCMC_Diag.root
[PlotMCMCDiag.cpp][info] Geweke/enu_enubias_633_param_632_Geweke
[PlotMCMCDiag.cpp][warning] continuing along my way for Geweke
[PlotMCMCDiag.cpp][info] Looking for Geweke/enu_enubias_633_param_632_Geweke from file /scratch/abipeake/March2026/Easter_finerxsecbinning_sat11ththapril_robbinsmonroemore2/chain_trimmed_last10M_MCMC_Diag.root
[PlotMCMCDiag.cpp][info] Geweke/enu_enubias_634_param_633_Geweke
[PlotMCMCDiag.cpp][warning] continuing along my way for Geweke
[PlotMCMCDiag.cpp][info] Looking for Geweke/enu_enubias_634_param_633_Geweke from file /scratch/abipeake/March2026/Easter_finerxsecbinning_sat11ththapril_robbinsmonroemore2/chain_trimmed_last10M_MCMC_Diag.root
[PlotMCMCDiag.cpp][info] Geweke/enu_enubias_635_param_634_Geweke
[PlotMCMCDiag.cpp][warning] continuing along my way for Geweke
[PlotMCMCDiag.cpp][info] Looking for Geweke/enu_enubias_635_param_634_Geweke from file /scratch/abipeake/March2026/Easter_finerxsecbinning_sat11ththapril_robbinsmonroemore2/chain_trimmed_last10M_MCMC_Diag.root
[PlotMCMCDiag.cpp][info] Geweke/enu_enubias_636_param_635_Geweke
[PlotMCMCDiag.cpp][warning] continuing along my way for Geweke
[PlotMCMCDiag.cpp][info] Looking for Geweke/enu_enubias_636_param_635_Geweke from file /scratch/abipeake/March2026/Easter_finerxsecbinning_sat11ththapril_robbinsmonroemore2/chain_trimmed_last10M_MCMC_Diag.root
[PlotMCMCDiag.cpp][info] Geweke/enu_enubias_637_param_636_Geweke
[PlotMCMCDiag.cpp][warning] continuing along my way for Geweke
[PlotMCMCDiag.cpp][info] Looking for Geweke/enu_enubias_637_param_636_Geweke from file /scratch/abipeake/March2026/Easter_finerxsecbinning_sat11ththapril_robbinsmonroemore2/chain_trimmed_last10M_MCMC_Diag.root
[PlotMCMCDiag.cpp][info] Geweke/enu_enubias_638_param_637_Geweke
[PlotMCMCDiag.cpp][warning] continuing along my way for Geweke
[PlotMCMCDiag.cpp][info] Looking for Geweke/enu_enubias_638_param_637_Geweke from file /scratch/abipeake/March2026/Easter_finerxsecbinning_sat11ththapril_robbinsmonroemore2/chain_trimmed_last10M_MCMC_Diag.root
[PlotMCMCDiag.cpp][info] Geweke/enu_enubias_639_param_638_Geweke
[PlotMCMCDiag.cpp][warning] continuing along my way for Geweke
[PlotMCMCDiag.cpp][info] Looking for Geweke/enu_enubias_639_param_638_Geweke from file /scratch/abipeake/March2026/Easter_finerxsecbinning_sat11ththapril_robbinsmonroemore2/chain_trimmed_last10M_MCMC_Diag.root
[PlotMCMCDiag.cpp][info] Geweke/enu_enubias_640_param_639_Geweke
[PlotMCMCDiag.cpp][warning] continuing along my way for Geweke
[PlotMCMCDiag.cpp][info] Looking for Geweke/enu_enubias_640_param_639_Geweke from file /scratch/abipeake/March2026/Easter_finerxsecbinning_sat11ththapril_robbinsmonroemore2/chain_trimmed_last10M_MCMC_Diag.root
[PlotMCMCDiag.cpp][info] Geweke/enu_enubias_641_param_640_Geweke
[PlotMCMCDiag.cpp][warning] continuing along my way for Geweke
[PlotMCMCDiag.cpp][info] Looking for Geweke/enu_enubias_641_param_640_Geweke from file /scratch/abipeake/March2026/Easter_finerxsecbinning_sat11ththapril_robbinsmonroemore2/chain_trimmed_last10M_MCMC_Diag.root
[PlotMCMCDiag.cpp][info] Geweke/enu_enubias_642_param_641_Geweke
[PlotMCMCDiag.cpp][warning] continuing along my way for Geweke
[PlotMCMCDiag.cpp][info] Looking for Geweke/enu_enubias_642_param_641_Geweke from file /scratch/abipeake/March2026/Easter_finerxsecbinning_sat11ththapril_robbinsmonroemore2/chain_trimmed_last10M_MCMC_Diag.root
[PlotMCMCDiag.cpp][info] Geweke/enu_enubias_643_param_642_Geweke
[PlotMCMCDiag.cpp][warning] continuing along my way for Geweke
[PlotMCMCDiag.cpp][info] Looking for Geweke/enu_enubias_643_param_642_Geweke from file /scratch/abipeake/March2026/Easter_finerxsecbinning_sat11ththapril_robbinsmonroemore2/chain_trimmed_last10M_MCMC_Diag.root
[PlotMCMCDiag.cpp][info] Geweke/enu_enubias_644_param_643_Geweke
[PlotMCMCDiag.cpp][warning] continuing along my way for Geweke
[PlotMCMCDiag.cpp][info] Looking for Geweke/enu_enubias_644_param_643_Geweke from file /scratch/abipeake/March2026/Easter_finerxsecbinning_sat11ththapril_robbinsmonroemore2/chain_trimmed_last10M_MCMC_Diag.root
[PlotMCMCDiag.cpp][info] Geweke/enu_enubias_645_param_644_Geweke
[PlotMCMCDiag.cpp][warning] continuing along my way for Geweke
[PlotMCMCDiag.cpp][info] Looking for Geweke/enu_enubias_645_param_644_Geweke from file /scratch/abipeake/March2026/Easter_finerxsecbinning_sat11ththapril_robbinsmonroemore2/chain_trimmed_last10M_MCMC_Diag.root
[PlotMCMCDiag.cpp][info] Geweke/enu_enubias_646_param_645_Geweke
[PlotMCMCDiag.cpp][warning] continuing along my way for Geweke
[PlotMCMCDiag.cpp][info] Looking for Geweke/enu_enubias_646_param_645_Geweke from file /scratch/abipeake/March2026/Easter_finerxsecbinning_sat11ththapril_robbinsmonroemore2/chain_trimmed_last10M_MCMC_Diag.root
[PlotMCMCDiag.cpp][info] Geweke/enu_enubias_647_param_646_Geweke
[PlotMCMCDiag.cpp][warning] continuing along my way for Geweke
[PlotMCMCDiag.cpp][info] Looking for Geweke/enu_enubias_647_param_646_Geweke from file /scratch/abipeake/March2026/Easter_finerxsecbinning_sat11ththapril_robbinsmonroemore2/chain_trimmed_last10M_MCMC_Diag.root
[PlotMCMCDiag.cpp][info] Geweke/enu_enubias_648_param_647_Geweke
[PlotMCMCDiag.cpp][warning] continuing along my way for Geweke
[PlotMCMCDiag.cpp][info] Looking for Geweke/enu_enubias_648_param_647_Geweke from file /scratch/abipeake/March2026/Easter_finerxsecbinning_sat11ththapril_robbinsmonroemore2/chain_trimmed_last10M_MCMC_Diag.root
[PlotMCMCDiag.cpp][info] Geweke/enu_enubias_649_param_648_Geweke
[PlotMCMCDiag.cpp][warning] continuing along my way for Geweke
[PlotMCMCDiag.cpp][info] Looking for Geweke/enu_enubias_649_param_648_Geweke from file /scratch/abipeake/March2026/Easter_finerxsecbinning_sat11ththapril_robbinsmonroemore2/chain_trimmed_last10M_MCMC_Diag.root
[PlotMCMCDiag.cpp][info] Geweke/enu_enubias_650_param_649_Geweke
[PlotMCMCDiag.cpp][warning] continuing along my way for Geweke
[PlotMCMCDiag.cpp][info] Looking for Geweke/enu_enubias_650_param_649_Geweke from file /scratch/abipeake/March2026/Easter_finerxsecbinning_sat11ththapril_robbinsmonroemore2/chain_trimmed_last10M_MCMC_Diag.root
[PlotMCMCDiag.cpp][info] Geweke/enu_enubias_651_param_650_Geweke
[PlotMCMCDiag.cpp][warning] continuing along my way for Geweke
[PlotMCMCDiag.cpp][info] Looking for Geweke/enu_enubias_651_param_650_Geweke from file /scratch/abipeake/March2026/Easter_finerxsecbinning_sat11ththapril_robbinsmonroemore2/chain_trimmed_last10M_MCMC_Diag.root
[PlotMCMCDiag.cpp][info] Geweke/enu_enubias_652_param_651_Geweke
[PlotMCMCDiag.cpp][warning] continuing along my way for Geweke
[PlotMCMCDiag.cpp][info] Looking for Geweke/enu_enubias_652_param_651_Geweke from file /scratch/abipeake/March2026/Easter_finerxsecbinning_sat11ththapril_robbinsmonroemore2/chain_trimmed_last10M_MCMC_Diag.root
[PlotMCMCDiag.cpp][info] Geweke/enu_enubias_653_param_652_Geweke
[PlotMCMCDiag.cpp][warning] continuing along my way for Geweke
[PlotMCMCDiag.cpp][info] Looking for Geweke/enu_enubias_653_param_652_Geweke from file /scratch/abipeake/March2026/Easter_finerxsecbinning_sat11ththapril_robbinsmonroemore2/chain_trimmed_last10M_MCMC_Diag.root
[PlotMCMCDiag.cpp][info] Geweke/enu_enubias_654_param_653_Geweke
[PlotMCMCDiag.cpp][warning] continuing along my way for Geweke
[PlotMCMCDiag.cpp][info] Looking for Geweke/enu_enubias_654_param_653_Geweke from file /scratch/abipeake/March2026/Easter_finerxsecbinning_sat11ththapril_robbinsmonroemore2/chain_trimmed_last10M_MCMC_Diag.root
[PlotMCMCDiag.cpp][info] Geweke/enu_enubias_655_param_654_Geweke
[PlotMCMCDiag.cpp][warning] continuing along my way for Geweke
[PlotMCMCDiag.cpp][info] Looking for Geweke/enu_enubias_655_param_654_Geweke from file /scratch/abipeake/March2026/Easter_finerxsecbinning_sat11ththapril_robbinsmonroemore2/chain_trimmed_last10M_MCMC_Diag.root
[PlotMCMCDiag.cpp][info] Geweke/enu_enubias_656_param_655_Geweke
[PlotMCMCDiag.cpp][warning] continuing along my way for Geweke
[PlotMCMCDiag.cpp][info] Looking for Geweke/enu_enubias_656_param_655_Geweke from file /scratch/abipeake/March2026/Easter_finerxsecbinning_sat11ththapril_robbinsmonroemore2/chain_trimmed_last10M_MCMC_Diag.root
[PlotMCMCDiag.cpp][info] Geweke/enu_enubias_657_param_656_Geweke
[PlotMCMCDiag.cpp][warning] continuing along my way for Geweke
[PlotMCMCDiag.cpp][info] Looking for Geweke/enu_enubias_657_param_656_Geweke from file /scratch/abipeake/March2026/Easter_finerxsecbinning_sat11ththapril_robbinsmonroemore2/chain_trimmed_last10M_MCMC_Diag.root
[PlotMCMCDiag.cpp][info] Geweke/enu_enubias_658_param_657_Geweke
[PlotMCMCDiag.cpp][warning] continuing along my way for Geweke
[PlotMCMCDiag.cpp][info] Looking for Geweke/enu_enubias_658_param_657_Geweke from file /scratch/abipeake/March2026/Easter_finerxsecbinning_sat11ththapril_robbinsmonroemore2/chain_trimmed_last10M_MCMC_Diag.root
[PlotMCMCDiag.cpp][info] Geweke/enu_enubias_659_param_658_Geweke
[PlotMCMCDiag.cpp][warning] continuing along my way for Geweke
[PlotMCMCDiag.cpp][info] Looking for Geweke/enu_enubias_659_param_658_Geweke from file /scratch/abipeake/March2026/Easter_finerxsecbinning_sat11ththapril_robbinsmonroemore2/chain_trimmed_last10M_MCMC_Diag.root
[PlotMCMCDiag.cpp][info] Geweke/enu_enubias_660_param_659_Geweke
[PlotMCMCDiag.cpp][warning] continuing along my way for Geweke
[PlotMCMCDiag.cpp][info] Looking for Geweke/enu_enubias_660_param_659_Geweke from file /scratch/abipeake/March2026/Easter_finerxsecbinning_sat11ththapril_robbinsmonroemore2/chain_trimmed_last10M_MCMC_Diag.root
[PlotMCMCDiag.cpp][info] Geweke/enu_enubias_661_param_660_Geweke
[PlotMCMCDiag.cpp][warning] continuing along my way for Geweke
[PlotMCMCDiag.cpp][info] Looking for Geweke/enu_enubias_661_param_660_Geweke from file /scratch/abipeake/March2026/Easter_finerxsecbinning_sat11ththapril_robbinsmonroemore2/chain_trimmed_last10M_MCMC_Diag.root
[PlotMCMCDiag.cpp][info] Geweke/enu_enubias_662_param_661_Geweke
[PlotMCMCDiag.cpp][warning] continuing along my way for Geweke
[PlotMCMCDiag.cpp][info] Looking for Geweke/enu_enubias_662_param_661_Geweke from file /scratch/abipeake/March2026/Easter_finerxsecbinning_sat11ththapril_robbinsmonroemore2/chain_trimmed_last10M_MCMC_Diag.root
[PlotMCMCDiag.cpp][info] Geweke/enu_enubias_663_param_662_Geweke
[PlotMCMCDiag.cpp][warning] continuing along my way for Geweke
[PlotMCMCDiag.cpp][info] Looking for Geweke/enu_enubias_663_param_662_Geweke from file /scratch/abipeake/March2026/Easter_finerxsecbinning_sat11ththapril_robbinsmonroemore2/chain_trimmed_last10M_MCMC_Diag.root
[PlotMCMCDiag.cpp][info] Geweke/enu_enubias_664_param_663_Geweke
[PlotMCMCDiag.cpp][warning] continuing along my way for Geweke
[PlotMCMCDiag.cpp][info] Looking for Geweke/enu_enubias_664_param_663_Geweke from file /scratch/abipeake/March2026/Easter_finerxsecbinning_sat11ththapril_robbinsmonroemore2/chain_trimmed_last10M_MCMC_Diag.root
[PlotMCMCDiag.cpp][info] Geweke/enu_enubias_665_param_664_Geweke
[PlotMCMCDiag.cpp][warning] continuing along my way for Geweke
[PlotMCMCDiag.cpp][info] Looking for Geweke/enu_enubias_665_param_664_Geweke from file /scratch/abipeake/March2026/Easter_finerxsecbinning_sat11ththapril_robbinsmonroemore2/chain_trimmed_last10M_MCMC_Diag.root
[PlotMCMCDiag.cpp][info] Geweke/enu_enubias_666_param_665_Geweke
[PlotMCMCDiag.cpp][warning] continuing along my way for Geweke
[PlotMCMCDiag.cpp][info] Looking for Geweke/enu_enubias_666_param_665_Geweke from file /scratch/abipeake/March2026/Easter_finerxsecbinning_sat11ththapril_robbinsmonroemore2/chain_trimmed_last10M_MCMC_Diag.root
[PlotMCMCDiag.cpp][info] Geweke/enu_enubias_667_param_666_Geweke
[PlotMCMCDiag.cpp][warning] continuing along my way for Geweke
[PlotMCMCDiag.cpp][info] Looking for Geweke/enu_enubias_667_param_666_Geweke from file /scratch/abipeake/March2026/Easter_finerxsecbinning_sat11ththapril_robbinsmonroemore2/chain_trimmed_last10M_MCMC_Diag.root
[PlotMCMCDiag.cpp][info] Geweke/enu_enubias_668_param_667_Geweke
[PlotMCMCDiag.cpp][warning] continuing along my way for Geweke
[PlotMCMCDiag.cpp][info] Looking for Geweke/enu_enubias_668_param_667_Geweke from file /scratch/abipeake/March2026/Easter_finerxsecbinning_sat11ththapril_robbinsmonroemore2/chain_trimmed_last10M_MCMC_Diag.root
[PlotMCMCDiag.cpp][info] Geweke/enu_enubias_669_param_668_Geweke
[PlotMCMCDiag.cpp][warning] continuing along my way for Geweke
[PlotMCMCDiag.cpp][info] Looking for Geweke/enu_enubias_669_param_668_Geweke from file /scratch/abipeake/March2026/Easter_finerxsecbinning_sat11ththapril_robbinsmonroemore2/chain_trimmed_last10M_MCMC_Diag.root
[PlotMCMCDiag.cpp][info] Geweke/enu_enubias_670_param_669_Geweke
[PlotMCMCDiag.cpp][warning] continuing along my way for Geweke
[PlotMCMCDiag.cpp][info] Looking for Geweke/enu_enubias_670_param_669_Geweke from file /scratch/abipeake/March2026/Easter_finerxsecbinning_sat11ththapril_robbinsmonroemore2/chain_trimmed_last10M_MCMC_Diag.root
[PlotMCMCDiag.cpp][info] Geweke/enu_enubias_671_param_670_Geweke
[PlotMCMCDiag.cpp][warning] continuing along my way for Geweke
[PlotMCMCDiag.cpp][info] Looking for Geweke/enu_enubias_671_param_670_Geweke from file /scratch/abipeake/March2026/Easter_finerxsecbinning_sat11ththapril_robbinsmonroemore2/chain_trimmed_last10M_MCMC_Diag.root
[PlotMCMCDiag.cpp][info] Geweke/enu_enubias_672_param_671_Geweke
[PlotMCMCDiag.cpp][warning] continuing along my way for Geweke
[PlotMCMCDiag.cpp][info] Looking for Geweke/enu_enubias_672_param_671_Geweke from file /scratch/abipeake/March2026/Easter_finerxsecbinning_sat11ththapril_robbinsmonroemore2/chain_trimmed_last10M_MCMC_Diag.root
[PlotMCMCDiag.cpp][info] Geweke/enu_enubias_673_param_672_Geweke
[PlotMCMCDiag.cpp][warning] continuing along my way for Geweke
[PlotMCMCDiag.cpp][info] Looking for Geweke/enu_enubias_673_param_672_Geweke from file /scratch/abipeake/March2026/Easter_finerxsecbinning_sat11ththapril_robbinsmonroemore2/chain_trimmed_last10M_MCMC_Diag.root
[PlotMCMCDiag.cpp][info] Geweke/enu_enubias_674_param_673_Geweke
[PlotMCMCDiag.cpp][warning] continuing along my way for Geweke
[PlotMCMCDiag.cpp][info] Looking for Geweke/enu_enubias_674_param_673_Geweke from file /scratch/abipeake/March2026/Easter_finerxsecbinning_sat11ththapril_robbinsmonroemore2/chain_trimmed_last10M_MCMC_Diag.root
[PlotMCMCDiag.cpp][info] Geweke/enu_enubias_675_param_674_Geweke
[PlotMCMCDiag.cpp][warning] continuing along my way for Geweke
[PlotMCMCDiag.cpp][info] Looking for Geweke/enu_enubias_675_param_674_Geweke from file /scratch/abipeake/March2026/Easter_finerxsecbinning_sat11ththapril_robbinsmonroemore2/chain_trimmed_last10M_MCMC_Diag.root
[PlotMCMCDiag.cpp][info] Geweke/enu_enubias_676_param_675_Geweke
[PlotMCMCDiag.cpp][warning] continuing along my way for Geweke
[PlotMCMCDiag.cpp][info] Looking for Geweke/enu_enubias_676_param_675_Geweke from file /scratch/abipeake/March2026/Easter_finerxsecbinning_sat11ththapril_robbinsmonroemore2/chain_trimmed_last10M_MCMC_Diag.root
[PlotMCMCDiag.cpp][info] Geweke/enu_enubias_677_param_676_Geweke
[PlotMCMCDiag.cpp][warning] continuing along my way for Geweke
[PlotMCMCDiag.cpp][info] Looking for Geweke/enu_enubias_677_param_676_Geweke from file /scratch/abipeake/March2026/Easter_finerxsecbinning_sat11ththapril_robbinsmonroemore2/chain_trimmed_last10M_MCMC_Diag.root
[PlotMCMCDiag.cpp][info] Geweke/enu_enubias_678_param_677_Geweke
[PlotMCMCDiag.cpp][warning] continuing along my way for Geweke
[PlotMCMCDiag.cpp][info] Looking for Geweke/enu_enubias_678_param_677_Geweke from file /scratch/abipeake/March2026/Easter_finerxsecbinning_sat11ththapril_robbinsmonroemore2/chain_trimmed_last10M_MCMC_Diag.root
[PlotMCMCDiag.cpp][info] Geweke/enu_enubias_679_param_678_Geweke
[PlotMCMCDiag.cpp][warning] continuing along my way for Geweke
[PlotMCMCDiag.cpp][info] Looking for Geweke/enu_enubias_679_param_678_Geweke from file /scratch/abipeake/March2026/Easter_finerxsecbinning_sat11ththapril_robbinsmonroemore2/chain_trimmed_last10M_MCMC_Diag.root
[PlotMCMCDiag.cpp][info] Geweke/enu_enubias_680_param_679_Geweke
[PlotMCMCDiag.cpp][warning] continuing along my way for Geweke
[PlotMCMCDiag.cpp][info] Looking for Geweke/enu_enubias_680_param_679_Geweke from file /scratch/abipeake/March2026/Easter_finerxsecbinning_sat11ththapril_robbinsmonroemore2/chain_trimmed_last10M_MCMC_Diag.root
[PlotMCMCDiag.cpp][info] Geweke/enu_enubias_681_param_680_Geweke
[PlotMCMCDiag.cpp][warning] continuing along my way for Geweke
[PlotMCMCDiag.cpp][info] Looking for Geweke/enu_enubias_681_param_680_Geweke from file /scratch/abipeake/March2026/Easter_finerxsecbinning_sat11ththapril_robbinsmonroemore2/chain_trimmed_last10M_MCMC_Diag.root
[PlotMCMCDiag.cpp][info] Geweke/enu_enubias_682_param_681_Geweke
[PlotMCMCDiag.cpp][warning] continuing along my way for Geweke
[PlotMCMCDiag.cpp][info] Looking for Geweke/enu_enubias_682_param_681_Geweke from file /scratch/abipeake/March2026/Easter_finerxsecbinning_sat11ththapril_robbinsmonroemore2/chain_trimmed_last10M_MCMC_Diag.root
[PlotMCMCDiag.cpp][info] Geweke/enu_enubias_683_param_682_Geweke
[PlotMCMCDiag.cpp][warning] continuing along my way for Geweke
[PlotMCMCDiag.cpp][info] Looking for Geweke/enu_enubias_683_param_682_Geweke from file /scratch/abipeake/March2026/Easter_finerxsecbinning_sat11ththapril_robbinsmonroemore2/chain_trimmed_last10M_MCMC_Diag.root
[PlotMCMCDiag.cpp][info] Geweke/enu_enubias_684_param_683_Geweke
[PlotMCMCDiag.cpp][warning] continuing along my way for Geweke
[PlotMCMCDiag.cpp][info] Looking for Geweke/enu_enubias_684_param_683_Geweke from file /scratch/abipeake/March2026/Easter_finerxsecbinning_sat11ththapril_robbinsmonroemore2/chain_trimmed_last10M_MCMC_Diag.root
[PlotMCMCDiag.cpp][info] Geweke/enu_enubias_685_param_684_Geweke
[PlotMCMCDiag.cpp][warning] continuing along my way for Geweke
[PlotMCMCDiag.cpp][info] Looking for Geweke/enu_enubias_685_param_684_Geweke from file /scratch/abipeake/March2026/Easter_finerxsecbinning_sat11ththapril_robbinsmonroemore2/chain_trimmed_last10M_MCMC_Diag.root
[PlotMCMCDiag.cpp][info] Geweke/enu_enubias_686_param_685_Geweke
[PlotMCMCDiag.cpp][warning] continuing along my way for Geweke
[PlotMCMCDiag.cpp][info] Looking for Geweke/enu_enubias_686_param_685_Geweke from file /scratch/abipeake/March2026/Easter_finerxsecbinning_sat11ththapril_robbinsmonroemore2/chain_trimmed_last10M_MCMC_Diag.root
[PlotMCMCDiag.cpp][info] Geweke/enu_enubias_687_param_686_Geweke
[PlotMCMCDiag.cpp][warning] continuing along my way for Geweke
[PlotMCMCDiag.cpp][info] Looking for Geweke/enu_enubias_687_param_686_Geweke from file /scratch/abipeake/March2026/Easter_finerxsecbinning_sat11ththapril_robbinsmonroemore2/chain_trimmed_last10M_MCMC_Diag.root
[PlotMCMCDiag.cpp][info] Geweke/enu_enubias_688_param_687_Geweke
[PlotMCMCDiag.cpp][warning] continuing along my way for Geweke
[PlotMCMCDiag.cpp][info] Looking for Geweke/enu_enubias_688_param_687_Geweke from file /scratch/abipeake/March2026/Easter_finerxsecbinning_sat11ththapril_robbinsmonroemore2/chain_trimmed_last10M_MCMC_Diag.root
[PlotMCMCDiag.cpp][info] Geweke/enu_enubias_689_param_688_Geweke
[PlotMCMCDiag.cpp][warning] continuing along my way for Geweke
[PlotMCMCDiag.cpp][info] Looking for Geweke/enu_enubias_689_param_688_Geweke from file /scratch/abipeake/March2026/Easter_finerxsecbinning_sat11ththapril_robbinsmonroemore2/chain_trimmed_last10M_MCMC_Diag.root
[PlotMCMCDiag.cpp][info] Geweke/enu_enubias_690_param_689_Geweke
[PlotMCMCDiag.cpp][warning] continuing along my way for Geweke
[PlotMCMCDiag.cpp][info] Looking for Geweke/enu_enubias_690_param_689_Geweke from file /scratch/abipeake/March2026/Easter_finerxsecbinning_sat11ththapril_robbinsmonroemore2/chain_trimmed_last10M_MCMC_Diag.root
[PlotMCMCDiag.cpp][info] Geweke/enu_enubias_691_param_690_Geweke
[PlotMCMCDiag.cpp][warning] continuing along my way for Geweke
[PlotMCMCDiag.cpp][info] Looking for Geweke/enu_enubias_691_param_690_Geweke from file /scratch/abipeake/March2026/Easter_finerxsecbinning_sat11ththapril_robbinsmonroemore2/chain_trimmed_last10M_MCMC_Diag.root
[PlotMCMCDiag.cpp][info] Geweke/enu_enubias_692_param_691_Geweke
[PlotMCMCDiag.cpp][warning] continuing along my way for Geweke
[PlotMCMCDiag.cpp][info] Looking for Geweke/enu_enubias_692_param_691_Geweke from file /scratch/abipeake/March2026/Easter_finerxsecbinning_sat11ththapril_robbinsmonroemore2/chain_trimmed_last10M_MCMC_Diag.root
[PlotMCMCDiag.cpp][info] Geweke/enu_enubias_693_param_692_Geweke
[PlotMCMCDiag.cpp][warning] continuing along my way for Geweke
[PlotMCMCDiag.cpp][info] Looking for Geweke/enu_enubias_693_param_692_Geweke from file /scratch/abipeake/March2026/Easter_finerxsecbinning_sat11ththapril_robbinsmonroemore2/chain_trimmed_last10M_MCMC_Diag.root
[PlotMCMCDiag.cpp][info] Geweke/enu_enubias_694_param_693_Geweke
[PlotMCMCDiag.cpp][warning] continuing along my way for Geweke
[PlotMCMCDiag.cpp][info] Looking for Geweke/enu_enubias_694_param_693_Geweke from file /scratch/abipeake/March2026/Easter_finerxsecbinning_sat11ththapril_robbinsmonroemore2/chain_trimmed_last10M_MCMC_Diag.root
[PlotMCMCDiag.cpp][info] Geweke/enu_enubias_695_param_694_Geweke
[PlotMCMCDiag.cpp][warning] continuing along my way for Geweke
[PlotMCMCDiag.cpp][info] Looking for Geweke/enu_enubias_695_param_694_Geweke from file /scratch/abipeake/March2026/Easter_finerxsecbinning_sat11ththapril_robbinsmonroemore2/chain_trimmed_last10M_MCMC_Diag.root
[PlotMCMCDiag.cpp][info] Geweke/enu_enubias_696_param_695_Geweke
[PlotMCMCDiag.cpp][warning] continuing along my way for Geweke
[PlotMCMCDiag.cpp][info] Looking for Geweke/enu_enubias_696_param_695_Geweke from file /scratch/abipeake/March2026/Easter_finerxsecbinning_sat11ththapril_robbinsmonroemore2/chain_trimmed_last10M_MCMC_Diag.root
[PlotMCMCDiag.cpp][info] Geweke/enu_enubias_697_param_696_Geweke
[PlotMCMCDiag.cpp][warning] continuing along my way for Geweke
[PlotMCMCDiag.cpp][info] Looking for Geweke/enu_enubias_697_param_696_Geweke from file /scratch/abipeake/March2026/Easter_finerxsecbinning_sat11ththapril_robbinsmonroemore2/chain_trimmed_last10M_MCMC_Diag.root
[PlotMCMCDiag.cpp][info] Geweke/enu_enubias_698_param_697_Geweke
[PlotMCMCDiag.cpp][warning] continuing along my way for Geweke
[PlotMCMCDiag.cpp][info] Looking for Geweke/enu_enubias_698_param_697_Geweke from file /scratch/abipeake/March2026/Easter_finerxsecbinning_sat11ththapril_robbinsmonroemore2/chain_trimmed_last10M_MCMC_Diag.root
[PlotMCMCDiag.cpp][info] Geweke/enu_enubias_699_param_698_Geweke
[PlotMCMCDiag.cpp][warning] continuing along my way for Geweke
[PlotMCMCDiag.cpp][info] Looking for Geweke/enu_enubias_699_param_698_Geweke from file /scratch/abipeake/March2026/Easter_finerxsecbinning_sat11ththapril_robbinsmonroemore2/chain_trimmed_last10M_MCMC_Diag.root
[PlotMCMCDiag.cpp][info] Geweke/enu_enubias_700_param_699_Geweke
[PlotMCMCDiag.cpp][warning] continuing along my way for Geweke
[PlotMCMCDiag.cpp][info] Looking for Geweke/enu_enubias_700_param_699_Geweke from file /scratch/abipeake/March2026/Easter_finerxsecbinning_sat11ththapril_robbinsmonroemore2/chain_trimmed_last10M_MCMC_Diag.root
[PlotMCMCDiag.cpp][info] Geweke/enu_enubias_701_param_700_Geweke
[PlotMCMCDiag.cpp][warning] continuing along my way for Geweke
[PlotMCMCDiag.cpp][info] Looking for Geweke/enu_enubias_701_param_700_Geweke from file /scratch/abipeake/March2026/Easter_finerxsecbinning_sat11ththapril_robbinsmonroemore2/chain_trimmed_last10M_MCMC_Diag.root
[PlotMCMCDiag.cpp][info] Geweke/enu_enubias_702_param_701_Geweke
[PlotMCMCDiag.cpp][warning] continuing along my way for Geweke
[PlotMCMCDiag.cpp][info] Looking for Geweke/enu_enubias_702_param_701_Geweke from file /scratch/abipeake/March2026/Easter_finerxsecbinning_sat11ththapril_robbinsmonroemore2/chain_trimmed_last10M_MCMC_Diag.root
[PlotMCMCDiag.cpp][info] Geweke/enu_enubias_703_param_702_Geweke
[PlotMCMCDiag.cpp][warning] continuing along my way for Geweke
[PlotMCMCDiag.cpp][info] Looking for Geweke/enu_enubias_703_param_702_Geweke from file /scratch/abipeake/March2026/Easter_finerxsecbinning_sat11ththapril_robbinsmonroemore2/chain_trimmed_last10M_MCMC_Diag.root
[PlotMCMCDiag.cpp][info] Geweke/enu_enubias_704_param_703_Geweke
[PlotMCMCDiag.cpp][warning] continuing along my way for Geweke
[PlotMCMCDiag.cpp][info] Looking for Geweke/enu_enubias_704_param_703_Geweke from file /scratch/abipeake/March2026/Easter_finerxsecbinning_sat11ththapril_robbinsmonroemore2/chain_trimmed_last10M_MCMC_Diag.root
[PlotMCMCDiag.cpp][info] Geweke/enu_enubias_705_param_704_Geweke
[PlotMCMCDiag.cpp][warning] continuing along my way for Geweke
[PlotMCMCDiag.cpp][info] Looking for Geweke/enu_enubias_705_param_704_Geweke from file /scratch/abipeake/March2026/Easter_finerxsecbinning_sat11ththapril_robbinsmonroemore2/chain_trimmed_last10M_MCMC_Diag.root
[PlotMCMCDiag.cpp][info] Geweke/enu_enubias_706_param_705_Geweke
[PlotMCMCDiag.cpp][warning] continuing along my way for Geweke
[PlotMCMCDiag.cpp][info] Looking for Geweke/enu_enubias_706_param_705_Geweke from file /scratch/abipeake/March2026/Easter_finerxsecbinning_sat11ththapril_robbinsmonroemore2/chain_trimmed_last10M_MCMC_Diag.root
[PlotMCMCDiag.cpp][info] Geweke/enu_enubias_707_param_706_Geweke
[PlotMCMCDiag.cpp][warning] continuing along my way for Geweke
[PlotMCMCDiag.cpp][info] Looking for Geweke/enu_enubias_707_param_706_Geweke from file /scratch/abipeake/March2026/Easter_finerxsecbinning_sat11ththapril_robbinsmonroemore2/chain_trimmed_last10M_MCMC_Diag.root
[PlotMCMCDiag.cpp][info] Geweke/enu_enubias_708_param_707_Geweke
[PlotMCMCDiag.cpp][warning] continuing along my way for Geweke
[PlotMCMCDiag.cpp][info] Looking for Geweke/enu_enubias_708_param_707_Geweke from file /scratch/abipeake/March2026/Easter_finerxsecbinning_sat11ththapril_robbinsmonroemore2/chain_trimmed_last10M_MCMC_Diag.root
[PlotMCMCDiag.cpp][info] Geweke/enu_enubias_709_param_708_Geweke
[PlotMCMCDiag.cpp][warning] continuing along my way for Geweke
[PlotMCMCDiag.cpp][info] Looking for Geweke/enu_enubias_709_param_708_Geweke from file /scratch/abipeake/March2026/Easter_finerxsecbinning_sat11ththapril_robbinsmonroemore2/chain_trimmed_last10M_MCMC_Diag.root
[PlotMCMCDiag.cpp][info] Geweke/enu_enubias_710_param_709_Geweke
[PlotMCMCDiag.cpp][warning] continuing along my way for Geweke
[PlotMCMCDiag.cpp][info] Looking for Geweke/enu_enubias_710_param_709_Geweke from file /scratch/abipeake/March2026/Easter_finerxsecbinning_sat11ththapril_robbinsmonroemore2/chain_trimmed_last10M_MCMC_Diag.root
[PlotMCMCDiag.cpp][info] Geweke/enu_enubias_711_param_710_Geweke
[PlotMCMCDiag.cpp][warning] continuing along my way for Geweke
[PlotMCMCDiag.cpp][info] Looking for Geweke/enu_enubias_711_param_710_Geweke from file /scratch/abipeake/March2026/Easter_finerxsecbinning_sat11ththapril_robbinsmonroemore2/chain_trimmed_last10M_MCMC_Diag.root
[PlotMCMCDiag.cpp][info] Geweke/enu_enubias_712_param_711_Geweke
[PlotMCMCDiag.cpp][warning] continuing along my way for Geweke
[PlotMCMCDiag.cpp][info] Looking for Geweke/enu_enubias_712_param_711_Geweke from file /scratch/abipeake/March2026/Easter_finerxsecbinning_sat11ththapril_robbinsmonroemore2/chain_trimmed_last10M_MCMC_Diag.root
[PlotMCMCDiag.cpp][info] Geweke/enu_enubias_713_param_712_Geweke
[PlotMCMCDiag.cpp][warning] continuing along my way for Geweke
[PlotMCMCDiag.cpp][info] Looking for Geweke/enu_enubias_713_param_712_Geweke from file /scratch/abipeake/March2026/Easter_finerxsecbinning_sat11ththapril_robbinsmonroemore2/chain_trimmed_last10M_MCMC_Diag.root
[PlotMCMCDiag.cpp][info] Geweke/enu_enubias_714_param_713_Geweke
[PlotMCMCDiag.cpp][warning] continuing along my way for Geweke
[PlotMCMCDiag.cpp][info] Looking for Geweke/enu_enubias_714_param_713_Geweke from file /scratch/abipeake/March2026/Easter_finerxsecbinning_sat11ththapril_robbinsmonroemore2/chain_trimmed_last10M_MCMC_Diag.root
[PlotMCMCDiag.cpp][info] Geweke/enu_enubias_715_param_714_Geweke
[PlotMCMCDiag.cpp][warning] continuing along my way for Geweke
[PlotMCMCDiag.cpp][info] Looking for Geweke/enu_enubias_715_param_714_Geweke from file /scratch/abipeake/March2026/Easter_finerxsecbinning_sat11ththapril_robbinsmonroemore2/chain_trimmed_last10M_MCMC_Diag.root
[PlotMCMCDiag.cpp][info] Geweke/enu_enubias_716_param_715_Geweke
[PlotMCMCDiag.cpp][warning] continuing along my way for Geweke
[PlotMCMCDiag.cpp][info] Looking for Geweke/enu_enubias_716_param_715_Geweke from file /scratch/abipeake/March2026/Easter_finerxsecbinning_sat11ththapril_robbinsmonroemore2/chain_trimmed_last10M_MCMC_Diag.root
[PlotMCMCDiag.cpp][info] Geweke/enu_enubias_717_param_716_Geweke
[PlotMCMCDiag.cpp][warning] continuing along my way for Geweke
[PlotMCMCDiag.cpp][info] Looking for Geweke/enu_enubias_717_param_716_Geweke from file /scratch/abipeake/March2026/Easter_finerxsecbinning_sat11ththapril_robbinsmonroemore2/chain_trimmed_last10M_MCMC_Diag.root
[PlotMCMCDiag.cpp][info] Geweke/enu_enubias_718_param_717_Geweke
[PlotMCMCDiag.cpp][warning] continuing along my way for Geweke
[PlotMCMCDiag.cpp][info] Looking for Geweke/enu_enubias_718_param_717_Geweke from file /scratch/abipeake/March2026/Easter_finerxsecbinning_sat11ththapril_robbinsmonroemore2/chain_trimmed_last10M_MCMC_Diag.root
[PlotMCMCDiag.cpp][info] Geweke/enu_enubias_719_param_718_Geweke
[PlotMCMCDiag.cpp][warning] continuing along my way for Geweke
[PlotMCMCDiag.cpp][info] Looking for Geweke/enu_enubias_719_param_718_Geweke from file /scratch/abipeake/March2026/Easter_finerxsecbinning_sat11ththapril_robbinsmonroemore2/chain_trimmed_last10M_MCMC_Diag.root
[PlotMCMCDiag.cpp][info] Geweke/enu_enubias_720_param_719_Geweke
[PlotMCMCDiag.cpp][warning] continuing along my way for Geweke
[PlotMCMCDiag.cpp][info] Looking for Geweke/enu_enubias_720_param_719_Geweke from file /scratch/abipeake/March2026/Easter_finerxsecbinning_sat11ththapril_robbinsmonroemore2/chain_trimmed_last10M_MCMC_Diag.root
[PlotMCMCDiag.cpp][info] Geweke/enu_enubias_721_param_720_Geweke
[PlotMCMCDiag.cpp][warning] continuing along my way for Geweke
[PlotMCMCDiag.cpp][info] Looking for Geweke/enu_enubias_721_param_720_Geweke from file /scratch/abipeake/March2026/Easter_finerxsecbinning_sat11ththapril_robbinsmonroemore2/chain_trimmed_last10M_MCMC_Diag.root
[PlotMCMCDiag.cpp][info] Geweke/enu_enubias_722_param_721_Geweke
[PlotMCMCDiag.cpp][warning] continuing along my way for Geweke
[PlotMCMCDiag.cpp][info] Looking for Geweke/enu_enubias_722_param_721_Geweke from file /scratch/abipeake/March2026/Easter_finerxsecbinning_sat11ththapril_robbinsmonroemore2/chain_trimmed_last10M_MCMC_Diag.root
[PlotMCMCDiag.cpp][info] Geweke/enu_enubias_723_param_722_Geweke
[PlotMCMCDiag.cpp][warning] continuing along my way for Geweke
[PlotMCMCDiag.cpp][info] Looking for Geweke/enu_enubias_723_param_722_Geweke from file /scratch/abipeake/March2026/Easter_finerxsecbinning_sat11ththapril_robbinsmonroemore2/chain_trimmed_last10M_MCMC_Diag.root
[PlotMCMCDiag.cpp][info] Geweke/enu_enubias_724_param_723_Geweke
[PlotMCMCDiag.cpp][warning] continuing along my way for Geweke
[PlotMCMCDiag.cpp][info] Looking for Geweke/enu_enubias_724_param_723_Geweke from file /scratch/abipeake/March2026/Easter_finerxsecbinning_sat11ththapril_robbinsmonroemore2/chain_trimmed_last10M_MCMC_Diag.root
[PlotMCMCDiag.cpp][info] Geweke/enu_enubias_725_param_724_Geweke
[PlotMCMCDiag.cpp][warning] continuing along my way for Geweke
[PlotMCMCDiag.cpp][info] Looking for Geweke/enu_enubias_725_param_724_Geweke from file /scratch/abipeake/March2026/Easter_finerxsecbinning_sat11ththapril_robbinsmonroemore2/chain_trimmed_last10M_MCMC_Diag.root
[PlotMCMCDiag.cpp][info] Geweke/enu_enubias_726_param_725_Geweke
[PlotMCMCDiag.cpp][warning] continuing along my way for Geweke
[PlotMCMCDiag.cpp][info] Looking for Geweke/enu_enubias_726_param_725_Geweke from file /scratch/abipeake/March2026/Easter_finerxsecbinning_sat11ththapril_robbinsmonroemore2/chain_trimmed_last10M_MCMC_Diag.root
[PlotMCMCDiag.cpp][info] Geweke/enu_enubias_727_param_726_Geweke
[PlotMCMCDiag.cpp][warning] continuing along my way for Geweke
[PlotMCMCDiag.cpp][info] Looking for Geweke/enu_enubias_727_param_726_Geweke from file /scratch/abipeake/March2026/Easter_finerxsecbinning_sat11ththapril_robbinsmonroemore2/chain_trimmed_last10M_MCMC_Diag.root
[PlotMCMCDiag.cpp][info] Geweke/enu_enubias_728_param_727_Geweke
[PlotMCMCDiag.cpp][warning] continuing along my way for Geweke
[PlotMCMCDiag.cpp][info] Looking for Geweke/enu_enubias_728_param_727_Geweke from file /scratch/abipeake/March2026/Easter_finerxsecbinning_sat11ththapril_robbinsmonroemore2/chain_trimmed_last10M_MCMC_Diag.root
[PlotMCMCDiag.cpp][info] Geweke/enu_enubias_729_param_728_Geweke
[PlotMCMCDiag.cpp][warning] continuing along my way for Geweke
[PlotMCMCDiag.cpp][info] Looking for Geweke/enu_enubias_729_param_728_Geweke from file /scratch/abipeake/March2026/Easter_finerxsecbinning_sat11ththapril_robbinsmonroemore2/chain_trimmed_last10M_MCMC_Diag.root
[PlotMCMCDiag.cpp][info] Geweke/enu_enubias_730_param_729_Geweke
[PlotMCMCDiag.cpp][warning] continuing along my way for Geweke
[PlotMCMCDiag.cpp][info] Looking for Geweke/enu_enubias_730_param_729_Geweke from file /scratch/abipeake/March2026/Easter_finerxsecbinning_sat11ththapril_robbinsmonroemore2/chain_trimmed_last10M_MCMC_Diag.root
[PlotMCMCDiag.cpp][info] Geweke/enu_enubias_731_param_730_Geweke
[PlotMCMCDiag.cpp][warning] continuing along my way for Geweke
[PlotMCMCDiag.cpp][info] Looking for Geweke/enu_enubias_731_param_730_Geweke from file /scratch/abipeake/March2026/Easter_finerxsecbinning_sat11ththapril_robbinsmonroemore2/chain_trimmed_last10M_MCMC_Diag.root
[PlotMCMCDiag.cpp][info] Geweke/enu_enubias_732_param_731_Geweke
[PlotMCMCDiag.cpp][warning] continuing along my way for Geweke
[PlotMCMCDiag.cpp][info] Looking for Geweke/enu_enubias_732_param_731_Geweke from file /scratch/abipeake/March2026/Easter_finerxsecbinning_sat11ththapril_robbinsmonroemore2/chain_trimmed_last10M_MCMC_Diag.root
[PlotMCMCDiag.cpp][info] Geweke/enu_enubias_733_param_732_Geweke
[PlotMCMCDiag.cpp][warning] continuing along my way for Geweke
[PlotMCMCDiag.cpp][info] Looking for Geweke/enu_enubias_733_param_732_Geweke from file /scratch/abipeake/March2026/Easter_finerxsecbinning_sat11ththapril_robbinsmonroemore2/chain_trimmed_last10M_MCMC_Diag.root
[PlotMCMCDiag.cpp][info] Geweke/enu_enubias_734_param_733_Geweke
[PlotMCMCDiag.cpp][warning] continuing along my way for Geweke
[PlotMCMCDiag.cpp][info] Looking for Geweke/enu_enubias_734_param_733_Geweke from file /scratch/abipeake/March2026/Easter_finerxsecbinning_sat11ththapril_robbinsmonroemore2/chain_trimmed_last10M_MCMC_Diag.root
[PlotMCMCDiag.cpp][info] Geweke/enu_enubias_735_param_734_Geweke
[PlotMCMCDiag.cpp][warning] continuing along my way for Geweke
[PlotMCMCDiag.cpp][info] Looking for Geweke/enu_enubias_735_param_734_Geweke from file /scratch/abipeake/March2026/Easter_finerxsecbinning_sat11ththapril_robbinsmonroemore2/chain_trimmed_last10M_MCMC_Diag.root
[PlotMCMCDiag.cpp][info] Geweke/enu_enubias_736_param_735_Geweke
[PlotMCMCDiag.cpp][warning] continuing along my way for Geweke
[PlotMCMCDiag.cpp][info] Looking for Geweke/enu_enubias_736_param_735_Geweke from file /scratch/abipeake/March2026/Easter_finerxsecbinning_sat11ththapril_robbinsmonroemore2/chain_trimmed_last10M_MCMC_Diag.root
[PlotMCMCDiag.cpp][info] Geweke/enu_enubias_737_param_736_Geweke
[PlotMCMCDiag.cpp][warning] continuing along my way for Geweke
[PlotMCMCDiag.cpp][info] Looking for Geweke/enu_enubias_737_param_736_Geweke from file /scratch/abipeake/March2026/Easter_finerxsecbinning_sat11ththapril_robbinsmonroemore2/chain_trimmed_last10M_MCMC_Diag.root
[PlotMCMCDiag.cpp][info] Geweke/enu_enubias_738_param_737_Geweke
[PlotMCMCDiag.cpp][warning] continuing along my way for Geweke
[PlotMCMCDiag.cpp][info] Looking for Geweke/enu_enubias_738_param_737_Geweke from file /scratch/abipeake/March2026/Easter_finerxsecbinning_sat11ththapril_robbinsmonroemore2/chain_trimmed_last10M_MCMC_Diag.root
[PlotMCMCDiag.cpp][info] Geweke/enu_enubias_739_param_738_Geweke
[PlotMCMCDiag.cpp][warning] continuing along my way for Geweke
[PlotMCMCDiag.cpp][info] Looking for Geweke/enu_enubias_739_param_738_Geweke from file /scratch/abipeake/March2026/Easter_finerxsecbinning_sat11ththapril_robbinsmonroemore2/chain_trimmed_last10M_MCMC_Diag.root
[PlotMCMCDiag.cpp][info] Geweke/enu_enubias_740_param_739_Geweke
[PlotMCMCDiag.cpp][warning] continuing along my way for Geweke
[PlotMCMCDiag.cpp][info] Looking for Geweke/enu_enubias_740_param_739_Geweke from file /scratch/abipeake/March2026/Easter_finerxsecbinning_sat11ththapril_robbinsmonroemore2/chain_trimmed_last10M_MCMC_Diag.root
[PlotMCMCDiag.cpp][info] Geweke/enu_enubias_741_param_740_Geweke
[PlotMCMCDiag.cpp][warning] continuing along my way for Geweke
[PlotMCMCDiag.cpp][info] Looking for Geweke/enu_enubias_741_param_740_Geweke from file /scratch/abipeake/March2026/Easter_finerxsecbinning_sat11ththapril_robbinsmonroemore2/chain_trimmed_last10M_MCMC_Diag.root
[PlotMCMCDiag.cpp][info] Geweke/enu_enubias_742_param_741_Geweke
[PlotMCMCDiag.cpp][warning] continuing along my way for Geweke
[PlotMCMCDiag.cpp][info] Looking for Geweke/enu_enubias_742_param_741_Geweke from file /scratch/abipeake/March2026/Easter_finerxsecbinning_sat11ththapril_robbinsmonroemore2/chain_trimmed_last10M_MCMC_Diag.root
[PlotMCMCDiag.cpp][info] Geweke/enu_enubias_743_param_742_Geweke
[PlotMCMCDiag.cpp][warning] continuing along my way for Geweke
[PlotMCMCDiag.cpp][info] Looking for Geweke/enu_enubias_743_param_742_Geweke from file /scratch/abipeake/March2026/Easter_finerxsecbinning_sat11ththapril_robbinsmonroemore2/chain_trimmed_last10M_MCMC_Diag.root
[PlotMCMCDiag.cpp][info] Geweke/enu_enubias_744_param_743_Geweke
[PlotMCMCDiag.cpp][warning] continuing along my way for Geweke
[PlotMCMCDiag.cpp][info] Looking for Geweke/enu_enubias_744_param_743_Geweke from file /scratch/abipeake/March2026/Easter_finerxsecbinning_sat11ththapril_robbinsmonroemore2/chain_trimmed_last10M_MCMC_Diag.root
[PlotMCMCDiag.cpp][info] Geweke/enu_enubias_745_param_744_Geweke
[PlotMCMCDiag.cpp][warning] continuing along my way for Geweke
[PlotMCMCDiag.cpp][info] Looking for Geweke/enu_enubias_745_param_744_Geweke from file /scratch/abipeake/March2026/Easter_finerxsecbinning_sat11ththapril_robbinsmonroemore2/chain_trimmed_last10M_MCMC_Diag.root
[PlotMCMCDiag.cpp][info] Geweke/enu_enubias_746_param_745_Geweke
[PlotMCMCDiag.cpp][warning] continuing along my way for Geweke
[PlotMCMCDiag.cpp][info] Looking for Geweke/enu_enubias_746_param_745_Geweke from file /scratch/abipeake/March2026/Easter_finerxsecbinning_sat11ththapril_robbinsmonroemore2/chain_trimmed_last10M_MCMC_Diag.root
[PlotMCMCDiag.cpp][info] Geweke/enu_enubias_747_param_746_Geweke
[PlotMCMCDiag.cpp][warning] continuing along my way for Geweke
[PlotMCMCDiag.cpp][info] Looking for Geweke/enu_enubias_747_param_746_Geweke from file /scratch/abipeake/March2026/Easter_finerxsecbinning_sat11ththapril_robbinsmonroemore2/chain_trimmed_last10M_MCMC_Diag.root
[PlotMCMCDiag.cpp][info] Geweke/enu_enubias_748_param_747_Geweke
[PlotMCMCDiag.cpp][warning] continuing along my way for Geweke
[PlotMCMCDiag.cpp][info] Looking for Geweke/enu_enubias_748_param_747_Geweke from file /scratch/abipeake/March2026/Easter_finerxsecbinning_sat11ththapril_robbinsmonroemore2/chain_trimmed_last10M_MCMC_Diag.root
[PlotMCMCDiag.cpp][info] Geweke/enu_enubias_749_param_748_Geweke
[PlotMCMCDiag.cpp][warning] continuing along my way for Geweke
[PlotMCMCDiag.cpp][info] Looking for Geweke/enu_enubias_749_param_748_Geweke from file /scratch/abipeake/March2026/Easter_finerxsecbinning_sat11ththapril_robbinsmonroemore2/chain_trimmed_last10M_MCMC_Diag.root
[PlotMCMCDiag.cpp][info] Geweke/enu_enubias_750_param_749_Geweke
[PlotMCMCDiag.cpp][warning] continuing along my way for Geweke
[PlotMCMCDiag.cpp][info] Looking for Geweke/enu_enubias_750_param_749_Geweke from file /scratch/abipeake/March2026/Easter_finerxsecbinning_sat11ththapril_robbinsmonroemore2/chain_trimmed_last10M_MCMC_Diag.root
[PlotMCMCDiag.cpp][info] Geweke/enu_enubias_751_param_750_Geweke
[PlotMCMCDiag.cpp][warning] continuing along my way for Geweke
[PlotMCMCDiag.cpp][info] Looking for Geweke/enu_enubias_751_param_750_Geweke from file /scratch/abipeake/March2026/Easter_finerxsecbinning_sat11ththapril_robbinsmonroemore2/chain_trimmed_last10M_MCMC_Diag.root
[PlotMCMCDiag.cpp][info] Geweke/enu_enubias_752_param_751_Geweke
[PlotMCMCDiag.cpp][warning] continuing along my way for Geweke
[PlotMCMCDiag.cpp][info] Looking for Geweke/enu_enubias_752_param_751_Geweke from file /scratch/abipeake/March2026/Easter_finerxsecbinning_sat11ththapril_robbinsmonroemore2/chain_trimmed_last10M_MCMC_Diag.root
[PlotMCMCDiag.cpp][info] Geweke/enu_enubias_753_param_752_Geweke
[PlotMCMCDiag.cpp][warning] continuing along my way for Geweke
[PlotMCMCDiag.cpp][info] Looking for Geweke/enu_enubias_753_param_752_Geweke from file /scratch/abipeake/March2026/Easter_finerxsecbinning_sat11ththapril_robbinsmonroemore2/chain_trimmed_last10M_MCMC_Diag.root
[PlotMCMCDiag.cpp][info] Geweke/enu_enubias_754_param_753_Geweke
[PlotMCMCDiag.cpp][warning] continuing along my way for Geweke
[PlotMCMCDiag.cpp][info] Looking for Geweke/enu_enubias_754_param_753_Geweke from file /scratch/abipeake/March2026/Easter_finerxsecbinning_sat11ththapril_robbinsmonroemore2/chain_trimmed_last10M_MCMC_Diag.root
[PlotMCMCDiag.cpp][info] Geweke/enu_enubias_755_param_754_Geweke
[PlotMCMCDiag.cpp][warning] continuing along my way for Geweke
[PlotMCMCDiag.cpp][info] Looking for Geweke/enu_enubias_755_param_754_Geweke from file /scratch/abipeake/March2026/Easter_finerxsecbinning_sat11ththapril_robbinsmonroemore2/chain_trimmed_last10M_MCMC_Diag.root
[PlotMCMCDiag.cpp][info] Geweke/enu_enubias_756_param_755_Geweke
[PlotMCMCDiag.cpp][warning] continuing along my way for Geweke
[PlotMCMCDiag.cpp][info] Looking for Geweke/enu_enubias_756_param_755_Geweke from file /scratch/abipeake/March2026/Easter_finerxsecbinning_sat11ththapril_robbinsmonroemore2/chain_trimmed_last10M_MCMC_Diag.root
[PlotMCMCDiag.cpp][info] Geweke/enu_enubias_757_param_756_Geweke
[PlotMCMCDiag.cpp][warning] continuing along my way for Geweke
[PlotMCMCDiag.cpp][info] Looking for Geweke/enu_enubias_757_param_756_Geweke from file /scratch/abipeake/March2026/Easter_finerxsecbinning_sat11ththapril_robbinsmonroemore2/chain_trimmed_last10M_MCMC_Diag.root
[PlotMCMCDiag.cpp][info] Geweke/enu_enubias_758_param_757_Geweke
[PlotMCMCDiag.cpp][warning] continuing along my way for Geweke
[PlotMCMCDiag.cpp][info] Looking for Geweke/enu_enubias_758_param_757_Geweke from file /scratch/abipeake/March2026/Easter_finerxsecbinning_sat11ththapril_robbinsmonroemore2/chain_trimmed_last10M_MCMC_Diag.root
[PlotMCMCDiag.cpp][info] Geweke/enu_enubias_759_param_758_Geweke
[PlotMCMCDiag.cpp][warning] continuing along my way for Geweke
[PlotMCMCDiag.cpp][info] Looking for Geweke/enu_enubias_759_param_758_Geweke from file /scratch/abipeake/March2026/Easter_finerxsecbinning_sat11ththapril_robbinsmonroemore2/chain_trimmed_last10M_MCMC_Diag.root
[PlotMCMCDiag.cpp][info] Geweke/enu_enubias_760_param_759_Geweke
[PlotMCMCDiag.cpp][warning] continuing along my way for Geweke
[PlotMCMCDiag.cpp][info] Looking for Geweke/enu_enubias_760_param_759_Geweke from file /scratch/abipeake/March2026/Easter_finerxsecbinning_sat11ththapril_robbinsmonroemore2/chain_trimmed_last10M_MCMC_Diag.root
[PlotMCMCDiag.cpp][info] Geweke/enu_enubias_761_param_760_Geweke
[PlotMCMCDiag.cpp][warning] continuing along my way for Geweke
[PlotMCMCDiag.cpp][info] Looking for Geweke/enu_enubias_761_param_760_Geweke from file /scratch/abipeake/March2026/Easter_finerxsecbinning_sat11ththapril_robbinsmonroemore2/chain_trimmed_last10M_MCMC_Diag.root
[PlotMCMCDiag.cpp][info] Geweke/enu_enubias_762_param_761_Geweke
[PlotMCMCDiag.cpp][warning] continuing along my way for Geweke
[PlotMCMCDiag.cpp][info] Looking for Geweke/enu_enubias_762_param_761_Geweke from file /scratch/abipeake/March2026/Easter_finerxsecbinning_sat11ththapril_robbinsmonroemore2/chain_trimmed_last10M_MCMC_Diag.root
[PlotMCMCDiag.cpp][info] Geweke/enu_enubias_763_param_762_Geweke
[PlotMCMCDiag.cpp][warning] continuing along my way for Geweke
[PlotMCMCDiag.cpp][info] Looking for Geweke/enu_enubias_763_param_762_Geweke from file /scratch/abipeake/March2026/Easter_finerxsecbinning_sat11ththapril_robbinsmonroemore2/chain_trimmed_last10M_MCMC_Diag.root
[PlotMCMCDiag.cpp][info] Geweke/enu_enubias_764_param_763_Geweke
[PlotMCMCDiag.cpp][warning] continuing along my way for Geweke
[PlotMCMCDiag.cpp][info] Looking for Geweke/enu_enubias_764_param_763_Geweke from file /scratch/abipeake/March2026/Easter_finerxsecbinning_sat11ththapril_robbinsmonroemore2/chain_trimmed_last10M_MCMC_Diag.root
[PlotMCMCDiag.cpp][info] Geweke/enu_enubias_765_param_764_Geweke
[PlotMCMCDiag.cpp][warning] continuing along my way for Geweke
[PlotMCMCDiag.cpp][info] Looking for Geweke/enu_enubias_765_param_764_Geweke from file /scratch/abipeake/March2026/Easter_finerxsecbinning_sat11ththapril_robbinsmonroemore2/chain_trimmed_last10M_MCMC_Diag.root
[PlotMCMCDiag.cpp][info] Geweke/enu_enubias_766_param_765_Geweke
[PlotMCMCDiag.cpp][warning] continuing along my way for Geweke
[PlotMCMCDiag.cpp][info] Looking for Geweke/enu_enubias_766_param_765_Geweke from file /scratch/abipeake/March2026/Easter_finerxsecbinning_sat11ththapril_robbinsmonroemore2/chain_trimmed_last10M_MCMC_Diag.root
[PlotMCMCDiag.cpp][info] Geweke/enu_enubias_767_param_766_Geweke
[PlotMCMCDiag.cpp][warning] continuing along my way for Geweke
[PlotMCMCDiag.cpp][info] Looking for Geweke/enu_enubias_767_param_766_Geweke from file /scratch/abipeake/March2026/Easter_finerxsecbinning_sat11ththapril_robbinsmonroemore2/chain_trimmed_last10M_MCMC_Diag.root
[PlotMCMCDiag.cpp][info] Geweke/enu_enubias_768_param_767_Geweke
[PlotMCMCDiag.cpp][warning] continuing along my way for Geweke
[PlotMCMCDiag.cpp][info] Looking for Geweke/enu_enubias_768_param_767_Geweke from file /scratch/abipeake/March2026/Easter_finerxsecbinning_sat11ththapril_robbinsmonroemore2/chain_trimmed_last10M_MCMC_Diag.root
[PlotMCMCDiag.cpp][info] Geweke/enu_enubias_769_param_768_Geweke
[PlotMCMCDiag.cpp][warning] continuing along my way for Geweke
[PlotMCMCDiag.cpp][info] Looking for Geweke/enu_enubias_769_param_768_Geweke from file /scratch/abipeake/March2026/Easter_finerxsecbinning_sat11ththapril_robbinsmonroemore2/chain_trimmed_last10M_MCMC_Diag.root
[PlotMCMCDiag.cpp][info] Geweke/enu_enubias_770_param_769_Geweke
[PlotMCMCDiag.cpp][warning] continuing along my way for Geweke
[PlotMCMCDiag.cpp][info] Looking for Geweke/enu_enubias_770_param_769_Geweke from file /scratch/abipeake/March2026/Easter_finerxsecbinning_sat11ththapril_robbinsmonroemore2/chain_trimmed_last10M_MCMC_Diag.root
[PlotMCMCDiag.cpp][info] Geweke/enu_enubias_771_param_770_Geweke
[PlotMCMCDiag.cpp][warning] continuing along my way for Geweke
[PlotMCMCDiag.cpp][info] Looking for Geweke/enu_enubias_771_param_770_Geweke from file /scratch/abipeake/March2026/Easter_finerxsecbinning_sat11ththapril_robbinsmonroemore2/chain_trimmed_last10M_MCMC_Diag.root
[PlotMCMCDiag.cpp][info] Geweke/enu_enubias_772_param_771_Geweke
[PlotMCMCDiag.cpp][warning] continuing along my way for Geweke
[PlotMCMCDiag.cpp][info] Looking for Geweke/enu_enubias_772_param_771_Geweke from file /scratch/abipeake/March2026/Easter_finerxsecbinning_sat11ththapril_robbinsmonroemore2/chain_trimmed_last10M_MCMC_Diag.root
[PlotMCMCDiag.cpp][info] Geweke/enu_enubias_773_param_772_Geweke
[PlotMCMCDiag.cpp][warning] continuing along my way for Geweke
[PlotMCMCDiag.cpp][info] Looking for Geweke/enu_enubias_773_param_772_Geweke from file /scratch/abipeake/March2026/Easter_finerxsecbinning_sat11ththapril_robbinsmonroemore2/chain_trimmed_last10M_MCMC_Diag.root
[PlotMCMCDiag.cpp][info] Geweke/enu_enubias_774_param_773_Geweke
[PlotMCMCDiag.cpp][warning] continuing along my way for Geweke
[PlotMCMCDiag.cpp][info] Looking for Geweke/enu_enubias_774_param_773_Geweke from file /scratch/abipeake/March2026/Easter_finerxsecbinning_sat11ththapril_robbinsmonroemore2/chain_trimmed_last10M_MCMC_Diag.root
[PlotMCMCDiag.cpp][info] Geweke/enu_enubias_775_param_774_Geweke
[PlotMCMCDiag.cpp][warning] continuing along my way for Geweke
[PlotMCMCDiag.cpp][info] Looking for Geweke/enu_enubias_775_param_774_Geweke from file /scratch/abipeake/March2026/Easter_finerxsecbinning_sat11ththapril_robbinsmonroemore2/chain_trimmed_last10M_MCMC_Diag.root
[PlotMCMCDiag.cpp][info] Geweke/enu_enubias_776_param_775_Geweke
[PlotMCMCDiag.cpp][warning] continuing along my way for Geweke
[PlotMCMCDiag.cpp][info] Looking for Geweke/enu_enubias_776_param_775_Geweke from file /scratch/abipeake/March2026/Easter_finerxsecbinning_sat11ththapril_robbinsmonroemore2/chain_trimmed_last10M_MCMC_Diag.root
[PlotMCMCDiag.cpp][info] Geweke/enu_enubias_777_param_776_Geweke
[PlotMCMCDiag.cpp][warning] continuing along my way for Geweke
[PlotMCMCDiag.cpp][info] Looking for Geweke/enu_enubias_777_param_776_Geweke from file /scratch/abipeake/March2026/Easter_finerxsecbinning_sat11ththapril_robbinsmonroemore2/chain_trimmed_last10M_MCMC_Diag.root
[PlotMCMCDiag.cpp][info] Geweke/enu_enubias_778_param_777_Geweke
[PlotMCMCDiag.cpp][warning] continuing along my way for Geweke
[PlotMCMCDiag.cpp][info] Looking for Geweke/enu_enubias_778_param_777_Geweke from file /scratch/abipeake/March2026/Easter_finerxsecbinning_sat11ththapril_robbinsmonroemore2/chain_trimmed_last10M_MCMC_Diag.root
[PlotMCMCDiag.cpp][info] Geweke/enu_enubias_779_param_778_Geweke
[PlotMCMCDiag.cpp][warning] continuing along my way for Geweke
[PlotMCMCDiag.cpp][info] Looking for Geweke/enu_enubias_779_param_778_Geweke from file /scratch/abipeake/March2026/Easter_finerxsecbinning_sat11ththapril_robbinsmonroemore2/chain_trimmed_last10M_MCMC_Diag.root
[PlotMCMCDiag.cpp][info] Geweke/enu_enubias_780_param_779_Geweke
[PlotMCMCDiag.cpp][warning] continuing along my way for Geweke
[PlotMCMCDiag.cpp][info] Looking for Geweke/enu_enubias_780_param_779_Geweke from file /scratch/abipeake/March2026/Easter_finerxsecbinning_sat11ththapril_robbinsmonroemore2/chain_trimmed_last10M_MCMC_Diag.root
[PlotMCMCDiag.cpp][info] Geweke/enu_enubias_781_param_780_Geweke
[PlotMCMCDiag.cpp][warning] continuing along my way for Geweke
[PlotMCMCDiag.cpp][info] Looking for Geweke/enu_enubias_781_param_780_Geweke from file /scratch/abipeake/March2026/Easter_finerxsecbinning_sat11ththapril_robbinsmonroemore2/chain_trimmed_last10M_MCMC_Diag.root
[PlotMCMCDiag.cpp][info] Geweke/enu_enubias_782_param_781_Geweke
[PlotMCMCDiag.cpp][warning] continuing along my way for Geweke
[PlotMCMCDiag.cpp][info] Looking for Geweke/enu_enubias_782_param_781_Geweke from file /scratch/abipeake/March2026/Easter_finerxsecbinning_sat11ththapril_robbinsmonroemore2/chain_trimmed_last10M_MCMC_Diag.root
[PlotMCMCDiag.cpp][info] Geweke/enu_enubias_783_param_782_Geweke
[PlotMCMCDiag.cpp][warning] continuing along my way for Geweke
[PlotMCMCDiag.cpp][info] Looking for Geweke/enu_enubias_783_param_782_Geweke from file /scratch/abipeake/March2026/Easter_finerxsecbinning_sat11ththapril_robbinsmonroemore2/chain_trimmed_last10M_MCMC_Diag.root
[PlotMCMCDiag.cpp][info] Geweke/enu_enubias_784_param_783_Geweke
[PlotMCMCDiag.cpp][warning] continuing along my way for Geweke
[PlotMCMCDiag.cpp][info] Looking for Geweke/enu_enubias_784_param_783_Geweke from file /scratch/abipeake/March2026/Easter_finerxsecbinning_sat11ththapril_robbinsmonroemore2/chain_trimmed_last10M_MCMC_Diag.root
[PlotMCMCDiag.cpp][info] Geweke/enu_enubias_785_param_784_Geweke
[PlotMCMCDiag.cpp][warning] continuing along my way for Geweke
[PlotMCMCDiag.cpp][info] Looking for Geweke/enu_enubias_785_param_784_Geweke from file /scratch/abipeake/March2026/Easter_finerxsecbinning_sat11ththapril_robbinsmonroemore2/chain_trimmed_last10M_MCMC_Diag.root
[PlotMCMCDiag.cpp][info] Geweke/enu_enubias_786_param_785_Geweke
[PlotMCMCDiag.cpp][warning] continuing along my way for Geweke
[PlotMCMCDiag.cpp][info] Looking for Geweke/enu_enubias_786_param_785_Geweke from file /scratch/abipeake/March2026/Easter_finerxsecbinning_sat11ththapril_robbinsmonroemore2/chain_trimmed_last10M_MCMC_Diag.root
[PlotMCMCDiag.cpp][info] Geweke/enu_enubias_787_param_786_Geweke
[PlotMCMCDiag.cpp][warning] continuing along my way for Geweke
[PlotMCMCDiag.cpp][info] Looking for Geweke/enu_enubias_787_param_786_Geweke from file /scratch/abipeake/March2026/Easter_finerxsecbinning_sat11ththapril_robbinsmonroemore2/chain_trimmed_last10M_MCMC_Diag.root
[PlotMCMCDiag.cpp][info] Geweke/enu_enubias_788_param_787_Geweke
[PlotMCMCDiag.cpp][warning] continuing along my way for Geweke
[PlotMCMCDiag.cpp][info] Looking for Geweke/enu_enubias_788_param_787_Geweke from file /scratch/abipeake/March2026/Easter_finerxsecbinning_sat11ththapril_robbinsmonroemore2/chain_trimmed_last10M_MCMC_Diag.root
[PlotMCMCDiag.cpp][info] Geweke/enu_enubias_789_param_788_Geweke
[PlotMCMCDiag.cpp][warning] continuing along my way for Geweke
[PlotMCMCDiag.cpp][info] Looking for Geweke/enu_enubias_789_param_788_Geweke from file /scratch/abipeake/March2026/Easter_finerxsecbinning_sat11ththapril_robbinsmonroemore2/chain_trimmed_last10M_MCMC_Diag.root
[PlotMCMCDiag.cpp][info] Geweke/enu_enubias_790_param_789_Geweke
[PlotMCMCDiag.cpp][warning] continuing along my way for Geweke
[PlotMCMCDiag.cpp][info] Looking for Geweke/enu_enubias_790_param_789_Geweke from file /scratch/abipeake/March2026/Easter_finerxsecbinning_sat11ththapril_robbinsmonroemore2/chain_trimmed_last10M_MCMC_Diag.root
[PlotMCMCDiag.cpp][info] Geweke/enu_enubias_791_param_790_Geweke
[PlotMCMCDiag.cpp][warning] continuing along my way for Geweke
[PlotMCMCDiag.cpp][info] Looking for Geweke/enu_enubias_791_param_790_Geweke from file /scratch/abipeake/March2026/Easter_finerxsecbinning_sat11ththapril_robbinsmonroemore2/chain_trimmed_last10M_MCMC_Diag.root
[PlotMCMCDiag.cpp][info] Geweke/enu_enubias_792_param_791_Geweke
[PlotMCMCDiag.cpp][warning] continuing along my way for Geweke
[PlotMCMCDiag.cpp][info] Looking for Geweke/enu_enubias_792_param_791_Geweke from file /scratch/abipeake/March2026/Easter_finerxsecbinning_sat11ththapril_robbinsmonroemore2/chain_trimmed_last10M_MCMC_Diag.root
[PlotMCMCDiag.cpp][info] Geweke/enu_enubias_793_param_792_Geweke
[PlotMCMCDiag.cpp][warning] continuing along my way for Geweke
[PlotMCMCDiag.cpp][info] Looking for Geweke/enu_enubias_793_param_792_Geweke from file /scratch/abipeake/March2026/Easter_finerxsecbinning_sat11ththapril_robbinsmonroemore2/chain_trimmed_last10M_MCMC_Diag.root
[PlotMCMCDiag.cpp][info] Geweke/enu_enubias_794_param_793_Geweke
[PlotMCMCDiag.cpp][warning] continuing along my way for Geweke
[PlotMCMCDiag.cpp][info] Looking for Geweke/enu_enubias_794_param_793_Geweke from file /scratch/abipeake/March2026/Easter_finerxsecbinning_sat11ththapril_robbinsmonroemore2/chain_trimmed_last10M_MCMC_Diag.root
[PlotMCMCDiag.cpp][info] Geweke/enu_enubias_795_param_794_Geweke
[PlotMCMCDiag.cpp][warning] continuing along my way for Geweke
[PlotMCMCDiag.cpp][info] Looking for Geweke/enu_enubias_795_param_794_Geweke from file /scratch/abipeake/March2026/Easter_finerxsecbinning_sat11ththapril_robbinsmonroemore2/chain_trimmed_last10M_MCMC_Diag.root
[PlotMCMCDiag.cpp][info] Geweke/enu_enubias_796_param_795_Geweke
[PlotMCMCDiag.cpp][warning] continuing along my way for Geweke
[PlotMCMCDiag.cpp][info] Looking for Geweke/enu_enubias_796_param_795_Geweke from file /scratch/abipeake/March2026/Easter_finerxsecbinning_sat11ththapril_robbinsmonroemore2/chain_trimmed_last10M_MCMC_Diag.root
[PlotMCMCDiag.cpp][info] Geweke/enu_enubias_797_param_796_Geweke
[PlotMCMCDiag.cpp][warning] continuing along my way for Geweke
[PlotMCMCDiag.cpp][info] Looking for Geweke/enu_enubias_797_param_796_Geweke from file /scratch/abipeake/March2026/Easter_finerxsecbinning_sat11ththapril_robbinsmonroemore2/chain_trimmed_last10M_MCMC_Diag.root
[PlotMCMCDiag.cpp][info] Geweke/enu_enubias_798_param_797_Geweke
[PlotMCMCDiag.cpp][warning] continuing along my way for Geweke
[PlotMCMCDiag.cpp][info] Looking for Geweke/enu_enubias_798_param_797_Geweke from file /scratch/abipeake/March2026/Easter_finerxsecbinning_sat11ththapril_robbinsmonroemore2/chain_trimmed_last10M_MCMC_Diag.root
[PlotMCMCDiag.cpp][info] Geweke/enu_enubias_799_param_798_Geweke
[PlotMCMCDiag.cpp][warning] continuing along my way for Geweke
[PlotMCMCDiag.cpp][info] Looking for Geweke/enu_enubias_799_param_798_Geweke from file /scratch/abipeake/March2026/Easter_finerxsecbinning_sat11ththapril_robbinsmonroemore2/chain_trimmed_last10M_MCMC_Diag.root
[PlotMCMCDiag.cpp][info] Geweke/enu_enubias_800_param_799_Geweke
[PlotMCMCDiag.cpp][warning] continuing along my way for Geweke
[PlotMCMCDiag.cpp][info] Looking for Geweke/enu_enubias_800_param_799_Geweke from file /scratch/abipeake/March2026/Easter_finerxsecbinning_sat11ththapril_robbinsmonroemore2/chain_trimmed_last10M_MCMC_Diag.root
[PlotMCMCDiag.cpp][info] Geweke/enu_enubias_801_param_800_Geweke
[PlotMCMCDiag.cpp][warning] continuing along my way for Geweke
[PlotMCMCDiag.cpp][info] Looking for Geweke/enu_enubias_801_param_800_Geweke from file /scratch/abipeake/March2026/Easter_finerxsecbinning_sat11ththapril_robbinsmonroemore2/chain_trimmed_last10M_MCMC_Diag.root
[PlotMCMCDiag.cpp][info] Geweke/enu_enubias_802_param_801_Geweke
[PlotMCMCDiag.cpp][warning] continuing along my way for Geweke
[PlotMCMCDiag.cpp][info] Looking for Geweke/enu_enubias_802_param_801_Geweke from file /scratch/abipeake/March2026/Easter_finerxsecbinning_sat11ththapril_robbinsmonroemore2/chain_trimmed_last10M_MCMC_Diag.root
[PlotMCMCDiag.cpp][info] Geweke/enu_enubias_803_param_802_Geweke
[PlotMCMCDiag.cpp][warning] continuing along my way for Geweke
[PlotMCMCDiag.cpp][info] Looking for Geweke/enu_enubias_803_param_802_Geweke from file /scratch/abipeake/March2026/Easter_finerxsecbinning_sat11ththapril_robbinsmonroemore2/chain_trimmed_last10M_MCMC_Diag.root
[PlotMCMCDiag.cpp][info] Geweke/enu_enubias_804_param_803_Geweke
[PlotMCMCDiag.cpp][warning] continuing along my way for Geweke
[PlotMCMCDiag.cpp][info] Looking for Geweke/enu_enubias_804_param_803_Geweke from file /scratch/abipeake/March2026/Easter_finerxsecbinning_sat11ththapril_robbinsmonroemore2/chain_trimmed_last10M_MCMC_Diag.root
[PlotMCMCDiag.cpp][info] Geweke/enu_enubias_805_param_804_Geweke
[PlotMCMCDiag.cpp][warning] continuing along my way for Geweke
[PlotMCMCDiag.cpp][info] Looking for Geweke/enu_enubias_805_param_804_Geweke from file /scratch/abipeake/March2026/Easter_finerxsecbinning_sat11ththapril_robbinsmonroemore2/chain_trimmed_last10M_MCMC_Diag.root
[PlotMCMCDiag.cpp][info] Geweke/enu_enubias_806_param_805_Geweke
[PlotMCMCDiag.cpp][warning] continuing along my way for Geweke
[PlotMCMCDiag.cpp][info] Looking for Geweke/enu_enubias_806_param_805_Geweke from file /scratch/abipeake/March2026/Easter_finerxsecbinning_sat11ththapril_robbinsmonroemore2/chain_trimmed_last10M_MCMC_Diag.root
[PlotMCMCDiag.cpp][info] Geweke/enu_enubias_807_param_806_Geweke
[PlotMCMCDiag.cpp][warning] continuing along my way for Geweke
[PlotMCMCDiag.cpp][info] Looking for Geweke/enu_enubias_807_param_806_Geweke from file /scratch/abipeake/March2026/Easter_finerxsecbinning_sat11ththapril_robbinsmonroemore2/chain_trimmed_last10M_MCMC_Diag.root
[PlotMCMCDiag.cpp][info] Geweke/enu_enubias_808_param_807_Geweke
[PlotMCMCDiag.cpp][warning] continuing along my way for Geweke
[PlotMCMCDiag.cpp][info] Looking for Geweke/enu_enubias_808_param_807_Geweke from file /scratch/abipeake/March2026/Easter_finerxsecbinning_sat11ththapril_robbinsmonroemore2/chain_trimmed_last10M_MCMC_Diag.root
[PlotMCMCDiag.cpp][info] Geweke/enu_enubias_809_param_808_Geweke
[PlotMCMCDiag.cpp][warning] continuing along my way for Geweke
[PlotMCMCDiag.cpp][info] Looking for Geweke/enu_enubias_809_param_808_Geweke from file /scratch/abipeake/March2026/Easter_finerxsecbinning_sat11ththapril_robbinsmonroemore2/chain_trimmed_last10M_MCMC_Diag.root
[PlotMCMCDiag.cpp][info] Geweke/enu_enubias_810_param_809_Geweke
[PlotMCMCDiag.cpp][warning] continuing along my way for Geweke
[PlotMCMCDiag.cpp][info] Looking for Geweke/enu_enubias_810_param_809_Geweke from file /scratch/abipeake/March2026/Easter_finerxsecbinning_sat11ththapril_robbinsmonroemore2/chain_trimmed_last10M_MCMC_Diag.root
[PlotMCMCDiag.cpp][info] Geweke/enu_enubias_811_param_810_Geweke
[PlotMCMCDiag.cpp][warning] continuing along my way for Geweke
[PlotMCMCDiag.cpp][info] Looking for Geweke/enu_enubias_811_param_810_Geweke from file /scratch/abipeake/March2026/Easter_finerxsecbinning_sat11ththapril_robbinsmonroemore2/chain_trimmed_last10M_MCMC_Diag.root
[PlotMCMCDiag.cpp][info] Geweke/enu_enubias_812_param_811_Geweke
[PlotMCMCDiag.cpp][warning] continuing along my way for Geweke
[PlotMCMCDiag.cpp][info] Looking for Geweke/enu_enubias_812_param_811_Geweke from file /scratch/abipeake/March2026/Easter_finerxsecbinning_sat11ththapril_robbinsmonroemore2/chain_trimmed_last10M_MCMC_Diag.root
[PlotMCMCDiag.cpp][info] Geweke/enu_enubias_813_param_812_Geweke
[PlotMCMCDiag.cpp][warning] continuing along my way for Geweke
[PlotMCMCDiag.cpp][info] Looking for Geweke/enu_enubias_813_param_812_Geweke from file /scratch/abipeake/March2026/Easter_finerxsecbinning_sat11ththapril_robbinsmonroemore2/chain_trimmed_last10M_MCMC_Diag.root
[PlotMCMCDiag.cpp][info] Geweke/enu_enubias_814_param_813_Geweke
[PlotMCMCDiag.cpp][warning] continuing along my way for Geweke
[PlotMCMCDiag.cpp][info] Looking for Geweke/enu_enubias_814_param_813_Geweke from file /scratch/abipeake/March2026/Easter_finerxsecbinning_sat11ththapril_robbinsmonroemore2/chain_trimmed_last10M_MCMC_Diag.root
[PlotMCMCDiag.cpp][info] Geweke/enu_enubias_815_param_814_Geweke
[PlotMCMCDiag.cpp][warning] continuing along my way for Geweke
[PlotMCMCDiag.cpp][info] Looking for Geweke/enu_enubias_815_param_814_Geweke from file /scratch/abipeake/March2026/Easter_finerxsecbinning_sat11ththapril_robbinsmonroemore2/chain_trimmed_last10M_MCMC_Diag.root
[PlotMCMCDiag.cpp][info] Geweke/enu_enubias_816_param_815_Geweke
[PlotMCMCDiag.cpp][warning] continuing along my way for Geweke
[PlotMCMCDiag.cpp][info] Looking for Geweke/enu_enubias_816_param_815_Geweke from file /scratch/abipeake/March2026/Easter_finerxsecbinning_sat11ththapril_robbinsmonroemore2/chain_trimmed_last10M_MCMC_Diag.root
[PlotMCMCDiag.cpp][info] Geweke/enu_enubias_817_param_816_Geweke
[PlotMCMCDiag.cpp][warning] continuing along my way for Geweke
[PlotMCMCDiag.cpp][info] Looking for Geweke/enu_enubias_817_param_816_Geweke from file /scratch/abipeake/March2026/Easter_finerxsecbinning_sat11ththapril_robbinsmonroemore2/chain_trimmed_last10M_MCMC_Diag.root
[PlotMCMCDiag.cpp][info] Geweke/enu_enubias_818_param_817_Geweke
[PlotMCMCDiag.cpp][warning] continuing along my way for Geweke
[PlotMCMCDiag.cpp][info] Looking for Geweke/enu_enubias_818_param_817_Geweke from file /scratch/abipeake/March2026/Easter_finerxsecbinning_sat11ththapril_robbinsmonroemore2/chain_trimmed_last10M_MCMC_Diag.root
[PlotMCMCDiag.cpp][info] Geweke/enu_enubias_819_param_818_Geweke
[PlotMCMCDiag.cpp][warning] continuing along my way for Geweke
[PlotMCMCDiag.cpp][info] Looking for Geweke/enu_enubias_819_param_818_Geweke from file /scratch/abipeake/March2026/Easter_finerxsecbinning_sat11ththapril_robbinsmonroemore2/chain_trimmed_last10M_MCMC_Diag.root
[PlotMCMCDiag.cpp][info] Geweke/enu_enubias_820_param_819_Geweke
[PlotMCMCDiag.cpp][warning] continuing along my way for Geweke
[PlotMCMCDiag.cpp][info] Looking for Geweke/enu_enubias_820_param_819_Geweke from file /scratch/abipeake/March2026/Easter_finerxsecbinning_sat11ththapril_robbinsmonroemore2/chain_trimmed_last10M_MCMC_Diag.root
[PlotMCMCDiag.cpp][info] Geweke/enu_enubias_821_param_820_Geweke
[PlotMCMCDiag.cpp][warning] continuing along my way for Geweke
[PlotMCMCDiag.cpp][info] Looking for Geweke/enu_enubias_821_param_820_Geweke from file /scratch/abipeake/March2026/Easter_finerxsecbinning_sat11ththapril_robbinsmonroemore2/chain_trimmed_last10M_MCMC_Diag.root
[PlotMCMCDiag.cpp][info] Geweke/enu_enubias_822_param_821_Geweke
[PlotMCMCDiag.cpp][warning] continuing along my way for Geweke
[PlotMCMCDiag.cpp][info] Looking for Geweke/enu_enubias_822_param_821_Geweke from file /scratch/abipeake/March2026/Easter_finerxsecbinning_sat11ththapril_robbinsmonroemore2/chain_trimmed_last10M_MCMC_Diag.root
[PlotMCMCDiag.cpp][info] Geweke/enu_enubias_823_param_822_Geweke
[PlotMCMCDiag.cpp][warning] continuing along my way for Geweke
[PlotMCMCDiag.cpp][info] Looking for Geweke/enu_enubias_823_param_822_Geweke from file /scratch/abipeake/March2026/Easter_finerxsecbinning_sat11ththapril_robbinsmonroemore2/chain_trimmed_last10M_MCMC_Diag.root
[PlotMCMCDiag.cpp][info] Geweke/enu_enubias_824_param_823_Geweke
[PlotMCMCDiag.cpp][warning] continuing along my way for Geweke
[PlotMCMCDiag.cpp][info] Looking for Geweke/enu_enubias_824_param_823_Geweke from file /scratch/abipeake/March2026/Easter_finerxsecbinning_sat11ththapril_robbinsmonroemore2/chain_trimmed_last10M_MCMC_Diag.root
[PlotMCMCDiag.cpp][info] Geweke/enu_enubias_825_param_824_Geweke
[PlotMCMCDiag.cpp][warning] continuing along my way for Geweke
[PlotMCMCDiag.cpp][info] Looking for Geweke/enu_enubias_825_param_824_Geweke from file /scratch/abipeake/March2026/Easter_finerxsecbinning_sat11ththapril_robbinsmonroemore2/chain_trimmed_last10M_MCMC_Diag.root
[PlotMCMCDiag.cpp][info] Geweke/enu_enubias_826_param_825_Geweke
[PlotMCMCDiag.cpp][warning] continuing along my way for Geweke
[PlotMCMCDiag.cpp][info] Looking for Geweke/enu_enubias_826_param_825_Geweke from file /scratch/abipeake/March2026/Easter_finerxsecbinning_sat11ththapril_robbinsmonroemore2/chain_trimmed_last10M_MCMC_Diag.root
[PlotMCMCDiag.cpp][info] Geweke/enu_enubias_827_param_826_Geweke
[PlotMCMCDiag.cpp][warning] continuing along my way for Geweke
[PlotMCMCDiag.cpp][info] Looking for Geweke/enu_enubias_827_param_826_Geweke from file /scratch/abipeake/March2026/Easter_finerxsecbinning_sat11ththapril_robbinsmonroemore2/chain_trimmed_last10M_MCMC_Diag.root
[PlotMCMCDiag.cpp][info] Geweke/enu_enubias_828_param_827_Geweke
[PlotMCMCDiag.cpp][warning] continuing along my way for Geweke
[PlotMCMCDiag.cpp][info] Looking for Geweke/enu_enubias_828_param_827_Geweke from file /scratch/abipeake/March2026/Easter_finerxsecbinning_sat11ththapril_robbinsmonroemore2/chain_trimmed_last10M_MCMC_Diag.root
[PlotMCMCDiag.cpp][info] Geweke/enu_enubias_829_param_828_Geweke
[PlotMCMCDiag.cpp][warning] continuing along my way for Geweke
[PlotMCMCDiag.cpp][info] Looking for Geweke/enu_enubias_829_param_828_Geweke from file /scratch/abipeake/March2026/Easter_finerxsecbinning_sat11ththapril_robbinsmonroemore2/chain_trimmed_last10M_MCMC_Diag.root
[PlotMCMCDiag.cpp][info] Geweke/enu_enubias_830_param_829_Geweke
[PlotMCMCDiag.cpp][warning] continuing along my way for Geweke
[PlotMCMCDiag.cpp][info] Looking for Geweke/enu_enubias_830_param_829_Geweke from file /scratch/abipeake/March2026/Easter_finerxsecbinning_sat11ththapril_robbinsmonroemore2/chain_trimmed_last10M_MCMC_Diag.root
[PlotMCMCDiag.cpp][info] Geweke/enu_enubias_831_param_830_Geweke
[PlotMCMCDiag.cpp][warning] continuing along my way for Geweke
[PlotMCMCDiag.cpp][info] Looking for Geweke/enu_enubias_831_param_830_Geweke from file /scratch/abipeake/March2026/Easter_finerxsecbinning_sat11ththapril_robbinsmonroemore2/chain_trimmed_last10M_MCMC_Diag.root
[PlotMCMCDiag.cpp][info] Geweke/enu_enubias_832_param_831_Geweke
[PlotMCMCDiag.cpp][warning] continuing along my way for Geweke
[PlotMCMCDiag.cpp][info] Looking for Geweke/enu_enubias_832_param_831_Geweke from file /scratch/abipeake/March2026/Easter_finerxsecbinning_sat11ththapril_robbinsmonroemore2/chain_trimmed_last10M_MCMC_Diag.root
[PlotMCMCDiag.cpp][info] Geweke/enu_enubias_833_param_832_Geweke
[PlotMCMCDiag.cpp][warning] continuing along my way for Geweke
[PlotMCMCDiag.cpp][info] Looking for Geweke/enu_enubias_833_param_832_Geweke from file /scratch/abipeake/March2026/Easter_finerxsecbinning_sat11ththapril_robbinsmonroemore2/chain_trimmed_last10M_MCMC_Diag.root
[PlotMCMCDiag.cpp][info] Geweke/enu_enubias_834_param_833_Geweke
[PlotMCMCDiag.cpp][warning] continuing along my way for Geweke
[PlotMCMCDiag.cpp][info] Looking for Geweke/enu_enubias_834_param_833_Geweke from file /scratch/abipeake/March2026/Easter_finerxsecbinning_sat11ththapril_robbinsmonroemore2/chain_trimmed_last10M_MCMC_Diag.root
[PlotMCMCDiag.cpp][info] Geweke/enu_enubias_835_param_834_Geweke
[PlotMCMCDiag.cpp][warning] continuing along my way for Geweke
[PlotMCMCDiag.cpp][info] Looking for Geweke/enu_enubias_835_param_834_Geweke from file /scratch/abipeake/March2026/Easter_finerxsecbinning_sat11ththapril_robbinsmonroemore2/chain_trimmed_last10M_MCMC_Diag.root
[PlotMCMCDiag.cpp][info] Geweke/enu_enubias_836_param_835_Geweke
[PlotMCMCDiag.cpp][warning] continuing along my way for Geweke
[PlotMCMCDiag.cpp][info] Looking for Geweke/enu_enubias_836_param_835_Geweke from file /scratch/abipeake/March2026/Easter_finerxsecbinning_sat11ththapril_robbinsmonroemore2/chain_trimmed_last10M_MCMC_Diag.root
[PlotMCMCDiag.cpp][info] Geweke/enu_enubias_837_param_836_Geweke
[PlotMCMCDiag.cpp][warning] continuing along my way for Geweke
[PlotMCMCDiag.cpp][info] Looking for Geweke/enu_enubias_837_param_836_Geweke from file /scratch/abipeake/March2026/Easter_finerxsecbinning_sat11ththapril_robbinsmonroemore2/chain_trimmed_last10M_MCMC_Diag.root
[PlotMCMCDiag.cpp][info] Geweke/enu_enubias_838_param_837_Geweke
[PlotMCMCDiag.cpp][warning] continuing along my way for Geweke
[PlotMCMCDiag.cpp][info] Looking for Geweke/enu_enubias_838_param_837_Geweke from file /scratch/abipeake/March2026/Easter_finerxsecbinning_sat11ththapril_robbinsmonroemore2/chain_trimmed_last10M_MCMC_Diag.root
[PlotMCMCDiag.cpp][info] Geweke/enu_enubias_839_param_838_Geweke
[PlotMCMCDiag.cpp][warning] continuing along my way for Geweke
[PlotMCMCDiag.cpp][info] Looking for Geweke/enu_enubias_839_param_838_Geweke from file /scratch/abipeake/March2026/Easter_finerxsecbinning_sat11ththapril_robbinsmonroemore2/chain_trimmed_last10M_MCMC_Diag.root
[PlotMCMCDiag.cpp][info] Geweke/enu_enubias_840_param_839_Geweke
[PlotMCMCDiag.cpp][warning] continuing along my way for Geweke
[PlotMCMCDiag.cpp][info] Looking for Geweke/enu_enubias_840_param_839_Geweke from file /scratch/abipeake/March2026/Easter_finerxsecbinning_sat11ththapril_robbinsmonroemore2/chain_trimmed_last10M_MCMC_Diag.root
[PlotMCMCDiag.cpp][info] Geweke/enu_enubias_841_param_840_Geweke
[PlotMCMCDiag.cpp][warning] continuing along my way for Geweke
[PlotMCMCDiag.cpp][info] Looking for Geweke/enu_enubias_841_param_840_Geweke from file /scratch/abipeake/March2026/Easter_finerxsecbinning_sat11ththapril_robbinsmonroemore2/chain_trimmed_last10M_MCMC_Diag.root
[PlotMCMCDiag.cpp][info] Geweke/enu_enubias_842_param_841_Geweke
[PlotMCMCDiag.cpp][warning] continuing along my way for Geweke
[PlotMCMCDiag.cpp][info] Looking for Geweke/enu_enubias_842_param_841_Geweke from file /scratch/abipeake/March2026/Easter_finerxsecbinning_sat11ththapril_robbinsmonroemore2/chain_trimmed_last10M_MCMC_Diag.root
[PlotMCMCDiag.cpp][info] Geweke/enu_enubias_843_param_842_Geweke
[PlotMCMCDiag.cpp][warning] continuing along my way for Geweke
[PlotMCMCDiag.cpp][info] Looking for Geweke/enu_enubias_843_param_842_Geweke from file /scratch/abipeake/March2026/Easter_finerxsecbinning_sat11ththapril_robbinsmonroemore2/chain_trimmed_last10M_MCMC_Diag.root
[PlotMCMCDiag.cpp][info] Geweke/enu_enubias_844_param_843_Geweke
[PlotMCMCDiag.cpp][warning] continuing along my way for Geweke
[PlotMCMCDiag.cpp][info] Looking for Geweke/enu_enubias_844_param_843_Geweke from file /scratch/abipeake/March2026/Easter_finerxsecbinning_sat11ththapril_robbinsmonroemore2/chain_trimmed_last10M_MCMC_Diag.root
[PlotMCMCDiag.cpp][info] Geweke/enu_enubias_845_param_844_Geweke
[PlotMCMCDiag.cpp][warning] continuing along my way for Geweke
[PlotMCMCDiag.cpp][info] Looking for Geweke/enu_enubias_845_param_844_Geweke from file /scratch/abipeake/March2026/Easter_finerxsecbinning_sat11ththapril_robbinsmonroemore2/chain_trimmed_last10M_MCMC_Diag.root
[PlotMCMCDiag.cpp][info] Geweke/enu_enubias_846_param_845_Geweke
[PlotMCMCDiag.cpp][warning] continuing along my way for Geweke
[PlotMCMCDiag.cpp][info] Looking for Geweke/enu_enubias_846_param_845_Geweke from file /scratch/abipeake/March2026/Easter_finerxsecbinning_sat11ththapril_robbinsmonroemore2/chain_trimmed_last10M_MCMC_Diag.root
[PlotMCMCDiag.cpp][info] Geweke/enu_enubias_847_param_846_Geweke
[PlotMCMCDiag.cpp][warning] continuing along my way for Geweke
[PlotMCMCDiag.cpp][info] Looking for Geweke/enu_enubias_847_param_846_Geweke from file /scratch/abipeake/March2026/Easter_finerxsecbinning_sat11ththapril_robbinsmonroemore2/chain_trimmed_last10M_MCMC_Diag.root
[PlotMCMCDiag.cpp][info] Geweke/enu_enubias_848_param_847_Geweke
[PlotMCMCDiag.cpp][warning] continuing along my way for Geweke
[PlotMCMCDiag.cpp][info] Looking for Geweke/enu_enubias_848_param_847_Geweke from file /scratch/abipeake/March2026/Easter_finerxsecbinning_sat11ththapril_robbinsmonroemore2/chain_trimmed_last10M_MCMC_Diag.root
[PlotMCMCDiag.cpp][info] Geweke/enu_enubias_849_param_848_Geweke
[PlotMCMCDiag.cpp][warning] continuing along my way for Geweke
[PlotMCMCDiag.cpp][info] Looking for Geweke/enu_enubias_849_param_848_Geweke from file /scratch/abipeake/March2026/Easter_finerxsecbinning_sat11ththapril_robbinsmonroemore2/chain_trimmed_last10M_MCMC_Diag.root
[PlotMCMCDiag.cpp][info] Geweke/enu_enubias_850_param_849_Geweke
[PlotMCMCDiag.cpp][warning] continuing along my way for Geweke
[PlotMCMCDiag.cpp][info] Looking for Geweke/enu_enubias_850_param_849_Geweke from file /scratch/abipeake/March2026/Easter_finerxsecbinning_sat11ththapril_robbinsmonroemore2/chain_trimmed_last10M_MCMC_Diag.root
[PlotMCMCDiag.cpp][info] Geweke/enu_enubias_851_param_850_Geweke
[PlotMCMCDiag.cpp][warning] continuing along my way for Geweke
[PlotMCMCDiag.cpp][info] Looking for Geweke/enu_enubias_851_param_850_Geweke from file /scratch/abipeake/March2026/Easter_finerxsecbinning_sat11ththapril_robbinsmonroemore2/chain_trimmed_last10M_MCMC_Diag.root
[PlotMCMCDiag.cpp][info] Geweke/enu_enubias_852_param_851_Geweke
[PlotMCMCDiag.cpp][warning] continuing along my way for Geweke
[PlotMCMCDiag.cpp][info] Looking for Geweke/enu_enubias_852_param_851_Geweke from file /scratch/abipeake/March2026/Easter_finerxsecbinning_sat11ththapril_robbinsmonroemore2/chain_trimmed_last10M_MCMC_Diag.root
[PlotMCMCDiag.cpp][info] Geweke/enu_enubias_853_param_852_Geweke
[PlotMCMCDiag.cpp][warning] continuing along my way for Geweke
[PlotMCMCDiag.cpp][info] Looking for Geweke/enu_enubias_853_param_852_Geweke from file /scratch/abipeake/March2026/Easter_finerxsecbinning_sat11ththapril_robbinsmonroemore2/chain_trimmed_last10M_MCMC_Diag.root
[PlotMCMCDiag.cpp][info] Geweke/enu_enubias_854_param_853_Geweke
[PlotMCMCDiag.cpp][warning] continuing along my way for Geweke
[PlotMCMCDiag.cpp][info] Looking for Geweke/enu_enubias_854_param_853_Geweke from file /scratch/abipeake/March2026/Easter_finerxsecbinning_sat11ththapril_robbinsmonroemore2/chain_trimmed_last10M_MCMC_Diag.root
[PlotMCMCDiag.cpp][info] Geweke/enu_enubias_855_param_854_Geweke
[PlotMCMCDiag.cpp][warning] continuing along my way for Geweke
[PlotMCMCDiag.cpp][info] Looking for Geweke/enu_enubias_855_param_854_Geweke from file /scratch/abipeake/March2026/Easter_finerxsecbinning_sat11ththapril_robbinsmonroemore2/chain_trimmed_last10M_MCMC_Diag.root
[PlotMCMCDiag.cpp][info] Geweke/enu_enubias_856_param_855_Geweke
[PlotMCMCDiag.cpp][warning] continuing along my way for Geweke
[PlotMCMCDiag.cpp][info] Looking for Geweke/enu_enubias_856_param_855_Geweke from file /scratch/abipeake/March2026/Easter_finerxsecbinning_sat11ththapril_robbinsmonroemore2/chain_trimmed_last10M_MCMC_Diag.root
[PlotMCMCDiag.cpp][info] Geweke/enu_enubias_857_param_856_Geweke
[PlotMCMCDiag.cpp][warning] continuing along my way for Geweke
[PlotMCMCDiag.cpp][info] Looking for Geweke/enu_enubias_857_param_856_Geweke from file /scratch/abipeake/March2026/Easter_finerxsecbinning_sat11ththapril_robbinsmonroemore2/chain_trimmed_last10M_MCMC_Diag.root
[PlotMCMCDiag.cpp][info] Geweke/enu_enubias_858_param_857_Geweke
[PlotMCMCDiag.cpp][warning] continuing along my way for Geweke
[PlotMCMCDiag.cpp][info] Looking for Geweke/enu_enubias_858_param_857_Geweke from file /scratch/abipeake/March2026/Easter_finerxsecbinning_sat11ththapril_robbinsmonroemore2/chain_trimmed_last10M_MCMC_Diag.root
[PlotMCMCDiag.cpp][info] AccProb/AcceptanceProbability
[PlotMCMCDiag.cpp][warning] continuing along my way for AccProb
[PlotMCMCDiag.cpp][info] AccProb/AcceptanceProbability_Batch
[PlotMCMCDiag.cpp][warning] continuing along my way for AccProb
[PlotMCMCDiag.cpp][info] Looking for AccProb/AcceptanceProbability_Batch from file /scratch/abipeake/March2026/Easter_finerxsecbinning_sat11ththapril_robbinsmonroemore2/chain_trimmed_last10M_MCMC_Diag.root
[PlotMCMCDiag.cpp][info] Folder : /scratch/abipeake/March2026/Easter_finerxsecbinning_sat11ththapril_robbinsmonroemore2/chain_trimmed_last10M_MCMC_Diag.root
[PlotMCMCDiag.cpp][info] Processed 858 parameters from /scratch/abipeake/March2026/Easter_finerxsecbinning_sat11ththapril_robbinsmonroemore2/chain_trimmed_last10M_MCMC_Diag.root files
Running ProcessMCMC...
[ProcessMCMC.cpp][info] Producing single fit output
[ProcessMCMC.cpp][info] File for study: /scratch/abipeake/March2026/Easter_finerxsecbinning_sat11ththapril_robbinsmonroemore2/chain_trimmed_last10M.root with config  /scratch/abipeake/MaCh3DUNE_LukesVersion/MaCh3_DUNE/Configs/TutorialConfigs/TutorialDiagConfig.yaml
[Monitor.cpp][info] ##################################
[Monitor.cpp][info] Welcome to:  
[Monitor.cpp][info]   __  __        _____ _     ____  
[Monitor.cpp][info]  |  \/  |      / ____| |   |___ \ 
[Monitor.cpp][info]  | \  / | __ _| |    | |__   __) |
[Monitor.cpp][info]  | |\/| |/ _` | |    | '_ \ |__ < 
[Monitor.cpp][info]  | |  | | (_| | |____| | | |___) |
[Monitor.cpp][info]  |_|  |_|\__,_|\_____|_| |_|____/ 
[Monitor.cpp][info] Version: 2.4.2
[Monitor.cpp][info] ##################################
[Monitor.cpp][info] Using following CPU:
[Monitor.cpp][info] model name	: AMD EPYC 9654 96-Core Processor
[Monitor.cpp][info] cpu MHz		: 1997.050
[Monitor.cpp][info] Architecture:        x86_64
[Monitor.cpp][info] L1d cache:           32K
[Monitor.cpp][info] L1i cache:           32K
[Monitor.cpp][info] L2 cache:            1024K
[Monitor.cpp][info] L3 cache:            32768K
[Monitor.cpp][info] Thread(s) per core:  1
[Monitor.cpp][info] CPU(s):              192
[Monitor.cpp][info] With available threads                8
[MCMCProcessor.cpp][info] Making post-fit processor for: /scratch/abipeake/March2026/Easter_finerxsecbinning_sat11ththapril_robbinsmonroemore2/chain_trimmed_last10M.root
[MCMCProcessor.cpp][info] Loading YAML config from MCMC chain
[ParameterHandlerUtils.h][info] Found single TMacro in directory: using it.
[MCMCProcessor.cpp][warning] Couldn't find NDCov (legacy) branch in output
[MCMCProcessor.cpp][warning] Couldn't find FDCov (legacy) branch in output
[MCMCProcessor.cpp][info] ************************************************
[MCMCProcessor.cpp][info] Scanning output branches...
[MCMCProcessor.cpp][info] # Useful entries in tree: [1;32m 858 [0m 
[MCMCProcessor.cpp][info] # Model params:  [1;32m 858 starting at 0 [0m 
[MCMCProcessor.cpp][info] # With following groups: 
[MCMCProcessor.cpp][info]  # Xsec params: 858
[MCMCProcessor.cpp][info] # ND params (legacy):    [1;32m 0 starting at 0 [0m 
[MCMCProcessor.cpp][info] # FD params (legacy):    [1;32m 0 starting at 0 [0m 
[MCMCProcessor.cpp][info] ************************************************
[ProcessMCMC.cpp][warning] BurnInSteps not set, defaulting to 20%
[MCMCProcessor.cpp][info] MCMCProcessor is making post-fit plots...
[Monitor.cpp][info] [>                   ]   0/858 (0%)
[Monitor.cpp][info] [===>                ] 171/858 (19%)
[Monitor.cpp][info] [=======>            ] 342/858 (39%)
[Monitor.cpp][info] [===========>        ] 513/858 (59%)
[Monitor.cpp][info] [===============>    ] 684/858 (79%)
[Monitor.cpp][info] [===================>] 855/858 (99%)
[MCMCProcessor.cpp][info] Starting MakeCredibleIntervals
[MCMCProcessor.cpp][info] Calculating Bayes Factor
[MCMCProcessor.cpp][info] Calculating Savage Dickey
[MCMCProcessor.cpp][info] Starting ParameterEvolution
[MCMCProcessor.cpp][info] Caching input tree...
[MCMCProcessor.cpp][info] Allocating 68640.00 MB
[Monitor.cpp][info] [>                   ]   0/10000000 (0%)
[Monitor.cpp][info] Data transfer: 6868 B, rate: 0.01 MB/s
[Monitor.cpp][info] [==>                 ] 1000000/10000000 (10%)
[Monitor.cpp][info] Data transfer: 6868 B, rate: 118.93 MB/s
[Monitor.cpp][info] [====>               ] 2000000/10000000 (20%)
[Monitor.cpp][info] Data transfer: 6868 B, rate: 121.56 MB/s
[Monitor.cpp][info] [======>             ] 3000000/10000000 (30%)
[Monitor.cpp][info] Data transfer: 6868 B, rate: 121.02 MB/s
[Monitor.cpp][info] [========>           ] 4000000/10000000 (40%)
[Monitor.cpp][info] Data transfer: 6868 B, rate: 123.75 MB/s
[Monitor.cpp][info] [==========>         ] 5000000/10000000 (50%)
[Monitor.cpp][info] Data transfer: 6868 B, rate: 123.75 MB/s
[Monitor.cpp][info] [============>       ] 6000000/10000000 (60%)
[Monitor.cpp][info] Data transfer: 6868 B, rate: 136.00 MB/s
[Monitor.cpp][info] [==============>     ] 7000000/10000000 (70%)
[Monitor.cpp][info] Data transfer: 6868 B, rate: 136.68 MB/s
[Monitor.cpp][info] [================>   ] 8000000/10000000 (80%)
[Monitor.cpp][info] Data transfer: 6868 B, rate: 130.82 MB/s
[Monitor.cpp][info] [==================> ] 9000000/10000000 (90%)
[Monitor.cpp][info] Data transfer: 6868 B, rate: 133.36 MB/s
